carrier_name,shipping_option_code,shipping_option_result,partner,service,last_update
Nuvem Envio,ne-correios-sedex,Nuvem Envio - Correios - SEDEX,Correios,SEDEX,2025-08-07 16:10:53
Nuvem Envio,ne-correios-pac,Nuvem Envio - Correios - PAC,Correios,PAC,2025-08-07 16:10:53
Correo Argentino Shipping,CPD,Correo Argentino Shipping - Clásico domicilio,,Clásico domicilio,2025-08-07 16:10:53
Correo Argentino Shipping,CPS,Correo Argentino Shipping - Clásico sucursal,,Clásico sucursal,2025-08-07 16:10:53
Mandaê,Econômico,Mandaê - Econômico,,Econômico,2025-08-07 16:10:53
Andreani Online,Andreani2,Andreani Online - Domicílio estándar,,Domicílio estándar,2025-08-07 16:10:53
Envío Nube,ne-correo-arg-clasico-domicilio,Envío Nube - Correo Argentino - Clásico domicilio,Correo Argentino,Clásico domicilio,2025-08-07 16:10:53
Envío Nube,ne-correo-arg-clasico-sucursal,Envío Nube - Correo Argentino - Clásico sucursal,Correo Argentino,Clásico sucursal,2025-08-07 16:10:53
Nuvem Envio,ne-jadlog-package,Nuvem Envio - Jadlog - .Package,Jadlog,.Package,2025-08-07 16:10:53
Total Express,EXP2022Digibee,Total Express - Econômico,,Econômico,2025-08-07 16:10:53
Andreani Online,Andreani3,Andreani Online - Sucursal,,Sucursal,2025-08-07 16:10:53
Shipnow,shipnow_pap_estandar,Shipnow - Domicilio estandar,,Domicilio estándar,2025-08-07 16:10:53
Melhor Envio,2,Melhor Envio - Correios - SEDEX,Correios,SEDEX,2025-08-07 16:10:53
Melhor Envio,4,Melhor Envio - Jadlog - .Com,Jadlog,.Com,2025-08-07 16:10:53
Mandaê,Rápido,Mandaê - Rápido,,Rápido,2025-08-07 16:10:53
Melhor Envio,31,Melhor Envio - Loggi - Express,Loggi,Express,2025-08-07 16:10:53
OCA,doorToDoor,OCA - Puerta a Puerta,,Puerta a Puerta,2025-08-07 16:10:53
Melhor Envio,1,Melhor Envio - Correios - PAC,Correios,PAC,2025-08-07 16:10:53
Melhor Envio,28,Melhor Envio - Correios - PAC,Correios,PAC,2025-08-07 16:10:53
Melhor Envio,3,Melhor Envio - Jadlog - .Package,Jadlog,.Package,2025-08-07 16:10:53
Envío Nube,ne-andreani-domicilio,Envío Nube - Andreani - Domicilio,Andreani,Domicilio,2025-08-07 16:10:53
Nuvem Envio,ne-correios-mini,Nuvem Envio - Correios - MINI,Correios,MINI,2025-08-07 16:10:53
Urbano Envios,UrbanoPaq,Urbano Envios - Express,,Express,2025-08-07 16:10:53
Frenet,LOG_VIP_WS,Frenet - Loggi - Expresso,Loggi,Expresso,2025-08-07 16:10:53
Correo Argentino Shipping,EPD,Correo Argentino Shipping - Expreso domicilio,,Expreso domicilio,2025-08-07 16:10:53
Frenet,03220,Frenet - Correios - SEDEX,Correios,SEDEX,2025-08-07 16:10:53
Manda Bem,PAC,Manda Bem - Correios - PAC,Correios,PAC,2025-08-07 16:10:53
Manda Bem,SEDEX,Manda Bem - Correios - SEDEX,Correios,SEDEX,2025-08-07 16:10:53
Frenet,03298,Frenet - Correios - PAC,Correios,PAC,2025-08-07 16:10:53
Frenet,J&T_WS,Frenet - J&T - Express,J&T,Express,2025-08-07 16:10:53
Nuvem Envio,ne-loggi-economic,Nuvem Envio - Loggi - Econômico,Loggi,Econômico,2025-08-07 16:10:53
Melhor Envio,33,Melhor Envio - J&T - Standard,J&T,Standard,2025-08-07 16:10:53
Shipnow,shipnow_pas_estandar,Shipnow - Retiro sucursal,,Retiro sucursal,2025-08-07 16:10:53
JadLog,3,Jadlog - .Package,,.Package,2025-08-07 16:10:53
SuperFrete,sedex,SuperFrete - Correios - SEDEX,Correios,SEDEX,2025-08-07 16:10:53
OCA,doorToStore,OCA - Puerta a Sucursal,,Puerta a Sucursal,2025-08-07 16:10:53
Shippy,320|1984,Shippy - Express,,Express,2025-08-07 16:10:53
SuperFrete,pac,SuperFrete - Correios - PAC,Correios,PAC,2025-08-07 16:10:53
OCA,storeToDoor,OCA - Sucursal a Puerta,,Sucursal a Puerta,2025-08-07 16:10:53
Nuvem Envio,ne-jadlog-com,Nuvem Envio - Jadlog - .Com,Jadlog,.Com,2025-08-07 16:10:53
E-pick,epick-option-1,E-pick - Domicilio,,Domicilio,2025-08-07 16:10:53
Envío Nube,ne-correo-arg-expreso-domicilio,Envío Nube - Correo Argentino - Expreso domicilio,Correo Argentino,Expreso domicilio,2025-08-07 16:10:53
Envío Nube,ne-andreani-sucursal,Envío Nube - Andreani - Sucursal,Andreani,Sucursal,2025-08-07 16:10:53
Shippy,296|1801,Shippy - Loggi,,Loggi,2025-08-07 16:10:53
BRCom,sedex,BRCom - Correios - SEDEX,Correios,SEDEX,2025-08-07 16:10:53
Fast Mail,fastmail_2,Fast Mail - Serviço 72h,,Serviço 72h,2025-08-07 16:10:53
Frenet,LOG_WS_2,Frenet - Loggi - Econômico,Loggi,Econômico,2025-08-07 16:10:53
SouthPost,SOUTHPOSTS.A._8,SouthPost - Domicilio,,Domicilio,2025-08-07 16:10:53
Jipink,JIPINK_EXPRESS,Jipink - Domicilio express,,Domicilio express,2025-08-07 16:10:53
OCA,storeToStore,OCA - Sucursal a Sucursal,,Sucursal a Sucursal,2025-08-07 16:10:53
Frenet,LOG_VIP,Frenet - Loggi - Expresso,Loggi,Expresso,2025-08-07 16:10:53
Shippy,295|1798,Shippy - Express,,Express,2025-08-07 16:10:53
Correo Argentino Shipping,EPS,Correo Argentino Shipping - Expreso sucursal,,Expreso sucursal,2025-08-07 16:10:53
Frenet,EXP,Frenet - Total Express,,Total Express,2025-08-07 16:10:53
Frenet,LOG_DRPOFF,Frenet - Loggi - Ponto de postagem,Loggi,Ponto de postagem,2025-08-07 16:10:53
Kangu,kangu_E_120720464,Kangu - Loggi,Loggi,,2025-08-07 16:10:53
Frenet,3,Frenet - Jadlog - .Package,Jadlog,.Package,2025-08-07 16:10:53
Enviamelo,Enviamelo,Enviamelo - Domicilio,,Domicilio,2025-08-07 16:10:53
Fast Mail,fastmail_20,Fast Mail - Interior,,Interior,2025-08-07 16:10:53
Melhor Envio,12,Melhor Envio - LATAM - Cargo,LATAM,Cargo,2025-08-07 16:10:53
allPost,allPost0,allPost - Econômico,,Econômico,2025-08-07 16:10:53
Manda Bem,PACMINI,Manda Bem - Correios - MINI,Correios,MINI,2025-08-07 16:10:53
Nuvem Envio,ne-mandae-economico,Nuvem Envio - Mandaê - Econômico,Mandaê,Econômico,2025-08-07 16:10:53
Melhor Envio,34,Melhor Envio - Loggi - Ponto de postagem,Loggi,Ponto de postagem,2025-08-07 16:10:53
Melhor Envio,27,Melhor Envio - Jadlog - .Package,Jadlog,.Package,2025-08-07 16:10:53
Zippin,zippin_standard,Zippin - Domicilio,,Domicilio,2025-08-07 16:10:53
Pudo Argentina,pudoar,Pudo Argentina - Punto de retiro,,Punto de retiro,2025-08-07 16:10:53
Pudo Argentina,pudoShiptoAddress,Pudo Argentina - Domicilio,,Domicilio,2025-08-07 16:10:53
Shipnow,shipnow_pap_express,Shipnow - Domicilio express,,Domicilio express,2025-08-07 16:10:53
Frenet,04227,Frenet - Correios - MINI,Correios,MINI,2025-08-07 16:10:53
Frenet,DLOG_1,Frenet - DLog - Express,DLog,Express,2025-08-07 16:10:53
Frenet,J3FLEX_1,Frenet - Motoboy Express,,Motoboy Express,2025-08-07 16:10:53
Rapiboy,NxtD,Rapiboy - Express,,Express,2025-08-07 16:10:53
Frenet,F_3,Frenet - Jadlog - .Package,Jadlog,.Package,2025-08-07 16:10:53
Kangu,kangu_X_9900,Kangu - Correios - SEDEX,Correios,SEDEX,2025-08-07 16:10:53
EnvioPack,enviopack_D_N,EnvioPack - Domicilio,,Domicilio,2025-08-07 16:10:53
JadLog,9,Jadlog - .Com,,.Com,2025-08-07 16:10:53
Bluemail,BlueMailS.A_1,Bluemail - Domicilio,,Domicilio,2025-08-07 16:10:53
Envío Nube,ne-correo-arg-expreso-sucursal,Envío Nube - Correo Argentino - Expreso sucursal,Correo Argentino,Expreso sucursal,2025-08-07 16:10:53
FRETE PERSONALIZADO,fretepersonalizado1,Frete Personalizado - Outros,,Outros,2025-08-07 16:10:53
Frenet,MDE_ECO_WS,Frenet - Mandaê - Econômico,Mandaê,Econômico,2025-08-07 16:10:53
Boxlink,1,Boxlink - Loggi - Express,Loggi,Express,2025-08-07 16:10:53
GGPack (Andreani a Domicilio),ggpack_estandar,GGPACk - Andreani Domicilio,,Andreani Domicilio,2025-08-07 16:10:53
Lalamove,lalamove,Lalamove - Expresso,,Expresso,2025-08-07 16:10:53
Frenet,OWNE,Frenet - Logística própria,,Logística própria,2025-08-07 16:10:53
Kangu,kangu_E_9900,Kangu - Correios - PAC,Correios,PAC,2025-08-07 16:10:53
Melhor Envio,16,Melhor Envio - Azul Cargo - Express,Azul Cargo,Express,2025-08-07 16:10:53
Andreani,Andreani2,Andreani - Domicilio estándar,,Domicílio estándar,2025-08-07 16:10:53
Envia.com Checkout Service,CorreoArgentino - standard_suc,Envia.Com Checkout  Service - Correo Argentino - Estándar sucursal,Correo Argentino,Estándar sucursal,2025-08-07 16:10:53
Manda Bem,JADLOG_EXP,Manda Bem - Jadlog - .Com,Jadlog,.Com,2025-08-07 16:10:53
Frenet,JTEVIP_01,Frenet - J&T - Express,J&T,Express,2025-08-07 16:10:53
Fast Mail,fastmail_26,Fast Mail - Punto de retiro,,Punto de retiro,2025-08-07 16:10:53
Frenet,LOG_WS_3,Frenet - Loggi - Econômico,Loggi,Econômico,2025-08-07 16:10:53
Reserva Ink Entregas,97,Reserva Ink Envios - Loggi - Express,Loggi,Express,2025-08-07 16:10:53
Shippy,294|1797,Shippy - Total Express,,Total Express,2025-08-07 16:10:53
Shippy,356|2062,Shippy - J&T - Express,J&T,Express,2025-08-07 16:10:53
Envia.com Checkout Service,Estafeta - ground,Envia.Com Checkout  Service - Estafeta - Terrestre,Estafeta,Terrestre,2025-08-07 16:10:53
Frenet,OWN-CUSTOM,Frenet - Logística própria,,Logística própria,2025-08-07 16:10:53
MG Logística,DINAMICOSRL_8,MG Logística - Domicilio express,,Domicilio express,2025-08-07 16:10:53
Mile Logistic,MILELOGISTICSRL_1,Mile Logistic - Express,,Express,2025-08-07 16:10:53
Envia.com Checkout Service,Urbano - domicilio,Envia.Com Checkout Service - Urbano - Domicilio,Urbano,Domicilio,2025-08-07 16:10:53
Frenet,MDE_ECO,Frenet - Mandaê - Econômico,Mandaê,Econômico,2025-08-07 16:10:53
SuperFrete,mini envios,SuperFrete - Correios - MINI,Correios,MINI,2025-08-07 16:10:53
Nuvem Envio,ne-mandae-express,Nuvem Envio - Mandaê - Express,Mandaê,Express,2025-08-07 16:10:53
Melhor Envio,17,Melhor Envio - Correios - MINI,Correios,MINI,2025-08-07 16:10:53
Bluemail,BlueMailS.A_4,Bluemail - Domicilio,,Domicilio,2025-08-07 16:10:53
Fast Mail,fastmail_5,Fast Mail - Serviço 120h,,Serviço 120h,2025-08-07 16:10:53
Envia.com Checkout Service,CorreoArgentino - standard_dom,Envia.Com Checkout Service - Correo Argentino - Domicilio standar,Correo Argentino,Domicilio estándar,2025-08-07 16:10:53
IFLOW,PSD123,IFLOW - Domicilio,,Domicilio,2025-08-07 16:10:53
Frenet,GFL_1,Frenet - Grupo Five Logística,,Grupo Five Logística,2025-08-07 16:10:53
Fast Mail,fastmail_25,Fast Mail - Punto de retiro,,Punto de retiro,2025-08-07 16:10:53
Rapiboy,SamD,Rapiboy - Express,,Express,2025-08-07 16:10:53
Fast Mail,fastmail_4,Fast Mail - Serviço 24h,,Serviço 24h,2025-08-07 16:10:53
Frenet,BRAS_R,Frenet - Bras Press,,Bras Press,2025-08-07 16:10:53
Frenet,EST_VIP_3,Frenet - Express,,Express,2025-08-07 16:10:53
SmartEnvios,558,SmartEnvios - Loggi,,Loggi,2025-08-07 16:10:53
Flex,Flex,Flex - Econômico,,Econômico,2025-08-07 16:10:53
Kangu,kangu_E_28719,Kangu - Loggi,,Loggi,2025-08-07 16:10:53
E-pick,epick-option-oca-branches,E-pick - Sucursal,,Sucursal,2025-08-07 16:10:53
Melhor Envio,22,Melhor Envio - Buslog - Rodoviário,Buslog,Rodoviário,2025-08-07 16:10:53
Frenet,39870,Frenet - Correios - PAC,Correios,PAC,2025-08-07 16:10:53
Envío rápido con Treggo,102037,Envío rápido con Treggo - Outros,,Outros,2025-08-07 16:10:53
expresstranslog,expresstranslog,expresstranslog - Outros,,Outros,2025-08-07 16:10:53
Fast Mail,fastmail_22,Fast Mail - Outros,,Outros,2025-08-07 16:10:53
Intelipost,Magalu Log,Intelipost - Magalu Log - Econômico,Magalu Log,Econômico,2025-08-07 16:10:53
Frenet,MV3_1,Frenet - Outros,,Outros,2025-08-07 16:10:53
Ilhsa,Ilhsa0,Ilhsa - Outros,,Outros,2025-08-07 16:10:53
Entregar,Entregar,Entregar - Outros,,Outros,2025-08-07 16:10:53
Frenet,PTJ_IMP,Frenet - Outros,,Outros,2025-08-07 16:10:53
Frenet,FMT_1,Frenet - FMT Transportes - Econômico,FMT Transportes,Econômico,2025-08-07 16:10:53
DPD,dpd,DPD - Outros,,Outros,2025-08-07 16:10:53
Delegamas,Delegamas_3,Delegamas - Outros,,Outros,2025-08-07 16:10:53
SmartEnvios,252,SmartEnvios - Outros,,Outros,2025-08-07 16:10:53
Frenet,OWN-KM,Frenet - Logística própria,,Logística própria,2025-08-07 16:10:53
ViaCargo,1,ViaCargo - Outros,,Outros,2025-08-07 16:10:53
Frenet,LPO_1,Frenet - Outros,,Outros,2025-08-07 16:10:53
Melhor Envio,32,Melhor Envio - Loggi - Coleta,Loggi,Coleta,2025-08-07 16:10:53
Melhor Envio,29,Melhor Envio - Correios - SEDEX,Correios,SEDEX,2025-08-07 16:10:53
Intelipost,Braspress Standard,Intelipost - Braspress - Standar,Braspress,Standar,2025-08-07 16:10:53
Intelipost,J&T,Intelipost - J&T,,J&T,2025-08-07 16:10:53
HOP,HOP0,HOP - Outros,,Outros,2025-08-07 16:10:53
Shippy,372|2096,Shippy - Outros,,Outros,2025-08-07 16:10:53
Intelipost,Mandaê Econômico 1,Intelipost - Mandaê - Econômico,Mandaê,Econômico,2025-08-07 16:10:53
Frenet,39888,Frenet - Correios - SEDEX,Correios,SEDEX,2025-08-07 16:10:53
LOGMANAGER EXPRESS,logmanager,LOGMANAGER EXPRESS - Outros,,Outros,2025-08-07 16:10:53
Welivery,standard,Welivery - Outros,,Outros,2025-08-07 16:10:53
SmartEnvios,934,SmartEnvios - Outros,,Outros,2025-08-07 16:10:53
PackGo,PackGo914,PackGo - Outros,,Outros,2025-08-07 16:10:53
Envia.com Checkout Service,InterRapidisimo - ground_small,Envia.com Checkout Service - Ground small,,Ground small,2025-08-07 16:10:53
BRCom,own_delivery,BRCom - Super expresso,,Super expresso,2025-08-07 16:10:53
Frenet,OWN1,Frenet - Logística própria,,Logística própria,2025-08-07 16:10:53
Intelipost,Loggi Standard,Intelipost - Outros,,Outros,2025-08-07 16:10:53
Mocis,2,Mocis - Outros,,Outros,2025-08-07 16:10:53
Saires envíos,NEXTDY,Saires envíos - Outros,,Outros,2025-08-07 16:10:53
Jipink,JIPINK_STANDARD,Jipink - Outros,,Outros,2025-08-07 16:10:53
Frete Motoboy Rapidão,uber,Frete Motoboy Rapidão - Outros,,Outros,2025-08-07 16:10:53
Jamef,23,Jamef - Outros,,Outros,2025-08-07 16:10:53
allPost,allPost1,allPost - Outros,,Outros,2025-08-07 16:10:53
Intelipost,Frota Interna Standard,Intelipost - Outros,,Outros,2025-08-07 16:10:53
Envío Nube,ne-envia-dhl-express,Envío Nube - DHL Nacional - Día Siguiente,DHL Nacional,Día Siguiente,2025-08-07 16:10:53
Frete Barato,jet,Frete Barato - Outros,,Outros,2025-08-07 16:10:53
skydropx,estafeta.estafeta_standard,skydropx - Outros,,Outros,2025-08-07 16:10:53
SuperFrete,2,SuperFrete - Correios - SEDEX,Correios,SEDEX,2025-08-07 16:10:53
Andreani,Andreani3,Andreani - Sucursal,,Sucursal,2025-08-07 16:10:53
Frenet,EST_VIP_2,Frenet - Outros,,Outros,2025-08-07 16:10:53
Frenet,CUB_1,Frenet - Outros,,Outros,2025-08-07 16:10:53
Skynde + Logistic,Skynde+logistic_1,Skynde + Logistic - Outros,,Outros,2025-08-07 16:10:53
skydropx,FEDEX FEDEX_EXPRESS_SAVER,skydropx - Outros,,Outros,2025-08-07 16:10:53
Envia.com Checkout Service,Estafeta - express,Envia.Com Checkout  Service - Estafeta - Express,Estafeta,Express,2025-08-07 16:10:53
Upnext Shipping,ms_transportes,Upnext Shipping - Outros,,Outros,2025-08-07 16:10:53
Shippy,292|1761,Shippy - Jadlog,,Jadlog,2025-08-07 16:10:53
SuperFrete,1,SuperFrete - Correios - PAC,Correios,PAC,2025-08-07 16:10:53
Enviamelo,Enviamelo0,Enviamelo - Outros,,Outros,2025-08-07 16:10:53
skydropx,dhl.express,skydropx - Outros,,Outros,2025-08-07 16:10:53
Envia.com Checkout Service,Fedex - ground,Envia.com Checkout Service - FedEx - Ground,FedEx,Ground,2025-08-07 16:10:53
Zippin,zippin_pickup,Zippin - Outros,,Outros,2025-08-07 16:10:53
SouthPost,SOUTHPOSTS.A._24,SouthPost - Outros,,Outros,2025-08-07 16:10:53
Fixy Logística,FIXYLOGISTICA_4,Fixy Logística - Outros,,Outros,2025-08-07 16:10:53
E-Ship | Argentina,Urbano,E-Ship | Argentina - Outros,,Outros,2025-08-07 16:10:53
Rapiboy,NOCA,Rapiboy - Outros,,Outros,2025-08-07 16:10:53
Flippy,Flippy_17,Flippy - Outros,,Outros,2025-08-07 16:10:53
Smartpost,SMARTPOST_10,Smartpost - Outros,,Outros,2025-08-07 16:10:53
Envia.com Checkout Service,Loggi - coleta,Envia.com Checkout Service - Loggi - Coleta,Loggi,Coleta,2025-08-07 16:10:53
Bluemail,BlueMailS.A_3,Bluemail - Outros,,Outros,2025-08-07 16:10:53
Upnext Shipping,quick_delivery,Upnext Shipping - Outros,,Outros,2025-08-07 16:10:53
Olist Envios,olist-envios-jet,Olist Envios - Outros,,Outros,2025-08-07 16:10:53
skydropx,ESTAFETA ESTAFETA_STANDARD,skydropx - Outros,,Outros,2025-08-07 16:10:53
Bluemail,bluemail-standard,Bluemail - Outros,,Outros,2025-08-07 16:10:53
MeusCorreios,SEDEX,MeusCorreios - Outros,,Outros,2025-08-07 16:10:53
Frenet,RNC,Frenet - Outros,,Outros,2025-08-07 16:10:53
Intelipost,QUALITY STANDARD,Intelipost - Outros,,Outros,2025-08-07 16:10:53
E-Pick,epick-option-1,E-pick - Domicilio,,Domicilio,2025-08-07 16:10:53
Intelipost,Correios Sedex,Intelipost - Correios - SEDEX,Correios,SEDEX,2025-08-07 16:10:53
Saires envíos,STDARD,Saires envíos - Outros,,Outros,2025-08-07 16:10:53
Fast Mail,fastmail_27,Fast Mail - Outros,,Outros,2025-08-07 16:10:53
Eship Entregas,eship;82;3,Eship Entregas - Outros,,Outros,2025-08-07 16:10:53
ViaCargo,3000,ViaCargo - Outros,,Outros,2025-08-07 16:10:53
MD - Mas Distribucion,Skynde+logistic_1,MD - Mas Distribucion - Outros,,Outros,2025-08-07 16:10:53
Siempre,2,Siempre - Outros,,Outros,2025-08-07 16:10:53
Olist Envios,olist-envios-jadlog,Olist Envios - Outros,,Outros,2025-08-07 16:10:53
Shippy,339|2022,Shippy - Outros,,Outros,2025-08-07 16:10:53
PLATINUM LOG,4,PLATINUM LOG - Outros,,Outros,2025-08-07 16:10:53
Frenet,MDE_RAP_WS,Frenet - Mandaê - Expresso,Mandaê,Expresso,2025-08-07 16:10:53
Shippy,337|2019,Shippy - Outros,,Outros,2025-08-07 16:10:53
Frenet,ZPX_PP,Frenet - Outros,,Outros,2025-08-07 16:10:53
Frete Barato,mag,Frete Barato - Outros,,Outros,2025-08-07 16:10:53
Melhor Envio,15,Melhor Envio - Azul Cargo - Express,Azul Cargo,Express,2025-08-07 16:10:53
Siempre,1,Siempre - Outros,,Outros,2025-08-07 16:10:53
Envia.com Checkout Service,Loggi - ponto,Envia.com Checkout Service - Loggi - Ponto,Loggi,Ponto,2025-08-07 16:10:53
OCA,doorToLocker,OCA - Puerta a Locker,,Puerta a Locker,2025-08-07 16:10:53
Envío rápido con Treggo,335563,Envío rápido con Treggo - Outros,,Outros,2025-08-07 16:10:53
Kangu,kangu_E_12532,Kangu - Mercado Livre,,Mercado Livre,2025-08-07 16:10:53
Kangu,kangu_M_9900,Kangu - Correios - MINI,Correios,MINI,2025-08-07 16:10:53
CityKids,CityKids0,CityKids - Outros,,Outros,2025-08-07 16:10:53
Envia.com Checkout Service,Correios - sedex,Envia.com Checkout Service - Correios - SEDEX,Correios,SEDEX,2025-08-07 16:10:53
SmartEnvios,1021,SmartEnvios - Outros,,Outros,2025-08-07 16:10:53
Picklog,2,Picklog - Outros,,Outros,2025-08-07 16:10:53
Envío Nube,ne-envia-estafeta-ground,Envío Nube - Estafeta - Terrestre,Estafeta,Terrestre,2025-08-07 16:10:53
SmartEnvios,679,SmartEnvios - Outros,,Outros,2025-08-07 16:10:53
Envia.com Checkout Service,Paquetexpress - ground,Envia.com Checkout Service - Paquetexpress - Ground,Paquetexpress,Ground,2025-08-07 16:10:53
Shippy,444|2257,Shippy - Outros,,Outros,2025-08-07 16:10:53
Andreani,estándar,Andreani - Domicilio estándar,,Domicílio estándar,2025-08-07 16:10:53
Cruz Del Sur,Cruz Del Sur - Entrega en domicilio,Cruz Del Sur - Outros,,Outros,2025-08-07 16:10:53
Intralog,INTERIOR,Intralog - Outros,,Outros,2025-08-07 16:10:53
Zipnova,zippin_standard,Zipnova - Outros,,Outros,2025-08-07 16:10:53
Frenet,CARR_1,Frenet - Outros,,Outros,2025-08-07 16:10:53
Olist Envios,olist-envios-loggi,Olist Envios - Outros,,Outros,2025-08-07 16:10:53
Bluemail,bluemail-pronto_g,Bluemail - Outros,,Outros,2025-08-07 16:10:53
Onlog Express,5,Onlog Express - Outros,,Outros,2025-08-07 16:10:53
BRCom,pac,BRCom - Econômico,,Econômico,2025-08-07 16:10:53
Flixlog,Rodonaves,Flixlog - Outros,,Outros,2025-08-07 16:10:53
Dropi Fretes,4040444,Dropi Fretes - Outros,,Outros,2025-08-07 16:10:53
Dropi Fretes,390854,Dropi Fretes - Outros,,Outros,2025-08-07 16:10:53
Envia.com Checkout Service,Coordinadora - ground,Envia.com Checkout Service - Coordinadora - Ground,Coordinadora,Ground,2025-08-07 16:10:53
Eship Entregas,eship;76;3,Eship Entregas - Outros,,Outros,2025-08-07 16:10:53
Flash Now Envíos,express,Flash Now Envíos - Outros,,Outros,2025-08-07 16:10:53
OCA,storeToLocker,OCA - Sucursal a Locker,,Sucursal a Locker,2025-08-07 16:10:53
Entrega Agendada (Huapps. week),3158545_comercial_week,Entrega Agendada (Huapps. week) - Outros,,Outros,2025-08-07 16:10:53
Envia.com Checkout Service,Oca - oca_PP,Envia.com Checkout Service - OCA - Puerta a Puerta,OCA,Puerta a Puerta,2025-08-07 16:10:53
Kangu,kangu_E_140975441,Kangu - Rede Sul,,Rede Sul,2025-08-07 16:10:53
Montink Fretes,DN16594,Montink Fretes - Outros,,Outros,2025-08-07 16:10:53
SmartEnvios,698,SmartEnvios - Outros,,Outros,2025-08-07 16:10:53
skydropx,fedex.fedex_express_saver,skydropx - Outros,,Outros,2025-08-07 16:10:53
Day-Envio,day_loggi,Day-Envio - Outros,,Outros,2025-08-07 16:10:53
Moova - envios en el dia,tiendaNube2Moova_4,Moova - envios en el dia - Outros,,Outros,2025-08-07 16:10:53
Shippy,293|1778,Shippy - Correios - SEDEX,Correios,SEDEX,2025-08-07 16:10:53
Fixy Logística,FIXYLOGISTICA_5,Fixy Logística - Outros,,Outros,2025-08-07 16:10:53
Shippy,459|2309,Shippy - Outros,,Outros,2025-08-07 16:10:53
Frenet,JADVIP,Frenet - Outros,,Outros,2025-08-07 16:10:53
GGPack Envios,ggpack_estandar,GGPack Envios - Outros,,Outros,2025-08-07 16:10:53
Envia.com Checkout Service,Andreani - ground,Envia.com Checkout Service - Andreani - estándar,Andreani,estándar,2025-08-07 16:10:53
Intralog,AMBA,Intralog - Outros,,Outros,2025-08-07 16:10:53
skydropx,estafeta.estafeta_next_day,skydropx - Outros,,Outros,2025-08-07 16:10:53
Envío rápido con Treggo,4800595,Envío rápido con Treggo - Outros,,Outros,2025-08-07 16:10:53
Paquery,priority,Paquery - Outros,,Outros,2025-08-07 16:10:53
Olist Envios,olist-envios-pax,Olist Envios - Outros,,Outros,2025-08-07 16:10:53
Eship Entregas,eship;70;3,Eship Entregas - Outros,,Outros,2025-08-07 16:10:53
Saires envíos,STDAMB,Saires envíos - Outros,,Outros,2025-08-07 16:10:53
Braspress,258,Braspress - Outros,,Outros,2025-08-07 16:10:53
Frenet,RTE1,Frenet - Outros,,Outros,2025-08-07 16:10:53
Envío rápido con Treggo,332994,Envío rápido con Treggo - Outros,,Outros,2025-08-07 16:10:53
Envia.com Checkout Service,Correios - pac,Envia.com Checkout Service - Correios - PAC,Correios,PAC,2025-08-07 16:10:53
Envío Nube,ne-envia-fedex-express,Envío Nube - FedEx - Día Siguiente,FedEx,Día Siguiente,2025-08-07 16:10:53
skydropx,dhl.standard,skydropx - Outros,,Outros,2025-08-07 16:10:53
ModdingEnvios,MODDINGFLEX_9,ModdingEnvios - Outros,,Outros,2025-08-07 16:10:53
Olist Envios,olist-envios-gfl,Olist Envios - Outros,,Outros,2025-08-07 16:10:53
Intelipost,Mandaê Rápido 1,Intelipost - Mandaê - Rápido,Mandaê,Rápido,2025-08-07 16:10:53
Frenet,LLM_1,Frenet - Outros,,Outros,2025-08-07 16:10:53
Frenet,GOL_04,Frenet - Outros,,Outros,2025-08-07 16:10:53
SmartEnvios,371,SmartEnvios - Outros,,Outros,2025-08-07 16:10:53
Frete Barato,sma,Frete Barato - Outros,,Outros,2025-08-07 16:10:53
Otimizador de Frete,loggi-envios-sp,Otimizador de Frete - Outros,,Outros,2025-08-07 16:10:53
BusPack,Domicilio,BusPack - Outros,,Outros,2025-08-07 16:10:53
SmartEnvios,929,SmartEnvios - Outros,,Outros,2025-08-07 16:10:53
Envío rápido con Treggo,1117375,Envío rápido con Treggo - Outros,,Outros,2025-08-07 16:10:53
Intelipost,Total Express,Intelipost - Total Express,,Total Express,2025-08-07 16:10:53
M10 Entregas Flex,flexentregasm10,M10 Entregas Flex - Outros,,Outros,2025-08-07 16:10:53
Envia.com Checkout Service,Oca - oca_SP,Envia.com Checkout Service - Outros,,Outros,2025-08-07 16:10:53
Moova - envios en el dia,tiendaNube2Moova_11,Moova - envios en el dia - Outros,,Outros,2025-08-07 16:10:53
Upnext Shipping,Rod_Rodoviário,Upnext Shipping - Outros,,Outros,2025-08-07 16:10:53
Mais Envios,3298,Mais Envios - Outros,,Outros,2025-08-07 16:10:53
Frenet,SLG_7,Frenet - Outros,,Outros,2025-08-07 16:10:53
Entrega Agendada (Huapps),3765926_comercial,Entrega Agendada (Huapps) - Outros,,Outros,2025-08-07 16:10:53
Pickit,pickit2,Pickit - Outros,,Outros,2025-08-07 16:10:53
Fasttrack,FASTTRACK_11,Fasttrack - Outros,,Outros,2025-08-07 16:10:53
MMSPACK,standard,MMSPACK - Outros,,Outros,2025-08-07 16:10:53
Mis entregas,MisEntregas_15,Mis entregas - Outros,,Outros,2025-08-07 16:10:53
EnvioPack,enviopack_S_N,EnvioPack - Outros,,Outros,2025-08-07 16:10:53
Intelipost,Translovato Standard,Intelipost - Outros,,Outros,2025-08-07 16:10:53
Fast Mail,fastmail_37,Fast Mail - Outros,,Outros,2025-08-07 16:10:53
Envío rápido con Treggo,1053068,Envío rápido con Treggo - Outros,,Outros,2025-08-07 16:10:53
PinPoint,ANDREANIDOMICILIO,PinPoint - Outros,,Outros,2025-08-07 16:10:53
Bluemail,bluemail-pronto_c,Bluemail - Outros,,Outros,2025-08-07 16:10:53
Eship Entregas,eship;57;3,Eship Entregas - Outros,,Outros,2025-08-07 16:10:53
Frenet,R,Frenet - Outros,,Outros,2025-08-07 16:10:53
Shipro | de la web a donde vaya,Andreani,Shipro | de la web a donde vaya - Outros,,Outros,2025-08-07 16:10:53
skydropx,DHL EXPRESS,skydropx - Outros,,Outros,2025-08-07 16:10:53
Dropi Fretes,4364889,Dropi Fretes - Outros,,Outros,2025-08-07 16:10:53
Dropi Fretes,4040424,Dropi Fretes - Outros,,Outros,2025-08-07 16:10:53
Frenet,RDEVIP,Frenet - Outros,,Outros,2025-08-07 16:10:53
MG Logística,DINAMICOSRL_6,MG Logística - Outros,,Outros,2025-08-07 16:10:53
Eship Entregas,eship;108;3,Eship Entregas - Outros,,Outros,2025-08-07 16:10:53
Saires envíos,SAMEDY,Saires envíos - Outros,,Outros,2025-08-07 16:10:53
EnvíosPerros,Estafeta-Economico,EnvíosPerros - Outros,,Outros,2025-08-07 16:10:53
Envío rápido con Treggo,3211430,Envío rápido con Treggo - Outros,,Outros,2025-08-07 16:10:53
BNZ EXPRESS S.R.L.,ND,BNZ EXPRESS S.R.L. - Outros,,Outros,2025-08-07 16:10:53
Envie agora,3,Envie agora - Outros,,Outros,2025-08-07 16:10:53
Frenet,BAU_WS,Frenet - Outros,,Outros,2025-08-07 16:10:53
Envia.com Checkout Service,Estafeta - local,Envia.com Checkout Service - Outros,,Outros,2025-08-07 16:10:53
Envío rápido con Treggo,1133433,Envío rápido con Treggo - Outros,,Outros,2025-08-07 16:10:53
Rimold Logistica,envios_24,Rimold Logistica - Outros,,Outros,2025-08-07 16:10:53
Envia.com Checkout Service,Dhl - ground,Envia.com Checkout Service - Outros,,Outros,2025-08-07 16:10:53
Envia.com Checkout Service,Deprisa - estandar,Envia.com Checkout Service - Outros,,Outros,2025-08-07 16:10:53
Frenet,TOT_EXPRSS,Frenet - Outros,,Outros,2025-08-07 16:10:53
Shippy,323|1989,Shippy - Outros,,Outros,2025-08-07 16:10:53
Entrega Agendada (Huapps),3770321_manha,Entrega Agendada (Huapps) - Outros,,Outros,2025-08-07 16:10:53
Sindel,Sindel_Flex,Sindel - Outros,,Outros,2025-08-07 16:10:53
Frenet,OWNCUSTOM2,Frenet - Logística própria,,Logística própria,2025-08-07 16:10:53
Picklog,11,Picklog - Outros,,Outros,2025-08-07 16:10:53
Dropi Fretes,4040425,Dropi Fretes - Outros,,Outros,2025-08-07 16:10:53
Mais Envios,3220,Mais Envios - Outros,,Outros,2025-08-07 16:10:53
Shippy,339|2024,Shippy - Outros,,Outros,2025-08-07 16:10:53
FRETE PERSONALIZADO,fretepersonalizado2,FRETE PERSONALIZADO - Outros,,Outros,2025-08-07 16:10:53
SmartEnvios,543,SmartEnvios - Outros,,Outros,2025-08-07 16:10:53
Entrega Agendada (Huapps. week),3158545_manha_week,Entrega Agendada (Huapps. week) - Outros,,Outros,2025-08-07 16:10:53
Frenet,MDE_RAP,Frenet - Mandaê - Expresso,Mandaê,Expresso,2025-08-07 16:10:53
Eship Entregas,eship;95;3,Eship Entregas - Outros,,Outros,2025-08-07 16:10:53
EFLET,Correoe-flet_8,EFLET - Outros,,Outros,2025-08-07 16:10:53
SmartEnvios,887,SmartEnvios - Outros,,Outros,2025-08-07 16:10:53
Envío rápido con Treggo,950731,Envío rápido con Treggo - Outros,,Outros,2025-08-07 16:10:53
Mile Logistic,MILELOGISTICSRL_3,Mile Logistic - Outros,,Outros,2025-08-07 16:10:53
Upnext Shipping,AzulCargo,Upnext Shipping - Outros,,Outros,2025-08-07 16:10:53
Fixy Logística,FIXYLOGISTICA_34,Fixy Logística - Outros,,Outros,2025-08-07 16:10:53
Fast Mail,fastmail_21,Fast Mail - Outros,,Outros,2025-08-07 16:10:53
Shippy,458|2306,Shippy - Outros,,Outros,2025-08-07 16:10:53
Delegamas,Delegamas_9,Delegamas - Outros,,Outros,2025-08-07 16:10:53
Mais Envios,3336,Mais Envios - Outros,,Outros,2025-08-07 16:10:53
Eship Entregas,eship;6;3,Eship Entregas - Outros,,Outros,2025-08-07 16:10:53
Frenet,EST_VIP_4,Frenet - Outros,,Outros,2025-08-07 16:10:53
Envia.com Checkout Service,Dhl - express,Envia.com Checkout Service - Outros,,Outros,2025-08-07 16:10:53
Shippy,420|2207,Shippy - Outros,,Outros,2025-08-07 16:10:53
Intelipost,Total Express Medio Rodo,Intelipost - Outros,,Outros,2025-08-07 16:10:53
Onlog Express,48,Onlog Express - Outros,,Outros,2025-08-07 16:10:53
Eship Entregas,eship;71;3,Eship Entregas - Outros,,Outros,2025-08-07 16:10:53
Mis entregas,MisEntregas_14,Mis entregas - Outros,,Outros,2025-08-07 16:10:53
Papexpress-Lightdata,Flex,Papexpress-Lightdata - Outros,,Outros,2025-08-07 16:10:53
Envia.com Checkout Service,Fedex - express,Envia.com Checkout Service - FedEx - Express,FedEx,Express,2025-08-07 16:10:53
Shippy,309|1975,Shippy - Outros,,Outros,2025-08-07 16:10:53
Onlog Express,127,Onlog Express - Outros,,Outros,2025-08-07 16:10:53
SmartEnvios,849,SmartEnvios - Outros,,Outros,2025-08-07 16:10:53
Total Express,total,Total Express - Outros,,Outros,2025-08-07 16:10:53
Shippy,339|2023,Shippy - Outros,,Outros,2025-08-07 16:10:53
SmartEnvios,211,SmartEnvios - Outros,,Outros,2025-08-07 16:10:53
Reserva Ink Entregas,4,Reserva Ink Entregas - Outros,,Outros,2025-08-07 16:10:53
Mocis,1,Mocis - Outros,,Outros,2025-08-07 16:10:53
skydropx,PAQUETEXPRESS NACIONAL,skydropx - Outros,,Outros,2025-08-07 16:10:53
Frenet,ALF_1,Frenet - Outros,,Outros,2025-08-07 16:10:53
Frenet,DAY_1,Frenet - Outros,,Outros,2025-08-07 16:10:53
Envío Nube,ne-envia-fedex-ground,Envío Nube - FedEx - Económico,FedEx,Económico,2025-08-07 16:10:53
Mocis,6,Mocis - Outros,,Outros,2025-08-07 16:10:53
Frenet,SLG_2,Frenet - Outros,,Outros,2025-08-07 16:10:53
Entrega Agendada (Huapps. week),3158545_expressa_week,Entrega Agendada (Huapps. week) - Outros,,Outros,2025-08-07 16:10:53
Fixy Logística,FIXYLOGISTICA_6,Fixy Logística - Outros,,Outros,2025-08-07 16:10:53
skydropx,FEDEX STANDARD_OVERNIGHT,skydropx - Outros,,Outros,2025-08-07 16:10:53
Interbook,interbook1,Interbook - Outros,,Outros,2025-08-07 16:10:53
Intelipost,Rodonaves Standard,Intelipost - Outros,,Outros,2025-08-07 16:10:53
Entrega Agendada (Huapps),3770321_tarde,Entrega Agendada (Huapps) - Outros,,Outros,2025-08-07 16:10:53
Envia.com Checkout Service,TotalExpress - expresso,Envia.com Checkout Service - Outros,,Outros,2025-08-07 16:10:53
Frenet,JADP_01,Frenet - Outros,,Outros,2025-08-07 16:10:53
Frenet,GOL_15,Frenet - Outros,,Outros,2025-08-07 16:10:53
Intelipost,Jadlog - Sem Cubagem,Intelipost - Outros,,Outros,2025-08-07 16:10:53
"Período Integral, entrega até as 22h",week-days|11,"Período Integral, entrega até as 22h - Outros",,Outros,2025-08-07 16:10:53
Frenet,GOL_06,Frenet - Outros,,Outros,2025-08-07 16:10:53
Shippy,293|1790,Shippy - Correios - MINI,Correios,MINI,2025-08-07 16:10:53
Entrega Agendada (Huapps),3768835_manha,Entrega Agendada (Huapps) - Outros,,Outros,2025-08-07 16:10:53
DHL,2_DOM,DHL - Outros,,Outros,2025-08-07 16:10:53
skydropx,fedex.standard_overnight,skydropx - Outros,,Outros,2025-08-07 16:10:53
EFLET,Correoe-flet_2,EFLET - Outros,,Outros,2025-08-07 16:10:53
Envío rápido con Treggo,3735156,Envío rápido con Treggo - Outros,,Outros,2025-08-07 16:10:53
SmartEnvios,sme_jadlog,SmartEnvios - Outros,,Outros,2025-08-07 16:10:53
Envío rápido con Treggo,1343746,Envío rápido con Treggo - Outros,,Outros,2025-08-07 16:10:53
Otimizador de Frete,sedex-envios-sp,Otimizador de Frete - Outros,,Outros,2025-08-07 16:10:53
SmartEnvios,538,SmartEnvios - Outros,,Outros,2025-08-07 16:10:53
SmartEnvios,231,SmartEnvios - Outros,,Outros,2025-08-07 16:10:53
Dropi Fretes,170475,Dropi Fretes - Outros,,Outros,2025-08-07 16:10:53
Envío rápido con Treggo,970569,Envío rápido con Treggo - Outros,,Outros,2025-08-07 16:10:53
SmartEnvios,867,SmartEnvios - Outros,,Outros,2025-08-07 16:10:53
"Tarde, entrega até as 18h",week-days|9,"Tarde, entrega até as 18h - Outros",,Outros,2025-08-07 16:10:53
Shipro | de la web a donde vaya,Mocis,Shipro | de la web a donde vaya - Outros,,Outros,2025-08-07 16:10:53
Correios,1,Correios - Outros,,Outros,2025-08-07 16:10:53
Envío Nube,ne-envia-dhl-ground,Envío Nube - DHL Nacional - Económico,DHL Nacional,Económico,2025-08-07 16:10:53
Dropi Fretes,1876421,Dropi Fretes - Outros,,Outros,2025-08-07 16:10:53
Intelipost,GFL Standard,Intelipost - Outros,,Outros,2025-08-07 16:10:53
Mandar.com.br,package,Mandar.com.br - Outros,,Outros,2025-08-07 16:10:53
Ocean Drive,pap,Ocean Drive - Outros,,Outros,2025-08-07 16:10:53
Frete Barato,cnx,Frete Barato - Outros,,Outros,2025-08-07 16:10:53
Frenet,WS_2,Frenet - Outros,,Outros,2025-08-07 16:10:53
Onlog Express,128,Onlog Express - Outros,,Outros,2025-08-07 16:10:53
BNZ EXPRESS S.R.L.,PPN,BNZ EXPRESS S.R.L. - Outros,,Outros,2025-08-07 16:10:53
Eship Entregas,eship;65;3,Eship Entregas - Outros,,Outros,2025-08-07 16:10:53
Fast Mail,fastmail_42,Fast Mail - Outros,,Outros,2025-08-07 16:10:53
Entrega Agendada (Huapps),3765926_manha,Entrega Agendada (Huapps) - Outros,,Outros,2025-08-07 16:10:53
SuperFrete,17,SuperFrete - Correios - MINI,Correios,MINI,2025-08-07 16:10:53
Vima Logistica - Panda Candy,Flex,Vima Logistica - Panda Candy - Outros,,Outros,2025-08-07 16:10:53
Picklog,1,Picklog - Outros,,Outros,2025-08-07 16:10:53
Azul Cargo Express,ECOMM_CORP,Azul Cargo Express - Outros,,Outros,2025-08-07 16:10:53
Envío rápido con Treggo,1001187,Envío rápido con Treggo - Outros,,Outros,2025-08-07 16:10:53
Mis entregas,MisEntregas_20,Mis entregas - Outros,,Outros,2025-08-07 16:10:53
SmartEnvios,508,SmartEnvios - Outros,,Outros,2025-08-07 16:10:53
Envia.com Checkout Service,Oca - oca_PS,Envia.com Checkout Service - Outros,,Outros,2025-08-07 16:10:53
Eship Entregas,eship;20;3,Eship Entregas - Outros,,Outros,2025-08-07 16:10:53
Shipnow,shipnow_pap_option_2,Shipnow - Domicilio estandar,,Domicilio estándar,2025-08-07 16:10:53
Urbano Envios,ppc,Urbano Envios - Punto de retiro,,Punto de retiro,2025-08-07 16:10:53
Eship Entregas,eship;64;3,Eship Entregas - Outros,,Outros,2025-08-07 16:10:53
Envío rápido con Treggo,1935431,Envío rápido con Treggo - Outros,,Outros,2025-08-07 16:10:53
Intelipost,Accert Transportes,Intelipost - Outros,,Outros,2025-08-07 16:10:53
Eship Entregas,eship;11;3,Eship Entregas - Outros,,Outros,2025-08-07 16:10:53
Envia.com Checkout Service,CorreoArgentino - priority_dom,Envia.com Checkout Service - Outros,,Outros,2025-08-07 16:10:53
Frete Barato,rod,Frete Barato - Outros,,Outros,2025-08-07 16:10:53
skydropx,DHL STANDARD,skydropx - Outros,,Outros,2025-08-07 16:10:53
Envío rápido con Treggo,1142477,Envío rápido con Treggo - Outros,,Outros,2025-08-07 16:10:53
Bluemail,bluemail-pickup,Bluemail - Outros,,Outros,2025-08-07 16:10:53
PLATINUM LOG,2,PLATINUM LOG - Outros,,Outros,2025-08-07 16:10:53
skydropx,ESTAFETA ESTAFETA_NEXT_DAY,skydropx - Outros,,Outros,2025-08-07 16:10:53
SouthPost,SOUTHPOSTS.A._52,SouthPost - Outros,,Outros,2025-08-07 16:10:53
Entrega Agendada (Huapps),3768033_manha,Entrega Agendada (Huapps) - Outros,,Outros,2025-08-07 16:10:53
Entrega Agendada (Huapps),3768835_tarde,Entrega Agendada (Huapps) - Outros,,Outros,2025-08-07 16:10:53
SmartEnvios,876,SmartEnvios - Outros,,Outros,2025-08-07 16:10:53
Bluemail,BlueMailS.A_2,Bluemail - Outros,,Outros,2025-08-07 16:10:53
Envie agora,3298,Envie agora - Outros,,Outros,2025-08-07 16:10:53
DHL,2_WPX,DHL - Outros,,Outros,2025-08-07 16:10:53
BRCom,mini,BRCom - Super econômico,,Super econômico,2025-08-07 16:10:53
Frenet,SLG_1,Frenet - Outros,,Outros,2025-08-07 16:10:53
AM-MENSAJERIA-FLEX,standard,AM-MENSAJERIA-FLEX - Outros,,Outros,2025-08-07 16:10:53
Paquery,express,Paquery - Outros,,Outros,2025-08-07 16:10:53
Shippy,421|2210,Shippy - Outros,,Outros,2025-08-07 16:10:53
ModdingEnvios,MODDINGFLEX_8,ModdingEnvios - Outros,,Outros,2025-08-07 16:10:53
"Manhã, entrega até as 13h",week-days|8,"Manhã, entrega até as 13h - Outros",,Outros,2025-08-07 16:10:53
Frenet,9,Frenet - Outros,,Outros,2025-08-07 16:10:53
SmartEnvios,787,SmartEnvios - Outros,,Outros,2025-08-07 16:10:53
Carriers Logística,Normal,Carriers Logística - Outros,,Outros,2025-08-07 16:10:53
Envia.com Checkout Service,Estafeta - express_od,Envia.com Checkout Service - Outros,,Outros,2025-08-07 16:10:53
Eship Entregas,eship;106;3,Eship Entregas - Outros,,Outros,2025-08-07 16:10:53
DPD,dpd_pu,DPD - Outros,,Outros,2025-08-07 16:10:53
GoFretes,gofretes,GoFretes - Outros,,Outros,2025-08-07 16:10:53
Dropi Fretes,2231571,Dropi Fretes - Outros,,Outros,2025-08-07 16:10:53
Envío rápido con Treggo,962628,Envío rápido con Treggo - Outros,,Outros,2025-08-07 16:10:53
Eship Entregas,eship;24;3,Eship Entregas - Outros,,Outros,2025-08-07 16:10:53
SmartEnvios,652,SmartEnvios - Outros,,Outros,2025-08-07 16:10:53
Epsa,EPSACorreoPrivado_187,Epsa - Outros,,Outros,2025-08-07 16:10:53
Frenet,ESM,Frenet - Outros,,Outros,2025-08-07 16:10:53
Shipro | de la web a donde vaya,AndreaniSuc,Shipro | de la web a donde vaya - Outros,,Outros,2025-08-07 16:10:53
Frenet,ISP_1_16155,Frenet - Outros,,Outros,2025-08-07 16:10:53
Intelipost,Correios PAC,Intelipost - Correios - PAC,Correios,PAC,2025-08-07 16:10:53
Upnext Shipping,rg_quick_delivery,Upnext Shipping - Outros,,Outros,2025-08-07 16:10:53
Cabify Logistics,42e78480-4cce-481a-a3e4-90d22a3bc866,Cabify Logistics - Outros,,Outros,2025-08-07 16:10:53
Mandar.com.br,dotcom,Mandar.com.br - Outros,,Outros,2025-08-07 16:10:53
Intelipost,Jadlog Package,Intelipost - Jadlog - .Package,Jadlog,.Package,2025-08-07 16:10:53
Eship Entregas,eship;83;3,Eship Entregas - Outros,,Outros,2025-08-07 16:10:53
Envío Nube,ne-envia-estafeta-express,Envío Nube - Estafeta - Express,Estafeta,Express,2025-08-07 16:10:53
PAAQ,Seguítuenvío_32,PAAQ - Outros,,Outros,2025-08-07 16:10:53
Shippy,419|2205,Shippy - Outros,,Outros,2025-08-07 16:10:53
EFLET,Correoe-flet_13,EFLET - Outros,,Outros,2025-08-07 16:10:53
Envío rápido con Treggo,892693,Envío rápido con Treggo - Outros,,Outros,2025-08-07 16:10:53
Picklog,21,Picklog - Outros,,Outros,2025-08-07 16:10:53
APPVERSE SHIPPING,sedex,APPVERSE SHIPPING - Outros,,Outros,2025-08-07 16:10:53
Enviamelo,Enviamelo1,Enviamelo - Outros,,Outros,2025-08-07 16:10:53
Promail correo,PROMAIL_5,Promail correo - Outros,,Outros,2025-08-07 16:10:53
SmartEnvios,854,SmartEnvios - Outros,,Outros,2025-08-07 16:10:53
Envios Flex,Flex,Envios Flex - Outros,,Outros,2025-08-07 16:10:53
SmartEnvios,930,SmartEnvios - Outros,,Outros,2025-08-07 16:10:53
Envia.com Checkout Service,Estafeta - ground_od,Envia.com Checkout Service - Outros,,Outros,2025-08-07 16:10:53
MMSPack,standard,MMSPack - Outros,,Outros,2025-08-07 16:10:53
Frenet,R3EX_WS,Frenet - Outros,,Outros,2025-08-07 16:10:53
Frenet,JAMVIP,Frenet - Outros,,Outros,2025-08-07 16:10:53
Entrega Agendada (Huapps. saturday),3158546_manha_saturday,Entrega Agendada (Huapps. saturday) - Outros,,Outros,2025-08-07 16:10:53
Mile Logistic,MILELOGISTICSRL_2,Mile Logistic - Outros,,Outros,2025-08-07 16:10:53
Envie agora,3220,Envie agora - Outros,,Outros,2025-08-07 16:10:53
skydropx,jtexpress.standard,skydropx - Outros,,Outros,2025-08-07 16:10:53
Eship Entregas,eship;56;3,Eship Entregas - Outros,,Outros,2025-08-07 16:10:53
Entrega Agendada (Huapps. saturday),3158546_comercial_saturday,Entrega Agendada (Huapps. saturday) - Outros,,Outros,2025-08-07 16:10:53
Frenet,BH_E,Frenet - Outros,,Outros,2025-08-07 16:10:53
Frenet,TGS,Frenet - Outros,,Outros,2025-08-07 16:10:53
Envia.com Checkout Service,Jadlog - Package,Envia.com Checkout Service - Outros,,Outros,2025-08-07 16:10:53
Entrega Agendada (Huapps),3765926_expressa,Entrega Agendada (Huapps) - Outros,,Outros,2025-08-07 16:10:53
Intelipost,Expresso São Miguel,Intelipost - Outros,,Outros,2025-08-07 16:10:53
Frenet,5,Frenet - Outros,,Outros,2025-08-07 16:10:53
Frenet,CHB,Frenet - Outros,,Outros,2025-08-07 16:10:53
Entrega Agendada (Huapps. sunday),3158547_manha_sunday,Entrega Agendada (Huapps. sunday) - Outros,,Outros,2025-08-07 16:10:53
Frenet,RTE2,Frenet - Outros,,Outros,2025-08-07 16:10:53
SmartEnvios,877,SmartEnvios - Outros,,Outros,2025-08-07 16:10:53
Intelipost,Rapido Paulistana Standard,Intelipost - Outros,,Outros,2025-08-07 16:10:53
Otimizador de Frete,mini-envios-sp,Otimizador de Frete - Outros,,Outros,2025-08-07 16:10:53
skydropx,sendex.reg,skydropx - Outros,,Outros,2025-08-07 16:10:53
skydropx,paquetexpress.nacional,skydropx - Outros,,Outros,2025-08-07 16:10:53
Mais Envios,3280,Mais Envios - Outros,,Outros,2025-08-07 16:10:53
EFLET,Correoe-flet_1,EFLET - Outros,,Outros,2025-08-07 16:10:53
Eship Entregas,eship;4;3,Eship Entregas - Outros,,Outros,2025-08-07 16:10:53
Envia.com Checkout Service,Correios - sedex_industrial,Envia.com Checkout Service - Outros,,Outros,2025-08-07 16:10:53
Entrega Agendada (Huapps. week),3158545_tarde_week,Entrega Agendada (Huapps. week) - Outros,,Outros,2025-08-07 16:10:53
skydropx,ninetynineminutes.nextday,skydropx - Outros,,Outros,2025-08-07 16:10:53
Entrega Agendada (Huapps. week),3158545_vapt-vupt_week,Entrega Agendada (Huapps. week) - Outros,,Outros,2025-08-07 16:10:53
Eship Entregas,eship;16;3,Eship Entregas - Outros,,Outros,2025-08-07 16:10:53
Envia.com Checkout Service,Starken - normal,Envia.com Checkout Service - Outros,,Outros,2025-08-07 16:10:53
Intralog,PICK UP,Intralog - Outros,,Outros,2025-08-07 16:10:53
Onlog Express,6,Onlog Express - Outros,,Outros,2025-08-07 16:10:53
SmartEnvios,254,SmartEnvios - Outros,,Outros,2025-08-07 16:10:53
"Tarde, entrega até as 18h | Abrangência 2",week-days|43,"Tarde, entrega até as 18h | Abrangência 2 - Outros",,Outros,2025-08-07 16:10:53
JTIME EXPRESS,701,JTIME EXPRESS - Outros,,Outros,2025-08-07 16:10:53
Marrie for Babies Shipping Company,33,Marrie for Babies Shipping Company - Outros,,Outros,2025-08-07 16:10:53
Shippy,293|1781,Shippy - Correios - PAC,Correios,PAC,2025-08-07 16:10:53
SmartEnvios,690,SmartEnvios - Outros,,Outros,2025-08-07 16:10:53
Envia.com Checkout Service,Noventa9Minutos - next_day,Envia.com Checkout Service - Outros,,Outros,2025-08-07 16:10:53
SmartEnvios,sme_loggi,SmartEnvios - Outros,,Outros,2025-08-07 16:10:53
Entrega Agendada (Huapps),3768033_tarde,Entrega Agendada (Huapps) - Outros,,Outros,2025-08-07 16:10:53
Frenet,ICR,Frenet - Outros,,Outros,2025-08-07 16:10:53
Envia.com Checkout Service,Oca - oca_SS,Envia.com Checkout Service - Outros,,Outros,2025-08-07 16:10:53
SmartEnvios,852,SmartEnvios - Outros,,Outros,2025-08-07 16:10:53
APPVERSE SHIPPING,pac,APPVERSE SHIPPING - Outros,,Outros,2025-08-07 16:10:53
Fast Mail,fastmail_24,Fast Mail - Outros,,Outros,2025-08-07 16:10:53
Simpack,2,Simpack - Outros,,Outros,2025-08-07 16:10:53
Dropi Fretes,1409541,Dropi Fretes - Outros,,Outros,2025-08-07 16:10:53
Dropi Fretes,390982,Dropi Fretes - Outros,,Outros,2025-08-07 16:10:53
Shippy,366|2083,Shippy - Outros,,Outros,2025-08-07 16:10:53
Eship Entregas,eship;86;3,Eship Entregas - Outros,,Outros,2025-08-07 16:10:53
Envia.com Checkout Service,Fedex - int_ground,Envia.com Checkout Service - Outros,,Outros,2025-08-07 16:10:53
Flixlog,Jadlog,Flixlog - Outros,,Outros,2025-08-07 16:10:53
Frenet,TRO,Frenet - Outros,,Outros,2025-08-07 16:10:53
Frenet,03140,Frenet - Correios - SEDEX 12,Correios,SEDEX 12,2025-08-07 16:10:53
Envío rápido con Treggo,5607446,Envío rápido con Treggo - Outros,,Outros,2025-08-07 16:10:53
SmartEnvios,676,SmartEnvios - Outros,,Outros,2025-08-07 16:10:53
Fast Mail,fastmail_36,Fast Mail - Outros,,Outros,2025-08-07 16:10:53
Entrega Agendada (Huapps. week),3158545_matutino_week,Entrega Agendada (Huapps. week) - Outros,,Outros,2025-08-07 16:10:53
Picklog,10,Picklog - Outros,,Outros,2025-08-07 16:10:53
Frenet,3085,Frenet - Correios - PAC,Correios,PAC,2025-08-07 16:10:53
Kangu,kangu_E_9964,Kangu - Rede Sul,,Rede Sul,2025-08-07 16:10:53
Intelipost,Generoso Standard,Intelipost - Outros,,Outros,2025-08-07 16:10:53
Frete Barato,jad,Frete Barato - Outros,,Outros,2025-08-07 16:10:53
Central de Envios - Tu Blanco,Normal,Central de Envios - Tu Blanco - Outros,,Outros,2025-08-07 16:10:53
Envío rápido con Treggo,5789298,Envío rápido con Treggo - Outros,,Outros,2025-08-07 16:10:53
ESHIP,E-shipArgentina_4,ESHIP - Outros,,Outros,2025-08-07 16:10:53
Dropi Fretes,1208393,Dropi Fretes - Outros,,Outros,2025-08-07 16:10:53
Onlog Express,4,Onlog Express - Outros,,Outros,2025-08-07 16:10:53
Eship Entregas,eship;99;3,Eship Entregas - Outros,,Outros,2025-08-07 16:10:53
"Matutino, entrega até as 10h",week-days|7,"Matutino, entrega até as 10h - Outros",,Outros,2025-08-07 16:10:53
PinPoint,GRAN_BUENOS_AIRES_2_PINDAY,PinPoint - Outros,,Outros,2025-08-07 16:10:53
EFLET,Correoe-flet_4,EFLET - Outros,,Outros,2025-08-07 16:10:53
ModdingEnvios,MODDINGFLEX_5,ModdingEnvios - Outros,,Outros,2025-08-07 16:10:53
Frenet,FOL_1,Frenet - Outros,,Outros,2025-08-07 16:10:53
SmartEnvios,657,SmartEnvios - Outros,,Outros,2025-08-07 16:10:53
EFLET,Correoe-flet_14,EFLET - Outros,,Outros,2025-08-07 16:10:53
PinPoint,CABA_PINDAY,PinPoint - Outros,,Outros,2025-08-07 16:10:53
Dropi Fretes,76936,Dropi Fretes - Outros,,Outros,2025-08-07 16:10:53
Rapiboy,NCDS,Rapiboy - Outros,,Outros,2025-08-07 16:10:53
Onlog Express,44,Onlog Express - Outros,,Outros,2025-08-07 16:10:53
Eship Entregas,eship;92;3,Eship Entregas - Outros,,Outros,2025-08-07 16:10:53
Eship Entregas,eship;3;3,Eship Entregas - Outros,,Outros,2025-08-07 16:10:53
Shippy,366|2082,Shippy - Outros,,Outros,2025-08-07 16:10:53
SmartEnvios,886,SmartEnvios - Outros,,Outros,2025-08-07 16:10:53
"Período Integral, entrega até as 22h",saturday|11,"Período Integral, entrega até as 22h - Outros",,Outros,2025-08-07 16:10:53
Shippy,452|2285,Shippy - Outros,,Outros,2025-08-07 16:10:53
Pickit,pickit1,Pickit - Outros,,Outros,2025-08-07 16:10:53
DPD,dpd_sd,DPD - Outros,,Outros,2025-08-07 16:10:53
Envia.com Checkout Service,Dpd - next_day_od,Envia.com Checkout Service - Outros,,Outros,2025-08-07 16:10:53
Correios,2,Correios - Outros,,Outros,2025-08-07 16:10:53
ModdingEnvios,MODDINGFLEX_6,ModdingEnvios - Outros,,Outros,2025-08-07 16:10:53
Envia.com Checkout Service,ServiEntrega - premier,Envia.com Checkout Service - Outros,,Outros,2025-08-07 16:10:53
E-Pick,epick-option-oca-branches,E-pick - Sucursal,,Sucursal,2025-08-07 16:10:53
Entraga Agendada (Huapps),3792317_manha,Entraga Agendada (Huapps) - Outros,,Outros,2025-08-07 16:10:53
Intelipost,Jadlog - Com Cubagem,Intelipost - Outros,,Outros,2025-08-07 16:10:53
Envia.com Checkout Service,AmPm - estandar,Envia.com Checkout Service - Outros,,Outros,2025-08-07 16:10:53
Entrega Agendada (Huapps),3792142_manha,Entrega Agendada (Huapps) - Outros,,Outros,2025-08-07 16:10:53
Entrega Agendada (Huapps),3765926_tarde,Entrega Agendada (Huapps) - Outros,,Outros,2025-08-07 16:10:53
FRETE PERSONALIZADO,fretepersonalizado3,FRETE PERSONALIZADO - Outros,,Outros,2025-08-07 16:10:53
JTIME EXPRESS,704,JTIME EXPRESS - Outros,,Outros,2025-08-07 16:10:53
Entrega Agendada (Huapps),3794469_manha,Entrega Agendada (Huapps) - Outros,,Outros,2025-08-07 16:10:53
Mocis,5,Mocis - Outros,,Outros,2025-08-07 16:10:53
Flixlog,Aviões,Flixlog - Outros,,Outros,2025-08-07 16:10:53
Entrega Agendada (Huapps. saturday),3158546_tarde_saturday,Entrega Agendada (Huapps. saturday) - Outros,,Outros,2025-08-07 16:10:53
Frenet,LOG_VIP_2,Frenet - Loggi - Expresso,Loggi,Expresso,2025-08-07 16:10:53
Entrega Agendada (Huapps. week),3158545_noite_week,Entrega Agendada (Huapps. week) - Outros,,Outros,2025-08-07 16:10:53
Envío rápido con Treggo,135551,Envío rápido con Treggo - Outros,,Outros,2025-08-07 16:10:53
Eship Entregas,eship;87;3,Eship Entregas - Outros,,Outros,2025-08-07 16:10:53
Eship Entregas,eship;17;3,Eship Entregas - Outros,,Outros,2025-08-07 16:10:53
Montink Fretes,DN2,Montink Fretes - Outros,,Outros,2025-08-07 16:10:53
Eship Entregas,eship;30;3,Eship Entregas - Outros,,Outros,2025-08-07 16:10:53
"Entrega Expressa, em até 3 horas",week-days|12,"Entrega Expressa, em até 3 horas - Outros",,Outros,2025-08-07 16:10:53
Lixlog,lix_mandae_economico,Lixlog - Outros,,Outros,2025-08-07 16:10:53
Azul Cargo Express,ECOMM,Azul Cargo Express - Outros,,Outros,2025-08-07 16:10:53
Dropi Fretes,3731863,Dropi Fretes - Outros,,Outros,2025-08-07 16:10:53
J&T Express,18906,J&T Express - Outros,,Outros,2025-08-07 16:10:53
SmartEnvios,234,SmartEnvios - Outros,,Outros,2025-08-07 16:10:53
Onlog Express,40,Onlog Express - Outros,,Outros,2025-08-07 16:10:53
Envia Brasil,sedex_enviabrasil,Envia Brasil - Outros,,Outros,2025-08-07 16:10:53
Frenet,FCD,Frenet - Outros,,Outros,2025-08-07 16:10:53
Frenet,AJN_INT,Frenet - Outros,,Outros,2025-08-07 16:10:53
SmartEnvios,895,SmartEnvios - Outros,,Outros,2025-08-07 16:10:53
Flixlog,Conquest,Flixlog - Outros,,Outros,2025-08-07 16:10:53
CRAB,CRAB_5,CRAB - Outros,,Outros,2025-08-07 16:10:53
Flippy,Flippy_19,Flippy - Outros,,Outros,2025-08-07 16:10:53
Boxlink,2,Boxlink - Outros,,Outros,2025-08-07 16:10:53
SmartEnvios,842,SmartEnvios - Outros,,Outros,2025-08-07 16:10:53
Fast Mail,fastmail_28,Fast Mail - Outros,,Outros,2025-08-07 16:10:53
Envío rápido con Treggo,4239876,Envío rápido con Treggo - Outros,,Outros,2025-08-07 16:10:53
SmartEnvios,626,SmartEnvios - Outros,,Outros,2025-08-07 16:10:53
Dropi Fretes,4040430,Dropi Fretes - Outros,,Outros,2025-08-07 16:10:53
Day-Envio,day_sedex,Day-Envio - Outros,,Outros,2025-08-07 16:10:53
SmartEnvios,857,SmartEnvios - Outros,,Outros,2025-08-07 16:10:53
Frenet,LLM_9,Frenet - Outros,,Outros,2025-08-07 16:10:53
Fixy Logística,FIXYLOGISTICA_50,Fixy Logística - Outros,,Outros,2025-08-07 16:10:53
Eship Entregas,eship;29;3,Eship Entregas - Outros,,Outros,2025-08-07 16:10:53
skydropx,ampm.standard,skydropx - Outros,,Outros,2025-08-07 16:10:53
Mocis,8,Mocis - Outros,,Outros,2025-08-07 16:10:53
Envia.com Checkout Service,Correios - pac_industrial,Envia.com Checkout Service - Outros,,Outros,2025-08-07 16:10:53
"Manhã, entrega até as 13h | Abrangência 2",week-days|42,"Manhã, entrega até as 13h | Abrangência 2 - Outros",,Outros,2025-08-07 16:10:53
Frenet,ISP_1_17672,Frenet - Outros,,Outros,2025-08-07 16:10:53
Shippy,322|1987,Shippy - Outros,,Outros,2025-08-07 16:10:53
Intelipost,Jamef Standard,Intelipost - Outros,,Outros,2025-08-07 16:10:53
MOBLYLOG,standard,MOBLYLOG - Outros,,Outros,2025-08-07 16:10:53
Mocis,7,Mocis - Outros,,Outros,2025-08-07 16:10:53
Envia.com Checkout Service,Noventa9Minutos - local_next_day,Envia.com Checkout Service - Outros,,Outros,2025-08-07 16:10:53
Manda Bem,LOGGI,Manda Bem - Loggi - Expresso,Loggi,Expresso,2025-08-07 16:10:53
Frenet,OWN3,Frenet - Logística própria,,Logística própria,2025-08-07 16:10:53
Shippy,322|1986,Shippy - Outros,,Outros,2025-08-07 16:10:53
Shipnow,shipnow_pap_option_3,Shipnow - Domicilio estandar,,Domicilio estándar,2025-08-07 16:10:53
Envia.com Checkout Service,Correios - mini,Envia.com Checkout Service - Outros,,Outros,2025-08-07 16:10:53
SmartEnvios,845,SmartEnvios - Outros,,Outros,2025-08-07 16:10:53
Dropi Fretes,3974425,Dropi Fretes - Outros,,Outros,2025-08-07 16:10:53
7 Logística - COPOS DE LUZ,Normal,7 Logística - COPOS DE LUZ - Outros,,Outros,2025-08-07 16:10:53
HUB Omie,138,HUB Omie - Outros,,Outros,2025-08-07 16:10:53
Dropi Fretes,754624,Dropi Fretes - Outros,,Outros,2025-08-07 16:10:53
Dropi Fretes,121002,Dropi Fretes - Outros,,Outros,2025-08-07 16:10:53
Eship Entregas,eship;25;3,Eship Entregas - Outros,,Outros,2025-08-07 16:10:53
Eship Entregas,eship;72;3,Eship Entregas - Outros,,Outros,2025-08-07 16:10:53
Shippy,431|2235,Shippy - Outros,,Outros,2025-08-07 16:10:53
Eship Entregas,eship;81;3,Eship Entregas - Outros,,Outros,2025-08-07 16:10:53
Lixlog,lix_rodonaves_normal,Lixlog - Outros,,Outros,2025-08-07 16:10:53
A tiempo,AT,A tiempo - Outros,,Outros,2025-08-07 16:10:53
Shippy,308|1948,Shippy - Outros,,Outros,2025-08-07 16:10:53
Frenet,GOF,Frenet - Outros,,Outros,2025-08-07 16:10:53
PapExpress,Flex-Lightdata,PapExpress - Outros,,Outros,2025-08-07 16:10:53
Flippy,Flippy_20,Flippy - Outros,,Outros,2025-08-07 16:10:53
Envia.com Checkout Service,CorreosChile - express_domicilio,Envia.com Checkout Service - Outros,,Outros,2025-08-07 16:10:53
Frenet,ACV,Frenet - Outros,,Outros,2025-08-07 16:10:53
Intelipost,Daytona Express,Intelipost - Outros,,Outros,2025-08-07 16:10:53
TRANSPORTE TERCEIRIZADO,NOVA ERA EXPRESS TRANSPORTES LTDA,TRANSPORTE TERCEIRIZADO - Outros,,Outros,2025-08-07 16:10:53
PinPoint,CADOMICILIO,PinPoint - Outros,,Outros,2025-08-07 16:10:53
Envío rápido con Treggo,1041840,Envío rápido con Treggo - Outros,,Outros,2025-08-07 16:10:53
Envío rápido con Treggo,1042500,Envío rápido con Treggo - Rápido,,Rápido,2025-08-07 16:10:53
Mis entregas,MisEntregas_10,Mis entregas - Outros,,Outros,2025-08-07 16:10:53
Frenet,SLG_6,Frenet - Outros,,Outros,2025-08-07 16:10:53
EFLET,Correoe-flet_10,EFLET - Outros,,Outros,2025-08-07 16:10:53
Envia.com Checkout Service,CorreoArgentino - priority_suc,Envia.com Checkout Service - Outros,,Outros,2025-08-07 16:10:53
Frenet,BH_J,Frenet - Outros,,Outros,2025-08-07 16:10:53
SmartEnvios,368,SmartEnvios - Outros,,Outros,2025-08-07 16:10:53
Dropi Fretes,4364885,Dropi Fretes - Outros,,Outros,2025-08-07 16:10:53
Marrie for Babies Shipping Company,4,Marrie for Babies Shipping Company - Outros,,Outros,2025-08-07 16:10:53
Dropi Fretes,3814888,Dropi Fretes - Outros,,Outros,2025-08-07 16:10:53
Intelipost,Rodonaves Sem Cubagem,Intelipost - Outros,,Outros,2025-08-07 16:10:53
Envia.com Checkout Service,Andreani - sucursal,Envia.com Checkout Service - Outros,,Outros,2025-08-07 16:10:53
Frenet,BH_T,Frenet - Outros,,Outros,2025-08-07 16:10:53
Jipink,JIPINK_PICKUP,Jipink - Outros,,Outros,2025-08-07 16:10:53
Dropi Fretes,731275,Dropi Fretes - Outros,,Outros,2025-08-07 16:10:53
Frenet,ATUAL_1,Frenet - Outros,,Outros,2025-08-07 16:10:53
Onlog Express,3,Onlog Express - Outros,,Outros,2025-08-07 16:10:53
FRETE PERSONALIZADO,fretepersonalizado4,FRETE PERSONALIZADO - Outros,,Outros,2025-08-07 16:10:53
Frenet,Azul_WS,Frenet - Outros,,Outros,2025-08-07 16:10:53
SmartEnvios,680,SmartEnvios - Outros,,Outros,2025-08-07 16:10:53
WeShip,estafeta_terrestre,WeShip - Outros,,Outros,2025-08-07 16:10:53
Eship Entregas,eship;88;3,Eship Entregas - Outros,,Outros,2025-08-07 16:10:53
Eship Entregas,eship;78;3,Eship Entregas - Outros,,Outros,2025-08-07 16:10:53
Olist Envios,olist-envios-total-express,Olist Envios - Outros,,Outros,2025-08-07 16:10:53
SmartEnvios,862,SmartEnvios - Outros,,Outros,2025-08-07 16:10:53
Entrega Agendada (Huapps),3792142_tarde,Entrega Agendada (Huapps) - Outros,,Outros,2025-08-07 16:10:53
SmartEnvios,843,SmartEnvios - Outros,,Outros,2025-08-07 16:10:53
Dropi Fretes,356326,Dropi Fretes - Outros,,Outros,2025-08-07 16:10:53
Envia.com Checkout Service,Dhl - int_express,Envia.com Checkout Service - Outros,,Outros,2025-08-07 16:10:53
"Tarde, entrega até as 18h",saturday|9,"Tarde, entrega até as 18h - Outros",,Outros,2025-08-07 16:10:53
Especial 1 (até as 18h) | G1=data-especial,week-days|47,Especial 1 (até as 18h) | G1=data-especial - Outros,,Outros,2025-08-07 16:10:53
Frenet,PTE_1,Frenet - Outros,,Outros,2025-08-07 16:10:53
Frenet,Azul_WS_5,Frenet - Outros,,Outros,2025-08-07 16:10:53
Dropi Fretes,158062,Dropi Fretes - Outros,,Outros,2025-08-07 16:10:53
Shipro | de la web a donde vaya,MocisSameDay,Shipro | de la web a donde vaya - Outros,,Outros,2025-08-07 16:10:53
Entrega Agendada (Huapps),3794469_tarde,Entrega Agendada (Huapps) - Outros,,Outros,2025-08-07 16:10:53
Shippy,406|2175,Shippy - Outros,,Outros,2025-08-07 16:10:53
Especial 2 (13:00 ás 22h) | G1=data-especial,week-days|48,Especial 2 (13:00 ás 22h) | G1=data-especial - Outros,,Outros,2025-08-07 16:10:53
Dropi Fretes,131474,Dropi Fretes - Outros,,Outros,2025-08-07 16:10:53
Envia.com Checkout Service,Jtexpress - door_to_door,Envia.com Checkout Service - Outros,,Outros,2025-08-07 16:10:53
Coordinadora,standard,Coordinadora - Outros,,Outros,2025-08-07 16:10:53
Magalog,MAGALOG_STANDARD,Magalog - Outros,,Outros,2025-08-07 16:10:53
Dropi Fretes,694765,Dropi Fretes - Outros,,Outros,2025-08-07 16:10:53
"Hora Marcada, agende o horário",week-days|13,"Hora Marcada, agende o horário - Outros",,Outros,2025-08-07 16:10:53
M10 Entregas Flex,popentregasm10,M10 Entregas Flex - Outros,,Outros,2025-08-07 16:10:53
Dropi Fretes,3081748,Dropi Fretes - Outros,,Outros,2025-08-07 16:10:53
Entrega Agendada (Huapps. saturday),3158546_expressa_saturday,Entrega Agendada (Huapps. saturday) - Outros,,Outros,2025-08-07 16:10:53
Eship Entregas,eship;73;3,Eship Entregas - Outros,,Outros,2025-08-07 16:10:53
"Manhã, entrega até as 13h",sunday|8,"Manhã, entrega até as 13h - Outros",,Outros,2025-08-07 16:10:53
"Manhã, entrega até as 13h",saturday|8,"Manhã, entrega até as 13h - Outros",,Outros,2025-08-07 16:10:53
Shippy,428|2227,Shippy - Outros,,Outros,2025-08-07 16:10:53
Dropi Fretes,64407,Dropi Fretes - Outros,,Outros,2025-08-07 16:10:53
PinPoint,GRAN_BUENOS_AIRES_1_PINDAY,PinPoint - Outros,,Outros,2025-08-07 16:10:53
SmartEnvios,677,SmartEnvios - Outros,,Outros,2025-08-07 16:10:53
Mienvio MX,FedEx (estandar),Mienvio MX - Outros,,Outros,2025-08-07 16:10:53
Entrega Agendada (Huapps. sunday),3158547_comercial_sunday,Entrega Agendada (Huapps. sunday) - Outros,,Outros,2025-08-07 16:10:53
Frenet,GEN_WS,Frenet - Outros,,Outros,2025-08-07 16:10:53
Entraga Agendada (Huapps),3792317_tarde,Entraga Agendada (Huapps) - Outros,,Outros,2025-08-07 16:10:53
Envia.com Checkout Service,Jadlog - com,Envia.com Checkout Service - Outros,,Outros,2025-08-07 16:10:53
Shipnow,shipnow_pap_option_4,Shipnow - Domicilio estandar,,Domicilio estándar,2025-08-07 16:10:53
Intelipost,Nativa Transportes,Intelipost - Outros,,Outros,2025-08-07 16:10:53
CRAB,CRAB_3,CRAB - Outros,,Outros,2025-08-07 16:10:53
Intelipost,Patrus Standard,Intelipost - Outros,,Outros,2025-08-07 16:10:53
"Período Integral, entrega até as 22h",sunday|11,"Período Integral, entrega até as 22h - Outros",,Outros,2025-08-07 16:10:53
E West - routejidos,Normal,E West - routejidos - Outros,,Outros,2025-08-07 16:10:53
HUB Omie,32,HUB Omie - Outros,,Outros,2025-08-07 16:10:53
Dropi Fretes,3978526,Dropi Fretes - Outros,,Outros,2025-08-07 16:10:53
Shippy,450|2278,Shippy - Outros,,Outros,2025-08-07 16:10:53
Envío rápido con Treggo,463370,Envío rápido con Treggo - Outros,,Outros,2025-08-07 16:10:53
Dropi Fretes,1531683,Dropi Fretes - Outros,,Outros,2025-08-07 16:10:53
Flixlog,Offlog,Flixlog - Outros,,Outros,2025-08-07 16:10:53
Período Integral (07:00 ás 22h) | G1=data-especial,sunday|49,Período Integral (07:00 ás 22h) | G1=data-especial - Outros,,Outros,2025-08-07 16:10:53
Envia.com Checkout Service,CorreosChile - express_documento,Envia.com Checkout Service - Outros,,Outros,2025-08-07 16:10:53
Dropi Fretes,1409436,Dropi Fretes - Outros,,Outros,2025-08-07 16:10:53
Marrie for Babies Shipping Company,3,Marrie for Babies Shipping Company - Outros,,Outros,2025-08-07 16:10:53
Boxlink,3,Boxlink - Outros,,Outros,2025-08-07 16:10:53
Dropi Fretes,1791403,Dropi Fretes - Outros,,Outros,2025-08-07 16:10:53
Entrega Agendada (Huapps),3765926_noite,Entrega Agendada (Huapps) - Outros,,Outros,2025-08-07 16:10:53
SmartEnvios,sme_sedex,SmartEnvios - Outros,,Outros,2025-08-07 16:10:53
"Noite, entrega até as 22h",week-days|10,"Noite, entrega até as 22h - Outros",,Outros,2025-08-07 16:10:53
Dropi Fretes,4364877,Dropi Fretes - Outros,,Outros,2025-08-07 16:10:53
Frenet,DKT,Frenet - Outros,,Outros,2025-08-07 16:10:53
Fast Mail,fastmail_23,Fast Mail - Outros,,Outros,2025-08-07 16:10:53
Olist Envios,olist-envios-correios-sedex,Olist Envios - Outros,,Outros,2025-08-07 16:10:53
SmartEnvios,931,SmartEnvios - Outros,,Outros,2025-08-07 16:10:53
SmartEnvios,1072,SmartEnvios - Outros,,Outros,2025-08-07 16:10:53
Frenet,JADP_02,Frenet - Outros,,Outros,2025-08-07 16:10:53
Entrega Própria,Entrega Própria,Entrega Própria - Outros,,Outros,2025-08-07 16:10:53
Período Integral (07:00 ás 22h) | G1=data-especial,week-days|49,Período Integral (07:00 ás 22h) | G1=data-especial - Outros,,Outros,2025-08-07 16:10:53
SmartEnvios,691,SmartEnvios - Outros,,Outros,2025-08-07 16:10:53
SmartEnvios,31,SmartEnvios - Outros,,Outros,2025-08-07 16:10:53
skydropx,redpack.ecoexpress,skydropx - Outros,,Outros,2025-08-07 16:10:53
Eship Entregas,eship;94;3,Eship Entregas - Outros,,Outros,2025-08-07 16:10:53
Frenet,CDF_EC,Frenet - Outros,,Outros,2025-08-07 16:10:53
Dropi Fretes,4584615,Dropi Fretes - Outros,,Outros,2025-08-07 16:10:53
Entrega Agendada (Huapps),3766001_manha,Entrega Agendada (Huapps) - Outros,,Outros,2025-08-07 16:10:53
Bluemail,bluemail-urgent,Bluemail - Outros,,Outros,2025-08-07 16:10:53
Intelipost,CTL,Intelipost - Outros,,Outros,2025-08-07 16:10:53
Shippy,446|2262,Shippy - Outros,,Outros,2025-08-07 16:10:53
SmartEnvios,899,SmartEnvios - Outros,,Outros,2025-08-07 16:10:53
Entrega Agendada (Huapps),3765926_matutino,Entrega Agendada (Huapps) - Outros,,Outros,2025-08-07 16:10:53
Envia.com Checkout Service,Paquetexpress - ground_od,Envia.com Checkout Service - Outros,,Outros,2025-08-07 16:10:53
Envío rápido con Treggo,5618241,Envío rápido con Treggo - Outros,,Outros,2025-08-07 16:10:53
Shippy,418|2202,Shippy - Outros,,Outros,2025-08-07 16:10:53
Dropi Fretes,3863282,Dropi Fretes - Outros,,Outros,2025-08-07 16:10:53
Projetos,FreteFixo_Sudeste,Projetos - Outros,,Outros,2025-08-07 16:10:53
Intelipost,Aliança Standard,Intelipost - Outros,,Outros,2025-08-07 16:10:53
PinPoint,OCADOMICILIO,PinPoint - Outros,,Outros,2025-08-07 16:10:53
Entrega Agendada (Huapps),3765926_vapt-vupt,Entrega Agendada (Huapps) - Outros,,Outros,2025-08-07 16:10:53
Dropi Fretes,3116832,Dropi Fretes - Outros,,Outros,2025-08-07 16:10:53
ModdingEnvios,MODDINGFLEX_21,ModdingEnvios - Outros,,Outros,2025-08-07 16:10:53
Eship Entregas,eship;77;3,Eship Entregas - Outros,,Outros,2025-08-07 16:10:53
Shippy,338|2020,Shippy - Outros,,Outros,2025-08-07 16:10:53
skydropx,AMPM STANDARD,skydropx - Outros,,Outros,2025-08-07 16:10:53
Flippy,Flippy_12,Flippy - Outros,,Outros,2025-08-07 16:10:53
Frenet,CARR_4,Frenet - Outros,,Outros,2025-08-07 16:10:53
SmartEnvios,984,SmartEnvios - Outros,,Outros,2025-08-07 16:10:53
ModdingEnvios,MODDINGFLEX_20,ModdingEnvios - Outros,,Outros,2025-08-07 16:10:53
Vima Logistica - Wisper,Flex,Vima Logistica - Wisper - Outros,,Outros,2025-08-07 16:10:53
SmartEnvios,896,SmartEnvios - Outros,,Outros,2025-08-07 16:10:53
BusPack,Terminal,BusPack - Outros,,Outros,2025-08-07 16:10:53
Frenet,FR_IMI_STD,Frenet - Outros,,Outros,2025-08-07 16:10:53
Mis entregas,MisEntregas_9,Mis entregas - Outros,,Outros,2025-08-07 16:10:53
Envia Brasil,pac_enviabrasil,Envia Brasil - Outros,,Outros,2025-08-07 16:10:53
Bluemail,bluemail-same_day,Bluemail - Outros,,Outros,2025-08-07 16:10:53
Shippy,430|2233,Shippy - Outros,,Outros,2025-08-07 16:10:53
Shippy,445|2259,Shippy - Outros,,Outros,2025-08-07 16:10:53
Montink Fretes,DN1,Montink Fretes - Outros,,Outros,2025-08-07 16:10:53
"Tarde, entrega até as 18h",sunday|9,"Tarde, entrega até as 18h - Outros",,Outros,2025-08-07 16:10:53
Intelipost,Movvi Standard,Intelipost - Outros,,Outros,2025-08-07 16:10:53
Eship Entregas,eship;100;3,Eship Entregas - Outros,,Outros,2025-08-07 16:10:53
EnvíosPerros,DHL-Express,EnvíosPerros - Outros,,Outros,2025-08-07 16:10:53
Enviamelo,Enviamelo3,Enviamelo - Outros,,Outros,2025-08-07 16:10:53
Entraga Agendada (Huapps),3853896_manha,Entraga Agendada (Huapps) - Outros,,Outros,2025-08-07 16:10:53
Dropi Fretes,1409435,Dropi Fretes - Outros,,Outros,2025-08-07 16:10:53
skydropx,JTEXPRESS STANDARD,skydropx - Outros,,Outros,2025-08-07 16:10:53
Envia.com Checkout Service,Dpd - next_day,Envia.com Checkout Service - Outros,,Outros,2025-08-07 16:10:53
Shippy,301|1831,Shippy - Outros,,Outros,2025-08-07 16:10:53
Shippy,421|2211,Shippy - Outros,,Outros,2025-08-07 16:10:53
Frenet,CLK_8,Frenet - Outros,,Outros,2025-08-07 16:10:53
Envío rápido con Treggo,1421228,Envío rápido con Treggo - Outros,,Outros,2025-08-07 16:10:53
Frenet,APL,Frenet - Outros,,Outros,2025-08-07 16:10:53
"Manhã, entrega até as 13h=data-especial	",week-days|50,"Manhã, entrega até as 13h=data-especial	 - Outros",,Outros,2025-08-07 16:10:53
Entrega Agendada (Huapps),3765926_especial,Entrega Agendada (Huapps) - Outros,,Outros,2025-08-07 16:10:53
Dropi Fretes,3313779,Dropi Fretes - Outros,,Outros,2025-08-07 16:10:53
Dropi Fretes,697108,Dropi Fretes - Outros,,Outros,2025-08-07 16:10:53
Eship Entregas,eship;85;3,Eship Entregas - Outros,,Outros,2025-08-07 16:10:53
Envío rápido con Treggo,599410,Envío rápido con Treggo - Outros,,Outros,2025-08-07 16:10:53
WeShip,fedex_express_saver,WeShip - Outros,,Outros,2025-08-07 16:10:53
Intelipost,Retirada na Loja,Intelipost - Outros,,Outros,2025-08-07 16:10:53
Entrega Agendada (Huapps. saturday),3158546_matutino_saturday,Entrega Agendada (Huapps. saturday) - Outros,,Outros,2025-08-07 16:10:53
Envios Flex - JUSTO DARACT 158,Flex,Envios Flex - JUSTO DARACT 158 - Outros,,Outros,2025-08-07 16:10:53
Frenet,TWT,Frenet - Outros,,Outros,2025-08-07 16:10:53
SmartEnvios,1070,SmartEnvios - Outros,,Outros,2025-08-07 16:10:53
"Matutino, entrega até as 10h",saturday|7,"Matutino, entrega até as 10h - Outros",,Outros,2025-08-07 16:10:53
skydropx,Precio de respaldo Nacional respaldo,skydropx - Outros,,Outros,2025-08-07 16:10:53
Promocional,protocolo-frete-gratis,Promocional - Outros,,Outros,2025-08-07 16:10:53
Envia.com Checkout Service,Dhl - ground_od,Envia.com Checkout Service - Outros,,Outros,2025-08-07 16:10:53
Dropi Fretes,4364879,Dropi Fretes - Outros,,Outros,2025-08-07 16:10:53
JADLOG,192|1048,JADLOG - Outros,,Outros,2025-08-07 16:10:53
Envios Amba Flex - Basset,Flex,Envios Amba Flex - Basset - Outros,,Outros,2025-08-07 16:10:53
PinPoint,CASUCURSAL,PinPoint - Outros,,Outros,2025-08-07 16:10:53
Eship Entregas,eship;10;3,Eship Entregas - Outros,,Outros,2025-08-07 16:10:53
Dropi Fretes,3846243,Dropi Fretes - Outros,,Outros,2025-08-07 16:10:53
skydropx,paquetexpress.express_next_day,skydropx - Outros,,Outros,2025-08-07 16:10:53
SmartEnvios,640,SmartEnvios - Outros,,Outros,2025-08-07 16:10:53
Especial 1 (até as 18h) | G1=data-especial,sunday|47,Especial 1 (até as 18h) | G1=data-especial - Outros,,Outros,2025-08-07 16:10:53
EnvíosPerros,Estafeta-Express,EnvíosPerros - Outros,,Outros,2025-08-07 16:10:53
Andreani,sucursal,Andreani - Sucursal,,Sucursal,2025-08-07 16:10:53
Dropi Fretes,1409543,Dropi Fretes - Outros,,Outros,2025-08-07 16:10:53
Kangu,kangu_E_102028798,Kangu - Carvalima,,Carvalima,2025-08-07 16:10:53
Dropi Fretes,3325453,Dropi Fretes - Outros,,Outros,2025-08-07 16:10:53
"Tarde, entrega até as 18h | Abrangência 2",saturday|43,"Tarde, entrega até as 18h | Abrangência 2 - Outros",,Outros,2025-08-07 16:10:53
Eship Entregas,eship;50;3,Eship Entregas - Outros,,Outros,2025-08-07 16:10:53
Dropi Fretes,170476,Dropi Fretes - Outros,,Outros,2025-08-07 16:10:53
Dropi Fretes,731274,Dropi Fretes - Outros,,Outros,2025-08-07 16:10:53
MeusCorreios,PAC,MeusCorreios - Outros,,Outros,2025-08-07 16:10:53
EFLET,Correoe-flet_11,EFLET - Outros,,Outros,2025-08-07 16:10:53
Dropi Fretes,4040442,Dropi Fretes - Outros,,Outros,2025-08-07 16:10:53
App Correo Flash,CFS,App Correo Flash - Outros,,Outros,2025-08-07 16:10:53
Eship Entregas,eship;90;3,Eship Entregas - Outros,,Outros,2025-08-07 16:10:53
Azul Cargo Express,EXPRESSO,Azul Cargo Express - Outros,,Outros,2025-08-07 16:10:53
Frenet,03662,Frenet - Correios - SEDEX HOJE,Correios,SEDEX HOJE,2025-08-07 16:10:53
Frenet,FMVIP,Frenet - Outros,,Outros,2025-08-07 16:10:53
CRAB,CRAB_2,CRAB - Outros,,Outros,2025-08-07 16:10:53
Reserva Ink Entregas,4186,Reserva Ink Entregas - Outros,,Outros,2025-08-07 16:10:53
Frenet,4,Frenet - Outros,,Outros,2025-08-07 16:10:53
ModdingEnvios,MODDINGFLEX_2,ModdingEnvios - Outros,,Outros,2025-08-07 16:10:53
skydropx,REDPACK ECOEXPRESS,skydropx - Outros,,Outros,2025-08-07 16:10:53
Frenet,TNTVIP2,Frenet - Outros,,Outros,2025-08-07 16:10:53
Envío rápido con Treggo,466517,Envío rápido con Treggo - Outros,,Outros,2025-08-07 16:10:53
EFLET,Correoe-flet_9,EFLET - Outros,,Outros,2025-08-07 16:10:53
Flixlog,Jtexpress,Flixlog - Outros,,Outros,2025-08-07 16:10:53
Flex-Lightdata,Flex,Flex-Lightdata - Outros,,Outros,2025-08-07 16:10:53
FRETE PERSONALIZADO,fretepersonalizado5,FRETE PERSONALIZADO - Outros,,Outros,2025-08-07 16:10:53
SmartEnvios,235,SmartEnvios - Outros,,Outros,2025-08-07 16:10:53
Dropi Fretes,3430514,Dropi Fretes - Outros,,Outros,2025-08-07 16:10:53
Entrega Agendada (Huapps. sunday),3158547_tarde_sunday,Entrega Agendada (Huapps. sunday) - Outros,,Outros,2025-08-07 16:10:53
Eship Entregas,eship;63;3,Eship Entregas - Outros,,Outros,2025-08-07 16:10:53
Interbook,interbook2,Interbook - Outros,,Outros,2025-08-07 16:10:53
Smartpost,SMARTPOST_12,Smartpost - Outros,,Outros,2025-08-07 16:10:53
Dropi Fretes,3994142,Dropi Fretes - Outros,,Outros,2025-08-07 16:10:53
Frenet,JADP_03,Frenet - Outros,,Outros,2025-08-07 16:10:53
Frenet,RDM_1,Frenet - Outros,,Outros,2025-08-07 16:10:53
Dropi Fretes,2794297,Dropi Fretes - Outros,,Outros,2025-08-07 16:10:53
Envios Flex - KENDRA,Normal,Envios Flex - KENDRA - Outros,,Outros,2025-08-07 16:10:53
Eship Entregas,eship;101;3,Eship Entregas - Outros,,Outros,2025-08-07 16:10:53
Dropi Fretes,1409434,Dropi Fretes - Outros,,Outros,2025-08-07 16:10:53
Dropi Fretes,2752340,Dropi Fretes - Outros,,Outros,2025-08-07 16:10:53
CRAB,CRAB_27,CRAB - Outros,,Outros,2025-08-07 16:10:53
Dropi Fretes,4343336,Dropi Fretes - Outros,,Outros,2025-08-07 16:10:53
Intelipost,R3 Transportes,Intelipost - Outros,,Outros,2025-08-07 16:10:53
Dropi Fretes,76938,Dropi Fretes - Outros,,Outros,2025-08-07 16:10:53
PLATINUM LOG,2000,PLATINUM LOG - Outros,,Outros,2025-08-07 16:10:53
Envia.com Checkout Service,Fedex - int_express,Envia.com Checkout Service - Outros,,Outros,2025-08-07 16:10:53
Envios Amba Flex - Kiwano SRL,Flex,Envios Amba Flex - Kiwano SRL - Outros,,Outros,2025-08-07 16:10:53
SmartEnvios,523,SmartEnvios - Outros,,Outros,2025-08-07 16:10:53
"Manhã, entrega até as 13h | Abrangência 2",sunday|42,"Manhã, entrega até as 13h | Abrangência 2 - Outros",,Outros,2025-08-07 16:10:53
Fixy Logística,FIXYLOGISTICA_35,Fixy Logística - Outros,,Outros,2025-08-07 16:10:53
Projetos,FreteGratis,Projetos - Outros,,Outros,2025-08-07 16:10:53
SmartEnvios,855,SmartEnvios - Outros,,Outros,2025-08-07 16:10:53
Envío Nube,ne-envia-noventa9Minutos-next-day,Envío Nube - 99Minutos - Nacional Estándar,99Minutos,Nacional Estándar,2025-08-07 16:10:53
Shippy,430|2232,Shippy - Outros,,Outros,2025-08-07 16:10:53
Intelipost,NR Express Interior,Intelipost - Outros,,Outros,2025-08-07 16:10:53
Dropi Fretes,2965409,Dropi Fretes - Outros,,Outros,2025-08-07 16:10:53
DPD,dpd_b2,DPD - Outros,,Outros,2025-08-07 16:10:53
Enviamelo,Enviamelo2,Enviamelo - Outros,,Outros,2025-08-07 16:10:53
Frenet,03050,Frenet - Correios - SEDEX,Correios,SEDEX,2025-08-07 16:10:53
Zipnova,zippin_pickup,Zipnova - Outros,,Outros,2025-08-07 16:10:53
Envio Andesmar Normal,Cargas1,Envio Andesmar Normal - Outros,,Outros,2025-08-07 16:10:53
BNZ EXPRESS S.R.L.,SD,BNZ EXPRESS S.R.L. - Outros,,Outros,2025-08-07 16:10:53
Dropi Fretes,3921371,Dropi Fretes - Outros,,Outros,2025-08-07 16:10:53
SmartEnvios,933,SmartEnvios - Outros,,Outros,2025-08-07 16:10:53
Eship Entregas,eship;36;3,Eship Entregas - Outros,,Outros,2025-08-07 16:10:53
Dropi Fretes,390855,Dropi Fretes - Outros,,Outros,2025-08-07 16:10:53
Envío rápido con Treggo,3477275,Envío rápido con Treggo - Outros,,Outros,2025-08-07 16:10:53
Envío rápido con Treggo,76684,Envío rápido con Treggo - Outros,,Outros,2025-08-07 16:10:53
Shippy,385|2122,Shippy - Outros,,Outros,2025-08-07 16:10:53
Dropi Fretes,64409,Dropi Fretes - Outros,,Outros,2025-08-07 16:10:53
Dropi Fretes,4314506,Dropi Fretes - Outros,,Outros,2025-08-07 16:10:53
Shippy,463|2324,Shippy - Outros,,Outros,2025-08-07 16:10:53
Frenet,40096,Frenet - Outros,,Outros,2025-08-07 16:10:53
Frenet,SLT,Frenet - Outros,,Outros,2025-08-07 16:10:53
Dropi Fretes,166766,Dropi Fretes - Outros,,Outros,2025-08-07 16:10:53
Flixlog,Aceville,Flixlog - Outros,,Outros,2025-08-07 16:10:53
Shippy,445|2260,Shippy - Outros,,Outros,2025-08-07 16:10:53
Frenet,OWN4,Frenet - Logística própria,,Logística própria,2025-08-07 16:10:53
API Sisfrete Cotação,3754,API Sisfrete Cotação - Outros,,Outros,2025-08-07 16:10:53
Entraga Agendada (Huapps),3853896_tarde,Entraga Agendada (Huapps) - Outros,,Outros,2025-08-07 16:10:53
PinPoint,CABA_PINFLEX,PinPoint - Outros,,Outros,2025-08-07 16:10:53
Conectenvios,conectenvios-jadlog-package,Conectenvios - Outros,,Outros,2025-08-07 16:10:53
Dropi Fretes,171095,Dropi Fretes - Outros,,Outros,2025-08-07 16:10:53
Frenet,4510,Frenet - Outros,,Outros,2025-08-07 16:10:53
Envia.com Checkout Service,Jadlog - economico,Envia.com Checkout Service - Outros,,Outros,2025-08-07 16:10:53
Shippy,417|2199,Shippy - Outros,,Outros,2025-08-07 16:10:53
EFLET,Correoe-flet_33,EFLET - Outros,,Outros,2025-08-07 16:10:53
TRANSPORTE TERCEIRIZADO,DOMINALOG EXPRESS,TRANSPORTE TERCEIRIZADO - Outros,,Outros,2025-08-07 16:10:53
CRAB,CRAB_7,CRAB - Outros,,Outros,2025-08-07 16:10:53
Upnext Shipping,Rod_Aereo,Upnext Shipping - Outros,,Outros,2025-08-07 16:10:53
skydropx,PAQUETEXPRESS EXPRESS_NEXT_DAY,skydropx - Outros,,Outros,2025-08-07 16:10:53
Frenet,4162,Frenet - Outros,,Outros,2025-08-07 16:10:53
Projetos,FreteFixo_Sul,Projetos - Outros,,Outros,2025-08-07 16:10:53
Day-Envio,day_pac,Day-Envio - Outros,,Outros,2025-08-07 16:10:53
Shippy,308|1951,Shippy - Outros,,Outros,2025-08-07 16:10:53
Onlog Express,134,Onlog Express - Outros,,Outros,2025-08-07 16:10:53
Frenet,SLT_1,Frenet - Outros,,Outros,2025-08-07 16:10:53
Olist Envios,olist-envios-dialogo,Olist Envios - Outros,,Outros,2025-08-07 16:10:53
JadLog,4,JadLog - Outros,,Outros,2025-08-07 16:10:53
"Manhã, entrega até as 13h | Abrangência 2",saturday|42,"Manhã, entrega até as 13h | Abrangência 2 - Outros",,Outros,2025-08-07 16:10:53
Onlog Express,90,Onlog Express - Outros,,Outros,2025-08-07 16:10:53
Intelipost,ALFA SP,Intelipost - Outros,,Outros,2025-08-07 16:10:53
Entrega Agendada (Huapps),3766001_tarde,Entrega Agendada (Huapps) - Outros,,Outros,2025-08-07 16:10:53
Entrega Agendada (Huapps. saturday),3158546_noite_saturday,Entrega Agendada (Huapps. saturday) - Outros,,Outros,2025-08-07 16:10:53
Fasttrack,FastTrack_11,Fasttrack - Outros,,Outros,2025-08-07 16:10:53
Dropi Fretes,3554599,Dropi Fretes - Outros,,Outros,2025-08-07 16:10:53
Frenet,PTJ_EXP,Frenet - Outros,,Outros,2025-08-07 16:10:53
Flixlog,Bg_proprio,Flixlog - Outros,,Outros,2025-08-07 16:10:53
PinPoint,ANDREANISUCURSAL,PinPoint - Outros,,Outros,2025-08-07 16:10:53
Lixlog,lix_conquest_normal,Lixlog - Outros,,Outros,2025-08-07 16:10:53
SmartEnvios,1071,SmartEnvios - Outros,,Outros,2025-08-07 16:10:53
Frenet,ISP_1_8465,Frenet - Outros,,Outros,2025-08-07 16:10:53
Enviame,TAKE-sameday,Enviame - Outros,,Outros,2025-08-07 16:10:53
Dropi Fretes,684093,Dropi Fretes - Outros,,Outros,2025-08-07 16:10:53
Envia.com Checkout Service,Ups - saver,Envia.com Checkout Service - Outros,,Outros,2025-08-07 16:10:53
Frenet,MANN_R,Frenet - Outros,,Outros,2025-08-07 16:10:53
SmartEnvios,574,SmartEnvios - Outros,,Outros,2025-08-07 16:10:53
Dropi Fretes,492407,Dropi Fretes - Outros,,Outros,2025-08-07 16:10:53
SmartEnvios,601,SmartEnvios - Outros,,Outros,2025-08-07 16:10:53
Projetos,MelhorEnvio_2,Projetos - Outros,,Outros,2025-08-07 16:10:53
Frenet,AZUL_01,Frenet - Outros,,Outros,2025-08-07 16:10:53
"Entrega Expressa, em até 3 horas",saturday|12,"Entrega Expressa, em até 3 horas - Outros",,Outros,2025-08-07 16:10:53
SmartEnvios,918,SmartEnvios - Outros,,Outros,2025-08-07 16:10:53
JadLog,5,JadLog - Outros,,Outros,2025-08-07 16:10:53
ModdingEnvios,MODDINGFLEX_31,ModdingEnvios - Outros,,Outros,2025-08-07 16:10:53
TRANSPORTE TERCEIRIZADO,THM TRANSPORTADORA E LOGISTICA,TRANSPORTE TERCEIRIZADO - Outros,,Outros,2025-08-07 16:10:53
Enviame,TAKE-nextday,Enviame - Outros,,Outros,2025-08-07 16:10:53
Dropi Fretes,130494,Dropi Fretes - Outros,,Outros,2025-08-07 16:10:53
Shippy,429|2228,Shippy - Outros,,Outros,2025-08-07 16:10:53
Dropi Fretes,3826470,Dropi Fretes - Outros,,Outros,2025-08-07 16:10:53
Fast Mail,fastmail_51,Fast Mail - Outros,,Outros,2025-08-07 16:10:53
Dropi Fretes,4013266,Dropi Fretes - Outros,,Outros,2025-08-07 16:10:53
Frenet,Azul_WS_2,Frenet - Outros,,Outros,2025-08-07 16:10:53
"Matutino, entrega até as 10h",sunday|7,"Matutino, entrega até as 10h - Outros",,Outros,2025-08-07 16:10:53
Enviame,CCH-den,Enviame - Outros,,Outros,2025-08-07 16:10:53
Dropi Fretes,3724283,Dropi Fretes - Outros,,Outros,2025-08-07 16:10:53
SmartEnvios,634,SmartEnvios - Outros,,Outros,2025-08-07 16:10:53
Envia.com Checkout Service,Uber - express,Envia.com Checkout Service - Outros,,Outros,2025-08-07 16:10:53
Intelipost,Atual Cargas Standard,Intelipost - Outros,,Outros,2025-08-07 16:10:53
Frenet,TLC,Frenet - Outros,,Outros,2025-08-07 16:10:53
SmartEnvios,856,SmartEnvios - Outros,,Outros,2025-08-07 16:10:53
SmartEnvios,219,SmartEnvios - Outros,,Outros,2025-08-07 16:10:53
Teiker,19,Teiker - Outros,,Outros,2025-08-07 16:10:53
Flixlog,Pajucara,Flixlog - Outros,,Outros,2025-08-07 16:10:53
PinPoint,GRAN_BUENOS_AIRES_2_PINFLEX,PinPoint - Outros,,Outros,2025-08-07 16:10:53
Dropi Fretes,3597416,Dropi Fretes - Outros,,Outros,2025-08-07 16:10:53
Dropi Fretes,120569,Dropi Fretes - Outros,,Outros,2025-08-07 16:10:53
Intelipost,Alfa Transportes,Intelipost - Outros,,Outros,2025-08-07 16:10:53
Picklog,14,Picklog - Outros,,Outros,2025-08-07 16:10:53
"Período Integral, entrega até as 22h | Grupo 2",week-days|45,"Período Integral, entrega até as 22h | Grupo 2 - Outros",,Outros,2025-08-07 16:10:53
Mienvio MX,Estafeta (estandar),Mienvio MX - Outros,,Outros,2025-08-07 16:10:53
Shippy,462|2319,Shippy - Outros,,Outros,2025-08-07 16:10:53
Intelipost,MIRA Standard,Intelipost - Outros,,Outros,2025-08-07 16:10:53
Intelipost,Mann Standard,Intelipost - Outros,,Outros,2025-08-07 16:10:53
Dropi Fretes,54302,Dropi Fretes - Outros,,Outros,2025-08-07 16:10:53
Paquery,standard,Paquery - Outros,,Outros,2025-08-07 16:10:53
ASAP Log,asaplog,ASAP Log - Outros,,Outros,2025-08-07 16:10:53
Envios Amba Flex - DYG Store,Flex,Envios Amba Flex - DYG Store - Outros,,Outros,2025-08-07 16:10:53
Shippy,342|2030,Shippy - Outros,,Outros,2025-08-07 16:10:53
SmartEnvios,638,SmartEnvios - Outros,,Outros,2025-08-07 16:10:53
Envia.com Checkout Service,Sendex - ground,Envia.com Checkout Service - Outros,,Outros,2025-08-07 16:10:53
Enviamelo,Enviamelo6,Enviamelo - Outros,,Outros,2025-08-07 16:10:53
SmartEnvios,71,SmartEnvios - Outros,,Outros,2025-08-07 16:10:53
"Tarde, entrega até as 18h | Abrangência 2",sunday|43,"Tarde, entrega até as 18h | Abrangência 2 - Outros",,Outros,2025-08-07 16:10:53
CRAB,CRAB_4,CRAB - Outros,,Outros,2025-08-07 16:10:53
Fixy Logística,FIXYLOGISTICA_15,Fixy Logística - Outros,,Outros,2025-08-07 16:10:53
Marrie for Babies Shipping Company,1,Marrie for Babies Shipping Company - Outros,,Outros,2025-08-07 16:10:53
CRAB,CRAB_25,CRAB - Outros,,Outros,2025-08-07 16:10:53
Frenet,0,Frenet - Outros,,Outros,2025-08-07 16:10:53
Logística Mercosur,LOGISTICAMERCOSUR_5,Logística Mercosur - Outros,,Outros,2025-08-07 16:10:53
Envío Nube,ne-envia-noventa9Minutos-local-next-day,Envío Nube - 99Minutos - Local Día Siguiente,99Minutos,Local Día Siguiente,2025-08-07 16:10:53
SmartEnvios,1098,SmartEnvios - Outros,,Outros,2025-08-07 16:10:53
Boxfly,express,Boxfly - Outros,,Outros,2025-08-07 16:10:53
Envia.com Checkout Service,Paquetexpress - ground_do,Envia.com Checkout Service - Outros,,Outros,2025-08-07 16:10:53
CoShowroom,coshowroom,CoShowroom - Outros,,Outros,2025-08-07 16:10:53
"Manhã, entrega até as 13h=data-especial	",sunday|50,"Manhã, entrega até as 13h=data-especial	 - Outros",,Outros,2025-08-07 16:10:53
Frenet,ISP_1_5188,Frenet - Outros,,Outros,2025-08-07 16:10:53
Dropi Fretes,1409433,Dropi Fretes - Outros,,Outros,2025-08-07 16:10:53
Shippy,452|2284,Shippy - Outros,,Outros,2025-08-07 16:10:53
Período Integral (07:00 ás 22h) | G1=data-especial,saturday|49,Período Integral (07:00 ás 22h) | G1=data-especial - Outros,,Outros,2025-08-07 16:10:53
Dropi Fretes,131476,Dropi Fretes - Outros,,Outros,2025-08-07 16:10:53
Frenet,4014,Frenet - Outros,,Outros,2025-08-07 16:10:53
SmartEnvios,546,SmartEnvios - Outros,,Outros,2025-08-07 16:10:53
Shippy,456|2303,Shippy - Outros,,Outros,2025-08-07 16:10:53
Dropi Fretes,4583712,Dropi Fretes - Outros,,Outros,2025-08-07 16:10:53
Dropi Fretes,313379,Dropi Fretes - Outros,,Outros,2025-08-07 16:10:53
Frenet,ISP_1_8500,Frenet - Outros,,Outros,2025-08-07 16:10:53
Frenet,SMC_1,Frenet - Outros,,Outros,2025-08-07 16:10:53
SmartEnvios,507,SmartEnvios - Outros,,Outros,2025-08-07 16:10:53
Dropi Fretes,301240,Dropi Fretes - Outros,,Outros,2025-08-07 16:10:53
SHIPSMART,shipsmart,SHIPSMART - Outros,,Outros,2025-08-07 16:10:53
SmartEnvios,140,SmartEnvios - Outros,,Outros,2025-08-07 16:10:53
Frenet,NTV_WS,Frenet - Outros,,Outros,2025-08-07 16:10:53
Envío rápido con Treggo,1212676,Envío rápido con Treggo - Outros,,Outros,2025-08-07 16:10:53
Dropi Fretes,754626,Dropi Fretes - Outros,,Outros,2025-08-07 16:10:53
Frenet,4669,Frenet - Outros,,Outros,2025-08-07 16:10:53
Eship Entregas,eship;1;3,Eship Entregas - Outros,,Outros,2025-08-07 16:10:53
HUB Omie,195,HUB Omie - Outros,,Outros,2025-08-07 16:10:53
Dropi Fretes,2645311,Dropi Fretes - Outros,,Outros,2025-08-07 16:10:53
Dropi Fretes,2575046,Dropi Fretes - Outros,,Outros,2025-08-07 16:10:53
Dropi Fretes,4172009,Dropi Fretes - Outros,,Outros,2025-08-07 16:10:53
Flixlog,Saomiguel,Flixlog - Outros,,Outros,2025-08-07 16:10:53
PinPoint,GRAN_BUENOS_AIRES_3_PINDAY,PinPoint - Outros,,Outros,2025-08-07 16:10:53
Dropi Fretes,1305770,Dropi Fretes - Outros,,Outros,2025-08-07 16:10:53
Klozer,standard,Klozer - Outros,,Outros,2025-08-07 16:10:53
Envia.com Checkout Service,Dhl - ground_do,Envia.com Checkout Service - Outros,,Outros,2025-08-07 16:10:53
Logística Mercosur,LOGISTICAMERCOSUR_14,Logística Mercosur - Outros,,Outros,2025-08-07 16:10:53
Dropi Fretes,160686,Dropi Fretes - Outros,,Outros,2025-08-07 16:10:53
Frenet,BLG_2,Frenet - Outros,,Outros,2025-08-07 16:10:53
Dropi Fretes,3112574,Dropi Fretes - Outros,,Outros,2025-08-07 16:10:53
CRAB,CRAB_26,CRAB - Outros,,Outros,2025-08-07 16:10:53
Frenet,LLM_3,Frenet - Outros,,Outros,2025-08-07 16:10:53
WeShip,estafeta_dia_sig,WeShip - Outros,,Outros,2025-08-07 16:10:53
Frenet,JLG_1,Frenet - Outros,,Outros,2025-08-07 16:10:53
Frenet,FED_R,Frenet - Outros,,Outros,2025-08-07 16:10:53
ModdingEnvios,MODDINGFLEX_7,ModdingEnvios - Outros,,Outros,2025-08-07 16:10:53
ModdingEnvios,MODDINGFLEX_1,ModdingEnvios - Outros,,Outros,2025-08-07 16:10:53
Dropi Fretes,1747758,Dropi Fretes - Outros,,Outros,2025-08-07 16:10:53
Logistica Urbana,FIXYLOGISTICA_4,Logistica Urbana - Outros,,Outros,2025-08-07 16:10:53
ModdingEnvios,MODDINGFLEX_3,ModdingEnvios - Outros,,Outros,2025-08-07 16:10:53
Dropi Fretes,3254479,Dropi Fretes - Outros,,Outros,2025-08-07 16:10:53
Eship Entregas,eship;103;3,Eship Entregas - Outros,,Outros,2025-08-07 16:10:53
WeShip,fedex_standard_overnight,WeShip - Outros,,Outros,2025-08-07 16:10:53
Dropi Fretes,3923001,Dropi Fretes - Outros,,Outros,2025-08-07 16:10:53
Dropi Fretes,3506080,Dropi Fretes - Outros,,Outros,2025-08-07 16:10:53
Muvon Logística - BAGUESENCIAS,Flex,Muvon Logística - BAGUESENCIAS - Outros,,Outros,2025-08-07 16:10:53
Dropi Fretes,4584614,Dropi Fretes - Outros,,Outros,2025-08-07 16:10:53
Flixlog,Riovermelho,Flixlog - Outros,,Outros,2025-08-07 16:10:53
Frenet,BH_S,Frenet - Outros,,Outros,2025-08-07 16:10:53
TRANSPORTE TERCEIRIZADO,TSL SOLUCOES TRANSPORTES E LOGISTICA LTDA,TRANSPORTE TERCEIRIZADO - Outros,,Outros,2025-08-07 16:10:53
Envia.com Checkout Service,Dpd - same_day,Envia.com Checkout Service - Outros,,Outros,2025-08-07 16:10:53
Conectenvios,conectenvios-correios-sedex,Conectenvios - Outros,,Outros,2025-08-07 16:10:53
Eship Entregas,eship;96;3,Eship Entregas - Outros,,Outros,2025-08-07 16:10:53
Dropi Fretes,1815132,Dropi Fretes - Outros,,Outros,2025-08-07 16:10:53
Envios Flex - COUNTRY LOS OMBUES,Flex,Envios Flex - COUNTRY LOS OMBUES - Outros,,Outros,2025-08-07 16:10:53
Dropi Fretes,217133,Dropi Fretes - Outros,,Outros,2025-08-07 16:10:53
Dropi Fretes,1196633,Dropi Fretes - Outros,,Outros,2025-08-07 16:10:53
Frenet,ISP_1_13701,Frenet - Outros,,Outros,2025-08-07 16:10:53
Azul Cargo Express,NV_ECOMM_CORP,Azul Cargo Express - Outros,,Outros,2025-08-07 16:10:53
Dropi Fretes,3023717,Dropi Fretes - Outros,,Outros,2025-08-07 16:10:53
Dropi Fretes,217243,Dropi Fretes - Outros,,Outros,2025-08-07 16:10:53
Frenet,RDMX,Frenet - Outros,,Outros,2025-08-07 16:10:53
Frenet,RSU_WS,Frenet - Outros,,Outros,2025-08-07 16:10:53
Dropi Fretes,965473,Dropi Fretes - Outros,,Outros,2025-08-07 16:10:53
SmartEnvios,751,SmartEnvios - Outros,,Outros,2025-08-07 16:10:53
Frenet,CAI_1,Frenet - Outros,,Outros,2025-08-07 16:10:53
API Sisfrete Cotação,2551,API Sisfrete Cotação - Outros,,Outros,2025-08-07 16:10:53
skydropx,paquetexpress.express_second_day,skydropx - Outros,,Outros,2025-08-07 16:10:53
Intelipost,JadLog Standard 2,Intelipost - Outros,,Outros,2025-08-07 16:10:53
Dropi Fretes,839041,Dropi Fretes - Outros,,Outros,2025-08-07 16:10:53
Dropi Fretes,3997310,Dropi Fretes - Outros,,Outros,2025-08-07 16:10:53
Shippy,450|2279,Shippy - Outros,,Outros,2025-08-07 16:10:53
SmartEnvios,sme_uber,SmartEnvios - Outros,,Outros,2025-08-07 16:10:53
SmartEnvios,641,SmartEnvios - Outros,,Outros,2025-08-07 16:10:53
Lixlog,lix_avioes_normal,Lixlog - Outros,,Outros,2025-08-07 16:10:53
Entrega Agendada (Huapps. saturday),3158546_vapt-vupt_saturday,Entrega Agendada (Huapps. saturday) - Outros,,Outros,2025-08-07 16:10:53
Dropi Fretes,4886953,Dropi Fretes - Outros,,Outros,2025-08-07 16:10:53
Intelipost,Rodonaves - Outras origens,Intelipost - Outros,,Outros,2025-08-07 16:10:53
Intelipost,Rodonaves Max,Intelipost - Outros,,Outros,2025-08-07 16:10:53
Dropi Fretes,124506,Dropi Fretes - Outros,,Outros,2025-08-07 16:10:53
Dropi Fretes,1423269,Dropi Fretes - Outros,,Outros,2025-08-07 16:10:53
Frenet,CAR_1,Frenet - Outros,,Outros,2025-08-07 16:10:53
Dropi Fretes,796444,Dropi Fretes - Outros,,Outros,2025-08-07 16:10:53
Frenet,JADP_04,Frenet - Outros,,Outros,2025-08-07 16:10:53
Onlog Express,133,Onlog Express - Outros,,Outros,2025-08-07 16:10:53
Zipnova,zippin_express,Zipnova - Outros,,Outros,2025-08-07 16:10:53
PinPoint,OCASUCURSAL,PinPoint - Outros,,Outros,2025-08-07 16:10:53
Frenet,ALX_WS,Frenet - Outros,,Outros,2025-08-07 16:10:53
WeShip,99minutos,WeShip - Outros,,Outros,2025-08-07 16:10:53
Dropi Fretes,2574003,Dropi Fretes - Outros,,Outros,2025-08-07 16:10:53
Dropi Fretes,4482715,Dropi Fretes - Outros,,Outros,2025-08-07 16:10:53
Azul Cargo Express,CARGO_COMMERCE,Azul Cargo Express - Outros,,Outros,2025-08-07 16:10:53
Dropi Fretes,2390599,Dropi Fretes - Outros,,Outros,2025-08-07 16:10:53
SmartEnvios,932,SmartEnvios - Outros,,Outros,2025-08-07 16:10:53
Dropi Fretes,3512445,Dropi Fretes - Outros,,Outros,2025-08-07 16:10:53
skydropx,SENDEX REG,skydropx - Outros,,Outros,2025-08-07 16:10:53
Frenet,GCR_1,Frenet - Outros,,Outros,2025-08-07 16:10:53
DHL,2_FAIL-OVER,DHL - Outros,,Outros,2025-08-07 16:10:53
Envío rápido con Treggo,186408,Envío rápido con Treggo - Outros,,Outros,2025-08-07 16:10:53
Frenet,LGD_1,Frenet - Outros,,Outros,2025-08-07 16:10:53
Enviamelo,Enviamelo5,Enviamelo - Outros,,Outros,2025-08-07 16:10:53
Mienvio MX,FedEx (express),Mienvio MX - Outros,,Outros,2025-08-07 16:10:53
Otimizador de Frete,pac-envios-sp,Otimizador de Frete - Outros,,Outros,2025-08-07 16:10:53
Dropi Fretes,3724282,Dropi Fretes - Outros,,Outros,2025-08-07 16:10:53
Dropi Fretes,3039129,Dropi Fretes - Outros,,Outros,2025-08-07 16:10:53
Envia.com Checkout Service,ServiEntrega - industrial,Envia.com Checkout Service - Outros,,Outros,2025-08-07 16:10:53
API Sisfrete Cotação,1740,API Sisfrete Cotação - Outros,,Outros,2025-08-07 16:10:53
Envia.com Checkout Service,Sendex - regular,Envia.com Checkout Service - Outros,,Outros,2025-08-07 16:10:53
Frenet,CDS_1,Frenet - Outros,,Outros,2025-08-07 16:10:53
Envia.com Checkout Service,Tcc - mensajeria,Envia.com Checkout Service - Outros,,Outros,2025-08-07 16:10:53
Envia.com Checkout Service,Deprisa - 12am,Envia.com Checkout Service - Outros,,Outros,2025-08-07 16:10:53
Envia.com Checkout Service,Dostavista - motorbike,Envia.com Checkout Service - Outros,,Outros,2025-08-07 16:10:53
Dropi Fretes,2464759,Dropi Fretes - Outros,,Outros,2025-08-07 16:10:53
SouthPost,SOUTHPOSTS.A._17,SouthPost - Outros,,Outros,2025-08-07 16:10:53
Projetos,FreteFixo_Nordeste,Projetos - Outros,,Outros,2025-08-07 16:10:53
Correo Skynde: Envío a domicilio,Skynde+logistic_1,Correo Skynde: Envío a domicilio - Outros,,Outros,2025-08-07 16:10:53
ModdingEnvios,MODDINGFLEX_30,ModdingEnvios - Outros,,Outros,2025-08-07 16:10:53
Dropi Fretes,4483084,Dropi Fretes - Outros,,Outros,2025-08-07 16:10:53
Mienvio MX,DHL (express),Mienvio MX - Outros,,Outros,2025-08-07 16:10:53
Kangu,kangu_N_9900,Kangu - Correios - PAC,Correios,PAC,2025-08-07 16:10:53
SmartEnvios,573,SmartEnvios - Outros,,Outros,2025-08-07 16:10:53
Frenet,BH_L,Frenet - Outros,,Outros,2025-08-07 16:10:53
Frenet,BLG_4,Frenet - Outros,,Outros,2025-08-07 16:10:53
Translovato,256,Translovato - Outros,,Outros,2025-08-07 16:10:53
Dropi Fretes,4371636,Dropi Fretes - Outros,,Outros,2025-08-07 16:10:53
API Sisfrete Cotação,2435,API Sisfrete Cotação - Outros,,Outros,2025-08-07 16:10:53
Frenet,VPX_M3,Frenet - Outros,,Outros,2025-08-07 16:10:53
PLATINUM LOG,3,PLATINUM LOG - Outros,,Outros,2025-08-07 16:10:53
Dropi Fretes,1504101,Dropi Fretes - Outros,,Outros,2025-08-07 16:10:53
Dropi Fretes,4241247,Dropi Fretes - Outros,,Outros,2025-08-07 16:10:53
Frenet,PSM_1,Frenet - Outros,,Outros,2025-08-07 16:10:53
skydropx,FEDEX INTERNATIONAL_ECONOMY,skydropx - Outros,,Outros,2025-08-07 16:10:53
Dropi Fretes,1279375,Dropi Fretes - Outros,,Outros,2025-08-07 16:10:53
Envia.com Checkout Service,RedServi - ground,Envia.com Checkout Service - Outros,,Outros,2025-08-07 16:10:53
Dropi Fretes,3654335,Dropi Fretes - Outros,,Outros,2025-08-07 16:10:53
Intelipost,Logcol - SP para NE,Intelipost - Outros,,Outros,2025-08-07 16:10:53
Dropi Fretes,369287,Dropi Fretes - Outros,,Outros,2025-08-07 16:10:53
Shippy,456|2304,Shippy - Outros,,Outros,2025-08-07 16:10:53
Frenet,ISP_1_9708,Frenet - Outros,,Outros,2025-08-07 16:10:53
SmartEnvios,647,SmartEnvios - Outros,,Outros,2025-08-07 16:10:53
skydropx,PAQUETEXPRESS EXPRESS_SECOND_DAY,skydropx - Outros,,Outros,2025-08-07 16:10:53
Frenet,VPX_M3_1,Frenet - Outros,,Outros,2025-08-07 16:10:53
Dropi Fretes,4040443,Dropi Fretes - Outros,,Outros,2025-08-07 16:10:53
Envia.com Checkout Service,Jadlog - Package_coleta,Envia.com Checkout Service - Outros,,Outros,2025-08-07 16:10:53
SmartEnvios,534,SmartEnvios - Outros,,Outros,2025-08-07 16:10:53
Magalog,MAGALOG_SUPER_EXPRESS,Magalog - Outros,,Outros,2025-08-07 16:10:53
HUB Omie,17282,HUB Omie - Outros,,Outros,2025-08-07 16:10:53
Frenet,DIA_1,Frenet - Outros,,Outros,2025-08-07 16:10:53
Intelipost,Disk e Tenha Standard,Intelipost - Outros,,Outros,2025-08-07 16:10:53
Planet envios,Flex-Lightdata,Planet envios - Outros,,Outros,2025-08-07 16:10:53
Dropi Fretes,4286060,Dropi Fretes - Outros,,Outros,2025-08-07 16:10:53
Dropi Fretes,3263633,Dropi Fretes - Outros,,Outros,2025-08-07 16:10:53
SmartEnvios,888,SmartEnvios - Outros,,Outros,2025-08-07 16:10:53
Dropi Fretes,2606586,Dropi Fretes - Outros,,Outros,2025-08-07 16:10:53
Flixlog,Atual,Flixlog - Outros,,Outros,2025-08-07 16:10:53
Dropi Fretes,796443,Dropi Fretes - Outros,,Outros,2025-08-07 16:10:53
ModdingEnvios,MODDINGFLEX_4,ModdingEnvios - Outros,,Outros,2025-08-07 16:10:53
Dropi Fretes,2789702,Dropi Fretes - Outros,,Outros,2025-08-07 16:10:53
SmartEnvios,sme_pac,SmartEnvios - Outros,,Outros,2025-08-07 16:10:53
Dropi Fretes,4019926,Dropi Fretes - Outros,,Outros,2025-08-07 16:10:53
Envío rápido con Treggo,1417248,Envío rápido con Treggo - Outros,,Outros,2025-08-07 16:10:53
Dropi Fretes,4234234,Dropi Fretes - Outros,,Outros,2025-08-07 16:10:53
Frenet,TSM,Frenet - Outros,,Outros,2025-08-07 16:10:53
JadLog,1127,JadLog - Outros,,Outros,2025-08-07 16:10:53
Dropi Fretes,3869275,Dropi Fretes - Outros,,Outros,2025-08-07 16:10:53
"Manhã, entrega até as 13h=data-especial",sunday|37,"Manhã, entrega até as 13h=data-especial - Outros",,Outros,2025-08-07 16:10:53
Dropi Fretes,3768520,Dropi Fretes - Outros,,Outros,2025-08-07 16:10:53
API Sisfrete Cotação,698,API Sisfrete Cotação - Outros,,Outros,2025-08-07 16:10:53
SmartEnvios,581,SmartEnvios - Outros,,Outros,2025-08-07 16:10:53
boxlink,727,boxlink - Outros,,Outros,2025-08-07 16:10:53
BNZ EXPRESS S.R.L.,PSN,BNZ EXPRESS S.R.L. - Outros,,Outros,2025-08-07 16:10:53
Eship Entregas,eship;107;3,Eship Entregas - Outros,,Outros,2025-08-07 16:10:53
Projetos,FreteFixo_CentroOeste,Projetos - Outros,,Outros,2025-08-07 16:10:53
SmartEnvios,630,SmartEnvios - Outros,,Outros,2025-08-07 16:10:53
Dropi Fretes,1504098,Dropi Fretes - Outros,,Outros,2025-08-07 16:10:53
Onlog Express,91,Onlog Express - Outros,,Outros,2025-08-07 16:10:53
Intelipost,Favorita Standard,Intelipost - Outros,,Outros,2025-08-07 16:10:53
Dropi Fretes,4082368,Dropi Fretes - Outros,,Outros,2025-08-07 16:10:53
Envío rápido con Treggo,3570259,Envío rápido con Treggo - Outros,,Outros,2025-08-07 16:10:53
Envío rápido con Treggo,4548756,Envío rápido con Treggo - Outros,,Outros,2025-08-07 16:10:53
Dropi Fretes,4281438,Dropi Fretes - Outros,,Outros,2025-08-07 16:10:53
PackNow,estandar,PackNow - Outros,,Outros,2025-08-07 16:10:53
Flixlog,Risso,Flixlog - Outros,,Outros,2025-08-07 16:10:53
Lixlog,lix_offlog_normal,Lixlog - Outros,,Outros,2025-08-07 16:10:53
Dropi Fretes,3909735,Dropi Fretes - Outros,,Outros,2025-08-07 16:10:53
Dropi Fretes,839038,Dropi Fretes - Outros,,Outros,2025-08-07 16:10:53
Dropi Fretes,3921385,Dropi Fretes - Outros,,Outros,2025-08-07 16:10:53
Envia.com Checkout Service,InterRapidisimo - express,Envia.com Checkout Service - Outros,,Outros,2025-08-07 16:10:53
Frenet,ESM_2,Frenet - Outros,,Outros,2025-08-07 16:10:53
Frenet,ISP_1_8067,Frenet - Outros,,Outros,2025-08-07 16:10:53
Envío rápido con Treggo,1661099,Envío rápido con Treggo - Outros,,Outros,2025-08-07 16:10:53
Dropi Fretes,1279378,Dropi Fretes - Outros,,Outros,2025-08-07 16:10:53
Envia.com Checkout Service,Correios - sedex_hoje,Envia.com Checkout Service - Outros,,Outros,2025-08-07 16:10:53
Dropi Fretes,3936260,Dropi Fretes - Outros,,Outros,2025-08-07 16:10:53
Dropi Fretes,158064,Dropi Fretes - Outros,,Outros,2025-08-07 16:10:53
Dropi Fretes,4179331,Dropi Fretes - Outros,,Outros,2025-08-07 16:10:53
Marrie for Babies Shipping Company,2,Marrie for Babies Shipping Company - Outros,,Outros,2025-08-07 16:10:53
Especial 2 - Entrega até às 20h=data-especial,week-days|40,Especial 2 - Entrega até às 20h=data-especial - Outros,,Entrega até às 20h=data-especial,2025-08-07 16:10:53
Lixlog,lix_pajucara_normal,Lixlog - Outros,,Outros,2025-08-07 16:10:53
Frenet,Azul_WS_4,Frenet - Outros,,Outros,2025-08-07 16:10:53
Envia.com Checkout Service,Envia.com - fixed,Envia.com Checkout Service - Outros,,Outros,2025-08-07 16:10:53
Dropi Fretes,3982224,Dropi Fretes - Outros,,Outros,2025-08-07 16:10:53
Enviame,COO-mensajeria,Enviame - Outros,,Outros,2025-08-07 16:10:53
Envia.com Checkout Service,InterRapidisimo - ground,Envia.com Checkout Service - Outros,,Outros,2025-08-07 16:10:53
Dropi Fretes,4372648,Dropi Fretes - Outros,,Outros,2025-08-07 16:10:53
Enviame,CCH-ped,Enviame - Outros,,Outros,2025-08-07 16:10:53
SmartEnvios,646,SmartEnvios - Outros,,Outros,2025-08-07 16:10:53
Flixlog,Maex,Flixlog - Outros,,Outros,2025-08-07 16:10:53
Dropi Fretes,3800561,Dropi Fretes - Outros,,Outros,2025-08-07 16:10:53
Frenet,JAMVIP_2,Frenet - Outros,,Outros,2025-08-07 16:10:53
Envío rápido con Treggo,218558,Envío rápido con Treggo - Outros,,Outros,2025-08-07 16:10:53
Frenet,FAR_1,Frenet - Outros,,Outros,2025-08-07 16:10:53
CRAB,CRAB_28,CRAB - Outros,,Outros,2025-08-07 16:10:53
Dropi Fretes,2125630,Dropi Fretes - Outros,,Outros,2025-08-07 16:10:53
Dropi Fretes,285393,Dropi Fretes - Outros,,Outros,2025-08-07 16:10:53
Dropi Fretes,284073,Dropi Fretes - Outros,,Outros,2025-08-07 16:10:53
Dropi Fretes,796445,Dropi Fretes - Outros,,Outros,2025-08-07 16:10:53
Dropi Fretes,1880816,Dropi Fretes - Outros,,Outros,2025-08-07 16:10:53
SmartEnvios,875,SmartEnvios - Outros,,Outros,2025-08-07 16:10:53
Dropi Fretes,861594,Dropi Fretes - Outros,,Outros,2025-08-07 16:10:53
Dropi Fretes,3751026,Dropi Fretes - Outros,,Outros,2025-08-07 16:10:53
Frenet,BH_P,Frenet - Outros,,Outros,2025-08-07 16:10:53
Zippin,z_standard_cheapest,Zippin - Outros,,Outros,2025-08-07 16:10:53
Dropi Fretes,1621696,Dropi Fretes - Outros,,Outros,2025-08-07 16:10:53
Dropi Fretes,3909733,Dropi Fretes - Outros,,Outros,2025-08-07 16:10:53
Dropi Fretes,3717194,Dropi Fretes - Outros,,Outros,2025-08-07 16:10:53
Dropi Fretes,2842448,Dropi Fretes - Outros,,Outros,2025-08-07 16:10:53
SmartEnvios,369,SmartEnvios - Outros,,Outros,2025-08-07 16:10:53
ModdingEnvios,MODDINGFLEX_22,ModdingEnvios - Outros,,Outros,2025-08-07 16:10:53
Enviamelo,Enviamelo4,Enviamelo - Outros,,Outros,2025-08-07 16:10:53
Dropi Fretes,144986,Dropi Fretes - Outros,,Outros,2025-08-07 16:10:53
Onlog Express,34,Onlog Express - Outros,,Outros,2025-08-07 16:10:53
Dropi Fretes,3667488,Dropi Fretes - Outros,,Outros,2025-08-07 16:10:53
Dropi Fretes,170477,Dropi Fretes - Outros,,Outros,2025-08-07 16:10:53
Envia.com Checkout Service,Quiken - national_ground,Envia.com Checkout Service - Outros,,Outros,2025-08-07 16:10:53
Dropi Fretes,1226641,Dropi Fretes - Outros,,Outros,2025-08-07 16:10:53
skydropx,PAQUETEXPRESS LTL,skydropx - Outros,,Outros,2025-08-07 16:10:53
Dropi Fretes,4700893,Dropi Fretes - Outros,,Outros,2025-08-07 16:10:53
Dropi Fretes,2730473,Dropi Fretes - Outros,,Outros,2025-08-07 16:10:53
Dropi Fretes,4793565,Dropi Fretes - Outros,,Outros,2025-08-07 16:10:53
SouthPost,SOUTHPOSTS.A._45,SouthPost - Outros,,Outros,2025-08-07 16:10:53
Mile Logistic,MILELOGISTICSRL_11,Mile Logistic - Outros,,Outros,2025-08-07 16:10:53
Dropi Fretes,691862,Dropi Fretes - Outros,,Outros,2025-08-07 16:10:53
SmartEnvios,73,SmartEnvios - Outros,,Outros,2025-08-07 16:10:53
Mienvio MX,Flecha Amarilla (estandar),Mienvio MX - Outros,,Outros,2025-08-07 16:10:53
Frenet,ISP_1_14546,Frenet - Outros,,Outros,2025-08-07 16:10:53
Especial 2 (13:00 ás 22h) | G1=data-especial,sunday|48,Especial 2 (13:00 ás 22h) | G1=data-especial - Outros,,Outros,2025-08-07 16:10:53
Envia.com Checkout Service,Jadlog - rodoviario,Envia.com Checkout Service - Outros,,Outros,2025-08-07 16:10:53
Envia.com Checkout Service,Correios - carta,Envia.com Checkout Service - Outros,,Outros,2025-08-07 16:10:53
Buenos Aires Logística - SANTOS,Flex,Buenos Aires Logística - SANTOS - Outros,,Outros,2025-08-07 16:10:53
SmartEnvios,689,SmartEnvios - Outros,,Outros,2025-08-07 16:10:53
99minutos,nextDay,99minutos - Outros,,Outros,2025-08-07 16:10:53
Dropi Fretes,333778,Dropi Fretes - Outros,,Outros,2025-08-07 16:10:53
Envia.com Checkout Service,Chilexpress - express,Envia.com Checkout Service - Outros,,Outros,2025-08-07 16:10:53
"Entrega Expressa, em até 3 horas",sunday|12,"Entrega Expressa, em até 3 horas - Outros",,Outros,2025-08-07 16:10:53
postlog,276,postlog - Outros,,Outros,2025-08-07 16:10:53
Mienvio MX,DHL (estandar),Mienvio MX - Outros,,Outros,2025-08-07 16:10:53
Frenet,KRL_1,Frenet - Outros,,Outros,2025-08-07 16:10:53
skydropx,REDPACK EXPRESS,skydropx - Outros,,Outros,2025-08-07 16:10:53
Dropi Fretes,2234000,Dropi Fretes - Outros,,Outros,2025-08-07 16:10:53
Muvon Logística - ELEA SERIMARKET SRL,Flex,Muvon Logística - ELEA SERIMARKET SRL - Outros,,Outros,2025-08-07 16:10:53
Frenet,TG_1,Frenet - Outros,,Outros,2025-08-07 16:10:53
PAAQ,Seguítuenvío_43,PAAQ - Outros,,Outros,2025-08-07 16:10:53
Dropi Fretes,4364876,Dropi Fretes - Outros,,Outros,2025-08-07 16:10:53
Integral Entrega de 07 às 22h,week-days|19,Integral Entrega de 07 às 22h - Outros,,Outros,2025-08-07 16:10:53
EnvíosPerros,DHL-Economico,EnvíosPerros - Outros,,Outros,2025-08-07 16:10:53
Dropi Fretes,4207294,Dropi Fretes - Outros,,Outros,2025-08-07 16:10:53
postlog,108,postlog - Outros,,Outros,2025-08-07 16:10:53
Segmail API,Estafeta,Segmail API - Outros,,Outros,2025-08-07 16:10:53
Mis entregas,MisEntregas_30,Mis entregas - Outros,,Outros,2025-08-07 16:10:53
Frenet,DRC,Frenet - Outros,,Outros,2025-08-07 16:10:53
Dropi Fretes,3993247,Dropi Fretes - Outros,,Outros,2025-08-07 16:10:53
Dropi Fretes,3263625,Dropi Fretes - Outros,,Outros,2025-08-07 16:10:53
Envia.com Checkout Service,Blueexpress - priority,Envia.com Checkout Service - Outros,,Outros,2025-08-07 16:10:53
Dropi Fretes,3735,Dropi Fretes - Outros,,Outros,2025-08-07 16:10:53
SmartEnvios,577,SmartEnvios - Outros,,Outros,2025-08-07 16:10:53
Dropi Fretes,4250035,Dropi Fretes - Outros,,Outros,2025-08-07 16:10:53
SmartEnvios,510,SmartEnvios - Outros,,Outros,2025-08-07 16:10:53
SmartEnvios,853,SmartEnvios - Outros,,Outros,2025-08-07 16:10:53
Frenet,4596,Frenet - Outros,,Outros,2025-08-07 16:10:53
Dropi Fretes,4712369,Dropi Fretes - Outros,,Outros,2025-08-07 16:10:53
Real Express,REALEXPRESSSRL_24,Real Express - Outros,,Outros,2025-08-07 16:10:53
Mail Express,MailEx_26,Mail Express - Outros,,Outros,2025-08-07 16:10:53
Dropi Fretes,4040432,Dropi Fretes - Outros,,Outros,2025-08-07 16:10:53
Skynde + Logistic,Skynde+logistic_3,Skynde + Logistic - Outros,,Outros,2025-08-07 16:10:53
Dropi Fretes,1279376,Dropi Fretes - Outros,,Outros,2025-08-07 16:10:53
Dropi Fretes,3427283,Dropi Fretes - Outros,,Outros,2025-08-07 16:10:53
Dropi Fretes,2608347,Dropi Fretes - Outros,,Outros,2025-08-07 16:10:53
GeoWise,GeoWise - Pickup,GeoWise - Outros,,Outros,2025-08-07 16:10:53
Dropi Fretes,3639596,Dropi Fretes - Outros,,Outros,2025-08-07 16:10:53
Envio Expresso,standard,Envio Expresso - Outros,,Outros,2025-08-07 16:10:53
Dropi Fretes,4886955,Dropi Fretes - Outros,,Outros,2025-08-07 16:10:53
Dropi Fretes,4637559,Dropi Fretes - Outros,,Outros,2025-08-07 16:10:53
Dropi Fretes,458156,Dropi Fretes - Outros,,Outros,2025-08-07 16:10:53
Reserva Ink Entregas,17366,Reserva Ink Entregas - Outros,,Outros,2025-08-07 16:10:53
Envios Amba Flex - Mercadito Pastelero,Flex,Envios Amba Flex - Mercadito Pastelero - Outros,,Outros,2025-08-07 16:10:53
Shippy,464|2325,Shippy - Outros,,Outros,2025-08-07 16:10:53
Dropi Fretes,303600,Dropi Fretes - Outros,,Outros,2025-08-07 16:10:53
Dropi Fretes,3398848,Dropi Fretes - Outros,,Outros,2025-08-07 16:10:53
Dropi Fretes,3751020,Dropi Fretes - Outros,,Outros,2025-08-07 16:10:53
Envío rápido con Treggo,4072631,Envío rápido con Treggo - Outros,,Outros,2025-08-07 16:10:53
Dropi Fretes,2748865,Dropi Fretes - Outros,,Outros,2025-08-07 16:10:53
Logística Própria,entrega_sitio,Logística Própria - Outros,,Outros,2025-08-07 16:10:53
Dropi Fretes,3477654,Dropi Fretes - Outros,,Outros,2025-08-07 16:10:53
Vima Logistica - Javera,Normal,Vima Logistica - Javera - Outros,,Outros,2025-08-07 16:10:53
Vima Logistica - Javera,Flex,Vima Logistica - Javera - Outros,,Outros,2025-08-07 16:10:53
Lixlog,lix_aceville_normal,Lixlog - Outros,,Outros,2025-08-07 16:10:53
SmartEnvios,488,SmartEnvios - Outros,,Outros,2025-08-07 16:10:53
Dropi Fretes,166768,Dropi Fretes - Outros,,Outros,2025-08-07 16:10:53
boxlink,726,boxlink - Outros,,Outros,2025-08-07 16:10:53
EFLET,Correoe-flet_25,EFLET - Outros,,Outros,2025-08-07 16:10:53
Dropi Fretes,2125729,Dropi Fretes - Outros,,Outros,2025-08-07 16:10:53
SHIPSMART,399,SHIPSMART - Outros,,Outros,2025-08-07 16:10:53
Frenet,ISP_1_17647,Frenet - Outros,,Outros,2025-08-07 16:10:53
Total,4,Total - Outros,,Outros,2025-08-07 16:10:53
EnviaYa for TiendaNube,56,EnviaYa for TiendaNube - Outros,,Outros,2025-08-07 16:10:53
Dropi Fretes,350160,Dropi Fretes - Outros,,Outros,2025-08-07 16:10:53
Dropi Fretes,2390598,Dropi Fretes - Outros,,Outros,2025-08-07 16:10:53
skydropx,Gp envios Nacional,skydropx - Outros,,Outros,2025-08-07 16:10:53
Shippy,341|2027,Shippy - Outros,,Outros,2025-08-07 16:10:53
EFLET,Correoe-flet_15,EFLET - Outros,,Outros,2025-08-07 16:10:53
EFLET,Correoe-flet_16,EFLET - Outros,,Outros,2025-08-07 16:10:53
Dropi Fretes,4461072,Dropi Fretes - Outros,,Outros,2025-08-07 16:10:53
Frenet,4553,Frenet - Outros,,Outros,2025-08-07 16:10:53
"Noite, entrega até as 22h",saturday|10,"Noite, entrega até as 22h - Outros",,Outros,2025-08-07 16:10:53
skydropx,FEDEX INTERNATIONAL_PRIORITY,skydropx - Outros,,Outros,2025-08-07 16:10:53
Frenet,BLG_1,Frenet - Outros,,Outros,2025-08-07 16:10:53
BANK,BANK_17,BANK - Outros,,Outros,2025-08-07 16:10:53
Dropi Fretes,4019927,Dropi Fretes - Outros,,Outros,2025-08-07 16:10:53
Intelipost,GZ TRANSPORTES,Intelipost - Outros,,Outros,2025-08-07 16:10:53
Dropi Fretes,1502435,Dropi Fretes - Outros,,Outros,2025-08-07 16:10:53
Dropi Fretes,2572713,Dropi Fretes - Outros,,Outros,2025-08-07 16:10:53
API Sisfrete Cotação,3258,API Sisfrete Cotação - Outros,,Outros,2025-08-07 16:10:53
Muvon Logística - LABE TIENDA,Flex,Muvon Logística - LABE TIENDA - Outros,,Outros,2025-08-07 16:10:53
Enviame,CHX-nextday,Enviame - Outros,,Outros,2025-08-07 16:10:53
Dropi Fretes,4318538,Dropi Fretes - Outros,,Outros,2025-08-07 16:10:53
Frete Click,frck,Frete Click - Outros,,Outros,2025-08-07 16:10:53
Dropi Fretes,3586786,Dropi Fretes - Outros,,Outros,2025-08-07 16:10:53
Dropi Fretes,965476,Dropi Fretes - Outros,,Outros,2025-08-07 16:10:53
Dropi Fretes,4017497,Dropi Fretes - Outros,,Outros,2025-08-07 16:10:53
Flixlog,Rodomax,Flixlog - Outros,,Outros,2025-08-07 16:10:53
Dropi Fretes,494778,Dropi Fretes - Outros,,Outros,2025-08-07 16:10:53
Real Express,REALEXPRESSSRL_1,Real Express - Outros,,Outros,2025-08-07 16:10:53
skydropx,DHL INTERNATIONAL_WORLDWIDE,skydropx - Outros,,Outros,2025-08-07 16:10:53
Envia.com Checkout Service,Dhl - express_int,Envia.com Checkout Service - Outros,,Outros,2025-08-07 16:10:53
Dropi Fretes,1811084,Dropi Fretes - Outros,,Outros,2025-08-07 16:10:53
Dropi Fretes,3039132,Dropi Fretes - Outros,,Outros,2025-08-07 16:10:53
Intelipost,Solistica Standard,Intelipost - Outros,,Outros,2025-08-07 16:10:53
Dropi Fretes,390735,Dropi Fretes - Outros,,Outros,2025-08-07 16:10:53
Frenet,DTK,Frenet - Outros,,Outros,2025-08-07 16:10:53
Envios Flex - Helguera 1717  Blanche,Normal,Envios Flex - Helguera 1717  Blanche - Outros,,Outros,2025-08-07 16:10:53
Frenet,TSV_R,Frenet - Outros,,Outros,2025-08-07 16:10:53
Conectenvios,conectenvios-correios-pac,Conectenvios - Outros,,Outros,2025-08-07 16:10:53
Dropi Fretes,414624,Dropi Fretes - Outros,,Outros,2025-08-07 16:10:53
Central de Envios - XPS Ventas,Flex,Central de Envios - XPS Ventas - Outros,,Outros,2025-08-07 16:10:53
Envia.com Checkout Service,MensajerosUrbanos - ground,Envia.com Checkout Service - Outros,,Outros,2025-08-07 16:10:53
Frenet,CDF_EX,Frenet - Outros,,Outros,2025-08-07 16:10:53
Envia.com Checkout Service,Jadlog - pickup,Envia.com Checkout Service - Outros,,Outros,2025-08-07 16:10:53
Dropi Fretes,3505934,Dropi Fretes - Outros,,Outros,2025-08-07 16:10:53
Frenet,MOD_1,Frenet - Outros,,Outros,2025-08-07 16:10:53
SmartEnvios,693,SmartEnvios - Outros,,Outros,2025-08-07 16:10:53
Frenet,CPX,Frenet - Outros,,Outros,2025-08-07 16:10:53
Dropi Fretes,4364883,Dropi Fretes - Outros,,Outros,2025-08-07 16:10:53
Segmail API,DHL_Express,Segmail API - Outros,,Outros,2025-08-07 16:10:53
Dropi Fretes,4814805,Dropi Fretes - Outros,,Outros,2025-08-07 16:10:53
Entrega Agendada (Huapps. sunday),3158547_matutino_sunday,Entrega Agendada (Huapps. sunday) - Outros,,Outros,2025-08-07 16:10:53
SmartEnvios,919,SmartEnvios - Outros,,Outros,2025-08-07 16:10:53
postlog,274,postlog - Outros,,Outros,2025-08-07 16:10:53
Dropi Fretes,4040431,Dropi Fretes - Outros,,Outros,2025-08-07 16:10:53
Shippy,341|2028,Shippy - Outros,,Outros,2025-08-07 16:10:53
Dropi Fretes,737280,Dropi Fretes - Outros,,Outros,2025-08-07 16:10:53
Dropi Fretes,4700895,Dropi Fretes - Outros,,Outros,2025-08-07 16:10:53
skydropx,Envío Terrestre Terrestre,skydropx - Outros,,Outros,2025-08-07 16:10:53
Dropi Fretes,390856,Dropi Fretes - Outros,,Outros,2025-08-07 16:10:53
Muvon Logística - ELEA SERIMARKET SRL,Normal,Muvon Logística - ELEA SERIMARKET SRL - Outros,,Outros,2025-08-07 16:10:53
Shippy,343|2032,Shippy - Outros,,Outros,2025-08-07 16:10:53
Dropi Fretes,4600434,Dropi Fretes - Outros,,Outros,2025-08-07 16:10:53
Intelipost,Brasil Web Standard,Intelipost - Outros,,Outros,2025-08-07 16:10:53
SmartEnvios,692,SmartEnvios - Outros,,Outros,2025-08-07 16:10:53
Intelipost,NR Express Standard,Intelipost - Outros,,Outros,2025-08-07 16:10:53
Shippy,204|1160,Shippy - Outros,,Outros,2025-08-07 16:10:53
Shipnow,shipnow_pap_option_5,Shipnow - Domicilio estandar,,Domicilio estándar,2025-08-07 16:10:53
Frenet,AZL_1,Frenet - Outros,,Outros,2025-08-07 16:10:53
SHIPSMART,1273,SHIPSMART - Outros,,Outros,2025-08-07 16:10:53
Dropi Fretes,1181035,Dropi Fretes - Outros,,Outros,2025-08-07 16:10:53
Frenet,JADP_06,Frenet - Outros,,Outros,2025-08-07 16:10:53
Lixlog,lix_maex_normal,Lixlog - Outros,,Outros,2025-08-07 16:10:53
Envia.com Checkout Service,Buslog - ground,Envia.com Checkout Service - Outros,,Outros,2025-08-07 16:10:53
SmartEnvios,509,SmartEnvios - Outros,,Outros,2025-08-07 16:10:53
Dropi Fretes,4040438,Dropi Fretes - Outros,,Outros,2025-08-07 16:10:53
Dropi Fretes,186887,Dropi Fretes - Outros,,Outros,2025-08-07 16:10:53
Dropi Fretes,2543234,Dropi Fretes - Outros,,Outros,2025-08-07 16:10:53
Dropi Fretes,3814890,Dropi Fretes - Outros,,Outros,2025-08-07 16:10:53
Dropi Fretes,3822864,Dropi Fretes - Outros,,Outros,2025-08-07 16:10:53
TRANSPORTE TERCEIRIZADO,ZELOG TRANSPORTES LTDA,TRANSPORTE TERCEIRIZADO - Outros,,Outros,2025-08-07 16:10:53
Envia.com Checkout Service,Ups - standard,Envia.com Checkout Service - Outros,,Outros,2025-08-07 16:10:53
Dropi Fretes,4082366,Dropi Fretes - Outros,,Outros,2025-08-07 16:10:53
Dropi Fretes,4072669,Dropi Fretes - Outros,,Outros,2025-08-07 16:10:53
SmartEnvios,752,SmartEnvios - Outros,,Outros,2025-08-07 16:10:53
PinPoint,GRAN_BUENOS_AIRES_1_PINFLEX,PinPoint - Outros,,Outros,2025-08-07 16:10:53
Dropi Fretes,3149926,Dropi Fretes - Outros,,Outros,2025-08-07 16:10:53
Dropi Fretes,3398370,Dropi Fretes - Outros,,Outros,2025-08-07 16:10:53
Teiker,73,Teiker - Outros,,Outros,2025-08-07 16:10:53
Enviame,BLX-priority,Enviame - Outros,,Outros,2025-08-07 16:10:53
Dropi Fretes,3536015,Dropi Fretes - Outros,,Outros,2025-08-07 16:10:53
DHD Logistica Shipping,nextday,DHD Logistica Shipping - Outros,,Outros,2025-08-07 16:10:53
EFLET,Correoe-flet_12,EFLET - Outros,,Outros,2025-08-07 16:10:53
SmartEnvios,840,SmartEnvios - Outros,,Outros,2025-08-07 16:10:53
Dropi Fretes,3768517,Dropi Fretes - Outros,,Outros,2025-08-07 16:10:53
Dropi Fretes,4727273,Dropi Fretes - Outros,,Outros,2025-08-07 16:10:53
Onlog Express,123,Onlog Express - Outros,,Outros,2025-08-07 16:10:53
Dropi Fretes,2964170,Dropi Fretes - Outros,,Outros,2025-08-07 16:10:53
Envia.com Checkout Service,Deprisa - 9am,Envia.com Checkout Service - Outros,,Outros,2025-08-07 16:10:53
Dropi Fretes,303602,Dropi Fretes - Outros,,Outros,2025-08-07 16:10:53
Dropi Fretes,3896269,Dropi Fretes - Outros,,Outros,2025-08-07 16:10:53
Dropi Fretes,181971,Dropi Fretes - Outros,,Outros,2025-08-07 16:10:53
Dropi Fretes,3932347,Dropi Fretes - Outros,,Outros,2025-08-07 16:10:53
Dropi Fretes,2999430,Dropi Fretes - Outros,,Outros,2025-08-07 16:10:53
Dropi Fretes,4848443,Dropi Fretes - Outros,,Outros,2025-08-07 16:10:53
Dropi Fretes,2748855,Dropi Fretes - Outros,,Outros,2025-08-07 16:10:53
Dropi Fretes,4601674,Dropi Fretes - Outros,,Outros,2025-08-07 16:10:53
Dropi Fretes,4471515,Dropi Fretes - Outros,,Outros,2025-08-07 16:10:53
skydropx,redpack.express,skydropx - Outros,,Outros,2025-08-07 16:10:53
Dropi Fretes,2995977,Dropi Fretes - Outros,,Outros,2025-08-07 16:10:53
Dropi Fretes,2348934,Dropi Fretes - Outros,,Outros,2025-08-07 16:10:53
RealExpress,REALEXPRESSSRL_1,RealExpress - Outros,,Outros,2025-08-07 16:10:53
Dropi Fretes,127489,Dropi Fretes - Outros,,Outros,2025-08-07 16:10:53
Zippin,zippin_express,Zippin - Outros,,Outros,2025-08-07 16:10:53
Shippy,302|1840,Shippy - Outros,,Outros,2025-08-07 16:10:53
Dropi Fretes,308649,Dropi Fretes - Outros,,Outros,2025-08-07 16:10:53
SHIPSMART,404,SHIPSMART - Outros,,Outros,2025-08-07 16:10:53
Fast Mail,fastmail_29,Fast Mail - Outros,,Outros,2025-08-07 16:10:53
Flixlog,RAPIDOFIGUEIREDO,Flixlog - Outros,,Outros,2025-08-07 16:10:53
Dropi Fretes,1880813,Dropi Fretes - Outros,,Outros,2025-08-07 16:10:53
SmartEnvios,505,SmartEnvios - Outros,,Outros,2025-08-07 16:10:53
SmartEnvios,986,SmartEnvios - Outros,,Outros,2025-08-07 16:10:53
Dropi Fretes,3846245,Dropi Fretes - Outros,,Outros,2025-08-07 16:10:53
ERG,erg,ERG - Outros,,Outros,2025-08-07 16:10:53
Dropi Fretes,1043048,Dropi Fretes - Outros,,Outros,2025-08-07 16:10:53
Onlog Express,68,Onlog Express - Outros,,Outros,2025-08-07 16:10:53
Dropi Fretes,4364890,Dropi Fretes - Outros,,Outros,2025-08-07 16:10:53
Shippy,461|2314,Shippy - Outros,,Outros,2025-08-07 16:10:53
Envia.com Checkout Service,Ups - worldwide_express,Envia.com Checkout Service - Outros,,Outros,2025-08-07 16:10:53
Envia.com Checkout Service,Starken - normal_sucursal,Envia.com Checkout Service - Outros,,Outros,2025-08-07 16:10:53
Intelipost,Fedex Standard,Intelipost - Outros,,Outros,2025-08-07 16:10:53
CRAB,CRAB_6,CRAB - Outros,,Outros,2025-08-07 16:10:53
Dropi Fretes,4090302,Dropi Fretes - Outros,,Outros,2025-08-07 16:10:53
Frenet,ISP_1_15163,Frenet - Outros,,Outros,2025-08-07 16:10:53
Dropi Fretes,4014325,Dropi Fretes - Outros,,Outros,2025-08-07 16:10:53
Dropi Fretes,4016175,Dropi Fretes - Outros,,Outros,2025-08-07 16:10:53
Dropi Fretes,965475,Dropi Fretes - Outros,,Outros,2025-08-07 16:10:53
Dropi Fretes,4160727,Dropi Fretes - Outros,,Outros,2025-08-07 16:10:53
Dropi Fretes,4939225,Dropi Fretes - Outros,,Outros,2025-08-07 16:10:53
Dropi Fretes,550790,Dropi Fretes - Outros,,Outros,2025-08-07 16:10:53
Especial 1 (até as 18h) | G1=data-especial,saturday|47,Especial 1 (até as 18h) | G1=data-especial - Outros,,Outros,2025-08-07 16:10:53
Frenet,PTJ_ECO,Frenet - Outros,,Outros,2025-08-07 16:10:53
Dropi Fretes,4061980,Dropi Fretes - Outros,,Outros,2025-08-07 16:10:53
Intelipost,Jeolog,Intelipost - Outros,,Outros,2025-08-07 16:10:53
Dropi Fretes,3505219,Dropi Fretes - Outros,,Outros,2025-08-07 16:10:53
Dropi Fretes,4369888,Dropi Fretes - Outros,,Outros,2025-08-07 16:10:53
Shippy,411|2188,Shippy - Outros,,Outros,2025-08-07 16:10:53
Frenet,MNU,Frenet - Outros,,Outros,2025-08-07 16:10:53
Projetos,FreteFixo_Norte,Projetos - Outros,,Outros,2025-08-07 16:10:53
Dropi Fretes,494780,Dropi Fretes - Outros,,Outros,2025-08-07 16:10:53
Dropi Fretes,4663715,Dropi Fretes - Outros,,Outros,2025-08-07 16:10:53
Muvon Logística - MiniPix,Normal,Muvon Logística - MiniPix - Outros,,Outros,2025-08-07 16:10:53
Dropi Fretes,3590071,Dropi Fretes - Outros,,Outros,2025-08-07 16:10:53
Dropi Fretes,4337441,Dropi Fretes - Outros,,Outros,2025-08-07 16:10:53
EnviaYa for TiendaNube,8,EnviaYa for TiendaNube - Outros,,Outros,2025-08-07 16:10:53
Integral Entrega de 07 às 22h,saturday|19,Integral Entrega de 07 às 22h - Outros,,Outros,2025-08-07 16:10:53
Dropi Fretes,3620227,Dropi Fretes - Outros,,Outros,2025-08-07 16:10:53
Teiker,20,Teiker - Outros,,Outros,2025-08-07 16:10:53
Teiker,24,Teiker - Outros,,Outros,2025-08-07 16:10:53
Dropi Fretes,4013261,Dropi Fretes - Outros,,Outros,2025-08-07 16:10:53
Frenet,SLG_4,Frenet - Outros,,Outros,2025-08-07 16:10:53
Frenet,MID,Frenet - Outros,,Outros,2025-08-07 16:10:53
Dropi Fretes,33802,Dropi Fretes - Outros,,Outros,2025-08-07 16:10:53
Dropi Fretes,3507021,Dropi Fretes - Outros,,Outros,2025-08-07 16:10:53
Intelipost,JadLog Standard,Intelipost - Outros,,Outros,2025-08-07 16:10:53
Frenet,ISP_1_17406,Frenet - Outros,,Outros,2025-08-07 16:10:53
Gollog,ECG,Gollog - Outros,,Outros,2025-08-07 16:10:53
Dropi Fretes,2650331,Dropi Fretes - Outros,,Outros,2025-08-07 16:10:53
Bluemail,BlueMailS.A_23,Bluemail - Outros,,Outros,2025-08-07 16:10:53
Intelipost,Icaro Express,Intelipost - Outros,,Outros,2025-08-07 16:10:53
Zippin,z_pickup_1,Zippin - Outros,,Outros,2025-08-07 16:10:53
Dropi Fretes,4355902,Dropi Fretes - Outros,,Outros,2025-08-07 16:10:53
HUB Omie,41,HUB Omie - Outros,,Outros,2025-08-07 16:10:53
Dropi Fretes,1196635,Dropi Fretes - Outros,,Outros,2025-08-07 16:10:53
Dropi Fretes,4082367,Dropi Fretes - Outros,,Outros,2025-08-07 16:10:53
Frenet,ISP_1_15155,Frenet - Outros,,Outros,2025-08-07 16:10:53
Dropi Fretes,54303,Dropi Fretes - Outros,,Outros,2025-08-07 16:10:53
Dropi Fretes,612607,Dropi Fretes - Outros,,Outros,2025-08-07 16:10:53
Dropi Fretes,1096295,Dropi Fretes - Outros,,Outros,2025-08-07 16:10:53
Flixlog,Vipex,Flixlog - Outros,,Outros,2025-08-07 16:10:53
skydropx,quiken.local_express,skydropx - Outros,,Outros,2025-08-07 16:10:53
Dropi Fretes,4748834,Dropi Fretes - Outros,,Outros,2025-08-07 16:10:53
Dimona Shipping 1712762553449,2,Dimona Shipping 1712762553449 - Outros,,Outros,2025-08-07 16:10:53
Dropi Fretes,1384806,Dropi Fretes - Outros,,Outros,2025-08-07 16:10:53
Intelipost,Tadex Standard,Intelipost - Outros,,Outros,2025-08-07 16:10:53
Dropi Fretes,3909736,Dropi Fretes - Outros,,Outros,2025-08-07 16:10:53
Eship Entregas,eship;97;3,Eship Entregas - Outros,,Outros,2025-08-07 16:10:53
Especial 1 - Entrega até ás 18:00,week-days|16,Especial 1 - Entrega até ás 18:00 - Outros,,Outros,2025-08-07 16:10:53
Dropi Fretes,4270785,Dropi Fretes - Outros,,Outros,2025-08-07 16:10:53
Rodonaves,Normal,Rodonaves - Outros,,Outros,2025-08-07 16:10:53
Dropi Fretes,1195223,Dropi Fretes - Outros,,Outros,2025-08-07 16:10:53
Dropi Fretes,1279390,Dropi Fretes - Outros,,Outros,2025-08-07 16:10:53
Frenet,LUN,Frenet - Outros,,Outros,2025-08-07 16:10:53
Frenet,PTR,Frenet - Outros,,Outros,2025-08-07 16:10:53
Reserva Ink Entregas,15635,Reserva Ink Entregas - Outros,,Outros,2025-08-07 16:10:53
Frenet,JADP_07,Frenet - Outros,,Outros,2025-08-07 16:10:53
Entrega Agendada (Huapps. week),3618834_manha_week,Entrega Agendada (Huapps. week) - Outros,,Outros,2025-08-07 16:10:53
Dropi Fretes,385984,Dropi Fretes - Outros,,Outros,2025-08-07 16:10:53
Envia.com Checkout Service,Afimex - ground,Envia.com Checkout Service - Outros,,Outros,2025-08-07 16:10:53
clicOH,1915,clicOH - Outros,,Outros,2025-08-07 16:10:53
Dropi Fretes,3921372,Dropi Fretes - Outros,,Outros,2025-08-07 16:10:53
Dropi Fretes,1732784,Dropi Fretes - Outros,,Outros,2025-08-07 16:10:53
SmartEnvios,487,SmartEnvios - Outros,,Outros,2025-08-07 16:10:53
Olist Envios,olist-envios-carriers,Olist Envios - Outros,,Outros,2025-08-07 16:10:53
Dropi Fretes,3940059,Dropi Fretes - Outros,,Outros,2025-08-07 16:10:53
Dropi Fretes,2748867,Dropi Fretes - Outros,,Outros,2025-08-07 16:10:53
SmartEnvios,928,SmartEnvios - Outros,,Outros,2025-08-07 16:10:53
Dropi Fretes,2219857,Dropi Fretes - Outros,,Outros,2025-08-07 16:10:53
Flixlog,Nblog,Flixlog - Outros,,Outros,2025-08-07 16:10:53
Dropi Fretes,2434591,Dropi Fretes - Outros,,Outros,2025-08-07 16:10:53
Dropi Fretes,4465211,Dropi Fretes - Outros,,Outros,2025-08-07 16:10:53
SmartEnvios,846,SmartEnvios - Outros,,Outros,2025-08-07 16:10:53
Dropi Fretes,3824837,Dropi Fretes - Outros,,Outros,2025-08-07 16:10:53
Frenet,JADP_09,Frenet - Outros,,Outros,2025-08-07 16:10:53
SmartEnvios,660,SmartEnvios - Outros,,Outros,2025-08-07 16:10:53
Dropi Fretes,796442,Dropi Fretes - Outros,,Outros,2025-08-07 16:10:53
Dropi Fretes,4552645,Dropi Fretes - Outros,,Outros,2025-08-07 16:10:53
Dropi Fretes,4780487,Dropi Fretes - Outros,,Outros,2025-08-07 16:10:53
Dropi Fretes,4756043,Dropi Fretes - Outros,,Outros,2025-08-07 16:10:53
Dropi Fretes,3253363,Dropi Fretes - Outros,,Outros,2025-08-07 16:10:53
Dropi Fretes,1160872,Dropi Fretes - Outros,,Outros,2025-08-07 16:10:53
Dropi Fretes,4622498,Dropi Fretes - Outros,,Outros,2025-08-07 16:10:53
Dropi Fretes,4405766,Dropi Fretes - Outros,,Outros,2025-08-07 16:10:53
Dropi Fretes,4583709,Dropi Fretes - Outros,,Outros,2025-08-07 16:10:53
Dropi Fretes,4607620,Dropi Fretes - Outros,,Outros,2025-08-07 16:10:53
Dropi Fretes,4613681,Dropi Fretes - Outros,,Outros,2025-08-07 16:10:53
Dropi Fretes,1109623,Dropi Fretes - Outros,,Outros,2025-08-07 16:10:53
skydropx,DHL ESTANDAR,skydropx - Outros,,Outros,2025-08-07 16:10:53
Central de Envios - Acetato Telas,Flex,Central de Envios - Acetato Telas - Outros,,Outros,2025-08-07 16:10:53
Dropi Fretes,1815134,Dropi Fretes - Outros,,Outros,2025-08-07 16:10:53
Dropi Fretes,1840391,Dropi Fretes - Outros,,Outros,2025-08-07 16:10:53
Smartpost,SMARTPOST_8,Smartpost - Outros,,Outros,2025-08-07 16:10:53
Dropi Fretes,1880817,Dropi Fretes - Outros,,Outros,2025-08-07 16:10:53
Dropi Fretes,199057,Dropi Fretes - Outros,,Outros,2025-08-07 16:10:53
Dropi Fretes,4662797,Dropi Fretes - Outros,,Outros,2025-08-07 16:10:53
Dropi Fretes,2323757,Dropi Fretes - Outros,,Outros,2025-08-07 16:10:53
Envie agora,RNC,Envie agora - Outros,,Outros,2025-08-07 16:10:53
Dropi Fretes,4351618,Dropi Fretes - Outros,,Outros,2025-08-07 16:10:53
Envia.com Checkout Service,Ups - int_saver,Envia.com Checkout Service - Outros,,Outros,2025-08-07 16:10:53
EnviaYa for TiendaNube,24,EnviaYa for TiendaNube - Outros,,Outros,2025-08-07 16:10:53
Envia.com Checkout Service,Quiken - local_express,Envia.com Checkout Service - Outros,,Outros,2025-08-07 16:10:53
Dropi Fretes,4342902,Dropi Fretes - Outros,,Outros,2025-08-07 16:10:53
Dropi Fretes,4376339,Dropi Fretes - Outros,,Outros,2025-08-07 16:10:53
Dropi Fretes,4393751,Dropi Fretes - Outros,,Outros,2025-08-07 16:10:53
Dropi Fretes,4206260,Dropi Fretes - Outros,,Outros,2025-08-07 16:10:53
SmartEnvios,889,SmartEnvios - Outros,,Outros,2025-08-07 16:10:53
Dropi Fretes,2287629,Dropi Fretes - Outros,,Outros,2025-08-07 16:10:53
Dropi Fretes,2390614,Dropi Fretes - Outros,,Outros,2025-08-07 16:10:53
Dropi Fretes,248298,Dropi Fretes - Outros,,Outros,2025-08-07 16:10:53
Dropi Fretes,2789701,Dropi Fretes - Outros,,Outros,2025-08-07 16:10:53
"Tarde, entrega das 13h até as 18h",week-days|20,"Tarde, entrega das 13h até as 18h - Outros",,Outros,2025-08-07 16:10:53
Dropi Fretes,1745367,Dropi Fretes - Outros,,Outros,2025-08-07 16:10:53
Dropi Fretes,4210171,Dropi Fretes - Outros,,Outros,2025-08-07 16:10:53
Dropi Fretes,4221666,Dropi Fretes - Outros,,Outros,2025-08-07 16:10:53
Dropi Fretes,4286062,Dropi Fretes - Outros,,Outros,2025-08-07 16:10:53
Dropi Fretes,4313849,Dropi Fretes - Outros,,Outros,2025-08-07 16:10:53
Enviame,COO-ecommerce,Enviame - Outros,,Outros,2025-08-07 16:10:53
Dropi Fretes,2865943,Dropi Fretes - Outros,,Outros,2025-08-07 16:10:53
Dropi Fretes,2783390,Dropi Fretes - Outros,,Outros,2025-08-07 16:10:53
Dropi Fretes,4712371,Dropi Fretes - Outros,,Outros,2025-08-07 16:10:53
Dropi Fretes,3175645,Dropi Fretes - Outros,,Outros,2025-08-07 16:10:53
SmartEnvios,988,SmartEnvios - Outros,,Outros,2025-08-07 16:10:53
SmartEnvios,sme_pac mini,SmartEnvios - Outros,,Outros,2025-08-07 16:10:53
Frenet,ASAPWEB,Frenet - Outros,,Outros,2025-08-07 16:10:53
Frenet,ATUAL_2,Frenet - Outros,,Outros,2025-08-07 16:10:53
Flixlog,Trd,Flixlog - Outros,,Outros,2025-08-07 16:10:53
Dropi Fretes,4142470,Dropi Fretes - Outros,,Outros,2025-08-07 16:10:53
Fixy Logística,FIXYLOGISTICA_9,Fixy Logística - Outros,,Outros,2025-08-07 16:10:53
Dropi Fretes,4048495,Dropi Fretes - Outros,,Outros,2025-08-07 16:10:53
Frenet,ISP_1_17418,Frenet - Outros,,Outros,2025-08-07 16:10:53
Frenet,ISP_1_16683,Frenet - Outros,,Outros,2025-08-07 16:10:53
Frenet,GOF_2,Frenet - Outros,,Outros,2025-08-07 16:10:53
Dropi Fretes,4063669,Dropi Fretes - Outros,,Outros,2025-08-07 16:10:53
Dropi Fretes,4069171,Dropi Fretes - Outros,,Outros,2025-08-07 16:10:53
Dropi Fretes,3143211,Dropi Fretes - Outros,,Outros,2025-08-07 16:10:53
Dropi Fretes,3149837,Dropi Fretes - Outros,,Outros,2025-08-07 16:10:53
Dropi Fretes,32187,Dropi Fretes - Outros,,Outros,2025-08-07 16:10:53
Dropi Fretes,3398847,Dropi Fretes - Outros,,Outros,2025-08-07 16:10:53
Dropi Fretes,4730437,Dropi Fretes - Outros,,Outros,2025-08-07 16:10:53
Dropi Fretes,3469777,Dropi Fretes - Outros,,Outros,2025-08-07 16:10:53
PinPoint,MENDOZA_PINDAY,PinPoint - Outros,,Outros,2025-08-07 16:10:53
Dropi Fretes,2799517,Dropi Fretes - Outros,,Outros,2025-08-07 16:10:53
Dropi Fretes,4006274,Dropi Fretes - Outros,,Outros,2025-08-07 16:10:53
Dropi Fretes,4022900,Dropi Fretes - Outros,,Outros,2025-08-07 16:10:53
Dropi Fretes,4033727,Dropi Fretes - Outros,,Outros,2025-08-07 16:10:53
Frenet,OWNCUSTOM9,Frenet - Logística própria,,Logística própria,2025-08-07 16:10:53
Dropi Fretes,4040429,Dropi Fretes - Outros,,Outros,2025-08-07 16:10:53
Frenet,MVL,Frenet - Outros,,Outros,2025-08-07 16:10:53
Lixlog,lix_riovermelho_normal,Lixlog - Outros,,Outros,2025-08-07 16:10:53
Papexpress,Flex-Lightdata,Papexpress - Outros,,Outros,2025-08-07 16:10:53
Dropi Fretes,3694677,Dropi Fretes - Outros,,Outros,2025-08-07 16:10:53
Dropi Fretes,3695031,Dropi Fretes - Outros,,Outros,2025-08-07 16:10:53
Dropi Fretes,3710864,Dropi Fretes - Outros,,Outros,2025-08-07 16:10:53
Dropi Fretes,3119877,Dropi Fretes - Outros,,Outros,2025-08-07 16:10:53
Intelipost,S2C,Intelipost - Outros,,Outros,2025-08-07 16:10:53
Dropi Fretes,3994829,Dropi Fretes - Outros,,Outros,2025-08-07 16:10:53
Dropi Fretes,4000543,Dropi Fretes - Outros,,Outros,2025-08-07 16:10:53
Dropi Fretes,3829218,Dropi Fretes - Outros,,Outros,2025-08-07 16:10:53
Dropi Fretes,3795675,Dropi Fretes - Outros,,Outros,2025-08-07 16:10:53
Dropi Fretes,3804804,Dropi Fretes - Outros,,Outros,2025-08-07 16:10:53
Dropi Fretes,3822866,Dropi Fretes - Outros,,Outros,2025-08-07 16:10:53
Dropi Fretes,3854849,Dropi Fretes - Outros,,Outros,2025-08-07 16:10:53
Dropi Fretes,3884626,Dropi Fretes - Outros,,Outros,2025-08-07 16:10:53
Onlog Express,122,Onlog Express - Outros,,Outros,2025-08-07 16:10:53
Dropi Fretes,3664370,Dropi Fretes - Outros,,Outros,2025-08-07 16:10:53
Dropi Fretes,3737,Dropi Fretes - Outros,,Outros,2025-08-07 16:10:53
Dropi Fretes,3742003,Dropi Fretes - Outros,,Outros,2025-08-07 16:10:53
Dropi Fretes,4599676,Dropi Fretes - Outros,,Outros,2025-08-07 16:10:53
Dropi Fretes,3808847,Dropi Fretes - Outros,,Outros,2025-08-07 16:10:53
PEX Entrega,pex,PEX Entrega - Outros,,Outros,2025-08-07 16:10:53
Dropi Fretes,1636763,Dropi Fretes - Outros,,Outros,2025-08-07 16:10:53
Teiker,5,Teiker - Outros,,Outros,2025-08-07 16:10:53
Dropi Fretes,1544683,Dropi Fretes - Outros,,Outros,2025-08-07 16:10:53
Dropi Fretes,4642689,Dropi Fretes - Outros,,Outros,2025-08-07 16:10:53
TRANSPORTE TERCEIRIZADO,MTC LOGISTICA COMPANY,TRANSPORTE TERCEIRIZADO - Outros,,Outros,2025-08-07 16:10:53
Entrega por Km,standard,Entrega por Km - Outros,,Outros,2025-08-07 16:10:53
Dropi Fretes,4929140,Dropi Fretes - Outros,,Outros,2025-08-07 16:10:53
Dropi Fretes,4568786,Dropi Fretes - Outros,,Outros,2025-08-07 16:10:53
Dropi Fretes,691864,Dropi Fretes - Outros,,Outros,2025-08-07 16:10:53
skydropx,ups.express_saver,skydropx - Outros,,Outros,2025-08-07 16:10:53
Dropi Fretes,861596,Dropi Fretes - Outros,,Outros,2025-08-07 16:10:53
Dropi Fretes,4919963,Dropi Fretes - Outros,,Outros,2025-08-07 16:10:53
Dropi Fretes,4520779,Dropi Fretes - Outros,,Outros,2025-08-07 16:10:53
Dropify Express,CORREIOS_SEDEX,Dropify Express - Outros,,Outros,2025-08-07 16:10:53
Dropi Fretes,4513238,Dropi Fretes - Outros,,Outros,2025-08-07 16:10:53
Dropi Fretes,4477091,Dropi Fretes - Outros,,Outros,2025-08-07 16:10:53
Dropi Fretes,4457853,Dropi Fretes - Outros,,Outros,2025-08-07 16:10:53
Dropi Fretes,4494874,Dropi Fretes - Outros,,Outros,2025-08-07 16:10:53
Dropi Fretes,4429227,Dropi Fretes - Outros,,Outros,2025-08-07 16:10:53
Dropi Fretes,4414748,Dropi Fretes - Outros,,Outros,2025-08-07 16:10:53
Envia.com Checkout Service,Correios - sedex_big,Envia.com Checkout Service - Outros,,Outros,2025-08-07 16:10:53
Dropi Fretes,4577407,Dropi Fretes - Outros,,Outros,2025-08-07 16:10:53
BNZ EXPRESS S.R.L.,DOM,BNZ EXPRESS S.R.L. - Outros,,Outros,2025-08-07 16:10:53
CRAB,CRAB_1,CRAB - Outros,,Outros,2025-08-07 16:10:53
Dropi Fretes,4641539,Dropi Fretes - Outros,,Outros,2025-08-07 16:10:53
Dropi Fretes,1542366,Dropi Fretes - Outros,,Outros,2025-08-07 16:10:53
Dropi Fretes,1508258,Dropi Fretes - Outros,,Outros,2025-08-07 16:10:53
Teiker,6,Teiker - Outros,,Outros,2025-08-07 16:10:53
Dropi Fretes,144988,Dropi Fretes - Outros,,Outros,2025-08-07 16:10:53
Dropi Fretes,1386230,Dropi Fretes - Outros,,Outros,2025-08-07 16:10:53
Dimona Shipping 1712762553449,16594,Dimona Shipping 1712762553449 - Outros,,Outros,2025-08-07 16:10:53
"Tarde, entrega até as 18h=data-especial",sunday|38,"Tarde, entrega até as 18h=data-especial - Outros",,Outros,2025-08-07 16:10:53
"Período Integral, entrega até as 22h | Grupo 2",saturday|45,"Período Integral, entrega até as 22h | Grupo 2 - Outros",,Outros,2025-08-07 16:10:53
Mis entregas,MisEntregas_28,Mis entregas - Outros,,Outros,2025-08-07 16:10:53
Dropi Fretes,3768518,Dropi Fretes - Outros,,Outros,2025-08-07 16:10:53
Dropi Fretes,3751025,Dropi Fretes - Outros,,Outros,2025-08-07 16:10:53
Dropi Fretes,3794614,Dropi Fretes - Outros,,Outros,2025-08-07 16:10:53
Muvon Logística - OHANA,Normal,Muvon Logística - OHANA - Outros,,Outros,2025-08-07 16:10:53
Muvon Logística - MiniPix,Flex,Muvon Logística - MiniPix - Outros,,Outros,2025-08-07 16:10:53
Dropi Fretes,3674777,Dropi Fretes - Outros,,Outros,2025-08-07 16:10:53
Dropi Fretes,3667490,Dropi Fretes - Outros,,Outros,2025-08-07 16:10:53
Dropi Fretes,3664372,Dropi Fretes - Outros,,Outros,2025-08-07 16:10:53
Dropi Fretes,3717182,Dropi Fretes - Outros,,Outros,2025-08-07 16:10:53
Lixlog,lix_vipex_normal,Lixlog - Outros,,Outros,2025-08-07 16:10:53
Dropi Fretes,3902983,Dropi Fretes - Outros,,Outros,2025-08-07 16:10:53
Dropi Fretes,3898946,Dropi Fretes - Outros,,Outros,2025-08-07 16:10:53
Dropi Fretes,3853955,Dropi Fretes - Outros,,Outros,2025-08-07 16:10:53
Dropi Fretes,3893428,Dropi Fretes - Outros,,Outros,2025-08-07 16:10:53
Dropi Fretes,389127,Dropi Fretes - Outros,,Outros,2025-08-07 16:10:53
Dropi Fretes,3841618,Dropi Fretes - Outros,,Outros,2025-08-07 16:10:53
Dropi Fretes,3822867,Dropi Fretes - Outros,,Outros,2025-08-07 16:10:53
Dropi Fretes,3851884,Dropi Fretes - Outros,,Outros,2025-08-07 16:10:53
Dropi Fretes,3836000,Dropi Fretes - Outros,,Outros,2025-08-07 16:10:53
HUB Omie,1,HUB Omie - Outros,,Outros,2025-08-07 16:10:53
Dropi Fretes,479719,Dropi Fretes - Outros,,Outros,2025-08-07 16:10:53
Intelipost,Domínio Log,Intelipost - Outros,,Outros,2025-08-07 16:10:53
Dropi Fretes,3969419,Dropi Fretes - Outros,,Outros,2025-08-07 16:10:53
Dropi Fretes,3982223,Dropi Fretes - Outros,,Outros,2025-08-07 16:10:53
Intelipost,Transportes Fedrigo,Intelipost - Outros,,Outros,2025-08-07 16:10:53
Intelipost,Tnt Standard,Intelipost - Outros,,Outros,2025-08-07 16:10:53
Dropi Fretes,3971443,Dropi Fretes - Outros,,Outros,2025-08-07 16:10:53
Dropi Fretes,3943483,Dropi Fretes - Outros,,Outros,2025-08-07 16:10:53
Dropi Fretes,3932006,Dropi Fretes - Outros,,Outros,2025-08-07 16:10:53
Dropi Fretes,3896271,Dropi Fretes - Outros,,Outros,2025-08-07 16:10:53
Shippy,407|2176,Shippy - Outros,,Outros,2025-08-07 16:10:53
Dropi Fretes,3710869,Dropi Fretes - Outros,,Outros,2025-08-07 16:10:53
Dropi Fretes,3710868,Dropi Fretes - Outros,,Outros,2025-08-07 16:10:53
Dropi Fretes,4744159,Dropi Fretes - Outros,,Outros,2025-08-07 16:10:53
Dropi Fretes,3609551,Dropi Fretes - Outros,,Outros,2025-08-07 16:10:53
Dropi Fretes,3608692,Dropi Fretes - Outros,,Outros,2025-08-07 16:10:53
Dropi Fretes,3688092,Dropi Fretes - Outros,,Outros,2025-08-07 16:10:53
Dropi Fretes,3598663,Dropi Fretes - Outros,,Outros,2025-08-07 16:10:53
Dropi Fretes,3597424,Dropi Fretes - Outros,,Outros,2025-08-07 16:10:53
Dropi Fretes,3597419,Dropi Fretes - Outros,,Outros,2025-08-07 16:10:53
Dropi Fretes,3586785,Dropi Fretes - Outros,,Outros,2025-08-07 16:10:53
Dropi Fretes,3866924,Dropi Fretes - Outros,,Outros,2025-08-07 16:10:53
Dropi Fretes,4024843,Dropi Fretes - Outros,,Outros,2025-08-07 16:10:53
Frenet,REU_1,Frenet - Outros,,Outros,2025-08-07 16:10:53
Dropi Fretes,4009393,Dropi Fretes - Outros,,Outros,2025-08-07 16:10:53
Frenet,SDE_1,Frenet - Outros,,Outros,2025-08-07 16:10:53
Frenet,RPN,Frenet - Outros,,Outros,2025-08-07 16:10:53
Dropi Fretes,4003471,Dropi Fretes - Outros,,Outros,2025-08-07 16:10:53
Frenet,TRW,Frenet - Outros,,Outros,2025-08-07 16:10:53
Dropi Fretes,3996305,Dropi Fretes - Outros,,Outros,2025-08-07 16:10:53
Dropi Fretes,2670109,Dropi Fretes - Outros,,Outros,2025-08-07 16:10:53
Dropi Fretes,3505933,Dropi Fretes - Outros,,Outros,2025-08-07 16:10:53
Dropi Fretes,3419150,Dropi Fretes - Outros,,Outros,2025-08-07 16:10:53
Dropi Fretes,3398846,Dropi Fretes - Outros,,Outros,2025-08-07 16:10:53
Dropi Fretes,3288186,Dropi Fretes - Outros,,Outros,2025-08-07 16:10:53
Dropi Fretes,3286674,Dropi Fretes - Outros,,Outros,2025-08-07 16:10:53
Dropi Fretes,3245718,Dropi Fretes - Outros,,Outros,2025-08-07 16:10:53
Shippy,333|2010,Shippy - Outros,,Outros,2025-08-07 16:10:53
Fretemax,protocolo-frete-gratis,Fretemax - Outros,,Outros,2025-08-07 16:10:53
Dropi Fretes,4006381,Dropi Fretes - Outros,,Outros,2025-08-07 16:10:53
Dropi Fretes,4085197,Dropi Fretes - Outros,,Outros,2025-08-07 16:10:53
Dropi Fretes,4832429,Dropi Fretes - Outros,,Outros,2025-08-07 16:10:53
Dropi Fretes,4069587,Dropi Fretes - Outros,,Outros,2025-08-07 16:10:53
Frenet,ISP_1_15162,Frenet - Outros,,Outros,2025-08-07 16:10:53
Frenet,ISP_1_15037,Frenet - Outros,,Outros,2025-08-07 16:10:53
Frenet,ISP_1_14121,Frenet - Outros,,Outros,2025-08-07 16:10:53
Frenet,ISP_1_17486,Frenet - Outros,,Outros,2025-08-07 16:10:53
Frenet,JADP_10,Frenet - Outros,,Outros,2025-08-07 16:10:53
Dropi Fretes,4061981,Dropi Fretes - Outros,,Outros,2025-08-07 16:10:53
Frenet,NXT_WS,Frenet - Outros,,Outros,2025-08-07 16:10:53
Dropi Fretes,4191902,Dropi Fretes - Outros,,Outros,2025-08-07 16:10:53
Dropi Fretes,4187228,Dropi Fretes - Outros,,Outros,2025-08-07 16:10:53
Dropi Fretes,4181252,Dropi Fretes - Outros,,Outros,2025-08-07 16:10:53
Dropi Fretes,4873301,Dropi Fretes - Outros,,Outros,2025-08-07 16:10:53
Dropi Fretes,41581,Dropi Fretes - Outros,,Outros,2025-08-07 16:10:53
Flixlog,Rodovitor,Flixlog - Outros,,Outros,2025-08-07 16:10:53
Dropi Fretes,4123110,Dropi Fretes - Outros,,Outros,2025-08-07 16:10:53
Frenet,AVT_RODO,Frenet - Outros,,Outros,2025-08-07 16:10:53
Frenet,AGB_1,Frenet - Outros,,Outros,2025-08-07 16:10:53
Shippy,343|2033,Shippy - Outros,,Outros,2025-08-07 16:10:53
Dropi Fretes,3044221,Dropi Fretes - Outros,,Outros,2025-08-07 16:10:53
Shippy,461|2313,Shippy - Outros,,Outros,2025-08-07 16:10:53
Dropi Fretes,3112576,Dropi Fretes - Outros,,Outros,2025-08-07 16:10:53
Dropi Fretes,3003877,Dropi Fretes - Outros,,Outros,2025-08-07 16:10:53
Dropi Fretes,3003713,Dropi Fretes - Outros,,Outros,2025-08-07 16:10:53
Dropi Fretes,2995976,Dropi Fretes - Outros,,Outros,2025-08-07 16:10:53
Dropi Fretes,2948855,Dropi Fretes - Outros,,Outros,2025-08-07 16:10:53
Dropi Fretes,285395,Dropi Fretes - Outros,,Outros,2025-08-07 16:10:53
Dropi Fretes,269275,Dropi Fretes - Outros,,Outros,2025-08-07 16:10:53
Dropi Fretes,4112967,Dropi Fretes - Outros,,Outros,2025-08-07 16:10:53
Dropi Fretes,4112960,Dropi Fretes - Outros,,Outros,2025-08-07 16:10:53
Dropi Fretes,4299768,Dropi Fretes - Outros,,Outros,2025-08-07 16:10:53
Dropi Fretes,4298351,Dropi Fretes - Outros,,Outros,2025-08-07 16:10:53
Dropi Fretes,4286052,Dropi Fretes - Outros,,Outros,2025-08-07 16:10:53
Dropi Fretes,4262319,Dropi Fretes - Outros,,Outros,2025-08-07 16:10:53
Eship Entregas,eship;105;3,Eship Entregas - Outros,,Outros,2025-08-07 16:10:53
Especial 1 - Entrega até ás 18:00,sunday|16,Especial 1 - Entrega até ás 18:00 - Outros,,Outros,2025-08-07 16:10:53
Especial 1 - Entrega até ás 18:00,saturday|16,Especial 1 - Entrega até ás 18:00 - Outros,,Outros,2025-08-07 16:10:53
Dropi Fretes,4215059,Dropi Fretes - Outros,,Outros,2025-08-07 16:10:53
Dropi Fretes,4208211,Dropi Fretes - Outros,,Outros,2025-08-07 16:10:53
Dropi Fretes,2793888,Dropi Fretes - Outros,,Outros,2025-08-07 16:10:53
Dropi Fretes,248296,Dropi Fretes - Outros,,Outros,2025-08-07 16:10:53
SmartEnvios,694,SmartEnvios - Outros,,Outros,2025-08-07 16:10:53
SmartEnvios,686,SmartEnvios - Outros,,Outros,2025-08-07 16:10:53
Dropi Fretes,2626340,Dropi Fretes - Outros,,Outros,2025-08-07 16:10:53
Dropi Fretes,2318101,Dropi Fretes - Outros,,Outros,2025-08-07 16:10:53
Dropi Fretes,2398587,Dropi Fretes - Outros,,Outros,2025-08-07 16:10:53
Dropi Fretes,207035,Dropi Fretes - Outros,,Outros,2025-08-07 16:10:53
Dropi Fretes,2046350,Dropi Fretes - Outros,,Outros,2025-08-07 16:10:53
Especial 2 (13:00 ás 22h) | G1=data-especial,saturday|48,Especial 2 (13:00 ás 22h) | G1=data-especial - Outros,,Outros,2025-08-07 16:10:53
Dropi Fretes,4401655,Dropi Fretes - Outros,,Outros,2025-08-07 16:10:53
Dropi Fretes,4387623,Dropi Fretes - Outros,,Outros,2025-08-07 16:10:53
Envia.com Checkout Service,Jadlog - com_coleta,Envia.com Checkout Service - Outros,,Outros,2025-08-07 16:10:53
Envia.com Checkout Service,Noventa9Minutos - local_same_day,Envia.com Checkout Service - Outros,,Outros,2025-08-07 16:10:53
Enviame,CHX-encomiendagrandes,Enviame - Outros,,Outros,2025-08-07 16:10:53
Enviame,CHX-ampm,Enviame - Outros,,Outros,2025-08-07 16:10:53
Envia.com Checkout Service,Coordinadora - ecommerce,Envia.com Checkout Service - Outros,,Outros,2025-08-07 16:10:53
CORREIOS (JWA),792,CORREIOS (JWA) - Outros,,Outros,2025-08-07 16:10:53
Dropi Fretes,1944486,Dropi Fretes - Outros,,Outros,2025-08-07 16:10:53
Dropi Fretes,1880814,Dropi Fretes - Outros,,Outros,2025-08-07 16:10:53
Dropi Fretes,1856709,Dropi Fretes - Outros,,Outros,2025-08-07 16:10:53
Dropi Fretes,1842152,Dropi Fretes - Outros,,Outros,2025-08-07 16:10:53
SouthPost,SOUTHPOSTS.A._46,SouthPost - Outros,,Outros,2025-08-07 16:10:53
Dropi Fretes,2153274,Dropi Fretes - Outros,,Outros,2025-08-07 16:10:53
Dropi Fretes,214440,Dropi Fretes - Outros,,Outros,2025-08-07 16:10:53
Enviame,SKN-normal,Enviame - Outros,,Outros,2025-08-07 16:10:53
Enviame,ITR-mensajeria,Enviame - Outros,,Outros,2025-08-07 16:10:53
Dropi Fretes,4623954,Dropi Fretes - Outros,,Outros,2025-08-07 16:10:53
API Sisfrete Cotação,3881,API Sisfrete Cotação - Outros,,Outros,2025-08-07 16:10:53
API Sisfrete Cotação,3593,API Sisfrete Cotação - Outros,,Outros,2025-08-07 16:10:53
API Sisfrete Cotação,3140,API Sisfrete Cotação - Outros,,Outros,2025-08-07 16:10:53
Dropi Fretes,4980056,Dropi Fretes - Outros,,Outros,2025-08-07 16:10:53
Dropi Fretes,611776,Dropi Fretes - Outros,,Outros,2025-08-07 16:10:53
Dropi Fretes,55513,Dropi Fretes - Outros,,Outros,2025-08-07 16:10:53
Dropi Fretes,505040,Dropi Fretes - Outros,,Outros,2025-08-07 16:10:53
Dropi Fretes,1297026,Dropi Fretes - Outros,,Outros,2025-08-07 16:10:53
Dropi Fretes,4621960,Dropi Fretes - Outros,,Outros,2025-08-07 16:10:53
7 Logística - ENCABLE ARGENTINA,Normal,7 Logística - ENCABLE ARGENTINA - Outros,,Outros,2025-08-07 16:10:53
Atené Logistic,atene-logistic,Atené Logistic - Outros,,Outros,2025-08-07 16:10:53
Dropi Fretes,4628058,Dropi Fretes - Outros,,Outros,2025-08-07 16:10:53
Dropi Fretes,147302,Dropi Fretes - Outros,,Outros,2025-08-07 16:10:53
Dropi Fretes,1577882,Dropi Fretes - Outros,,Outros,2025-08-07 16:10:53
Dropi Fretes,157529,Dropi Fretes - Outros,,Outros,2025-08-07 16:10:53
Dropi Fretes,1552,Dropi Fretes - Outros,,Outros,2025-08-07 16:10:53
skydropx,quiken.national_ground,skydropx - Outros,,Outros,2025-08-07 16:10:53
API Sisfrete Cotação,3643,API Sisfrete Cotação - Outros,,Outros,2025-08-07 16:10:53
API Sisfrete Cotação,3596,API Sisfrete Cotação - Outros,,Outros,2025-08-07 16:10:53
Delegamas,Delegamas_13,Delegamas - Outros,,Outros,2025-08-07 16:10:53
Dropi Fretes,1236206,Dropi Fretes - Outros,,Outros,2025-08-07 16:10:53
Dropi Fretes,1531401,Dropi Fretes - Outros,,Outros,2025-08-07 16:10:53
Dropi Fretes,1504100,Dropi Fretes - Outros,,Outros,2025-08-07 16:10:53
Dropi Fretes,1621698,Dropi Fretes - Outros,,Outros,2025-08-07 16:10:53
Dropi Fretes,1491688,Dropi Fretes - Outros,,Outros,2025-08-07 16:10:53
Dropi Fretes,4650174,Dropi Fretes - Outros,,Outros,2025-08-07 16:10:53
Dropi Fretes,4639880,Dropi Fretes - Outros,,Outros,2025-08-07 16:10:53
Dropi Fretes,4661914,Dropi Fretes - Outros,,Outros,2025-08-07 16:10:53
Dropi Fretes,1924425,Dropi Fretes - Outros,,Outros,2025-08-07 16:10:53
Dropi Fretes,621252,Dropi Fretes - Outros,,Outros,2025-08-07 16:10:53
Dropi Fretes,4953979,Dropi Fretes - Outros,,Outros,2025-08-07 16:10:53
Dropi Fretes,4953215,Dropi Fretes - Outros,,Outros,2025-08-07 16:10:53
Dropi Fretes,4952313,Dropi Fretes - Outros,,Outros,2025-08-07 16:10:53
Dropi Fretes,1818728,Dropi Fretes - Outros,,Outros,2025-08-07 16:10:53
Dropi Fretes,1811086,Dropi Fretes - Outros,,Outros,2025-08-07 16:10:53
Dropi Fretes,2334315,Dropi Fretes - Outros,,Outros,2025-08-07 16:10:53
Dropi Fretes,4680168,Dropi Fretes - Outros,,Outros,2025-08-07 16:10:53
Dropi Fretes,4679568,Dropi Fretes - Outros,,Outros,2025-08-07 16:10:53
Dropi Fretes,4674398,Dropi Fretes - Outros,,Outros,2025-08-07 16:10:53
Dropi Fretes,224295,Dropi Fretes - Outros,,Outros,2025-08-07 16:10:53
Dropi Fretes,2219859,Dropi Fretes - Outros,,Outros,2025-08-07 16:10:53
Dropi Fretes,2445931,Dropi Fretes - Outros,,Outros,2025-08-07 16:10:53
Dropi Fretes,2312747,Dropi Fretes - Outros,,Outros,2025-08-07 16:10:53
Dropi Fretes,4680858,Dropi Fretes - Outros,,Outros,2025-08-07 16:10:53
SmartEnvios,696,SmartEnvios - Outros,,Outros,2025-08-07 16:10:53
SmartEnvios,683,SmartEnvios - Outros,,Outros,2025-08-07 16:10:53
Dropi Fretes,2643376,Dropi Fretes - Outros,,Outros,2025-08-07 16:10:53
Dropi Fretes,2698381,Dropi Fretes - Outros,,Outros,2025-08-07 16:10:53
Dropi Fretes,2698361,Dropi Fretes - Outros,,Outros,2025-08-07 16:10:53
Dropi Fretes,4700896,Dropi Fretes - Outros,,Outros,2025-08-07 16:10:53
Dropi Fretes,2788819,Dropi Fretes - Outros,,Outros,2025-08-07 16:10:53
Dropi Fretes,2599753,Dropi Fretes - Outros,,Outros,2025-08-07 16:10:53
Dropi Fretes,2583415,Dropi Fretes - Outros,,Outros,2025-08-07 16:10:53
SmartEnvios,636,SmartEnvios - Outros,,Outros,2025-08-07 16:10:53
Dropi Fretes,2748854,Dropi Fretes - Outros,,Outros,2025-08-07 16:10:53
Dropi Fretes,2735482,Dropi Fretes - Outros,,Outros,2025-08-07 16:10:53
Dropi Fretes,2885362,Dropi Fretes - Outros,,Outros,2025-08-07 16:10:53
SmartEnvios,506,SmartEnvios - Outros,,Outros,2025-08-07 16:10:53
Dropi Fretes,283641,Dropi Fretes - Outros,,Outros,2025-08-07 16:10:53
Dropi Fretes,2799519,Dropi Fretes - Outros,,Outros,2025-08-07 16:10:53
SmartEnvios,474,SmartEnvios - Outros,,Outros,2025-08-07 16:10:53
SmartEnvios,1073,SmartEnvios - Outros,,Outros,2025-08-07 16:10:53
Dropi Fretes,2971527,Dropi Fretes - Outros,,Outros,2025-08-07 16:10:53
Dropi Fretes,4548687,Dropi Fretes - Outros,,Outros,2025-08-07 16:10:53
Dropi Fretes,4548145,Dropi Fretes - Outros,,Outros,2025-08-07 16:10:53
Dropi Fretes,591922,Dropi Fretes - Outros,,Outros,2025-08-07 16:10:53
Dropi Fretes,54304,Dropi Fretes - Outros,,Outros,2025-08-07 16:10:53
Dropi Fretes,2964172,Dropi Fretes - Outros,,Outros,2025-08-07 16:10:53
Dropi Fretes,3092910,Dropi Fretes - Outros,,Outros,2025-08-07 16:10:53
Dropi Fretes,3039125,Dropi Fretes - Outros,,Outros,2025-08-07 16:10:53
Dropi Fretes,3118542,Dropi Fretes - Outros,,Outros,2025-08-07 16:10:53
Dropi Fretes,311793,Dropi Fretes - Outros,,Outros,2025-08-07 16:10:53
Dropi Fretes,3175646,Dropi Fretes - Outros,,Outros,2025-08-07 16:10:53
Dropi Fretes,4722935,Dropi Fretes - Outros,,Outros,2025-08-07 16:10:53
Dropi Fretes,4720520,Dropi Fretes - Outros,,Outros,2025-08-07 16:10:53
Dropi Fretes,4715524,Dropi Fretes - Outros,,Outros,2025-08-07 16:10:53
Dropi Fretes,737287,Dropi Fretes - Outros,,Outros,2025-08-07 16:10:53
Dropi Fretes,4573453,Dropi Fretes - Outros,,Outros,2025-08-07 16:10:53
Dropi Fretes,4709127,Dropi Fretes - Outros,,Outros,2025-08-07 16:10:53
Dropi Fretes,3263624,Dropi Fretes - Outros,,Outros,2025-08-07 16:10:53
Dropi Fretes,3098547,Dropi Fretes - Outros,,Outros,2025-08-07 16:10:53
Shippy,417|2200,Shippy - Outros,,Outros,2025-08-07 16:10:53
Dropi Fretes,319210,Dropi Fretes - Outros,,Outros,2025-08-07 16:10:53
Shippy,357|2063,Shippy - Outros,,Outros,2025-08-07 16:10:53
Shippy,351|2051,Shippy - Outros,,Outros,2025-08-07 16:10:53
Shippy,350|2050,Shippy - Outros,,Outros,2025-08-07 16:10:53
Dropi Fretes,3307524,Dropi Fretes - Outros,,Outros,2025-08-07 16:10:53
Dropi Fretes,3234102,Dropi Fretes - Outros,,Outros,2025-08-07 16:10:53
Dropi Fretes,3398845,Dropi Fretes - Outros,,Outros,2025-08-07 16:10:53
Dropi Fretes,3393034,Dropi Fretes - Outros,,Outros,2025-08-07 16:10:53
Segmail API,FedEx,Segmail API - Outros,,Outros,2025-08-07 16:10:53
SHIPSMART,405,SHIPSMART - Outros,,Outros,2025-08-07 16:10:53
Dropi Fretes,3434122,Dropi Fretes - Outros,,Outros,2025-08-07 16:10:53
Shippy,319|1983,Shippy - Outros,,Outros,2025-08-07 16:10:53
Dropi Fretes,3432296,Dropi Fretes - Outros,,Outros,2025-08-07 16:10:53
Dropi Fretes,3430516,Dropi Fretes - Outros,,Outros,2025-08-07 16:10:53
Dropi Fretes,3422698,Dropi Fretes - Outros,,Outros,2025-08-07 16:10:53
Dropi Fretes,3422083,Dropi Fretes - Outros,,Outros,2025-08-07 16:10:53
Dropi Fretes,3403082,Dropi Fretes - Outros,,Outros,2025-08-07 16:10:53
Dropi Fretes,4917558,Dropi Fretes - Outros,,Outros,2025-08-07 16:10:53
Dropi Fretes,697110,Dropi Fretes - Outros,,Outros,2025-08-07 16:10:53
Dropi Fretes,680102,Dropi Fretes - Outros,,Outros,2025-08-07 16:10:53
Dropi Fretes,865840,Dropi Fretes - Outros,,Outros,2025-08-07 16:10:53
Dropi Fretes,847,Dropi Fretes - Outros,,Outros,2025-08-07 16:10:53
Dropi Fretes,829816,Dropi Fretes - Outros,,Outros,2025-08-07 16:10:53
Dropi Fretes,4733740,Dropi Fretes - Outros,,Outros,2025-08-07 16:10:53
Dropi Fretes,4727283,Dropi Fretes - Outros,,Outros,2025-08-07 16:10:53
Dropi Fretes,4724368,Dropi Fretes - Outros,,Outros,2025-08-07 16:10:53
Dropi Fretes,3586312,Dropi Fretes - Outros,,Outros,2025-08-07 16:10:53
Dropi Fretes,3479609,Dropi Fretes - Outros,,Outros,2025-08-07 16:10:53
Dropi Fretes,3479114,Dropi Fretes - Outros,,Outros,2025-08-07 16:10:53
Dropi Fretes,3479100,Dropi Fretes - Outros,,Outros,2025-08-07 16:10:53
Dropi Fretes,3477752,Dropi Fretes - Outros,,Outros,2025-08-07 16:10:53
Dropi Fretes,971667,Dropi Fretes - Outros,,Outros,2025-08-07 16:10:53
Dropi Fretes,96919,Dropi Fretes - Outros,,Outros,2025-08-07 16:10:53
Dropi Fretes,4925850,Dropi Fretes - Outros,,Outros,2025-08-07 16:10:53
Dropi Fretes,492409,Dropi Fretes - Outros,,Outros,2025-08-07 16:10:53
Dropi Fretes,3455971,Dropi Fretes - Outros,,Outros,2025-08-07 16:10:53
Dropi Fretes,3529582,Dropi Fretes - Outros,,Outros,2025-08-07 16:10:53
Dropi Fretes,3499371,Dropi Fretes - Outros,,Outros,2025-08-07 16:10:53
Dropi Fretes,3492669,Dropi Fretes - Outros,,Outros,2025-08-07 16:10:53
PinPoint,SANTA_FE_PINDAY,PinPoint - Outros,,Outros,2025-08-07 16:10:53
Dropi Fretes,3654325,Dropi Fretes - Outros,,Outros,2025-08-07 16:10:53
Dropi Fretes,3616618,Dropi Fretes - Outros,,Outros,2025-08-07 16:10:53
Dropi Fretes,3608689,Dropi Fretes - Outros,,Outros,2025-08-07 16:10:53
P.A. Construshop,PACKAGE,P.A. Construshop - Outros,,Outros,2025-08-07 16:10:53
Dropi Fretes,4521113,Dropi Fretes - Outros,,Outros,2025-08-07 16:10:53
E-pick Dev Chi,epick-option-1-chi,E-pick Dev Chi - Outros,,Outros,2025-08-07 16:10:53
Droppers - CorreoArgentino,standard,Droppers - CorreoArgentino - Outros,,Outros,2025-08-07 16:10:53
Dropify Express,CORREIOS_PAC,Dropify Express - Outros,,Outros,2025-08-07 16:10:53
Dropi Fretes,3690259,Dropi Fretes - Outros,,Outros,2025-08-07 16:10:53
Dropi Fretes,4747930,Dropi Fretes - Outros,,Outros,2025-08-07 16:10:53
Dropi Fretes,4744918,Dropi Fretes - Outros,,Outros,2025-08-07 16:10:53
Dropi Fretes,4740677,Dropi Fretes - Outros,,Outros,2025-08-07 16:10:53
Dropi Fretes,4739769,Dropi Fretes - Outros,,Outros,2025-08-07 16:10:53
Dropi Fretes,3703343,Dropi Fretes - Outros,,Outros,2025-08-07 16:10:53
Dropi Fretes,3742873,Dropi Fretes - Outros,,Outros,2025-08-07 16:10:53
Dropi Fretes,3739711,Dropi Fretes - Outros,,Outros,2025-08-07 16:10:53
Dropi Fretes,3654336,Dropi Fretes - Outros,,Outros,2025-08-07 16:10:53
Dropi Fretes,3729790,Dropi Fretes - Outros,,Outros,2025-08-07 16:10:53
Muvon Logística - OHANA,Flex,Muvon Logística - OHANA - Outros,,Outros,2025-08-07 16:10:53
Motoflex,standard,Motoflex - Outros,,Outros,2025-08-07 16:10:53
Dropi Fretes,4500943,Dropi Fretes - Outros,,Outros,2025-08-07 16:10:53
Dropi Fretes,4528702,Dropi Fretes - Outros,,Outros,2025-08-07 16:10:53
Dropi Fretes,3772719,Dropi Fretes - Outros,,Outros,2025-08-07 16:10:53
Dropi Fretes,3772327,Dropi Fretes - Outros,,Outros,2025-08-07 16:10:53
Dropi Fretes,3710860,Dropi Fretes - Outros,,Outros,2025-08-07 16:10:53
Dropi Fretes,3794612,Dropi Fretes - Outros,,Outros,2025-08-07 16:10:53
Dropi Fretes,3794594,Dropi Fretes - Outros,,Outros,2025-08-07 16:10:53
Dropi Fretes,4605693,Dropi Fretes - Outros,,Outros,2025-08-07 16:10:53
Dropi Fretes,3832166,Dropi Fretes - Outros,,Outros,2025-08-07 16:10:53
Dropi Fretes,3787453,Dropi Fretes - Outros,,Outros,2025-08-07 16:10:53
Dropi Fretes,3774749,Dropi Fretes - Outros,,Outros,2025-08-07 16:10:53
Dropi Fretes,3795689,Dropi Fretes - Outros,,Outros,2025-08-07 16:10:53
Mienvio MX,Estafeta (express),Mienvio MX - Outros,,Outros,2025-08-07 16:10:53
Dropi Fretes,3836090,Dropi Fretes - Outros,,Outros,2025-08-07 16:10:53
Dropi Fretes,3865846,Dropi Fretes - Outros,,Outros,2025-08-07 16:10:53
Emissary,77,Emissary - Outros,,Outros,2025-08-07 16:10:53
Entrega Agendada (Huapps. saturday),3618835_manha_saturday,Entrega Agendada (Huapps. saturday) - Outros,,Outros,2025-08-07 16:10:53
Dropi Fretes,4513449,Dropi Fretes - Outros,,Outros,2025-08-07 16:10:53
Dropi Fretes,3853559,Dropi Fretes - Outros,,Outros,2025-08-07 16:10:53
Dropi Fretes,3896032,Dropi Fretes - Outros,,Outros,2025-08-07 16:10:53
Dropi Fretes,3883575,Dropi Fretes - Outros,,Outros,2025-08-07 16:10:53
Dropi Fretes,384215,Dropi Fretes - Outros,,Outros,2025-08-07 16:10:53
Dropi Fretes,4769751,Dropi Fretes - Outros,,Outros,2025-08-07 16:10:53
Dropi Fretes,4766374,Dropi Fretes - Outros,,Outros,2025-08-07 16:10:53
Dropi Fretes,4755902,Dropi Fretes - Outros,,Outros,2025-08-07 16:10:53
Dropi Fretes,4753898,Dropi Fretes - Outros,,Outros,2025-08-07 16:10:53
Dropi Fretes,3924104,Dropi Fretes - Outros,,Outros,2025-08-07 16:10:53
Lixlog,lix_trd_normal,Lixlog - Outros,,Outros,2025-08-07 16:10:53
Dropi Fretes,3906092,Dropi Fretes - Outros,,Outros,2025-08-07 16:10:53
Dropi Fretes,3902985,Dropi Fretes - Outros,,Outros,2025-08-07 16:10:53
Dropi Fretes,3932009,Dropi Fretes - Outros,,Outros,2025-08-07 16:10:53
Dropi Fretes,3930360,Dropi Fretes - Outros,,Outros,2025-08-07 16:10:53
Dropi Fretes,3924107,Dropi Fretes - Outros,,Outros,2025-08-07 16:10:53
Dropi Fretes,4454768,Dropi Fretes - Outros,,Outros,2025-08-07 16:10:53
Dropi Fretes,4483086,Dropi Fretes - Outros,,Outros,2025-08-07 16:10:53
Dropi Fretes,4479440,Dropi Fretes - Outros,,Outros,2025-08-07 16:10:53
Dropi Fretes,4478423,Dropi Fretes - Outros,,Outros,2025-08-07 16:10:53
Lixlog,lix_saomiguel_normal,Lixlog - Outros,,Outros,2025-08-07 16:10:53
Lixlog,lix_favorita_normal,Lixlog - Outros,,Outros,2025-08-07 16:10:53
Dropi Fretes,3941415,Dropi Fretes - Outros,,Outros,2025-08-07 16:10:53
Dropi Fretes,3940348,Dropi Fretes - Outros,,Outros,2025-08-07 16:10:53
Dropi Fretes,3910242,Dropi Fretes - Outros,,Outros,2025-08-07 16:10:53
Dropi Fretes,3940345,Dropi Fretes - Outros,,Outros,2025-08-07 16:10:53
Dropi Fretes,3939577,Dropi Fretes - Outros,,Outros,2025-08-07 16:10:53
Intelipost,Transportadora,Intelipost - Outros,,Outros,2025-08-07 16:10:53
Intelipost,OFF LOG Standard,Intelipost - Outros,,Outros,2025-08-07 16:10:53
Intelipost,Loggi Super Express,Intelipost - Outros,,Outros,2025-08-07 16:10:53
Dropi Fretes,3976208,Dropi Fretes - Outros,,Outros,2025-08-07 16:10:53
Dropi Fretes,3976196,Dropi Fretes - Outros,,Outros,2025-08-07 16:10:53
Dropi Fretes,4467493,Dropi Fretes - Outros,,Outros,2025-08-07 16:10:53
Dropi Fretes,4462530,Dropi Fretes - Outros,,Outros,2025-08-07 16:10:53
Dropi Fretes,4457852,Dropi Fretes - Outros,,Outros,2025-08-07 16:10:53
JadLog,40,JadLog - Outros,,Outros,2025-08-07 16:10:53
Dropi Fretes,3962586,Dropi Fretes - Outros,,Outros,2025-08-07 16:10:53
Dropi Fretes,3965039,Dropi Fretes - Outros,,Outros,2025-08-07 16:10:53
Dropi Fretes,3964042,Dropi Fretes - Outros,,Outros,2025-08-07 16:10:53
Intelipost,FM Transportes Standard,Intelipost - Outros,,Outros,2025-08-07 16:10:53
Dropi Fretes,4777339,Dropi Fretes - Outros,,Outros,2025-08-07 16:10:53
Dropi Fretes,3980073,Dropi Fretes - Outros,,Outros,2025-08-07 16:10:53
Intelipost,Braspress Aéreo,Intelipost - Outros,,Outros,2025-08-07 16:10:53
Intelipost,ARLETE TRANSPORTES,Intelipost - Outros,,Outros,2025-08-07 16:10:53
Dropi Fretes,3995409,Dropi Fretes - Outros,,Outros,2025-08-07 16:10:53
Dropi Fretes,3994767,Dropi Fretes - Outros,,Outros,2025-08-07 16:10:53
Dropi Fretes,3999334,Dropi Fretes - Outros,,Outros,2025-08-07 16:10:53
Dropi Fretes,4399966,Dropi Fretes - Outros,,Outros,2025-08-07 16:10:53
Dropi Fretes,4794578,Dropi Fretes - Outros,,Outros,2025-08-07 16:10:53
Dropi Fretes,4790340,Dropi Fretes - Outros,,Outros,2025-08-07 16:10:53
Dropi Fretes,3994144,Dropi Fretes - Outros,,Outros,2025-08-07 16:10:53
HUB Omie,2,HUB Omie - Outros,,Outros,2025-08-07 16:10:53
Dropi Fretes,4001140,Dropi Fretes - Outros,,Outros,2025-08-07 16:10:53
Frenet,T_TDX,Frenet - Outros,,Outros,2025-08-07 16:10:53
Frenet,TRC_1,Frenet - Outros,,Outros,2025-08-07 16:10:53
Frenet,TPN,Frenet - Outros,,Outros,2025-08-07 16:10:53
Dropi Fretes,3997313,Dropi Fretes - Outros,,Outros,2025-08-07 16:10:53
Dropi Fretes,4014690,Dropi Fretes - Outros,,Outros,2025-08-07 16:10:53
Dropi Fretes,4013972,Dropi Fretes - Outros,,Outros,2025-08-07 16:10:53
Dropi Fretes,4005398,Dropi Fretes - Outros,,Outros,2025-08-07 16:10:53
Dropi Fretes,4005121,Dropi Fretes - Outros,,Outros,2025-08-07 16:10:53
Frenet,RISSO_WS,Frenet - Outros,,Outros,2025-08-07 16:10:53
Dropi Fretes,4023319,Dropi Fretes - Outros,,Outros,2025-08-07 16:10:53
Dropi Fretes,4408788,Dropi Fretes - Outros,,Outros,2025-08-07 16:10:53
Dropi Fretes,4416359,Dropi Fretes - Outros,,Outros,2025-08-07 16:10:53
Dropi Fretes,4415278,Dropi Fretes - Outros,,Outros,2025-08-07 16:10:53
Entrega Agendada (Huapps. week),3618834_tarde_week,Entrega Agendada (Huapps. week) - Outros,,Outros,2025-08-07 16:10:53
Dropi Fretes,4400945,Dropi Fretes - Outros,,Outros,2025-08-07 16:10:53
Frenet,PLV_1,Frenet - Outros,,Outros,2025-08-07 16:10:53
Dropi Fretes,4814807,Dropi Fretes - Outros,,Outros,2025-08-07 16:10:53
Dropi Fretes,4807456,Dropi Fretes - Outros,,Outros,2025-08-07 16:10:53
Dropi Fretes,4801546,Dropi Fretes - Outros,,Outros,2025-08-07 16:10:53
Dropi Fretes,4039864,Dropi Fretes - Outros,,Outros,2025-08-07 16:10:53
Dropi Fretes,4036209,Dropi Fretes - Outros,,Outros,2025-08-07 16:10:53
Dropi Fretes,4033729,Dropi Fretes - Outros,,Outros,2025-08-07 16:10:53
Dropi Fretes,4029741,Dropi Fretes - Outros,,Outros,2025-08-07 16:10:53
Dropi Fretes,4029035,Dropi Fretes - Outros,,Outros,2025-08-07 16:10:53
Dropi Fretes,4046593,Dropi Fretes - Outros,,Outros,2025-08-07 16:10:53
Frenet,N,Frenet - Outros,,Outros,2025-08-07 16:10:53
Envia.com Checkout Service,Dhl2 - express,Envia.com Checkout Service - Outros,,Outros,2025-08-07 16:10:53
Frenet,MMA1,Frenet - Outros,,Outros,2025-08-07 16:10:53
Frenet,MDO,Frenet - Outros,,Outros,2025-08-07 16:10:53
Dropi Fretes,4038964,Dropi Fretes - Outros,,Outros,2025-08-07 16:10:53
Frenet,ISP_1_17407,Frenet - Outros,,Outros,2025-08-07 16:10:53
Frenet,ISP_1_17401,Frenet - Outros,,Outros,2025-08-07 16:10:53
Frenet,ISP_1_17345,Frenet - Outros,,Outros,2025-08-07 16:10:53
Frenet,JADP_08,Frenet - Outros,,Outros,2025-08-07 16:10:53
Frenet,ISP_1_16057,Frenet - Outros,,Outros,2025-08-07 16:10:53
Frenet,ISP_1_13275,Frenet - Outros,,Outros,2025-08-07 16:10:53
Dropi Fretes,4054029,Dropi Fretes - Outros,,Outros,2025-08-07 16:10:53
Dropi Fretes,4068614,Dropi Fretes - Outros,,Outros,2025-08-07 16:10:53
Dropi Fretes,4066807,Dropi Fretes - Outros,,Outros,2025-08-07 16:10:53
Dropi Fretes,4066726,Dropi Fretes - Outros,,Outros,2025-08-07 16:10:53
Dropi Fretes,4899638,Dropi Fretes - Outros,,Outros,2025-08-07 16:10:53
Dropi Fretes,4898208,Dropi Fretes - Outros,,Outros,2025-08-07 16:10:53
Dropi Fretes,4896171,Dropi Fretes - Outros,,Outros,2025-08-07 16:10:53
Dropi Fretes,4397058,Dropi Fretes - Outros,,Outros,2025-08-07 16:10:53
Frenet,FLY_1,Frenet - Outros,,Outros,2025-08-07 16:10:53
Frenet,ISP_1_16954,Frenet - Outros,,Outros,2025-08-07 16:10:53
Dropi Fretes,4845616,Dropi Fretes - Outros,,Outros,2025-08-07 16:10:53
Dropi Fretes,409714,Dropi Fretes - Outros,,Outros,2025-08-07 16:10:53
Dropi Fretes,4091940,Dropi Fretes - Outros,,Outros,2025-08-07 16:10:53
Dropi Fretes,4091924,Dropi Fretes - Outros,,Outros,2025-08-07 16:10:53
Dropi Fretes,4089775,Dropi Fretes - Outros,,Outros,2025-08-07 16:10:53
Dropi Fretes,4133695,Dropi Fretes - Outros,,Outros,2025-08-07 16:10:53
Dropi Fretes,4113842,Dropi Fretes - Outros,,Outros,2025-08-07 16:10:53
Dropi Fretes,4150292,Dropi Fretes - Outros,,Outros,2025-08-07 16:10:53
Dropi Fretes,4148337,Dropi Fretes - Outros,,Outros,2025-08-07 16:10:53
Frenet,Azul_WS_3,Frenet - Outros,,Outros,2025-08-07 16:10:53
Dropi Fretes,4145302,Dropi Fretes - Outros,,Outros,2025-08-07 16:10:53
Flixlog,Primelog,Flixlog - Outros,,Outros,2025-08-07 16:10:53
Envia.com Checkout Service,Fedex - int_priority,Envia.com Checkout Service - Outros,,Outros,2025-08-07 16:10:53
Dropi Fretes,4385581,Dropi Fretes - Outros,,Outros,2025-08-07 16:10:53
Dropi Fretes,4384926,Dropi Fretes - Outros,,Outros,2025-08-07 16:10:53
Dropi Fretes,49106,Dropi Fretes - Outros,,Outros,2025-08-07 16:10:53
Dropi Fretes,4906923,Dropi Fretes - Outros,,Outros,2025-08-07 16:10:53
Dropi Fretes,4903252,Dropi Fretes - Outros,,Outros,2025-08-07 16:10:53
Dropi Fretes,4162323,Dropi Fretes - Outros,,Outros,2025-08-07 16:10:53
Dropi Fretes,4161109,Dropi Fretes - Outros,,Outros,2025-08-07 16:10:53
Dropi Fretes,4154768,Dropi Fretes - Outros,,Outros,2025-08-07 16:10:53
Dropi Fretes,4180716,Dropi Fretes - Outros,,Outros,2025-08-07 16:10:53
Dropi Fretes,4146354,Dropi Fretes - Outros,,Outros,2025-08-07 16:10:53
Dropi Fretes,4178120,Dropi Fretes - Outros,,Outros,2025-08-07 16:10:53
Dropi Fretes,4177868,Dropi Fretes - Outros,,Outros,2025-08-07 16:10:53
Dropi Fretes,4175031,Dropi Fretes - Outros,,Outros,2025-08-07 16:10:53
Dropi Fretes,4362861,Dropi Fretes - Outros,,Outros,2025-08-07 16:10:53
Dropi Fretes,4361591,Dropi Fretes - Outros,,Outros,2025-08-07 16:10:53
Dropi Fretes,4358188,Dropi Fretes - Outros,,Outros,2025-08-07 16:10:53
Envia.com Checkout Service,TresGuerras - big_ticket,Envia.com Checkout Service - Outros,,Outros,2025-08-07 16:10:53
Dropi Fretes,4891651,Dropi Fretes - Outros,,Outros,2025-08-07 16:10:53
Dropi Fretes,4377967,Dropi Fretes - Outros,,Outros,2025-08-07 16:10:53
Dropi Fretes,4172671,Dropi Fretes - Outros,,Outros,2025-08-07 16:10:53
Dropi Fretes,4166347,Dropi Fretes - Outros,,Outros,2025-08-07 16:10:53
Dropi Fretes,4212291,Dropi Fretes - Outros,,Outros,2025-08-07 16:10:53
Dropi Fretes,4212275,Dropi Fretes - Outros,,Outros,2025-08-07 16:10:53
Dropi Fretes,486101,Dropi Fretes - Outros,,Outros,2025-08-07 16:10:53
Dropi Fretes,4848432,Dropi Fretes - Outros,,Outros,2025-08-07 16:10:53
Especial 2 - Entrega até ás 22:00,saturday|17,Especial 2 - Entrega até ás 22:00 - Outros,,Outros,2025-08-07 16:10:53
Dropi Fretes,4191442,Dropi Fretes - Outros,,Outros,2025-08-07 16:10:53
Dropi Fretes,4182496,Dropi Fretes - Outros,,Outros,2025-08-07 16:10:53
Dropi Fretes,4220508,Dropi Fretes - Outros,,Outros,2025-08-07 16:10:53
Dropi Fretes,4334831,Dropi Fretes - Outros,,Outros,2025-08-07 16:10:53
Dropi Fretes,4342313,Dropi Fretes - Outros,,Outros,2025-08-07 16:10:53
Envia.com Checkout Service,LastMile - next_day,Envia.com Checkout Service - Outros,,Outros,2025-08-07 16:10:53
Dropi Fretes,4364878,Dropi Fretes - Outros,,Outros,2025-08-07 16:10:53
Dropi Fretes,4364731,Dropi Fretes - Outros,,Outros,2025-08-07 16:10:53
Dropi Fretes,4204261,Dropi Fretes - Outros,,Outros,2025-08-07 16:10:53
Dropi Fretes,4199875,Dropi Fretes - Outros,,Outros,2025-08-07 16:10:53
Dropi Fretes,4237421,Dropi Fretes - Outros,,Outros,2025-08-07 16:10:53
Dropi Fretes,4234687,Dropi Fretes - Outros,,Outros,2025-08-07 16:10:53
Dropi Fretes,4234236,Dropi Fretes - Outros,,Outros,2025-08-07 16:10:53
Dropi Fretes,4225285,Dropi Fretes - Outros,,Outros,2025-08-07 16:10:53
Dropi Fretes,4222402,Dropi Fretes - Outros,,Outros,2025-08-07 16:10:53
Dropi Fretes,4250857,Dropi Fretes - Outros,,Outros,2025-08-07 16:10:53
Dropi Fretes,4242939,Dropi Fretes - Outros,,Outros,2025-08-07 16:10:53
Dropi Fretes,4240634,Dropi Fretes - Outros,,Outros,2025-08-07 16:10:53
Dropi Fretes,4238073,Dropi Fretes - Outros,,Outros,2025-08-07 16:10:53
Dropi Fretes,4213216,Dropi Fretes - Outros,,Outros,2025-08-07 16:10:53
Dropi Fretes,4268220,Dropi Fretes - Outros,,Outros,2025-08-07 16:10:53
Envio Próprio,0197faefdf33751583722195e0d5850f,Envio Próprio - Outros,,Outros,2025-08-07 16:10:53
Enviame,SEC-premier,Enviame - Outros,,Outros,2025-08-07 16:10:53
Enviame,DPR-mensajeria,Enviame - Outros,,Outros,2025-08-07 16:10:53
Envia.com Checkout Service,Quiken - next_day_guaranteed,Envia.com Checkout Service - Outros,,Outros,2025-08-07 16:10:53
Dropi Fretes,4354307,Dropi Fretes - Outros,,Outros,2025-08-07 16:10:53
Dropi Fretes,4263560,Dropi Fretes - Outros,,Outros,2025-08-07 16:10:53
Dropi Fretes,4874682,Dropi Fretes - Outros,,Outros,2025-08-07 16:10:53
Dropi Fretes,4297602,Dropi Fretes - Outros,,Outros,2025-08-07 16:10:53
Dropi Fretes,4889879,Dropi Fretes - Outros,,Outros,2025-08-07 16:10:53
Dropi Fretes,4883000,Dropi Fretes - Outros,,Outros,2025-08-07 16:10:53
Dropi Fretes,4310496,Dropi Fretes - Outros,,Outros,2025-08-07 16:10:53
Dropi Fretes,4308573,Dropi Fretes - Outros,,Outros,2025-08-07 16:10:53
Dropi Fretes,4308165,Dropi Fretes - Outros,,Outros,2025-08-07 16:10:53
Dropi Fretes,4304976,Dropi Fretes - Outros,,Outros,2025-08-07 16:10:53
EnviaYa for TiendaNube,33,EnviaYa for TiendaNube - Outros,,Outros,2025-08-07 16:10:53
Dropi Fretes,4298961,Dropi Fretes - Outros,,Outros,2025-08-07 16:10:53
Dropi Fretes,4298898,Dropi Fretes - Outros,,Outros,2025-08-07 16:10:53
Dropi Fretes,4322464,Dropi Fretes - Outros,,Outros,2025-08-07 16:10:53
BlueMail Envíos,bluemail-pronto_g-10,BlueMail Envíos - Outros,,Outros,2025-08-07 16:10:53
Dropi Fretes,1160874,Dropi Fretes - Outros,,Outros,2025-08-07 16:10:53
Dropi Fretes,1158240,Dropi Fretes - Outros,,Outros,2025-08-07 16:10:53
Dropi Fretes,114161,Dropi Fretes - Outros,,Outros,2025-08-07 16:10:53
Dropi Fretes,1344679,Dropi Fretes - Outros,,Outros,2025-08-07 16:10:53
Dropi Fretes,1340815,Dropi Fretes - Outros,,Outros,2025-08-07 16:10:53
API Sisfrete Cotação,3256,API Sisfrete Cotação - Outros,,Outros,2025-08-07 16:10:53
API Sisfrete Cotação,3141,API Sisfrete Cotação - Outros,,Outros,2025-08-07 16:10:53
DHDLogistica Shipping,nextday,DHDLogistica Shipping - Outros,,Outros,2025-08-07 16:10:53
Caddy. Yo lo llevo!,Simple,Caddy. Yo lo llevo! - Outros,,Outros,2025-08-07 16:10:53
Central de Envios - Tu Blanco,Flex,Central de Envios - Tu Blanco - Outros,,Outros,2025-08-07 16:10:53
CRAB,CRAB_29,CRAB - Outros,,Outros,2025-08-07 16:10:53
Dropi Fretes,4621211,Dropi Fretes - Outros,,Outros,2025-08-07 16:10:53
Conectenvios,conectenvios-jadlog-com,Conectenvios - Outros,,Outros,2025-08-07 16:10:53
Central de Envios - XPS Ventas,Normal,Central de Envios - XPS Ventas - Outros,,Outros,2025-08-07 16:10:53
skydropx,FEDEX  EXPRESS,skydropx - Outros,,Outros,2025-08-07 16:10:53
skydropx,ESTAFETA Express,skydropx - Outros,,Outros,2025-08-07 16:10:53
skydropx,DHL EXPRESS express,skydropx - Outros,,Outros,2025-08-07 16:10:53
Dropi Fretes,4958526,Dropi Fretes - Outros,,Outros,2025-08-07 16:10:53
Dropi Fretes,4959134,Dropi Fretes - Outros,,Outros,2025-08-07 16:10:53
Dropi Fretes,1346697,Dropi Fretes - Outros,,Outros,2025-08-07 16:10:53
Dropi Fretes,1553,Dropi Fretes - Outros,,Outros,2025-08-07 16:10:53
Dropi Fretes,1551,Dropi Fretes - Outros,,Outros,2025-08-07 16:10:53
Dropi Fretes,1544685,Dropi Fretes - Outros,,Outros,2025-08-07 16:10:53
Dropi Fretes,4941514,Dropi Fretes - Outros,,Outros,2025-08-07 16:10:53
Dropi Fretes,4940408,Dropi Fretes - Outros,,Outros,2025-08-07 16:10:53
Dropi Fretes,4936961,Dropi Fretes - Outros,,Outros,2025-08-07 16:10:53
Dropi Fretes,4983588,Dropi Fretes - Outros,,Outros,2025-08-07 16:10:53
Dropi Fretes,4983512,Dropi Fretes - Outros,,Outros,2025-08-07 16:10:53
Dropi Fretes,4983166,Dropi Fretes - Outros,,Outros,2025-08-07 16:10:53
Dropi Fretes,4982789,Dropi Fretes - Outros,,Outros,2025-08-07 16:10:53
Dropi Fretes,1116468,Dropi Fretes - Outros,,Outros,2025-08-07 16:10:53
Dropi Fretes,4616155,Dropi Fretes - Outros,,Outros,2025-08-07 16:10:53
Dropi Fretes,4615492,Dropi Fretes - Outros,,Outros,2025-08-07 16:10:53
Dropi Fretes,4613094,Dropi Fretes - Outros,,Outros,2025-08-07 16:10:53
Dropi Fretes,4606351,Dropi Fretes - Outros,,Outros,2025-08-07 16:10:53
Dropi Fretes,4330235,Dropi Fretes - Outros,,Outros,2025-08-07 16:10:53
Dropi Fretes,4329737,Dropi Fretes - Outros,,Outros,2025-08-07 16:10:53
EnviaYa for TiendaNube,80,EnviaYa for TiendaNube - Outros,,Outros,2025-08-07 16:10:53
EnviaYa for TiendaNube,78,EnviaYa for TiendaNube - Outros,,Outros,2025-08-07 16:10:53
EnviaYa for TiendaNube,62,EnviaYa for TiendaNube - Outros,,Outros,2025-08-07 16:10:53
EnviaYa for TiendaNube,35,EnviaYa for TiendaNube - Outros,,Outros,2025-08-07 16:10:53
Envio Simples,mini_gold,Envio Simples - Outros,,Outros,2025-08-07 16:10:53
Dropi Fretes,4304786,Dropi Fretes - Outros,,Outros,2025-08-07 16:10:53
Dropi Fretes,4303240,Dropi Fretes - Outros,,Outros,2025-08-07 16:10:53
Dropi Fretes,4302836,Dropi Fretes - Outros,,Outros,2025-08-07 16:10:53
Dropi Fretes,4302708,Dropi Fretes - Outros,,Outros,2025-08-07 16:10:53
Dropi Fretes,4299035,Dropi Fretes - Outros,,Outros,2025-08-07 16:10:53
Dropi Fretes,4337944,Dropi Fretes - Outros,,Outros,2025-08-07 16:10:53
Dropi Fretes,4337297,Dropi Fretes - Outros,,Outros,2025-08-07 16:10:53
Dropi Fretes,4337249,Dropi Fretes - Outros,,Outros,2025-08-07 16:10:53
Dropi Fretes,4336291,Dropi Fretes - Outros,,Outros,2025-08-07 16:10:53
Dropi Fretes,4877034,Dropi Fretes - Outros,,Outros,2025-08-07 16:10:53
Dropi Fretes,4875858,Dropi Fretes - Outros,,Outros,2025-08-07 16:10:53
Dropi Fretes,4874835,Dropi Fretes - Outros,,Outros,2025-08-07 16:10:53
Dropi Fretes,4308691,Dropi Fretes - Outros,,Outros,2025-08-07 16:10:53
EnvioPack,enviopack_D_X,EnvioPack - Outros,,Outros,2025-08-07 16:10:53
Dropi Fretes,4307706,Dropi Fretes - Outros,,Outros,2025-08-07 16:10:53
Dropi Fretes,4307655,Dropi Fretes - Outros,,Outros,2025-08-07 16:10:53
Dropi Fretes,4306323,Dropi Fretes - Outros,,Outros,2025-08-07 16:10:53
Dropi Fretes,4318947,Dropi Fretes - Outros,,Outros,2025-08-07 16:10:53
Dropi Fretes,4317076,Dropi Fretes - Outros,,Outros,2025-08-07 16:10:53
Dropi Fretes,4316028,Dropi Fretes - Outros,,Outros,2025-08-07 16:10:53
Dropi Fretes,4313860,Dropi Fretes - Outros,,Outros,2025-08-07 16:10:53
Dropi Fretes,4313851,Dropi Fretes - Outros,,Outros,2025-08-07 16:10:53
Dropi Fretes,4311221,Dropi Fretes - Outros,,Outros,2025-08-07 16:10:53
Dropi Fretes,4311208,Dropi Fretes - Outros,,Outros,2025-08-07 16:10:53
Dropi Fretes,4332446,Dropi Fretes - Outros,,Outros,2025-08-07 16:10:53
Dropi Fretes,4288031,Dropi Fretes - Outros,,Outros,2025-08-07 16:10:53
Dropi Fretes,4287700,Dropi Fretes - Outros,,Outros,2025-08-07 16:10:53
Dropi Fretes,4286927,Dropi Fretes - Outros,,Outros,2025-08-07 16:10:53
Envío rápido con Treggo,1194579,Envío rápido con Treggo - Outros,,Outros,2025-08-07 16:10:53
Envío rápido con Treggo,1174788,Envío rápido con Treggo - Outros,,Outros,2025-08-07 16:10:53
Dropi Fretes,4298686,Dropi Fretes - Outros,,Outros,2025-08-07 16:10:53
Dropi Fretes,4298361,Dropi Fretes - Outros,,Outros,2025-08-07 16:10:53
Dropi Fretes,4889574,Dropi Fretes - Outros,,Outros,2025-08-07 16:10:53
Dropi Fretes,4889252,Dropi Fretes - Outros,,Outros,2025-08-07 16:10:53
Dropi Fretes,4889189,Dropi Fretes - Outros,,Outros,2025-08-07 16:10:53
Dropi Fretes,4887561,Dropi Fretes - Outros,,Outros,2025-08-07 16:10:53
Dropi Fretes,4886460,Dropi Fretes - Outros,,Outros,2025-08-07 16:10:53
Dropi Fretes,4883883,Dropi Fretes - Outros,,Outros,2025-08-07 16:10:53
Dropi Fretes,4879082,Dropi Fretes - Outros,,Outros,2025-08-07 16:10:53
Dropi Fretes,4878761,Dropi Fretes - Outros,,Outros,2025-08-07 16:10:53
Dropi Fretes,4878586,Dropi Fretes - Outros,,Outros,2025-08-07 16:10:53
Dropi Fretes,4280528,Dropi Fretes - Outros,,Outros,2025-08-07 16:10:53
Dropi Fretes,4280379,Dropi Fretes - Outros,,Outros,2025-08-07 16:10:53
Dropi Fretes,4280061,Dropi Fretes - Outros,,Outros,2025-08-07 16:10:53
Dropi Fretes,4280047,Dropi Fretes - Outros,,Outros,2025-08-07 16:10:53
Dropi Fretes,4279840,Dropi Fretes - Outros,,Outros,2025-08-07 16:10:53
Dropi Fretes,4298358,Dropi Fretes - Outros,,Outros,2025-08-07 16:10:53
Eship Entregas,eship;104;3,Eship Entregas - Outros,,Outros,2025-08-07 16:10:53
Dropi Fretes,4873361,Dropi Fretes - Outros,,Outros,2025-08-07 16:10:53
Dropi Fretes,4298357,Dropi Fretes - Outros,,Outros,2025-08-07 16:10:53
Dropi Fretes,4298349,Dropi Fretes - Outros,,Outros,2025-08-07 16:10:53
Dropi Fretes,4297646,Dropi Fretes - Outros,,Outros,2025-08-07 16:10:53
Dropi Fretes,4295877,Dropi Fretes - Outros,,Outros,2025-08-07 16:10:53
Dropi Fretes,4295062,Dropi Fretes - Outros,,Outros,2025-08-07 16:10:53
Dropi Fretes,4295060,Dropi Fretes - Outros,,Outros,2025-08-07 16:10:53
Dropi Fretes,4290958,Dropi Fretes - Outros,,Outros,2025-08-07 16:10:53
Dropi Fretes,4288544,Dropi Fretes - Outros,,Outros,2025-08-07 16:10:53
Dropi Fretes,4349554,Dropi Fretes - Outros,,Outros,2025-08-07 16:10:53
Dropi Fretes,4263648,Dropi Fretes - Outros,,Outros,2025-08-07 16:10:53
Dropi Fretes,4261557,Dropi Fretes - Outros,,Outros,2025-08-07 16:10:53
Dropi Fretes,4259024,Dropi Fretes - Outros,,Outros,2025-08-07 16:10:53
Dropi Fretes,4257774,Dropi Fretes - Outros,,Outros,2025-08-07 16:10:53
Dropi Fretes,4222403,Dropi Fretes - Outros,,Outros,2025-08-07 16:10:53
Dropi Fretes,4256144,Dropi Fretes - Outros,,Outros,2025-08-07 16:10:53
Dropi Fretes,4286059,Dropi Fretes - Outros,,Outros,2025-08-07 16:10:53
Dropi Fretes,4286053,Dropi Fretes - Outros,,Outros,2025-08-07 16:10:53
Dropi Fretes,4285700,Dropi Fretes - Outros,,Outros,2025-08-07 16:10:53
Dropi Fretes,4285471,Dropi Fretes - Outros,,Outros,2025-08-07 16:10:53
Dropi Fretes,4283165,Dropi Fretes - Outros,,Outros,2025-08-07 16:10:53
Dropi Fretes,4282557,Dropi Fretes - Outros,,Outros,2025-08-07 16:10:53
Dropi Fretes,4282318,Dropi Fretes - Outros,,Outros,2025-08-07 16:10:53
Dropi Fretes,4281475,Dropi Fretes - Outros,,Outros,2025-08-07 16:10:53
Dropi Fretes,4281442,Dropi Fretes - Outros,,Outros,2025-08-07 16:10:53
Dropi Fretes,4274650,Dropi Fretes - Outros,,Outros,2025-08-07 16:10:53
Dropi Fretes,4273756,Dropi Fretes - Outros,,Outros,2025-08-07 16:10:53
Dropi Fretes,4269453,Dropi Fretes - Outros,,Outros,2025-08-07 16:10:53
Dropi Fretes,4268549,Dropi Fretes - Outros,,Outros,2025-08-07 16:10:53
Dropi Fretes,4268504,Dropi Fretes - Outros,,Outros,2025-08-07 16:10:53
Dropi Fretes,4266741,Dropi Fretes - Outros,,Outros,2025-08-07 16:10:53
Envio Simples,loggi_economic,Envio Simples - Outros,,Outros,2025-08-07 16:10:53
Enviame,COO-paqueteria,Enviame - Outros,,Outros,2025-08-07 16:10:53
Dropi Fretes,4341576,Dropi Fretes - Outros,,Outros,2025-08-07 16:10:53
Dropi Fretes,4339320,Dropi Fretes - Outros,,Outros,2025-08-07 16:10:53
Dropi Fretes,4356789,Dropi Fretes - Outros,,Outros,2025-08-07 16:10:53
Dropi Fretes,4352349,Dropi Fretes - Outros,,Outros,2025-08-07 16:10:53
Dropi Fretes,4351901,Dropi Fretes - Outros,,Outros,2025-08-07 16:10:53
Dropi Fretes,4351823,Dropi Fretes - Outros,,Outros,2025-08-07 16:10:53
Dropi Fretes,4351807,Dropi Fretes - Outros,,Outros,2025-08-07 16:10:53
Dropi Fretes,4349970,Dropi Fretes - Outros,,Outros,2025-08-07 16:10:53
Dropi Fretes,4225349,Dropi Fretes - Outros,,Outros,2025-08-07 16:10:53
Dropi Fretes,4221665,Dropi Fretes - Outros,,Outros,2025-08-07 16:10:53
Dropi Fretes,4221576,Dropi Fretes - Outros,,Outros,2025-08-07 16:10:53
Dropi Fretes,4251418,Dropi Fretes - Outros,,Outros,2025-08-07 16:10:53
Dropi Fretes,4249073,Dropi Fretes - Outros,,Outros,2025-08-07 16:10:53
Dropi Fretes,4249065,Dropi Fretes - Outros,,Outros,2025-08-07 16:10:53
Dropi Fretes,4248049,Dropi Fretes - Outros,,Outros,2025-08-07 16:10:53
Dropi Fretes,4247127,Dropi Fretes - Outros,,Outros,2025-08-07 16:10:53
Dropi Fretes,4244875,Dropi Fretes - Outros,,Outros,2025-08-07 16:10:53
Dropi Fretes,4242116,Dropi Fretes - Outros,,Outros,2025-08-07 16:10:53
Dropi Fretes,4240104,Dropi Fretes - Outros,,Outros,2025-08-07 16:10:53
Dropi Fretes,4238731,Dropi Fretes - Outros,,Outros,2025-08-07 16:10:53
Dropi Fretes,4213666,Dropi Fretes - Outros,,Outros,2025-08-07 16:10:53
Dropi Fretes,4237677,Dropi Fretes - Outros,,Outros,2025-08-07 16:10:53
Dropi Fretes,4278418,Dropi Fretes - Outros,,Outros,2025-08-07 16:10:53
Dropi Fretes,4276629,Dropi Fretes - Outros,,Outros,2025-08-07 16:10:53
Dropi Fretes,4363764,Dropi Fretes - Outros,,Outros,2025-08-07 16:10:53
Dropi Fretes,4363255,Dropi Fretes - Outros,,Outros,2025-08-07 16:10:53
Dropi Fretes,4362865,Dropi Fretes - Outros,,Outros,2025-08-07 16:10:53
Dropi Fretes,4211763,Dropi Fretes - Outros,,Outros,2025-08-07 16:10:53
Dropi Fretes,4206262,Dropi Fretes - Outros,,Outros,2025-08-07 16:10:53
Dropi Fretes,4205137,Dropi Fretes - Outros,,Outros,2025-08-07 16:10:53
Dropi Fretes,4204206,Dropi Fretes - Outros,,Outros,2025-08-07 16:10:53
Dropi Fretes,4197619,Dropi Fretes - Outros,,Outros,2025-08-07 16:10:53
Dropi Fretes,4234679,Dropi Fretes - Outros,,Outros,2025-08-07 16:10:53
Dropi Fretes,4232853,Dropi Fretes - Outros,,Outros,2025-08-07 16:10:53
Dropi Fretes,4232427,Dropi Fretes - Outros,,Outros,2025-08-07 16:10:53
Dropi Fretes,4232171,Dropi Fretes - Outros,,Outros,2025-08-07 16:10:53
Dropi Fretes,4229893,Dropi Fretes - Outros,,Outros,2025-08-07 16:10:53
Dropi Fretes,4225600,Dropi Fretes - Outros,,Outros,2025-08-07 16:10:53
Dropi Fretes,4225485,Dropi Fretes - Outros,,Outros,2025-08-07 16:10:53
Dropi Fretes,4225364,Dropi Fretes - Outros,,Outros,2025-08-07 16:10:53
Dropi Fretes,4220595,Dropi Fretes - Outros,,Outros,2025-08-07 16:10:53
Dropi Fretes,4219169,Dropi Fretes - Outros,,Outros,2025-08-07 16:10:53
Dropi Fretes,4218700,Dropi Fretes - Outros,,Outros,2025-08-07 16:10:53
Dropi Fretes,4218019,Dropi Fretes - Outros,,Outros,2025-08-07 16:10:53
Dropi Fretes,4215246,Dropi Fretes - Outros,,Outros,2025-08-07 16:10:53
Dropi Fretes,4215066,Dropi Fretes - Outros,,Outros,2025-08-07 16:10:53
Dropi Fretes,4215024,Dropi Fretes - Outros,,Outros,2025-08-07 16:10:53
Dropi Fretes,4214350,Dropi Fretes - Outros,,Outros,2025-08-07 16:10:53
Dropi Fretes,4345582,Dropi Fretes - Outros,,Outros,2025-08-07 16:10:53
Dropi Fretes,4335807,Dropi Fretes - Outros,,Outros,2025-08-07 16:10:53
Dropi Fretes,4335704,Dropi Fretes - Outros,,Outros,2025-08-07 16:10:53
Dropi Fretes,4335394,Dropi Fretes - Outros,,Outros,2025-08-07 16:10:53
Dropi Fretes,4334851,Dropi Fretes - Outros,,Outros,2025-08-07 16:10:53
Dropi Fretes,4333058,Dropi Fretes - Outros,,Outros,2025-08-07 16:10:53
Dropi Fretes,4343893,Dropi Fretes - Outros,,Outros,2025-08-07 16:10:53
Dropi Fretes,4342325,Dropi Fretes - Outros,,Outros,2025-08-07 16:10:53
Dropi Fretes,4848444,Dropi Fretes - Outros,,Outros,2025-08-07 16:10:53
Dropi Fretes,4848439,Dropi Fretes - Outros,,Outros,2025-08-07 16:10:53
Dropi Fretes,4846975,Dropi Fretes - Outros,,Outros,2025-08-07 16:10:53
Dropi Fretes,4195659,Dropi Fretes - Outros,,Outros,2025-08-07 16:10:53
Dropi Fretes,4194931,Dropi Fretes - Outros,,Outros,2025-08-07 16:10:53
Especial 2 - Entrega até ás 22:00,sunday|17,Especial 2 - Entrega até ás 22:00 - Outros,,Outros,2025-08-07 16:10:53
Especial 2 - Entrega até às 20h=data-especial,saturday|40,Especial 2 - Entrega até às 20h=data-especial - Outros,,Entrega até às 20h=data-especial,2025-08-07 16:10:53
Dropi Fretes,4192920,Dropi Fretes - Outros,,Outros,2025-08-07 16:10:53
Dropi Fretes,4190868,Dropi Fretes - Outros,,Outros,2025-08-07 16:10:53
Dropi Fretes,4190339,Dropi Fretes - Outros,,Outros,2025-08-07 16:10:53
Dropi Fretes,4190021,Dropi Fretes - Outros,,Outros,2025-08-07 16:10:53
Dropi Fretes,4188718,Dropi Fretes - Outros,,Outros,2025-08-07 16:10:53
Dropi Fretes,4187426,Dropi Fretes - Outros,,Outros,2025-08-07 16:10:53
Dropi Fretes,4187227,Dropi Fretes - Outros,,Outros,2025-08-07 16:10:53
Dropi Fretes,4181588,Dropi Fretes - Outros,,Outros,2025-08-07 16:10:53
Dropi Fretes,4212592,Dropi Fretes - Outros,,Outros,2025-08-07 16:10:53
Dropi Fretes,4378019,Dropi Fretes - Outros,,Outros,2025-08-07 16:10:53
Dropi Fretes,4376433,Dropi Fretes - Outros,,Outros,2025-08-07 16:10:53
Dropi Fretes,4170783,Dropi Fretes - Outros,,Outros,2025-08-07 16:10:53
Dropi Fretes,4166351,Dropi Fretes - Outros,,Outros,2025-08-07 16:10:53
Dropi Fretes,4194520,Dropi Fretes - Outros,,Outros,2025-08-07 16:10:53
Dropi Fretes,4194235,Dropi Fretes - Outros,,Outros,2025-08-07 16:10:53
Dropi Fretes,4193712,Dropi Fretes - Outros,,Outros,2025-08-07 16:10:53
Dropi Fretes,4868934,Dropi Fretes - Outros,,Outros,2025-08-07 16:10:53
Dropi Fretes,4868549,Dropi Fretes - Outros,,Outros,2025-08-07 16:10:53
Dropi Fretes,4865489,Dropi Fretes - Outros,,Outros,2025-08-07 16:10:53
Dropi Fretes,4862347,Dropi Fretes - Outros,,Outros,2025-08-07 16:10:53
Dropi Fretes,4859319,Dropi Fretes - Outros,,Outros,2025-08-07 16:10:53
Dropi Fretes,4857649,Dropi Fretes - Outros,,Outros,2025-08-07 16:10:53
Dropi Fretes,4856657,Dropi Fretes - Outros,,Outros,2025-08-07 16:10:53
Dropi Fretes,4852426,Dropi Fretes - Outros,,Outros,2025-08-07 16:10:53
Dropi Fretes,4852161,Dropi Fretes - Outros,,Outros,2025-08-07 16:10:53
Flixlog,Bros,Flixlog - Outros,,Outros,2025-08-07 16:10:53
Dropi Fretes,4179977,Dropi Fretes - Outros,,Outros,2025-08-07 16:10:53
Dropi Fretes,4845644,Dropi Fretes - Outros,,Outros,2025-08-07 16:10:53
Dropi Fretes,4179823,Dropi Fretes - Outros,,Outros,2025-08-07 16:10:53
Dropi Fretes,4178296,Dropi Fretes - Outros,,Outros,2025-08-07 16:10:53
Dropi Fretes,4175528,Dropi Fretes - Outros,,Outros,2025-08-07 16:10:53
Dropi Fretes,4175033,Dropi Fretes - Outros,,Outros,2025-08-07 16:10:53
Dropi Fretes,4173920,Dropi Fretes - Outros,,Outros,2025-08-07 16:10:53
Dropi Fretes,4361399,Dropi Fretes - Outros,,Outros,2025-08-07 16:10:53
EnviaYa for TiendaNube,2,EnviaYa for TiendaNube - Outros,,Outros,2025-08-07 16:10:53
Envia.com Checkout Service,Ups - worldwide_saver,Envia.com Checkout Service - Outros,,Outros,2025-08-07 16:10:53
Dropi Fretes,4893836,Dropi Fretes - Outros,,Outros,2025-08-07 16:10:53
Dropi Fretes,4358112,Dropi Fretes - Outros,,Outros,2025-08-07 16:10:53
Dropi Fretes,4384499,Dropi Fretes - Outros,,Outros,2025-08-07 16:10:53
Dropi Fretes,4381236,Dropi Fretes - Outros,,Outros,2025-08-07 16:10:53
Dropi Fretes,4380994,Dropi Fretes - Outros,,Outros,2025-08-07 16:10:53
Dropi Fretes,4163984,Dropi Fretes - Outros,,Outros,2025-08-07 16:10:53
Dropi Fretes,4162327,Dropi Fretes - Outros,,Outros,2025-08-07 16:10:53
Dropi Fretes,4162302,Dropi Fretes - Outros,,Outros,2025-08-07 16:10:53
Dropi Fretes,4126849,Dropi Fretes - Outros,,Outros,2025-08-07 16:10:53
Dropi Fretes,4125938,Dropi Fretes - Outros,,Outros,2025-08-07 16:10:53
Dropi Fretes,4123335,Dropi Fretes - Outros,,Outros,2025-08-07 16:10:53
Dropi Fretes,4160622,Dropi Fretes - Outros,,Outros,2025-08-07 16:10:53
Dropi Fretes,4159643,Dropi Fretes - Outros,,Outros,2025-08-07 16:10:53
Dropi Fretes,4159641,Dropi Fretes - Outros,,Outros,2025-08-07 16:10:53
Dropi Fretes,4158015,Dropi Fretes - Outros,,Outros,2025-08-07 16:10:53
Dropi Fretes,4157150,Dropi Fretes - Outros,,Outros,2025-08-07 16:10:53
Dropi Fretes,4155172,Dropi Fretes - Outros,,Outros,2025-08-07 16:10:53
Dropi Fretes,4152277,Dropi Fretes - Outros,,Outros,2025-08-07 16:10:53
Flixlog,Fcb,Flixlog - Outros,,Outros,2025-08-07 16:10:53
Flixlog,Exatacargo,Flixlog - Outros,,Outros,2025-08-07 16:10:53
Flixlog,Et-transportes,Flixlog - Outros,,Outros,2025-08-07 16:10:53
Dropi Fretes,4144081,Dropi Fretes - Outros,,Outros,2025-08-07 16:10:53
Dropi Fretes,4142867,Dropi Fretes - Outros,,Outros,2025-08-07 16:10:53
Dropi Fretes,4139759,Dropi Fretes - Outros,,Outros,2025-08-07 16:10:53
Flixlog,Transvanio,Flixlog - Outros,,Outros,2025-08-07 16:10:53
Flixlog,Translaguna,Flixlog - Outros,,Outros,2025-08-07 16:10:53
Dropi Fretes,4166171,Dropi Fretes - Outros,,Outros,2025-08-07 16:10:53
Dropi Fretes,4374277,Dropi Fretes - Outros,,Outros,2025-08-07 16:10:53
Dropi Fretes,4371227,Dropi Fretes - Outros,,Outros,2025-08-07 16:10:53
Dropi Fretes,4367763,Dropi Fretes - Outros,,Outros,2025-08-07 16:10:53
Dropi Fretes,4366774,Dropi Fretes - Outros,,Outros,2025-08-07 16:10:53
Dropi Fretes,4364891,Dropi Fretes - Outros,,Outros,2025-08-07 16:10:53
Envia.com Checkout Service,InterRapidisimo - mensajeria_do,Envia.com Checkout Service - Outros,,Outros,2025-08-07 16:10:53
Dropi Fretes,4909901,Dropi Fretes - Outros,,Outros,2025-08-07 16:10:53
Dropi Fretes,4908986,Dropi Fretes - Outros,,Outros,2025-08-07 16:10:53
Dropi Fretes,4904140,Dropi Fretes - Outros,,Outros,2025-08-07 16:10:53
Dropi Fretes,4899640,Dropi Fretes - Outros,,Outros,2025-08-07 16:10:53
Dropi Fretes,4113843,Dropi Fretes - Outros,,Outros,2025-08-07 16:10:53
Dropi Fretes,4111475,Dropi Fretes - Outros,,Outros,2025-08-07 16:10:53
Dropi Fretes,4123227,Dropi Fretes - Outros,,Outros,2025-08-07 16:10:53
Dropi Fretes,4123090,Dropi Fretes - Outros,,Outros,2025-08-07 16:10:53
Dropi Fretes,4121888,Dropi Fretes - Outros,,Outros,2025-08-07 16:10:53
Dropi Fretes,4152144,Dropi Fretes - Outros,,Outros,2025-08-07 16:10:53
Dropi Fretes,4151371,Dropi Fretes - Outros,,Outros,2025-08-07 16:10:53
Dropi Fretes,4151139,Dropi Fretes - Outros,,Outros,2025-08-07 16:10:53
Dropi Fretes,4150289,Dropi Fretes - Outros,,Outros,2025-08-07 16:10:53
Dropi Fretes,4149616,Dropi Fretes - Outros,,Outros,2025-08-07 16:10:53
Dropi Fretes,4149248,Dropi Fretes - Outros,,Outros,2025-08-07 16:10:53
Frenet,AVT_AERO,Frenet - Outros,,Outros,2025-08-07 16:10:53
Frenet,ARL_1,Frenet - Outros,,Outros,2025-08-07 16:10:53
Dropi Fretes,4139331,Dropi Fretes - Outros,,Outros,2025-08-07 16:10:53
Dropi Fretes,4138731,Dropi Fretes - Outros,,Outros,2025-08-07 16:10:53
Dropi Fretes,4145321,Dropi Fretes - Outros,,Outros,2025-08-07 16:10:53
Dropi Fretes,4098612,Dropi Fretes - Outros,,Outros,2025-08-07 16:10:53
Dropi Fretes,4096088,Dropi Fretes - Outros,,Outros,2025-08-07 16:10:53
Dropi Fretes,4091942,Dropi Fretes - Outros,,Outros,2025-08-07 16:10:53
Dropi Fretes,4090486,Dropi Fretes - Outros,,Outros,2025-08-07 16:10:53
Dropi Fretes,4138170,Dropi Fretes - Outros,,Outros,2025-08-07 16:10:53
Dropi Fretes,4137377,Dropi Fretes - Outros,,Outros,2025-08-07 16:10:53
Dropi Fretes,4135292,Dropi Fretes - Outros,,Outros,2025-08-07 16:10:53
Dropi Fretes,4132027,Dropi Fretes - Outros,,Outros,2025-08-07 16:10:53
Dropi Fretes,4129478,Dropi Fretes - Outros,,Outros,2025-08-07 16:10:53
Dropi Fretes,4128179,Dropi Fretes - Outros,,Outros,2025-08-07 16:10:53
Dropi Fretes,4121696,Dropi Fretes - Outros,,Outros,2025-08-07 16:10:53
Dropi Fretes,4119263,Dropi Fretes - Outros,,Outros,2025-08-07 16:10:53
Dropi Fretes,4118627,Dropi Fretes - Outros,,Outros,2025-08-07 16:10:53
Dropi Fretes,4118359,Dropi Fretes - Outros,,Outros,2025-08-07 16:10:53
Dropi Fretes,4116476,Dropi Fretes - Outros,,Outros,2025-08-07 16:10:53
Dropi Fretes,4114031,Dropi Fretes - Outros,,Outros,2025-08-07 16:10:53
Dropi Fretes,4085581,Dropi Fretes - Outros,,Outros,2025-08-07 16:10:53
Dropi Fretes,4085341,Dropi Fretes - Outros,,Outros,2025-08-07 16:10:53
Dropi Fretes,4085201,Dropi Fretes - Outros,,Outros,2025-08-07 16:10:53
Dropi Fretes,4082369,Dropi Fretes - Outros,,Outros,2025-08-07 16:10:53
Dropi Fretes,4075016,Dropi Fretes - Outros,,Outros,2025-08-07 16:10:53
Dropi Fretes,4074326,Dropi Fretes - Outros,,Outros,2025-08-07 16:10:53
Dropi Fretes,4074213,Dropi Fretes - Outros,,Outros,2025-08-07 16:10:53
Dropi Fretes,4073951,Dropi Fretes - Outros,,Outros,2025-08-07 16:10:53
Dropi Fretes,4111467,Dropi Fretes - Outros,,Outros,2025-08-07 16:10:53
Dropi Fretes,4110179,Dropi Fretes - Outros,,Outros,2025-08-07 16:10:53
Dropi Fretes,4109142,Dropi Fretes - Outros,,Outros,2025-08-07 16:10:53
Dropi Fretes,4105539,Dropi Fretes - Outros,,Outros,2025-08-07 16:10:53
Dropi Fretes,4105328,Dropi Fretes - Outros,,Outros,2025-08-07 16:10:53
Dropi Fretes,4102611,Dropi Fretes - Outros,,Outros,2025-08-07 16:10:53
Dropi Fretes,4101019,Dropi Fretes - Outros,,Outros,2025-08-07 16:10:53
Dropi Fretes,4098952,Dropi Fretes - Outros,,Outros,2025-08-07 16:10:53
Dropi Fretes,4844571,Dropi Fretes - Outros,,Outros,2025-08-07 16:10:53
Dropi Fretes,4841697,Dropi Fretes - Outros,,Outros,2025-08-07 16:10:53
Dropi Fretes,4838974,Dropi Fretes - Outros,,Outros,2025-08-07 16:10:53
Dropi Fretes,4836716,Dropi Fretes - Outros,,Outros,2025-08-07 16:10:53
Dropi Fretes,4835724,Dropi Fretes - Outros,,Outros,2025-08-07 16:10:53
Dropi Fretes,4832431,Dropi Fretes - Outros,,Outros,2025-08-07 16:10:53
Dropi Fretes,4832271,Dropi Fretes - Outros,,Outros,2025-08-07 16:10:53
Dropi Fretes,4830574,Dropi Fretes - Outros,,Outros,2025-08-07 16:10:53
Dropi Fretes,4089420,Dropi Fretes - Outros,,Outros,2025-08-07 16:10:53
Dropi Fretes,4087519,Dropi Fretes - Outros,,Outros,2025-08-07 16:10:53
Dropi Fretes,4086847,Dropi Fretes - Outros,,Outros,2025-08-07 16:10:53
Frenet,BRWEB,Frenet - Outros,,Outros,2025-08-07 16:10:53
Frenet,BRAS_A,Frenet - Outros,,Outros,2025-08-07 16:10:53
Dropi Fretes,4086461,Dropi Fretes - Outros,,Outros,2025-08-07 16:10:53
Dropi Fretes,4086076,Dropi Fretes - Outros,,Outros,2025-08-07 16:10:53
Dropi Fretes,4085860,Dropi Fretes - Outros,,Outros,2025-08-07 16:10:53
Dropi Fretes,4398196,Dropi Fretes - Outros,,Outros,2025-08-07 16:10:53
Dropi Fretes,4393490,Dropi Fretes - Outros,,Outros,2025-08-07 16:10:53
Dropi Fretes,4392724,Dropi Fretes - Outros,,Outros,2025-08-07 16:10:53
Dropi Fretes,4392677,Dropi Fretes - Outros,,Outros,2025-08-07 16:10:53
Dropi Fretes,4065142,Dropi Fretes - Outros,,Outros,2025-08-07 16:10:53
Dropi Fretes,4063379,Dropi Fretes - Outros,,Outros,2025-08-07 16:10:53
Dropi Fretes,4062616,Dropi Fretes - Outros,,Outros,2025-08-07 16:10:53
Frenet,FLX_ECOM,Frenet - Outros,,Outros,2025-08-07 16:10:53
Frenet,FCLK_ECO,Frenet - Outros,,Outros,2025-08-07 16:10:53
Dropi Fretes,4073268,Dropi Fretes - Outros,,Outros,2025-08-07 16:10:53
Frenet,EXT_1,Frenet - Outros,,Outros,2025-08-07 16:10:53
Frenet,CNLOG_1,Frenet - Outros,,Outros,2025-08-07 16:10:53
Dropi Fretes,4103958,Dropi Fretes - Outros,,Outros,2025-08-07 16:10:53
Dropi Fretes,4845632,Dropi Fretes - Outros,,Outros,2025-08-07 16:10:53
Dropi Fretes,4845340,Dropi Fretes - Outros,,Outros,2025-08-07 16:10:53
Dropi Fretes,4844889,Dropi Fretes - Outros,,Outros,2025-08-07 16:10:53
Dropi Fretes,4051713,Dropi Fretes - Outros,,Outros,2025-08-07 16:10:53
Dropi Fretes,4049897,Dropi Fretes - Outros,,Outros,2025-08-07 16:10:53
Dropi Fretes,4829672,Dropi Fretes - Outros,,Outros,2025-08-07 16:10:53
Dropi Fretes,4826155,Dropi Fretes - Outros,,Outros,2025-08-07 16:10:53
Dropi Fretes,4825206,Dropi Fretes - Outros,,Outros,2025-08-07 16:10:53
Dropi Fretes,4067741,Dropi Fretes - Outros,,Outros,2025-08-07 16:10:53
Dropi Fretes,4067593,Dropi Fretes - Outros,,Outros,2025-08-07 16:10:53
Dropi Fretes,4065595,Dropi Fretes - Outros,,Outros,2025-08-07 16:10:53
Dropi Fretes,4897540,Dropi Fretes - Outros,,Outros,2025-08-07 16:10:53
Dropi Fretes,4896834,Dropi Fretes - Outros,,Outros,2025-08-07 16:10:53
Dropi Fretes,4894478,Dropi Fretes - Outros,,Outros,2025-08-07 16:10:53
Dropi Fretes,4894345,Dropi Fretes - Outros,,Outros,2025-08-07 16:10:53
Dropi Fretes,4404248,Dropi Fretes - Outros,,Outros,2025-08-07 16:10:53
Dropi Fretes,4402719,Dropi Fretes - Outros,,Outros,2025-08-07 16:10:53
Dropi Fretes,4401670,Dropi Fretes - Outros,,Outros,2025-08-07 16:10:53
Dropi Fretes,4401586,Dropi Fretes - Outros,,Outros,2025-08-07 16:10:53
Dropi Fretes,4041829,Dropi Fretes - Outros,,Outros,2025-08-07 16:10:53
Frenet,ISP_1_18098,Frenet - Outros,,Outros,2025-08-07 16:10:53
Frenet,ISP_1_18079,Frenet - Outros,,Outros,2025-08-07 16:10:53
Frenet,ISP_1_17658,Frenet - Outros,,Outros,2025-08-07 16:10:53
Dropi Fretes,4061969,Dropi Fretes - Outros,,Outros,2025-08-07 16:10:53
Frenet,ISP_1_16058,Frenet - Outros,,Outros,2025-08-07 16:10:53
Frenet,ISP_1_15815,Frenet - Outros,,Outros,2025-08-07 16:10:53
Frenet,ISP_1_15779,Frenet - Outros,,Outros,2025-08-07 16:10:53
Frenet,ISP_1_15161,Frenet - Outros,,Outros,2025-08-07 16:10:53
Frenet,ISP_1_15158,Frenet - Outros,,Outros,2025-08-07 16:10:53
Frenet,ISP_1_14126,Frenet - Outros,,Outros,2025-08-07 16:10:53
Dropi Fretes,4072900,Dropi Fretes - Outros,,Outros,2025-08-07 16:10:53
Dropi Fretes,4072668,Dropi Fretes - Outros,,Outros,2025-08-07 16:10:53
Dropi Fretes,4070436,Dropi Fretes - Outros,,Outros,2025-08-07 16:10:53
Dropi Fretes,4053944,Dropi Fretes - Outros,,Outros,2025-08-07 16:10:53
Dropi Fretes,4051715,Dropi Fretes - Outros,,Outros,2025-08-07 16:10:53
Dropi Fretes,4054032,Dropi Fretes - Outros,,Outros,2025-08-07 16:10:53
Dropi Fretes,4039452,Dropi Fretes - Outros,,Outros,2025-08-07 16:10:53
Dropi Fretes,4049213,Dropi Fretes - Outros,,Outros,2025-08-07 16:10:53
Dropi Fretes,4049067,Dropi Fretes - Outros,,Outros,2025-08-07 16:10:53
Dropi Fretes,4048893,Dropi Fretes - Outros,,Outros,2025-08-07 16:10:53
Dropi Fretes,4048720,Dropi Fretes - Outros,,Outros,2025-08-07 16:10:53
Dropi Fretes,4047992,Dropi Fretes - Outros,,Outros,2025-08-07 16:10:53
Dropi Fretes,4047614,Dropi Fretes - Outros,,Outros,2025-08-07 16:10:53
Dropi Fretes,4047106,Dropi Fretes - Outros,,Outros,2025-08-07 16:10:53
Dropi Fretes,4049767,Dropi Fretes - Outros,,Outros,2025-08-07 16:10:53
Frenet,ISP_1_17423,Frenet - Outros,,Outros,2025-08-07 16:10:53
Frenet,ISP_1_17409,Frenet - Outros,,Outros,2025-08-07 16:10:53
Frenet,ISP_1_17408,Frenet - Outros,,Outros,2025-08-07 16:10:53
Frenet,ISP_1_17403,Frenet - Outros,,Outros,2025-08-07 16:10:53
Frenet,ISP_1_17296,Frenet - Outros,,Outros,2025-08-07 16:10:53
Dropi Fretes,4042113,Dropi Fretes - Outros,,Outros,2025-08-07 16:10:53
Dropi Fretes,4426059,Dropi Fretes - Outros,,Outros,2025-08-07 16:10:53
Dropi Fretes,4425464,Dropi Fretes - Outros,,Outros,2025-08-07 16:10:53
Dropi Fretes,4421871,Dropi Fretes - Outros,,Outros,2025-08-07 16:10:53
Envia.com Checkout Service,Envia.com - fixed_international,Envia.com Checkout Service - Outros,,Outros,2025-08-07 16:10:53
Envia.com Checkout Service,Dostavista - car,Envia.com Checkout Service - Outros,,Outros,2025-08-07 16:10:53
Frenet,MSUL_1,Frenet - Outros,,Outros,2025-08-07 16:10:53
Frenet,MNDL_1,Frenet - Outros,,Outros,2025-08-07 16:10:53
Frenet,MIND_1,Frenet - Outros,,Outros,2025-08-07 16:10:53
Frenet,MDN,Frenet - Outros,,Outros,2025-08-07 16:10:53
Dropi Fretes,4040449,Dropi Fretes - Outros,,Outros,2025-08-07 16:10:53
Dropi Fretes,4061961,Dropi Fretes - Outros,,Outros,2025-08-07 16:10:53
Dropi Fretes,4061645,Dropi Fretes - Outros,,Outros,2025-08-07 16:10:53
Dropi Fretes,4061400,Dropi Fretes - Outros,,Outros,2025-08-07 16:10:53
Dropi Fretes,4059593,Dropi Fretes - Outros,,Outros,2025-08-07 16:10:53
Dropi Fretes,4057919,Dropi Fretes - Outros,,Outros,2025-08-07 16:10:53
Dropi Fretes,4056701,Dropi Fretes - Outros,,Outros,2025-08-07 16:10:53
Dropi Fretes,4046742,Dropi Fretes - Outros,,Outros,2025-08-07 16:10:53
Dropi Fretes,4046578,Dropi Fretes - Outros,,Outros,2025-08-07 16:10:53
Dropi Fretes,4046337,Dropi Fretes - Outros,,Outros,2025-08-07 16:10:53
Dropi Fretes,4044490,Dropi Fretes - Outros,,Outros,2025-08-07 16:10:53
Dropi Fretes,4028623,Dropi Fretes - Outros,,Outros,2025-08-07 16:10:53
Frenet,OTC,Frenet - Outros,,Outros,2025-08-07 16:10:53
Dropi Fretes,4391315,Dropi Fretes - Outros,,Outros,2025-08-07 16:10:53
Dropi Fretes,4391141,Dropi Fretes - Outros,,Outros,2025-08-07 16:10:53
Dropi Fretes,4390910,Dropi Fretes - Outros,,Outros,2025-08-07 16:10:53
Dropi Fretes,4388263,Dropi Fretes - Outros,,Outros,2025-08-07 16:10:53
Dropi Fretes,4387995,Dropi Fretes - Outros,,Outros,2025-08-07 16:10:53
Dropi Fretes,4386981,Dropi Fretes - Outros,,Outros,2025-08-07 16:10:53
Dropi Fretes,4386943,Dropi Fretes - Outros,,Outros,2025-08-07 16:10:53
Envia.com Checkout Service,Chilexpress - extremo,Envia.com Checkout Service - Outros,,Outros,2025-08-07 16:10:53
Envia.com Checkout Service,Chilexpress - extended,Envia.com Checkout Service - Outros,,Outros,2025-08-07 16:10:53
Envia.com Checkout Service,Buslog - pickup,Envia.com Checkout Service - Outros,,Outros,2025-08-07 16:10:53
Dropi Fretes,4805622,Dropi Fretes - Outros,,Outros,2025-08-07 16:10:53
Dropi Fretes,4801868,Dropi Fretes - Outros,,Outros,2025-08-07 16:10:53
Dropi Fretes,4801543,Dropi Fretes - Outros,,Outros,2025-08-07 16:10:53
Dropi Fretes,4801484,Dropi Fretes - Outros,,Outros,2025-08-07 16:10:53
Dropi Fretes,4040433,Dropi Fretes - Outros,,Outros,2025-08-07 16:10:53
Dropi Fretes,4040148,Dropi Fretes - Outros,,Outros,2025-08-07 16:10:53
Dropi Fretes,4037217,Dropi Fretes - Outros,,Outros,2025-08-07 16:10:53
Dropi Fretes,4035194,Dropi Fretes - Outros,,Outros,2025-08-07 16:10:53
Dropi Fretes,4035043,Dropi Fretes - Outros,,Outros,2025-08-07 16:10:53
Dropi Fretes,4034934,Dropi Fretes - Outros,,Outros,2025-08-07 16:10:53
Dropi Fretes,4033717,Dropi Fretes - Outros,,Outros,2025-08-07 16:10:53
Dropi Fretes,4033714,Dropi Fretes - Outros,,Outros,2025-08-07 16:10:53
Dropi Fretes,4031812,Dropi Fretes - Outros,,Outros,2025-08-07 16:10:53
Dropi Fretes,4030077,Dropi Fretes - Outros,,Outros,2025-08-07 16:10:53
Dropi Fretes,4029184,Dropi Fretes - Outros,,Outros,2025-08-07 16:10:53
Dropi Fretes,4046743,Dropi Fretes - Outros,,Outros,2025-08-07 16:10:53
Entrega Agendada (Huapps. week),3755187_tarde_week,Entrega Agendada (Huapps. week) - Outros,,Outros,2025-08-07 16:10:53
Dropi Fretes,4018857,Dropi Fretes - Outros,,Outros,2025-08-07 16:10:53
Dropi Fretes,4017965,Dropi Fretes - Outros,,Outros,2025-08-07 16:10:53
Dropi Fretes,4017498,Dropi Fretes - Outros,,Outros,2025-08-07 16:10:53
Dropi Fretes,401718,Dropi Fretes - Outros,,Outros,2025-08-07 16:10:53
Frenet,TOTVIP,Frenet - Outros,,Outros,2025-08-07 16:10:53
Frenet,TOD_1,Frenet - Outros,,Outros,2025-08-07 16:10:53
Dropi Fretes,4028624,Dropi Fretes - Outros,,Outros,2025-08-07 16:10:53
Dropi Fretes,4821445,Dropi Fretes - Outros,,Outros,2025-08-07 16:10:53
Dropi Fretes,4819026,Dropi Fretes - Outros,,Outros,2025-08-07 16:10:53
Dropi Fretes,4817917,Dropi Fretes - Outros,,Outros,2025-08-07 16:10:53
Dropi Fretes,48175,Dropi Fretes - Outros,,Outros,2025-08-07 16:10:53
Dropi Fretes,4814852,Dropi Fretes - Outros,,Outros,2025-08-07 16:10:53
Dropi Fretes,4810756,Dropi Fretes - Outros,,Outros,2025-08-07 16:10:53
Dropi Fretes,4809320,Dropi Fretes - Outros,,Outros,2025-08-07 16:10:53
Dropi Fretes,4806979,Dropi Fretes - Outros,,Outros,2025-08-07 16:10:53
Dropi Fretes,4025572,Dropi Fretes - Outros,,Outros,2025-08-07 16:10:53
Dropi Fretes,4025537,Dropi Fretes - Outros,,Outros,2025-08-07 16:10:53
Dropi Fretes,4025351,Dropi Fretes - Outros,,Outros,2025-08-07 16:10:53
Dropi Fretes,4024860,Dropi Fretes - Outros,,Outros,2025-08-07 16:10:53
Dropi Fretes,4021195,Dropi Fretes - Outros,,Outros,2025-08-07 16:10:53
Dropi Fretes,4021136,Dropi Fretes - Outros,,Outros,2025-08-07 16:10:53
Envia.com Checkout Service,Deprisa - plus,Envia.com Checkout Service - Outros,,Outros,2025-08-07 16:10:53
Dropi Fretes,4412018,Dropi Fretes - Outros,,Outros,2025-08-07 16:10:53
Dropi Fretes,4408787,Dropi Fretes - Outros,,Outros,2025-08-07 16:10:53
Dropi Fretes,4407633,Dropi Fretes - Outros,,Outros,2025-08-07 16:10:53
Dropi Fretes,4406722,Dropi Fretes - Outros,,Outros,2025-08-07 16:10:53
Dropi Fretes,4406402,Dropi Fretes - Outros,,Outros,2025-08-07 16:10:53
Dropi Fretes,4414933,Dropi Fretes - Outros,,Outros,2025-08-07 16:10:53
Dropi Fretes,4414597,Dropi Fretes - Outros,,Outros,2025-08-07 16:10:53
Dropi Fretes,4414156,Dropi Fretes - Outros,,Outros,2025-08-07 16:10:53
Dropi Fretes,4413279,Dropi Fretes - Outros,,Outros,2025-08-07 16:10:53
Dropi Fretes,3997410,Dropi Fretes - Outros,,Outros,2025-08-07 16:10:53
Dropi Fretes,3996655,Dropi Fretes - Outros,,Outros,2025-08-07 16:10:53
Dropi Fretes,3996653,Dropi Fretes - Outros,,Outros,2025-08-07 16:10:53
Dropi Fretes,4017123,Dropi Fretes - Outros,,Outros,2025-08-07 16:10:53
Dropi Fretes,4016945,Dropi Fretes - Outros,,Outros,2025-08-07 16:10:53
Dropi Fretes,4016166,Dropi Fretes - Outros,,Outros,2025-08-07 16:10:53
Dropi Fretes,4016022,Dropi Fretes - Outros,,Outros,2025-08-07 16:10:53
Dropi Fretes,4015493,Dropi Fretes - Outros,,Outros,2025-08-07 16:10:53
Dropi Fretes,4014328,Dropi Fretes - Outros,,Outros,2025-08-07 16:10:53
Dropi Fretes,4012663,Dropi Fretes - Outros,,Outros,2025-08-07 16:10:53
Dropi Fretes,4008821,Dropi Fretes - Outros,,Outros,2025-08-07 16:10:53
Dropi Fretes,4008817,Dropi Fretes - Outros,,Outros,2025-08-07 16:10:53
Dropi Fretes,4005399,Dropi Fretes - Outros,,Outros,2025-08-07 16:10:53
Dropi Fretes,4004425,Dropi Fretes - Outros,,Outros,2025-08-07 16:10:53
Dropi Fretes,4004392,Dropi Fretes - Outros,,Outros,2025-08-07 16:10:53
Dropi Fretes,4799619,Dropi Fretes - Outros,,Outros,2025-08-07 16:10:53
Dropi Fretes,3992113,Dropi Fretes - Outros,,Outros,2025-08-07 16:10:53
Dropi Fretes,3991737,Dropi Fretes - Outros,,Outros,2025-08-07 16:10:53
Dropi Fretes,3988368,Dropi Fretes - Outros,,Outros,2025-08-07 16:10:53
Dropi Fretes,3987360,Dropi Fretes - Outros,,Outros,2025-08-07 16:10:53
Dropi Fretes,3986822,Dropi Fretes - Outros,,Outros,2025-08-07 16:10:53
Integral Entrega de 07 às 22h,sunday|19,Integral Entrega de 07 às 22h - Outros,,Outros,2025-08-07 16:10:53
Gollog,GCE,Gollog - Outros,,Outros,2025-08-07 16:10:53
Dropi Fretes,4000489,Dropi Fretes - Outros,,Outros,2025-08-07 16:10:53
Dropi Fretes,4004258,Dropi Fretes - Outros,,Outros,2025-08-07 16:10:53
Dropi Fretes,4001321,Dropi Fretes - Outros,,Outros,2025-08-07 16:10:53
Dropi Fretes,4001138,Dropi Fretes - Outros,,Outros,2025-08-07 16:10:53
Dropi Fretes,4001120,Dropi Fretes - Outros,,Outros,2025-08-07 16:10:53
Dropi Fretes,3997980,Dropi Fretes - Outros,,Outros,2025-08-07 16:10:53
Dropi Fretes,3997972,Dropi Fretes - Outros,,Outros,2025-08-07 16:10:53
Dropi Fretes,3997661,Dropi Fretes - Outros,,Outros,2025-08-07 16:10:53
Dropi Fretes,3997659,Dropi Fretes - Outros,,Outros,2025-08-07 16:10:53
Dropi Fretes,4446252,Dropi Fretes - Outros,,Outros,2025-08-07 16:10:53
Dropi Fretes,4440938,Dropi Fretes - Outros,,Outros,2025-08-07 16:10:53
Dropi Fretes,4437849,Dropi Fretes - Outros,,Outros,2025-08-07 16:10:53
Dropi Fretes,4435710,Dropi Fretes - Outros,,Outros,2025-08-07 16:10:53
Dropi Fretes,4435223,Dropi Fretes - Outros,,Outros,2025-08-07 16:10:53
Dropi Fretes,4789149,Dropi Fretes - Outros,,Outros,2025-08-07 16:10:53
Dropi Fretes,4787316,Dropi Fretes - Outros,,Outros,2025-08-07 16:10:53
Dropi Fretes,4783096,Dropi Fretes - Outros,,Outros,2025-08-07 16:10:53
Dropi Fretes,4781433,Dropi Fretes - Outros,,Outros,2025-08-07 16:10:53
Dropi Fretes,4780373,Dropi Fretes - Outros,,Outros,2025-08-07 16:10:53
Dropi Fretes,3996385,Dropi Fretes - Outros,,Outros,2025-08-07 16:10:53
Frete Barato,sed,Frete Barato - Outros,,Outros,2025-08-07 16:10:53
Dropi Fretes,4008796,Dropi Fretes - Outros,,Outros,2025-08-07 16:10:53
Dropi Fretes,4006483,Dropi Fretes - Outros,,Outros,2025-08-07 16:10:53
Dropi Fretes,4006351,Dropi Fretes - Outros,,Outros,2025-08-07 16:10:53
Dropi Fretes,3994222,Dropi Fretes - Outros,,Outros,2025-08-07 16:10:53
Dropi Fretes,4799616,Dropi Fretes - Outros,,Outros,2025-08-07 16:10:53
Dropi Fretes,4799044,Dropi Fretes - Outros,,Outros,2025-08-07 16:10:53
Dropi Fretes,4798678,Dropi Fretes - Outros,,Outros,2025-08-07 16:10:53
Dropi Fretes,4797956,Dropi Fretes - Outros,,Outros,2025-08-07 16:10:53
Dropi Fretes,4797757,Dropi Fretes - Outros,,Outros,2025-08-07 16:10:53
Dropi Fretes,4795671,Dropi Fretes - Outros,,Outros,2025-08-07 16:10:53
Dropi Fretes,4400399,Dropi Fretes - Outros,,Outros,2025-08-07 16:10:53
Dropi Fretes,4399965,Dropi Fretes - Outros,,Outros,2025-08-07 16:10:53
Envia.com Checkout Service,Correios - pac_big,Envia.com Checkout Service - Outros,,Outros,2025-08-07 16:10:53
Envia.com Checkout Service,Correios - carta_reg,Envia.com Checkout Service - Outros,,Outros,2025-08-07 16:10:53
Envia.com Checkout Service,Chilexpress - grandes_ext,Envia.com Checkout Service - Outros,,Outros,2025-08-07 16:10:53
Envia.com Checkout Service,Chilexpress - grandes,Envia.com Checkout Service - Outros,,Outros,2025-08-07 16:10:53
Dropi Fretes,4449746,Dropi Fretes - Outros,,Outros,2025-08-07 16:10:53
Dropi Fretes,4449548,Dropi Fretes - Outros,,Outros,2025-08-07 16:10:53
Dropi Fretes,4448049,Dropi Fretes - Outros,,Outros,2025-08-07 16:10:53
Dropi Fretes,4446315,Dropi Fretes - Outros,,Outros,2025-08-07 16:10:53
Dropi Fretes,3982216,Dropi Fretes - Outros,,Outros,2025-08-07 16:10:53
Dropi Fretes,3981226,Dropi Fretes - Outros,,Outros,2025-08-07 16:10:53
Dropi Fretes,3951818,Dropi Fretes - Outros,,Outros,2025-08-07 16:10:53
Dropi Fretes,3950949,Dropi Fretes - Outros,,Outros,2025-08-07 16:10:53
Dropi Fretes,4777574,Dropi Fretes - Outros,,Outros,2025-08-07 16:10:53
Dropi Fretes,3980706,Dropi Fretes - Outros,,Outros,2025-08-07 16:10:53
Dropi Fretes,3980599,Dropi Fretes - Outros,,Outros,2025-08-07 16:10:53
Dropi Fretes,3980491,Dropi Fretes - Outros,,Outros,2025-08-07 16:10:53
Dropi Fretes,3977730,Dropi Fretes - Outros,,Outros,2025-08-07 16:10:53
Dropi Fretes,3976300,Dropi Fretes - Outros,,Outros,2025-08-07 16:10:53
Dropi Fretes,3995861,Dropi Fretes - Outros,,Outros,2025-08-07 16:10:53
Dropi Fretes,3995859,Dropi Fretes - Outros,,Outros,2025-08-07 16:10:53
Dropi Fretes,3994957,Dropi Fretes - Outros,,Outros,2025-08-07 16:10:53
Dropi Fretes,3994589,Dropi Fretes - Outros,,Outros,2025-08-07 16:10:53
Dropi Fretes,3999183,Dropi Fretes - Outros,,Outros,2025-08-07 16:10:53
Dropi Fretes,3999085,Dropi Fretes - Outros,,Outros,2025-08-07 16:10:53
Dropi Fretes,4458540,Dropi Fretes - Outros,,Outros,2025-08-07 16:10:53
Dropi Fretes,4458499,Dropi Fretes - Outros,,Outros,2025-08-07 16:10:53
Dropi Fretes,3969790,Dropi Fretes - Outros,,Outros,2025-08-07 16:10:53
Jadlog Franca(SP),3,Jadlog Franca(SP) - Outros,,Outros,2025-08-07 16:10:53
Dropi Fretes,3963114,Dropi Fretes - Outros,,Outros,2025-08-07 16:10:53
Dropi Fretes,3962583,Dropi Fretes - Outros,,Outros,2025-08-07 16:10:53
Dropi Fretes,3962513,Dropi Fretes - Outros,,Outros,2025-08-07 16:10:53
Dropi Fretes,3967893,Dropi Fretes - Outros,,Outros,2025-08-07 16:10:53
Dropi Fretes,3965077,Dropi Fretes - Outros,,Outros,2025-08-07 16:10:53
Dropi Fretes,3965041,Dropi Fretes - Outros,,Outros,2025-08-07 16:10:53
Dropi Fretes,3964082,Dropi Fretes - Outros,,Outros,2025-08-07 16:10:53
Dropi Fretes,3986780,Dropi Fretes - Outros,,Outros,2025-08-07 16:10:53
Dropi Fretes,3986357,Dropi Fretes - Outros,,Outros,2025-08-07 16:10:53
Dropi Fretes,3985411,Dropi Fretes - Outros,,Outros,2025-08-07 16:10:53
Dropi Fretes,3984403,Dropi Fretes - Outros,,Outros,2025-08-07 16:10:53
Dropi Fretes,3982229,Dropi Fretes - Outros,,Outros,2025-08-07 16:10:53
Dropi Fretes,3946933,Dropi Fretes - Outros,,Outros,2025-08-07 16:10:53
Dropi Fretes,3975458,Dropi Fretes - Outros,,Outros,2025-08-07 16:10:53
Dropi Fretes,3972080,Dropi Fretes - Outros,,Outros,2025-08-07 16:10:53
Dropi Fretes,3971810,Dropi Fretes - Outros,,Outros,2025-08-07 16:10:53
Dropi Fretes,3970087,Dropi Fretes - Outros,,Outros,2025-08-07 16:10:53
Dropi Fretes,4427108,Dropi Fretes - Outros,,Outros,2025-08-07 16:10:53
Dropi Fretes,4420409,Dropi Fretes - Outros,,Outros,2025-08-07 16:10:53
Dropi Fretes,4420399,Dropi Fretes - Outros,,Outros,2025-08-07 16:10:53
Dropi Fretes,4420336,Dropi Fretes - Outros,,Outros,2025-08-07 16:10:53
Dropi Fretes,4419283,Dropi Fretes - Outros,,Outros,2025-08-07 16:10:53
Dropi Fretes,4419280,Dropi Fretes - Outros,,Outros,2025-08-07 16:10:53
Dropi Fretes,4417427,Dropi Fretes - Outros,,Outros,2025-08-07 16:10:53
Dropi Fretes,4467971,Dropi Fretes - Outros,,Outros,2025-08-07 16:10:53
Dropi Fretes,44660,Dropi Fretes - Outros,,Outros,2025-08-07 16:10:53
Dropi Fretes,4464510,Dropi Fretes - Outros,,Outros,2025-08-07 16:10:53
Dropi Fretes,4459534,Dropi Fretes - Outros,,Outros,2025-08-07 16:10:53
Dropi Fretes,3939849,Dropi Fretes - Outros,,Outros,2025-08-07 16:10:53
Dropi Fretes,3961922,Dropi Fretes - Outros,,Outros,2025-08-07 16:10:53
Dropi Fretes,3960836,Dropi Fretes - Outros,,Outros,2025-08-07 16:10:53
Dropi Fretes,3958900,Dropi Fretes - Outros,,Outros,2025-08-07 16:10:53
Dropi Fretes,3956951,Dropi Fretes - Outros,,Outros,2025-08-07 16:10:53
Dropi Fretes,3956899,Dropi Fretes - Outros,,Outros,2025-08-07 16:10:53
Dropi Fretes,3955611,Dropi Fretes - Outros,,Outros,2025-08-07 16:10:53
Dropi Fretes,3954673,Dropi Fretes - Outros,,Outros,2025-08-07 16:10:53
Dropi Fretes,3953599,Dropi Fretes - Outros,,Outros,2025-08-07 16:10:53
Dropi Fretes,3953523,Dropi Fretes - Outros,,Outros,2025-08-07 16:10:53
Dropi Fretes,3953150,Dropi Fretes - Outros,,Outros,2025-08-07 16:10:53
Dropi Fretes,3950476,Dropi Fretes - Outros,,Outros,2025-08-07 16:10:53
Dropi Fretes,3950303,Dropi Fretes - Outros,,Outros,2025-08-07 16:10:53
Dropi Fretes,3949625,Dropi Fretes - Outros,,Outros,2025-08-07 16:10:53
Dropi Fretes,3947617,Dropi Fretes - Outros,,Outros,2025-08-07 16:10:53
Dropi Fretes,3947569,Dropi Fretes - Outros,,Outros,2025-08-07 16:10:53
Dropi Fretes,4474323,Dropi Fretes - Outros,,Outros,2025-08-07 16:10:53
Dropi Fretes,3896244,Dropi Fretes - Outros,,Outros,2025-08-07 16:10:53
Lixlog,lix_todobrasil_normal,Lixlog - Outros,,Outros,2025-08-07 16:10:53
Lixlog,lix_risso_normal,Lixlog - Outros,,Outros,2025-08-07 16:10:53
Lixlog,lix_rapidofigueiredo_normal,Lixlog - Outros,,Outros,2025-08-07 16:10:53
Lixlog,lix_nblog_normal,Lixlog - Outros,,Outros,2025-08-07 16:10:53
Dropi Fretes,3946886,Dropi Fretes - Outros,,Outros,2025-08-07 16:10:53
Dropi Fretes,3945839,Dropi Fretes - Outros,,Outros,2025-08-07 16:10:53
Dropi Fretes,3945723,Dropi Fretes - Outros,,Outros,2025-08-07 16:10:53
Dropi Fretes,3943216,Dropi Fretes - Outros,,Outros,2025-08-07 16:10:53
Dropi Fretes,3943181,Dropi Fretes - Outros,,Outros,2025-08-07 16:10:53
Dropi Fretes,3941942,Dropi Fretes - Outros,,Outros,2025-08-07 16:10:53
Dropi Fretes,3940499,Dropi Fretes - Outros,,Outros,2025-08-07 16:10:53
Dropi Fretes,3913547,Dropi Fretes - Outros,,Outros,2025-08-07 16:10:53
Dropi Fretes,3910005,Dropi Fretes - Outros,,Outros,2025-08-07 16:10:53
Dropi Fretes,3940083,Dropi Fretes - Outros,,Outros,2025-08-07 16:10:53
Dropi Fretes,3930717,Dropi Fretes - Outros,,Outros,2025-08-07 16:10:53
Dropi Fretes,3930375,Dropi Fretes - Outros,,Outros,2025-08-07 16:10:53
Dropi Fretes,3926910,Dropi Fretes - Outros,,Outros,2025-08-07 16:10:53
Dropi Fretes,3926280,Dropi Fretes - Outros,,Outros,2025-08-07 16:10:53
Dropi Fretes,3896911,Dropi Fretes - Outros,,Outros,2025-08-07 16:10:53
Entrega Agendada (Huapps),3897345_tarde,Entrega Agendada (Huapps) - Outros,,Outros,2025-08-07 16:10:53
Dropi Fretes,4454468,Dropi Fretes - Outros,,Outros,2025-08-07 16:10:53
Dropi Fretes,4454327,Dropi Fretes - Outros,,Outros,2025-08-07 16:10:53
Dropi Fretes,4454228,Dropi Fretes - Outros,,Outros,2025-08-07 16:10:53
Dropi Fretes,4453973,Dropi Fretes - Outros,,Outros,2025-08-07 16:10:53
Dropi Fretes,4453040,Dropi Fretes - Outros,,Outros,2025-08-07 16:10:53
Dropi Fretes,4488614,Dropi Fretes - Outros,,Outros,2025-08-07 16:10:53
Dropi Fretes,4485106,Dropi Fretes - Outros,,Outros,2025-08-07 16:10:53
Dropi Fretes,4482722,Dropi Fretes - Outros,,Outros,2025-08-07 16:10:53
Dropi Fretes,4482671,Dropi Fretes - Outros,,Outros,2025-08-07 16:10:53
Dropi Fretes,4478412,Dropi Fretes - Outros,,Outros,2025-08-07 16:10:53
Dropi Fretes,4756913,Dropi Fretes - Outros,,Outros,2025-08-07 16:10:53
Dropi Fretes,4755904,Dropi Fretes - Outros,,Outros,2025-08-07 16:10:53
Dropi Fretes,4752726,Dropi Fretes - Outros,,Outros,2025-08-07 16:10:53
Lixlog,lix_autentica_normal,Lixlog - Outros,,Outros,2025-08-07 16:10:53
Dropi Fretes,3920672,Dropi Fretes - Outros,,Outros,2025-08-07 16:10:53
Dropi Fretes,3920524,Dropi Fretes - Outros,,Outros,2025-08-07 16:10:53
Dropi Fretes,3919212,Dropi Fretes - Outros,,Outros,2025-08-07 16:10:53
Dropi Fretes,3918737,Dropi Fretes - Outros,,Outros,2025-08-07 16:10:53
Dropi Fretes,3876316,Dropi Fretes - Outros,,Outros,2025-08-07 16:10:53
Dropi Fretes,3874508,Dropi Fretes - Outros,,Outros,2025-08-07 16:10:53
Dropi Fretes,3872068,Dropi Fretes - Outros,,Outros,2025-08-07 16:10:53
MODDING,MODDINGFLEX_6,MODDING - Outros,,Outros,2025-08-07 16:10:53
Logistica Cardinal - Adidas,Normal,Logistica Cardinal - Adidas - Outros,,Outros,2025-08-07 16:10:53
Dropi Fretes,3906314,Dropi Fretes - Outros,,Outros,2025-08-07 16:10:53
Dropi Fretes,3903161,Dropi Fretes - Outros,,Outros,2025-08-07 16:10:53
Dropi Fretes,3930795,Dropi Fretes - Outros,,Outros,2025-08-07 16:10:53
Dropi Fretes,3892895,Dropi Fretes - Outros,,Outros,2025-08-07 16:10:53
Dropi Fretes,3892879,Dropi Fretes - Outros,,Outros,2025-08-07 16:10:53
Dropi Fretes,3889484,Dropi Fretes - Outros,,Outros,2025-08-07 16:10:53
Dropi Fretes,3888986,Dropi Fretes - Outros,,Outros,2025-08-07 16:10:53
Dropi Fretes,3887147,Dropi Fretes - Outros,,Outros,2025-08-07 16:10:53
Dropi Fretes,3885803,Dropi Fretes - Outros,,Outros,2025-08-07 16:10:53
Dropi Fretes,3842921,Dropi Fretes - Outros,,Outros,2025-08-07 16:10:53
Dropi Fretes,3902984,Dropi Fretes - Outros,,Outros,2025-08-07 16:10:53
Dropi Fretes,3901159,Dropi Fretes - Outros,,Outros,2025-08-07 16:10:53
Dropi Fretes,4776552,Dropi Fretes - Outros,,Outros,2025-08-07 16:10:53
Dropi Fretes,4771239,Dropi Fretes - Outros,,Outros,2025-08-07 16:10:53
Dropi Fretes,4770384,Dropi Fretes - Outros,,Outros,2025-08-07 16:10:53
Dropi Fretes,4764588,Dropi Fretes - Outros,,Outros,2025-08-07 16:10:53
Dropi Fretes,4758369,Dropi Fretes - Outros,,Outros,2025-08-07 16:10:53
Dropi Fretes,4758279,Dropi Fretes - Outros,,Outros,2025-08-07 16:10:53
Dropi Fretes,4758149,Dropi Fretes - Outros,,Outros,2025-08-07 16:10:53
Dropi Fretes,4514423,Dropi Fretes - Outros,,Outros,2025-08-07 16:10:53
Dropi Fretes,4513245,Dropi Fretes - Outros,,Outros,2025-08-07 16:10:53
Dropi Fretes,4510448,Dropi Fretes - Outros,,Outros,2025-08-07 16:10:53
Dropi Fretes,4509229,Dropi Fretes - Outros,,Outros,2025-08-07 16:10:53
Dropi Fretes,3858440,Dropi Fretes - Outros,,Outros,2025-08-07 16:10:53
Dropi Fretes,3856717,Dropi Fretes - Outros,,Outros,2025-08-07 16:10:53
Dropi Fretes,3855902,Dropi Fretes - Outros,,Outros,2025-08-07 16:10:53
Dropi Fretes,3822857,Dropi Fretes - Outros,,Outros,2025-08-07 16:10:53
Dropi Fretes,3822179,Dropi Fretes - Outros,,Outros,2025-08-07 16:10:53
Dropi Fretes,3822177,Dropi Fretes - Outros,,Outros,2025-08-07 16:10:53
Dropi Fretes,3819138,Dropi Fretes - Outros,,Outros,2025-08-07 16:10:53
Dropi Fretes,4752302,Dropi Fretes - Outros,,Outros,2025-08-07 16:10:53
Dropi Fretes,4751193,Dropi Fretes - Outros,,Outros,2025-08-07 16:10:53
Dropi Fretes,3853957,Dropi Fretes - Outros,,Outros,2025-08-07 16:10:53
Dropi Fretes,3853542,Dropi Fretes - Outros,,Outros,2025-08-07 16:10:53
Mail Express,MailEx_8,Mail Express - Outros,,Outros,2025-08-07 16:10:53
"Manhã, entrega até as 13h=data-especial	",saturday|50,"Manhã, entrega até as 13h=data-especial	 - Outros",,Outros,2025-08-07 16:10:53
"Manhã, entrega até as 13h=data-especial",saturday|37,"Manhã, entrega até as 13h=data-especial - Outros",,Outros,2025-08-07 16:10:53
Dropi Fretes,3866310,Dropi Fretes - Outros,,Outros,2025-08-07 16:10:53
Dropi Fretes,3866136,Dropi Fretes - Outros,,Outros,2025-08-07 16:10:53
Dropi Fretes,3862361,Dropi Fretes - Outros,,Outros,2025-08-07 16:10:53
Dropi Fretes,3861373,Dropi Fretes - Outros,,Outros,2025-08-07 16:10:53
Dropi Fretes,3860784,Dropi Fretes - Outros,,Outros,2025-08-07 16:10:53
Dropi Fretes,4472288,Dropi Fretes - Outros,,Outros,2025-08-07 16:10:53
Emissary,67,Emissary - Outros,,Outros,2025-08-07 16:10:53
Emissary,42,Emissary - Outros,,Outros,2025-08-07 16:10:53
Dropi Fretes,4468842,Dropi Fretes - Outros,,Outros,2025-08-07 16:10:53
Dropi Fretes,4468093,Dropi Fretes - Outros,,Outros,2025-08-07 16:10:53
Dropi Fretes,4520766,Dropi Fretes - Outros,,Outros,2025-08-07 16:10:53
Dropi Fretes,4516878,Dropi Fretes - Outros,,Outros,2025-08-07 16:10:53
Dropi Fretes,4515579,Dropi Fretes - Outros,,Outros,2025-08-07 16:10:53
Dropi Fretes,4515578,Dropi Fretes - Outros,,Outros,2025-08-07 16:10:53
Dropi Fretes,3815895,Dropi Fretes - Outros,,Outros,2025-08-07 16:10:53
Dropi Fretes,3814077,Dropi Fretes - Outros,,Outros,2025-08-07 16:10:53
Dropi Fretes,3853531,Dropi Fretes - Outros,,Outros,2025-08-07 16:10:53
Dropi Fretes,3853113,Dropi Fretes - Outros,,Outros,2025-08-07 16:10:53
Dropi Fretes,3852923,Dropi Fretes - Outros,,Outros,2025-08-07 16:10:53
Dropi Fretes,3852922,Dropi Fretes - Outros,,Outros,2025-08-07 16:10:53
Dropi Fretes,3851875,Dropi Fretes - Outros,,Outros,2025-08-07 16:10:53
Dropi Fretes,3849571,Dropi Fretes - Outros,,Outros,2025-08-07 16:10:53
Dropi Fretes,3847677,Dropi Fretes - Outros,,Outros,2025-08-07 16:10:53
Dropi Fretes,3847582,Dropi Fretes - Outros,,Outros,2025-08-07 16:10:53
Dropi Fretes,3844825,Dropi Fretes - Outros,,Outros,2025-08-07 16:10:53
Dropi Fretes,3808175,Dropi Fretes - Outros,,Outros,2025-08-07 16:10:53
Dropi Fretes,3805650,Dropi Fretes - Outros,,Outros,2025-08-07 16:10:53
Dropi Fretes,3795688,Dropi Fretes - Outros,,Outros,2025-08-07 16:10:53
Mienvio MX,Redpack (estandar),Mienvio MX - Outros,,Outros,2025-08-07 16:10:53
MeusCorreios,SEDEXLOG+,MeusCorreios - Outros,,Outros,2025-08-07 16:10:53
Dropi Fretes,4591785,Dropi Fretes - Outros,,Outros,2025-08-07 16:10:53
Dropi Fretes,4586273,Dropi Fretes - Outros,,Outros,2025-08-07 16:10:53
Dropi Fretes,4585003,Dropi Fretes - Outros,,Outros,2025-08-07 16:10:53
Dropi Fretes,4584763,Dropi Fretes - Outros,,Outros,2025-08-07 16:10:53
Dropi Fretes,4750481,Dropi Fretes - Outros,,Outros,2025-08-07 16:10:53
Dropi Fretes,3830244,Dropi Fretes - Outros,,Outros,2025-08-07 16:10:53
Dropi Fretes,3828117,Dropi Fretes - Outros,,Outros,2025-08-07 16:10:53
Dropi Fretes,3826822,Dropi Fretes - Outros,,Outros,2025-08-07 16:10:53
Dropi Fretes,3825852,Dropi Fretes - Outros,,Outros,2025-08-07 16:10:53
Dropi Fretes,3790606,Dropi Fretes - Outros,,Outros,2025-08-07 16:10:53
Dropi Fretes,3788408,Dropi Fretes - Outros,,Outros,2025-08-07 16:10:53
Dropi Fretes,3788397,Dropi Fretes - Outros,,Outros,2025-08-07 16:10:53
Dropi Fretes,3787454,Dropi Fretes - Outros,,Outros,2025-08-07 16:10:53
Dropi Fretes,3787392,Dropi Fretes - Outros,,Outros,2025-08-07 16:10:53
Dropi Fretes,3780507,Dropi Fretes - Outros,,Outros,2025-08-07 16:10:53
Dropi Fretes,3817923,Dropi Fretes - Outros,,Outros,2025-08-07 16:10:53
Dropi Fretes,3795674,Dropi Fretes - Outros,,Outros,2025-08-07 16:10:53
Dropi Fretes,3794600,Dropi Fretes - Outros,,Outros,2025-08-07 16:10:53
Dropi Fretes,3794207,Dropi Fretes - Outros,,Outros,2025-08-07 16:10:53
Dropi Fretes,3793292,Dropi Fretes - Outros,,Outros,2025-08-07 16:10:53
Dropi Fretes,3792368,Dropi Fretes - Outros,,Outros,2025-08-07 16:10:53
Dropi Fretes,3735606,Dropi Fretes - Outros,,Outros,2025-08-07 16:10:53
Dropi Fretes,3811739,Dropi Fretes - Outros,,Outros,2025-08-07 16:10:53
Dropi Fretes,3811178,Dropi Fretes - Outros,,Outros,2025-08-07 16:10:53
Dropi Fretes,3810560,Dropi Fretes - Outros,,Outros,2025-08-07 16:10:53
Dropi Fretes,4750768,Dropi Fretes - Outros,,Outros,2025-08-07 16:10:53
Dropi Fretes,4750766,Dropi Fretes - Outros,,Outros,2025-08-07 16:10:53
Dropi Fretes,4602444,Dropi Fretes - Outros,,Outros,2025-08-07 16:10:53
Dropi Fretes,4601282,Dropi Fretes - Outros,,Outros,2025-08-07 16:10:53
Dropi Fretes,4600973,Dropi Fretes - Outros,,Outros,2025-08-07 16:10:53
Dropi Fretes,4599674,Dropi Fretes - Outros,,Outros,2025-08-07 16:10:53
Dropi Fretes,4593215,Dropi Fretes - Outros,,Outros,2025-08-07 16:10:53
Dropi Fretes,4537204,Dropi Fretes - Outros,,Outros,2025-08-07 16:10:53
Dropi Fretes,4537161,Dropi Fretes - Outros,,Outros,2025-08-07 16:10:53
Dropi Fretes,4530173,Dropi Fretes - Outros,,Outros,2025-08-07 16:10:53
Dropi Fretes,4528498,Dropi Fretes - Outros,,Outros,2025-08-07 16:10:53
Dropi Fretes,3772325,Dropi Fretes - Outros,,Outros,2025-08-07 16:10:53
Dropi Fretes,3770961,Dropi Fretes - Outros,,Outros,2025-08-07 16:10:53
Dropi Fretes,3710859,Dropi Fretes - Outros,,Outros,2025-08-07 16:10:53
Dropi Fretes,3710857,Dropi Fretes - Outros,,Outros,2025-08-07 16:10:53
Dropi Fretes,4748963,Dropi Fretes - Outros,,Outros,2025-08-07 16:10:53
Dropi Fretes,4748837,Dropi Fretes - Outros,,Outros,2025-08-07 16:10:53
Dropi Fretes,3770531,Dropi Fretes - Outros,,Outros,2025-08-07 16:10:53
Dropi Fretes,3768528,Dropi Fretes - Outros,,Outros,2025-08-07 16:10:53
Dropi Fretes,3768150,Dropi Fretes - Outros,,Outros,2025-08-07 16:10:53
Dropi Fretes,3768092,Dropi Fretes - Outros,,Outros,2025-08-07 16:10:53
Dropi Fretes,3758337,Dropi Fretes - Outros,,Outros,2025-08-07 16:10:53
Dropi Fretes,3755591,Dropi Fretes - Outros,,Outros,2025-08-07 16:10:53
Dropi Fretes,3732379,Dropi Fretes - Outros,,Outros,2025-08-07 16:10:53
Dropi Fretes,3732378,Dropi Fretes - Outros,,Outros,2025-08-07 16:10:53
Dropi Fretes,3732301,Dropi Fretes - Outros,,Outros,2025-08-07 16:10:53
Dropi Fretes,3731279,Dropi Fretes - Outros,,Outros,2025-08-07 16:10:53
Muvon Logística - INOUT PINTURAS,Flex,Muvon Logística - INOUT PINTURAS - Outros,,Outros,2025-08-07 16:10:53
Muvon Logística - GRUPO PATAGONICO,Flex,Muvon Logística - GRUPO PATAGONICO - Outros,,Outros,2025-08-07 16:10:53
Dropi Fretes,4506634,Dropi Fretes - Outros,,Outros,2025-08-07 16:10:53
Dropi Fretes,4502910,Dropi Fretes - Outros,,Outros,2025-08-07 16:10:53
Dropi Fretes,4495766,Dropi Fretes - Outros,,Outros,2025-08-07 16:10:53
Dropi Fretes,4495269,Dropi Fretes - Outros,,Outros,2025-08-07 16:10:53
Dropi Fretes,4489879,Dropi Fretes - Outros,,Outros,2025-08-07 16:10:53
Dropi Fretes,4489314,Dropi Fretes - Outros,,Outros,2025-08-07 16:10:53
Dropi Fretes,4542728,Dropi Fretes - Outros,,Outros,2025-08-07 16:10:53
Dropi Fretes,4540800,Dropi Fretes - Outros,,Outros,2025-08-07 16:10:53
Dropi Fretes,4538472,Dropi Fretes - Outros,,Outros,2025-08-07 16:10:53
Dropi Fretes,4538020,Dropi Fretes - Outros,,Outros,2025-08-07 16:10:53
Dropi Fretes,4740835,Dropi Fretes - Outros,,Outros,2025-08-07 16:10:53
Dropi Fretes,4740661,Dropi Fretes - Outros,,Outros,2025-08-07 16:10:53
Dropi Fretes,4740325,Dropi Fretes - Outros,,Outros,2025-08-07 16:10:53
Dropi Fretes,4736619,Dropi Fretes - Outros,,Outros,2025-08-07 16:10:53
Dropi Fretes,3710856,Dropi Fretes - Outros,,Outros,2025-08-07 16:10:53
Dropi Fretes,3703111,Dropi Fretes - Outros,,Outros,2025-08-07 16:10:53
Olist Envios,olist-envios-correios,Olist Envios - Outros,,Outros,2025-08-07 16:10:53
OCASA,4004332400010,OCASA - Outros,,Outros,2025-08-07 16:10:53
Dropi Fretes,3751019,Dropi Fretes - Outros,,Outros,2025-08-07 16:10:53
Dropi Fretes,3746022,Dropi Fretes - Outros,,Outros,2025-08-07 16:10:53
Dropi Fretes,3745994,Dropi Fretes - Outros,,Outros,2025-08-07 16:10:53
Dropi Fretes,3745025,Dropi Fretes - Outros,,Outros,2025-08-07 16:10:53
Dropi Fretes,3674668,Dropi Fretes - Outros,,Outros,2025-08-07 16:10:53
Dropi Fretes,3664373,Dropi Fretes - Outros,,Outros,2025-08-07 16:10:53
Dropi Fretes,3663509,Dropi Fretes - Outros,,Outros,2025-08-07 16:10:53
Dropi Fretes,3728038,Dropi Fretes - Outros,,Outros,2025-08-07 16:10:53
Dropify Express,JADLOG_PACKAGE,Dropify Express - Outros,,Outros,2025-08-07 16:10:53
Dropify Express,CORREIOS_SEDEX_AR,Dropify Express - Outros,,Outros,2025-08-07 16:10:53
Dropi Fretes,3692382,Dropi Fretes - Outros,,Outros,2025-08-07 16:10:53
Dropi Fretes,3677556,Dropi Fretes - Outros,,Outros,2025-08-07 16:10:53
Dropi Fretes,3604165,Dropi Fretes - Outros,,Outros,2025-08-07 16:10:53
Dropi Fretes,3601029,Dropi Fretes - Outros,,Outros,2025-08-07 16:10:53
Dropi Fretes,3597455,Dropi Fretes - Outros,,Outros,2025-08-07 16:10:53
Dropi Fretes,3597446,Dropi Fretes - Outros,,Outros,2025-08-07 16:10:53
Dropi Fretes,3718706,Dropi Fretes - Outros,,Outros,2025-08-07 16:10:53
Dropi Fretes,3715940,Dropi Fretes - Outros,,Outros,2025-08-07 16:10:53
Dropi Fretes,4747934,Dropi Fretes - Outros,,Outros,2025-08-07 16:10:53
Dropi Fretes,4747762,Dropi Fretes - Outros,,Outros,2025-08-07 16:10:53
Dropi Fretes,4747523,Dropi Fretes - Outros,,Outros,2025-08-07 16:10:53
Dropi Fretes,4746263,Dropi Fretes - Outros,,Outros,2025-08-07 16:10:53
Dropi Fretes,4746174,Dropi Fretes - Outros,,Outros,2025-08-07 16:10:53
Dropi Fretes,4744540,Dropi Fretes - Outros,,Outros,2025-08-07 16:10:53
Dropi Fretes,4736415,Dropi Fretes - Outros,,Outros,2025-08-07 16:10:53
Dropi Fretes,3625405,Dropi Fretes - Outros,,Outros,2025-08-07 16:10:53
Dropi Fretes,3614878,Dropi Fretes - Outros,,Outros,2025-08-07 16:10:53
Dropi Fretes,3609553,Dropi Fretes - Outros,,Outros,2025-08-07 16:10:53
Dropi Fretes,3608682,Dropi Fretes - Outros,,Outros,2025-08-07 16:10:53
Onlog Express,92,Onlog Express - Outros,,Outros,2025-08-07 16:10:53
Dropi Fretes,4525900,Dropi Fretes - Outros,,Outros,2025-08-07 16:10:53
Dropi Fretes,4525598,Dropi Fretes - Outros,,Outros,2025-08-07 16:10:53
Dropi Fretes,4524618,Dropi Fretes - Outros,,Outros,2025-08-07 16:10:53
Dropi Fretes,4524117,Dropi Fretes - Outros,,Outros,2025-08-07 16:10:53
Dropi Fretes,4523914,Dropi Fretes - Outros,,Outros,2025-08-07 16:10:53
Dropi Fretes,4520771,Dropi Fretes - Outros,,Outros,2025-08-07 16:10:53
Dropi Fretes,4911520,Dropi Fretes - Outros,,Outros,2025-08-07 16:10:53
E-pick Chi,epick-option-1-chi,E-pick Chi - Outros,,Outros,2025-08-07 16:10:53
Dropsimples 2021,2,Dropsimples 2021 - Outros,,Outros,2025-08-07 16:10:53
Dropsimples 2021,1,Dropsimples 2021 - Outros,,Outros,2025-08-07 16:10:53
PinPoint,CORDOBA_PINDAY,PinPoint - Outros,,Outros,2025-08-07 16:10:53
Dropi Fretes,3597425,Dropi Fretes - Outros,,Outros,2025-08-07 16:10:53
Dropi Fretes,3654327,Dropi Fretes - Outros,,Outros,2025-08-07 16:10:53
Dropi Fretes,3654326,Dropi Fretes - Outros,,Outros,2025-08-07 16:10:53
Dropi Fretes,3645842,Dropi Fretes - Outros,,Outros,2025-08-07 16:10:53
Dropi Fretes,3639024,Dropi Fretes - Outros,,Outros,2025-08-07 16:10:53
Dropi Fretes,3580256,Dropi Fretes - Outros,,Outros,2025-08-07 16:10:53
Dropi Fretes,3579991,Dropi Fretes - Outros,,Outros,2025-08-07 16:10:53
Dropi Fretes,3579464,Dropi Fretes - Outros,,Outros,2025-08-07 16:10:53
Dropi Fretes,3573654,Dropi Fretes - Outros,,Outros,2025-08-07 16:10:53
Dropi Fretes,3559711,Dropi Fretes - Outros,,Outros,2025-08-07 16:10:53
Dropi Fretes,3556622,Dropi Fretes - Outros,,Outros,2025-08-07 16:10:53
Dropi Fretes,3552869,Dropi Fretes - Outros,,Outros,2025-08-07 16:10:53
Dropi Fretes,355142,Dropi Fretes - Outros,,Outros,2025-08-07 16:10:53
Dropi Fretes,3533960,Dropi Fretes - Outros,,Outros,2025-08-07 16:10:53
Dropi Fretes,3531400,Dropi Fretes - Outros,,Outros,2025-08-07 16:10:53
Dropi Fretes,3456429,Dropi Fretes - Outros,,Outros,2025-08-07 16:10:53
Dropi Fretes,3455222,Dropi Fretes - Outros,,Outros,2025-08-07 16:10:53
Dropi Fretes,3454606,Dropi Fretes - Outros,,Outros,2025-08-07 16:10:53
Dropi Fretes,3451361,Dropi Fretes - Outros,,Outros,2025-08-07 16:10:53
Qlick,QLICKPARTNER_4,Qlick - Outros,,Outros,2025-08-07 16:10:53
"Período Integral, entrega até as 22h | Grupo 2",sunday|45,"Período Integral, entrega até as 22h | Grupo 2 - Outros",,Outros,2025-08-07 16:10:53
Dropi Fretes,3608679,Dropi Fretes - Outros,,Outros,2025-08-07 16:10:53
Dropi Fretes,3608552,Dropi Fretes - Outros,,Outros,2025-08-07 16:10:53
Dropi Fretes,3607013,Dropi Fretes - Outros,,Outros,2025-08-07 16:10:53
Dropi Fretes,3607012,Dropi Fretes - Outros,,Outros,2025-08-07 16:10:53
Dropi Fretes,3528789,Dropi Fretes - Outros,,Outros,2025-08-07 16:10:53
Dropi Fretes,3522510,Dropi Fretes - Outros,,Outros,2025-08-07 16:10:53
Dropi Fretes,3507022,Dropi Fretes - Outros,,Outros,2025-08-07 16:10:53
Dropi Fretes,3505637,Dropi Fretes - Outros,,Outros,2025-08-07 16:10:53
Dropi Fretes,3495692,Dropi Fretes - Outros,,Outros,2025-08-07 16:10:53
Dropi Fretes,3488108,Dropi Fretes - Outros,,Outros,2025-08-07 16:10:53
Dropi Fretes,3581146,Dropi Fretes - Outros,,Outros,2025-08-07 16:10:53
Dropi Fretes,3479112,Dropi Fretes - Outros,,Outros,2025-08-07 16:10:53
Dropi Fretes,3469778,Dropi Fretes - Outros,,Outros,2025-08-07 16:10:53
Dropi Fretes,955274,Dropi Fretes - Outros,,Outros,2025-08-07 16:10:53
Dropi Fretes,925415,Dropi Fretes - Outros,,Outros,2025-08-07 16:10:53
Dropi Fretes,905706,Dropi Fretes - Outros,,Outros,2025-08-07 16:10:53
Dropi Fretes,905704,Dropi Fretes - Outros,,Outros,2025-08-07 16:10:53
EFLET,Correoe-flet_28,EFLET - Outros,,Outros,2025-08-07 16:10:53
Dropi Fretes,4560540,Dropi Fretes - Outros,,Outros,2025-08-07 16:10:53
Dropi Fretes,4560485,Dropi Fretes - Outros,,Outros,2025-08-07 16:10:53
Dropi Fretes,4554831,Dropi Fretes - Outros,,Outros,2025-08-07 16:10:53
Dropi Fretes,4930155,Dropi Fretes - Outros,,Outros,2025-08-07 16:10:53
Dropi Fretes,4929392,Dropi Fretes - Outros,,Outros,2025-08-07 16:10:53
Dropi Fretes,4928961,Dropi Fretes - Outros,,Outros,2025-08-07 16:10:53
Dropi Fretes,4927216,Dropi Fretes - Outros,,Outros,2025-08-07 16:10:53
Dropi Fretes,3460416,Dropi Fretes - Outros,,Outros,2025-08-07 16:10:53
Dropi Fretes,3484699,Dropi Fretes - Outros,,Outros,2025-08-07 16:10:53
Dropi Fretes,3484697,Dropi Fretes - Outros,,Outros,2025-08-07 16:10:53
Qbunita Transportes,manaus,Qbunita Transportes - Outros,,Outros,2025-08-07 16:10:53
Qbunita Transportes,interior,Qbunita Transportes - Outros,,Outros,2025-08-07 16:10:53
Dropi Fretes,4733743,Dropi Fretes - Outros,,Outros,2025-08-07 16:10:53
Dropi Fretes,4729164,Dropi Fretes - Outros,,Outros,2025-08-07 16:10:53
Dropi Fretes,4727637,Dropi Fretes - Outros,,Outros,2025-08-07 16:10:53
Dropi Fretes,4727635,Dropi Fretes - Outros,,Outros,2025-08-07 16:10:53
Dropi Fretes,4727272,Dropi Fretes - Outros,,Outros,2025-08-07 16:10:53
Dropi Fretes,4726714,Dropi Fretes - Outros,,Outros,2025-08-07 16:10:53
Dropi Fretes,4726385,Dropi Fretes - Outros,,Outros,2025-08-07 16:10:53
Dropi Fretes,4726286,Dropi Fretes - Outros,,Outros,2025-08-07 16:10:53
Dropi Fretes,4724955,Dropi Fretes - Outros,,Outros,2025-08-07 16:10:53
Dropi Fretes,4724588,Dropi Fretes - Outros,,Outros,2025-08-07 16:10:53
Dropi Fretes,4724234,Dropi Fretes - Outros,,Outros,2025-08-07 16:10:53
Dropi Fretes,3581148,Dropi Fretes - Outros,,Outros,2025-08-07 16:10:53
Dropi Fretes,3420875,Dropi Fretes - Outros,,Outros,2025-08-07 16:10:53
Dropi Fretes,4923939,Dropi Fretes - Outros,,Outros,2025-08-07 16:10:53
Dropi Fretes,4923686,Dropi Fretes - Outros,,Outros,2025-08-07 16:10:53
Dropi Fretes,4920671,Dropi Fretes - Outros,,Outros,2025-08-07 16:10:53
Dropi Fretes,4918277,Dropi Fretes - Outros,,Outros,2025-08-07 16:10:53
Dropi Fretes,4917487,Dropi Fretes - Outros,,Outros,2025-08-07 16:10:53
Dropi Fretes,4912518,Dropi Fretes - Outros,,Outros,2025-08-07 16:10:53
Dropi Fretes,685924,Dropi Fretes - Outros,,Outros,2025-08-07 16:10:53
Dropi Fretes,684122,Dropi Fretes - Outros,,Outros,2025-08-07 16:10:53
Dropi Fretes,887005,Dropi Fretes - Outros,,Outros,2025-08-07 16:10:53
Dropi Fretes,832825,Dropi Fretes - Outros,,Outros,2025-08-07 16:10:53
Dropi Fretes,3403081,Dropi Fretes - Outros,,Outros,2025-08-07 16:10:53
Dropi Fretes,3399791,Dropi Fretes - Outros,,Outros,2025-08-07 16:10:53
SHIPSMART,1478,SHIPSMART - Outros,,Outros,2025-08-07 16:10:53
SHIPSMART,1313,SHIPSMART - Outros,,Outros,2025-08-07 16:10:53
Reserva Ink Entregas,1,Reserva Ink Entregas - Outros,,Outros,2025-08-07 16:10:53
Dropi Fretes,3245717,Dropi Fretes - Outros,,Outros,2025-08-07 16:10:53
Dropi Fretes,3245688,Dropi Fretes - Outros,,Outros,2025-08-07 16:10:53
Dropi Fretes,3230112,Dropi Fretes - Outros,,Outros,2025-08-07 16:10:53
Dropi Fretes,3394885,Dropi Fretes - Outros,,Outros,2025-08-07 16:10:53
Dropi Fretes,3391070,Dropi Fretes - Outros,,Outros,2025-08-07 16:10:53
Dropi Fretes,3382509,Dropi Fretes - Outros,,Outros,2025-08-07 16:10:53
Dropi Fretes,3378597,Dropi Fretes - Outros,,Outros,2025-08-07 16:10:53
Dropi Fretes,3360787,Dropi Fretes - Outros,,Outros,2025-08-07 16:10:53
Dropi Fretes,333780,Dropi Fretes - Outros,,Outros,2025-08-07 16:10:53
SHIPSMART,421,SHIPSMART - Outros,,Outros,2025-08-07 16:10:53
Dropi Fretes,3449665,Dropi Fretes - Outros,,Outros,2025-08-07 16:10:53
Dropi Fretes,3442132,Dropi Fretes - Outros,,Outros,2025-08-07 16:10:53
Dropi Fretes,3321959,Dropi Fretes - Outros,,Outros,2025-08-07 16:10:53
Dropi Fretes,4722937,Dropi Fretes - Outros,,Outros,2025-08-07 16:10:53
Dropi Fretes,3432298,Dropi Fretes - Outros,,Outros,2025-08-07 16:10:53
Dropi Fretes,3428732,Dropi Fretes - Outros,,Outros,2025-08-07 16:10:53
Shippy,332|2008,Shippy - Outros,,Outros,2025-08-07 16:10:53
Dropi Fretes,3163454,Dropi Fretes - Outros,,Outros,2025-08-07 16:10:53
Dropi Fretes,3159193,Dropi Fretes - Outros,,Outros,2025-08-07 16:10:53
Dropi Fretes,3157499,Dropi Fretes - Outros,,Outros,2025-08-07 16:10:53
Dropi Fretes,3144400,Dropi Fretes - Outros,,Outros,2025-08-07 16:10:53
Dropi Fretes,3321884,Dropi Fretes - Outros,,Outros,2025-08-07 16:10:53
Dropi Fretes,3317135,Dropi Fretes - Outros,,Outros,2025-08-07 16:10:53
Dropi Fretes,3307526,Dropi Fretes - Outros,,Outros,2025-08-07 16:10:53
Dropi Fretes,3288514,Dropi Fretes - Outros,,Outros,2025-08-07 16:10:53
Dropi Fretes,3288187,Dropi Fretes - Outros,,Outros,2025-08-07 16:10:53
Dropi Fretes,3288179,Dropi Fretes - Outros,,Outros,2025-08-07 16:10:53
Dropi Fretes,3286672,Dropi Fretes - Outros,,Outros,2025-08-07 16:10:53
Dropi Fretes,3267837,Dropi Fretes - Outros,,Outros,2025-08-07 16:10:53
Dropi Fretes,3263673,Dropi Fretes - Outros,,Outros,2025-08-07 16:10:53
Shippy,302|1843,Shippy - Outros,,Outros,2025-08-07 16:10:53
Dropi Fretes,3399788,Dropi Fretes - Outros,,Outros,2025-08-07 16:10:53
Dropi Fretes,3108952,Dropi Fretes - Outros,,Outros,2025-08-07 16:10:53
Dropi Fretes,310655,Dropi Fretes - Outros,,Outros,2025-08-07 16:10:53
Dropi Fretes,3098544,Dropi Fretes - Outros,,Outros,2025-08-07 16:10:53
Dropi Fretes,3098530,Dropi Fretes - Outros,,Outros,2025-08-07 16:10:53
Dropi Fretes,3094794,Dropi Fretes - Outros,,Outros,2025-08-07 16:10:53
Dropi Fretes,3092913,Dropi Fretes - Outros,,Outros,2025-08-07 16:10:53
Dropi Fretes,3187455,Dropi Fretes - Outros,,Outros,2025-08-07 16:10:53
Dropi Fretes,3179849,Dropi Fretes - Outros,,Outros,2025-08-07 16:10:53
Dropi Fretes,3230110,Dropi Fretes - Outros,,Outros,2025-08-07 16:10:53
Dropi Fretes,3215543,Dropi Fretes - Outros,,Outros,2025-08-07 16:10:53
Dropi Fretes,3204043,Dropi Fretes - Outros,,Outros,2025-08-07 16:10:53
Dropi Fretes,3204036,Dropi Fretes - Outros,,Outros,2025-08-07 16:10:53
Dropi Fretes,3202959,Dropi Fretes - Outros,,Outros,2025-08-07 16:10:53
Dropi Fretes,3195523,Dropi Fretes - Outros,,Outros,2025-08-07 16:10:53
Dropi Fretes,3194738,Dropi Fretes - Outros,,Outros,2025-08-07 16:10:53
Shippy,341|2029,Shippy - Outros,,Outros,2025-08-07 16:10:53
Dropi Fretes,4571281,Dropi Fretes - Outros,,Outros,2025-08-07 16:10:53
Dropi Fretes,4571192,Dropi Fretes - Outros,,Outros,2025-08-07 16:10:53
Dropi Fretes,4554604,Dropi Fretes - Outros,,Outros,2025-08-07 16:10:53
Dropi Fretes,4554417,Dropi Fretes - Outros,,Outros,2025-08-07 16:10:53
Dropi Fretes,4552747,Dropi Fretes - Outros,,Outros,2025-08-07 16:10:53
Dropi Fretes,45502,Dropi Fretes - Outros,,Outros,2025-08-07 16:10:53
Dropi Fretes,4713048,Dropi Fretes - Outros,,Outros,2025-08-07 16:10:53
Dropi Fretes,4712126,Dropi Fretes - Outros,,Outros,2025-08-07 16:10:53
Dropi Fretes,4710277,Dropi Fretes - Outros,,Outros,2025-08-07 16:10:53
Dropi Fretes,4708694,Dropi Fretes - Outros,,Outros,2025-08-07 16:10:53
Dropi Fretes,4706960,Dropi Fretes - Outros,,Outros,2025-08-07 16:10:53
Dropi Fretes,470481,Dropi Fretes - Outros,,Outros,2025-08-07 16:10:53
Shippy,350|2048,Shippy - Outros,,Outros,2025-08-07 16:10:53
Shippy,349|2046,Shippy - Outros,,Outros,2025-08-07 16:10:53
Shippy,344|2035,Shippy - Outros,,Outros,2025-08-07 16:10:53
Dropi Fretes,3109664,Dropi Fretes - Outros,,Outros,2025-08-07 16:10:53
Dropi Fretes,3118538,Dropi Fretes - Outros,,Outros,2025-08-07 16:10:53
Dropi Fretes,3117259,Dropi Fretes - Outros,,Outros,2025-08-07 16:10:53
SmartEnvios,486,SmartEnvios - Outros,,Outros,2025-08-07 16:10:53
Dropi Fretes,3175641,Dropi Fretes - Outros,,Outros,2025-08-07 16:10:53
Dropi Fretes,3175636,Dropi Fretes - Outros,,Outros,2025-08-07 16:10:53
Dropi Fretes,4718266,Dropi Fretes - Outros,,Outros,2025-08-07 16:10:53
Dropi Fretes,4713712,Dropi Fretes - Outros,,Outros,2025-08-07 16:10:53
Dropi Fretes,4713527,Dropi Fretes - Outros,,Outros,2025-08-07 16:10:53
Dropi Fretes,829814,Dropi Fretes - Outros,,Outros,2025-08-07 16:10:53
Dropi Fretes,803054,Dropi Fretes - Outros,,Outros,2025-08-07 16:10:53
Dropi Fretes,746822,Dropi Fretes - Outros,,Outros,2025-08-07 16:10:53
Dropi Fretes,737279,Dropi Fretes - Outros,,Outros,2025-08-07 16:10:53
Dropi Fretes,4565540,Dropi Fretes - Outros,,Outros,2025-08-07 16:10:53
Dropi Fretes,4560667,Dropi Fretes - Outros,,Outros,2025-08-07 16:10:53
Dropi Fretes,4573309,Dropi Fretes - Outros,,Outros,2025-08-07 16:10:53
Dropi Fretes,4571990,Dropi Fretes - Outros,,Outros,2025-08-07 16:10:53
Dropi Fretes,66844,Dropi Fretes - Outros,,Outros,2025-08-07 16:10:53
Dropi Fretes,2965411,Dropi Fretes - Outros,,Outros,2025-08-07 16:10:53
Dropi Fretes,2778226,Dropi Fretes - Outros,,Outros,2025-08-07 16:10:53
Dropi Fretes,2934408,Dropi Fretes - Outros,,Outros,2025-08-07 16:10:53
Dropi Fretes,2912905,Dropi Fretes - Outros,,Outros,2025-08-07 16:10:53
Dropi Fretes,2907610,Dropi Fretes - Outros,,Outros,2025-08-07 16:10:53
Dropi Fretes,4702481,Dropi Fretes - Outros,,Outros,2025-08-07 16:10:53
Dropi Fretes,4702480,Dropi Fretes - Outros,,Outros,2025-08-07 16:10:53
Dropi Fretes,3081747,Dropi Fretes - Outros,,Outros,2025-08-07 16:10:53
Dropi Fretes,3075714,Dropi Fretes - Outros,,Outros,2025-08-07 16:10:53
Dropi Fretes,3075712,Dropi Fretes - Outros,,Outros,2025-08-07 16:10:53
Dropi Fretes,3053308,Dropi Fretes - Outros,,Outros,2025-08-07 16:10:53
Dropi Fretes,3039117,Dropi Fretes - Outros,,Outros,2025-08-07 16:10:53
Dropi Fretes,3036843,Dropi Fretes - Outros,,Outros,2025-08-07 16:10:53
Dropi Fretes,3032834,Dropi Fretes - Outros,,Outros,2025-08-07 16:10:53
Dropi Fretes,3118541,Dropi Fretes - Outros,,Outros,2025-08-07 16:10:53
SmartEnvios,12,SmartEnvios - Outros,,Outros,2025-08-07 16:10:53
Dropi Fretes,3016847,Dropi Fretes - Outros,,Outros,2025-08-07 16:10:53
Dropi Fretes,3003865,Dropi Fretes - Outros,,Outros,2025-08-07 16:10:53
Dropi Fretes,2998158,Dropi Fretes - Outros,,Outros,2025-08-07 16:10:53
Dropi Fretes,2990745,Dropi Fretes - Outros,,Outros,2025-08-07 16:10:53
Dropi Fretes,4547404,Dropi Fretes - Outros,,Outros,2025-08-07 16:10:53
Dropi Fretes,4545419,Dropi Fretes - Outros,,Outros,2025-08-07 16:10:53
Dropi Fretes,4545416,Dropi Fretes - Outros,,Outros,2025-08-07 16:10:53
Dropi Fretes,4544560,Dropi Fretes - Outros,,Outros,2025-08-07 16:10:53
Dropi Fretes,730132,Dropi Fretes - Outros,,Outros,2025-08-07 16:10:53
Dropi Fretes,514126,Dropi Fretes - Outros,,Outros,2025-08-07 16:10:53
Dropi Fretes,505042,Dropi Fretes - Outros,,Outros,2025-08-07 16:10:53
Dropi Fretes,5012458,Dropi Fretes - Outros,,Outros,2025-08-07 16:10:53
Dropi Fretes,5006140,Dropi Fretes - Outros,,Outros,2025-08-07 16:10:53
Dropi Fretes,4996661,Dropi Fretes - Outros,,Outros,2025-08-07 16:10:53
Dropi Fretes,4994118,Dropi Fretes - Outros,,Outros,2025-08-07 16:10:53
Dropi Fretes,2748861,Dropi Fretes - Outros,,Outros,2025-08-07 16:10:53
Dropi Fretes,2746093,Dropi Fretes - Outros,,Outros,2025-08-07 16:10:53
Dropi Fretes,2731755,Dropi Fretes - Outros,,Outros,2025-08-07 16:10:53
Dropi Fretes,2892328,Dropi Fretes - Outros,,Outros,2025-08-07 16:10:53
Dropi Fretes,2877530,Dropi Fretes - Outros,,Outros,2025-08-07 16:10:53
Dropi Fretes,2875536,Dropi Fretes - Outros,,Outros,2025-08-07 16:10:53
Dropi Fretes,2865944,Dropi Fretes - Outros,,Outros,2025-08-07 16:10:53
Dropi Fretes,2850471,Dropi Fretes - Outros,,Outros,2025-08-07 16:10:53
Dropi Fretes,2842450,Dropi Fretes - Outros,,Outros,2025-08-07 16:10:53
Dropi Fretes,284075,Dropi Fretes - Outros,,Outros,2025-08-07 16:10:53
Dropi Fretes,267594,Dropi Fretes - Outros,,Outros,2025-08-07 16:10:53
SmartEnvios,527,SmartEnvios - Outros,,Outros,2025-08-07 16:10:53
Dropi Fretes,2817999,Dropi Fretes - Outros,,Outros,2025-08-07 16:10:53
Dropi Fretes,2793891,Dropi Fretes - Outros,,Outros,2025-08-07 16:10:53
Dropi Fretes,2793636,Dropi Fretes - Outros,,Outros,2025-08-07 16:10:53
SmartEnvios,34,SmartEnvios - Outros,,Outros,2025-08-07 16:10:53
Dropi Fretes,4698294,Dropi Fretes - Outros,,Outros,2025-08-07 16:10:53
Dropi Fretes,4698075,Dropi Fretes - Outros,,Outros,2025-08-07 16:10:53
Dropi Fretes,4696855,Dropi Fretes - Outros,,Outros,2025-08-07 16:10:53
Dropi Fretes,4695993,Dropi Fretes - Outros,,Outros,2025-08-07 16:10:53
Dropi Fretes,4692046,Dropi Fretes - Outros,,Outros,2025-08-07 16:10:53
Dropi Fretes,4690106,Dropi Fretes - Outros,,Outros,2025-08-07 16:10:53
Dropi Fretes,4689490,Dropi Fretes - Outros,,Outros,2025-08-07 16:10:53
Dropi Fretes,4687269,Dropi Fretes - Outros,,Outros,2025-08-07 16:10:53
Dropi Fretes,4685314,Dropi Fretes - Outros,,Outros,2025-08-07 16:10:53
Dropi Fretes,2792401,Dropi Fretes - Outros,,Outros,2025-08-07 16:10:53
Dropi Fretes,2788821,Dropi Fretes - Outros,,Outros,2025-08-07 16:10:53
Dropi Fretes,2598420,Dropi Fretes - Outros,,Outros,2025-08-07 16:10:53
Dropi Fretes,258604,Dropi Fretes - Outros,,Outros,2025-08-07 16:10:53
Dropi Fretes,258602,Dropi Fretes - Outros,,Outros,2025-08-07 16:10:53
SmartEnvios,651,SmartEnvios - Outros,,Outros,2025-08-07 16:10:53
SmartEnvios,650,SmartEnvios - Outros,,Outros,2025-08-07 16:10:53
Dropi Fretes,4972349,Dropi Fretes - Outros,,Outros,2025-08-07 16:10:53
Dropi Fretes,4970475,Dropi Fretes - Outros,,Outros,2025-08-07 16:10:53
Dropi Fretes,4970121,Dropi Fretes - Outros,,Outros,2025-08-07 16:10:53
Dropi Fretes,4969962,Dropi Fretes - Outros,,Outros,2025-08-07 16:10:53
Dropi Fretes,4968180,Dropi Fretes - Outros,,Outros,2025-08-07 16:10:53
Dropi Fretes,4967146,Dropi Fretes - Outros,,Outros,2025-08-07 16:10:53
Dropi Fretes,264810,Dropi Fretes - Outros,,Outros,2025-08-07 16:10:53
Dropi Fretes,2626321,Dropi Fretes - Outros,,Outros,2025-08-07 16:10:53
Dropi Fretes,2623528,Dropi Fretes - Outros,,Outros,2025-08-07 16:10:53
Dropi Fretes,2610086,Dropi Fretes - Outros,,Outros,2025-08-07 16:10:53
Dropi Fretes,2390615,Dropi Fretes - Outros,,Outros,2025-08-07 16:10:53
Dropi Fretes,238551,Dropi Fretes - Outros,,Outros,2025-08-07 16:10:53
Dropi Fretes,2709000,Dropi Fretes - Outros,,Outros,2025-08-07 16:10:53
Dropi Fretes,4702479,Dropi Fretes - Outros,,Outros,2025-08-07 16:10:53
Dropi Fretes,4700894,Dropi Fretes - Outros,,Outros,2025-08-07 16:10:53
Dropi Fretes,4698312,Dropi Fretes - Outros,,Outros,2025-08-07 16:10:53
Dropi Fretes,4684286,Dropi Fretes - Outros,,Outros,2025-08-07 16:10:53
Dropi Fretes,4681020,Dropi Fretes - Outros,,Outros,2025-08-07 16:10:53
Dropi Fretes,2503458,Dropi Fretes - Outros,,Outros,2025-08-07 16:10:53
Dropi Fretes,2503443,Dropi Fretes - Outros,,Outros,2025-08-07 16:10:53
Dropi Fretes,2503442,Dropi Fretes - Outros,,Outros,2025-08-07 16:10:53
Dropi Fretes,2469049,Dropi Fretes - Outros,,Outros,2025-08-07 16:10:53
Dropi Fretes,659843,Dropi Fretes - Outros,,Outros,2025-08-07 16:10:53
Dropi Fretes,4583376,Dropi Fretes - Outros,,Outros,2025-08-07 16:10:53
Dropi Fretes,4577873,Dropi Fretes - Outros,,Outros,2025-08-07 16:10:53
Dropi Fretes,4577405,Dropi Fretes - Outros,,Outros,2025-08-07 16:10:53
Dropi Fretes,4575457,Dropi Fretes - Outros,,Outros,2025-08-07 16:10:53
Dropi Fretes,4574679,Dropi Fretes - Outros,,Outros,2025-08-07 16:10:53
Dropi Fretes,4574116,Dropi Fretes - Outros,,Outros,2025-08-07 16:10:53
Dropi Fretes,4982739,Dropi Fretes - Outros,,Outros,2025-08-07 16:10:53
Dropi Fretes,4981098,Dropi Fretes - Outros,,Outros,2025-08-07 16:10:53
Dropi Fretes,4977294,Dropi Fretes - Outros,,Outros,2025-08-07 16:10:53
Dropi Fretes,2025193,Dropi Fretes - Outros,,Outros,2025-08-07 16:10:53
Dropi Fretes,2384165,Dropi Fretes - Outros,,Outros,2025-08-07 16:10:53
Dropi Fretes,2373572,Dropi Fretes - Outros,,Outros,2025-08-07 16:10:53
Dropi Fretes,2369088,Dropi Fretes - Outros,,Outros,2025-08-07 16:10:53
Dropi Fretes,2366417,Dropi Fretes - Outros,,Outros,2025-08-07 16:10:53
SmartEnvios,825,SmartEnvios - Outros,,Outros,2025-08-07 16:10:53
SmartEnvios,793,SmartEnvios - Outros,,Outros,2025-08-07 16:10:53
Dropi Fretes,2557492,Dropi Fretes - Outros,,Outros,2025-08-07 16:10:53
Dropi Fretes,2556680,Dropi Fretes - Outros,,Outros,2025-08-07 16:10:53
Dropi Fretes,2556676,Dropi Fretes - Outros,,Outros,2025-08-07 16:10:53
Dropi Fretes,2543236,Dropi Fretes - Outros,,Outros,2025-08-07 16:10:53
Dropi Fretes,2532682,Dropi Fretes - Outros,,Outros,2025-08-07 16:10:53
Dropi Fretes,251999,Dropi Fretes - Outros,,Outros,2025-08-07 16:10:53
Dropi Fretes,2513857,Dropi Fretes - Outros,,Outros,2025-08-07 16:10:53
Dropi Fretes,2295938,Dropi Fretes - Outros,,Outros,2025-08-07 16:10:53
Dropi Fretes,2287631,Dropi Fretes - Outros,,Outros,2025-08-07 16:10:53
Dropi Fretes,4674010,Dropi Fretes - Outros,,Outros,2025-08-07 16:10:53
Dropi Fretes,4671009,Dropi Fretes - Outros,,Outros,2025-08-07 16:10:53
Dropi Fretes,4670750,Dropi Fretes - Outros,,Outros,2025-08-07 16:10:53
Dropi Fretes,4668077,Dropi Fretes - Outros,,Outros,2025-08-07 16:10:53
Dropi Fretes,2280339,Dropi Fretes - Outros,,Outros,2025-08-07 16:10:53
Dropi Fretes,2236420,Dropi Fretes - Outros,,Outros,2025-08-07 16:10:53
Dropi Fretes,2193228,Dropi Fretes - Outros,,Outros,2025-08-07 16:10:53
SmartEnvios,863,SmartEnvios - Outros,,Outros,2025-08-07 16:10:53
Dropi Fretes,2432588,Dropi Fretes - Outros,,Outros,2025-08-07 16:10:53
Dropi Fretes,2416778,Dropi Fretes - Outros,,Outros,2025-08-07 16:10:53
Dropi Fretes,2125632,Dropi Fretes - Outros,,Outros,2025-08-07 16:10:53
Dropi Fretes,2123859,Dropi Fretes - Outros,,Outros,2025-08-07 16:10:53
Dropi Fretes,2121815,Dropi Fretes - Outros,,Outros,2025-08-07 16:10:53
Dropi Fretes,2110101,Dropi Fretes - Outros,,Outros,2025-08-07 16:10:53
Dropi Fretes,2091540,Dropi Fretes - Outros,,Outros,2025-08-07 16:10:53
Dropi Fretes,2026876,Dropi Fretes - Outros,,Outros,2025-08-07 16:10:53
Dropi Fretes,4945585,Dropi Fretes - Outros,,Outros,2025-08-07 16:10:53
Dropi Fretes,4944778,Dropi Fretes - Outros,,Outros,2025-08-07 16:10:53
Dropi Fretes,4944745,Dropi Fretes - Outros,,Outros,2025-08-07 16:10:53
Dropi Fretes,1582799,Dropi Fretes - Outros,,Outros,2025-08-07 16:10:53
Dropi Fretes,1836031,Dropi Fretes - Outros,,Outros,2025-08-07 16:10:53
Dropi Fretes,1820019,Dropi Fretes - Outros,,Outros,2025-08-07 16:10:53
Dropi Fretes,1811085,Dropi Fretes - Outros,,Outros,2025-08-07 16:10:53
Dropi Fretes,1790966,Dropi Fretes - Outros,,Outros,2025-08-07 16:10:53
SmartEnvios,987,SmartEnvios - Outros,,Outros,2025-08-07 16:10:53
SmartEnvios,980,SmartEnvios - Outros,,Outros,2025-08-07 16:10:53
Dropi Fretes,2330465,Dropi Fretes - Outros,,Outros,2025-08-07 16:10:53
Dropi Fretes,4679565,Dropi Fretes - Outros,,Outros,2025-08-07 16:10:53
Dropi Fretes,4677560,Dropi Fretes - Outros,,Outros,2025-08-07 16:10:53
Dropi Fretes,4677242,Dropi Fretes - Outros,,Outros,2025-08-07 16:10:53
Dropi Fretes,4675976,Dropi Fretes - Outros,,Outros,2025-08-07 16:10:53
Dropi Fretes,4674783,Dropi Fretes - Outros,,Outros,2025-08-07 16:10:53
Dropi Fretes,4666585,Dropi Fretes - Outros,,Outros,2025-08-07 16:10:53
Dropi Fretes,4662804,Dropi Fretes - Outros,,Outros,2025-08-07 16:10:53
Dropi Fretes,2004935,Dropi Fretes - Outros,,Outros,2025-08-07 16:10:53
Dropi Fretes,191427,Dropi Fretes - Outros,,Outros,2025-08-07 16:10:53
Dropi Fretes,1880815,Dropi Fretes - Outros,,Outros,2025-08-07 16:10:53
Dropi Fretes,1870982,Dropi Fretes - Outros,,Outros,2025-08-07 16:10:53
Dropi Fretes,214442,Dropi Fretes - Outros,,Outros,2025-08-07 16:10:53
Dropi Fretes,4964627,Dropi Fretes - Outros,,Outros,2025-08-07 16:10:53
Dropi Fretes,4963439,Dropi Fretes - Outros,,Outros,2025-08-07 16:10:53
Dropi Fretes,4568774,Dropi Fretes - Outros,,Outros,2025-08-07 16:10:53
Dropi Fretes,614660,Dropi Fretes - Outros,,Outros,2025-08-07 16:10:53
Dropi Fretes,611778,Dropi Fretes - Outros,,Outros,2025-08-07 16:10:53
Dropi Fretes,609166,Dropi Fretes - Outros,,Outros,2025-08-07 16:10:53
Dropi Fretes,4953223,Dropi Fretes - Outros,,Outros,2025-08-07 16:10:53
Dropi Fretes,4950156,Dropi Fretes - Outros,,Outros,2025-08-07 16:10:53
Dropi Fretes,4947634,Dropi Fretes - Outros,,Outros,2025-08-07 16:10:53
Dropi Fretes,125375,Dropi Fretes - Outros,,Outros,2025-08-07 16:10:53
WeShip,fedex_priority_overnight,WeShip - Outros,,Outros,2025-08-07 16:10:53
Dropi Fretes,1757417,Dropi Fretes - Outros,,Outros,2025-08-07 16:10:53
"Tarde, entrega das 13h até as 18h",saturday|20,"Tarde, entrega das 13h até as 18h - Outros",,Outros,2025-08-07 16:10:53
Dropi Fretes,2023872,Dropi Fretes - Outros,,Outros,2025-08-07 16:10:53
Dropi Fretes,4649690,Dropi Fretes - Outros,,Outros,2025-08-07 16:10:53
Dropi Fretes,4647626,Dropi Fretes - Outros,,Outros,2025-08-07 16:10:53
Dropi Fretes,4647361,Dropi Fretes - Outros,,Outros,2025-08-07 16:10:53
Dropi Fretes,4647285,Dropi Fretes - Outros,,Outros,2025-08-07 16:10:53
Dropi Fretes,4646167,Dropi Fretes - Outros,,Outros,2025-08-07 16:10:53
Dropi Fretes,4643767,Dropi Fretes - Outros,,Outros,2025-08-07 16:10:53
Dropi Fretes,4642446,Dropi Fretes - Outros,,Outros,2025-08-07 16:10:53
Dropi Fretes,4640026,Dropi Fretes - Outros,,Outros,2025-08-07 16:10:53
Dropi Fretes,4639920,Dropi Fretes - Outros,,Outros,2025-08-07 16:10:53
Dropi Fretes,4637803,Dropi Fretes - Outros,,Outros,2025-08-07 16:10:53
Dropi Fretes,4635571,Dropi Fretes - Outros,,Outros,2025-08-07 16:10:53
API Sisfrete Cotação,3594,API Sisfrete Cotação - Outros,,Outros,2025-08-07 16:10:53
Dimona Fretes,DN16594,Dimona Fretes - Outros,,Outros,2025-08-07 16:10:53
clicOH,5975,clicOH - Outros,,Outros,2025-08-07 16:10:53
ZUM POST,ZUMR,ZUM POST - Outros,,Outros,2025-08-07 16:10:53
Dropi Fretes,1236203,Dropi Fretes - Outros,,Outros,2025-08-07 16:10:53
Dropi Fretes,1178458,Dropi Fretes - Outros,,Outros,2025-08-07 16:10:53
Dropi Fretes,4634762,Dropi Fretes - Outros,,Outros,2025-08-07 16:10:53
Dropi Fretes,1531404,Dropi Fretes - Outros,,Outros,2025-08-07 16:10:53
Teiker,21,Teiker - Outros,,Outros,2025-08-07 16:10:53
Tecnofast - Tecnofast,Flex,Tecnofast - Tecnofast - Outros,,Outros,2025-08-07 16:10:53
Dropi Fretes,1688401,Dropi Fretes - Outros,,Outros,2025-08-07 16:10:53
Dropi Fretes,167934,Dropi Fretes - Outros,,Outros,2025-08-07 16:10:53
Dropi Fretes,167932,Dropi Fretes - Outros,,Outros,2025-08-07 16:10:53
Dropi Fretes,1652664,Dropi Fretes - Outros,,Outros,2025-08-07 16:10:53
Dropi Fretes,1287088,Dropi Fretes - Outros,,Outros,2025-08-07 16:10:53
Dropi Fretes,1279377,Dropi Fretes - Outros,,Outros,2025-08-07 16:10:53
Dropi Fretes,4962326,Dropi Fretes - Outros,,Outros,2025-08-07 16:10:53
Dropi Fretes,4620805,Dropi Fretes - Outros,,Outros,2025-08-07 16:10:53
Dropi Fretes,4620489,Dropi Fretes - Outros,,Outros,2025-08-07 16:10:53
Dropi Fretes,4622545,Dropi Fretes - Outros,,Outros,2025-08-07 16:10:53
7 Logística - EST Maravilla,Normal,7 Logística - EST Maravilla - Outros,,Outros,2025-08-07 16:10:53
skydropx,Fedex terrestre,skydropx - Outros,,Outros,2025-08-07 16:10:53
skydropx,Fedex Terrestre,skydropx - Outros,,Outros,2025-08-07 16:10:53
skydropx,FedEx Standard,skydropx - Outros,,Outros,2025-08-07 16:10:53
skydropx,FedEx Estandar,skydropx - Outros,,Outros,2025-08-07 16:10:53
Dropi Fretes,4629304,Dropi Fretes - Outros,,Outros,2025-08-07 16:10:53
Dropi Fretes,4628108,Dropi Fretes - Outros,,Outros,2025-08-07 16:10:53
Dropi Fretes,4625921,Dropi Fretes - Outros,,Outros,2025-08-07 16:10:53
Dropi Fretes,4624333,Dropi Fretes - Outros,,Outros,2025-08-07 16:10:53
Dropi Fretes,4624091,Dropi Fretes - Outros,,Outros,2025-08-07 16:10:53
Correo Skynde: Envío a domicilio,Skynde+logistic_59,Correo Skynde: Envío a domicilio - Outros,,Outros,2025-08-07 16:10:53
Dropi Fretes,1346699,Dropi Fretes - Outros,,Outros,2025-08-07 16:10:53
Envios Amba Flex - Mercadito Pastelero,Normal,Envios Amba Flex - Mercadito Pastelero - Outros,,Outros,2025-08-07 16:10:53
Dropi Fretes,4323444,Dropi Fretes - Outros,,Outros,2025-08-07 16:10:53
Dropi Fretes,4323401,Dropi Fretes - Outros,,Outros,2025-08-07 16:10:53
Dropi Fretes,4322082,Dropi Fretes - Outros,,Outros,2025-08-07 16:10:53
DrEnvio,estafeta_mx_D-C03_terrestre,DrEnvio - Outros,,Outros,2025-08-07 16:10:53
BlueMail Envíos,bluemail-standard-2,BlueMail Envíos - Outros,,Outros,2025-08-07 16:10:53
BlueMail Envíos,bluemail-pronto_c-9,BlueMail Envíos - Outros,,Outros,2025-08-07 16:10:53
CRAB,CRAB_9,CRAB - Outros,,Outros,2025-08-07 16:10:53
CRAB,CRAB_8,CRAB - Outros,,Outros,2025-08-07 16:10:53
Dropi Fretes,1101105,Dropi Fretes - Outros,,Outros,2025-08-07 16:10:53
Dropi Fretes,1312518,Dropi Fretes - Outros,,Outros,2025-08-07 16:10:53
Dropi Fretes,4634715,Dropi Fretes - Outros,,Outros,2025-08-07 16:10:53
Dropi Fretes,4634272,Dropi Fretes - Outros,,Outros,2025-08-07 16:10:53
Dropi Fretes,4630359,Dropi Fretes - Outros,,Outros,2025-08-07 16:10:53
API Sisfrete Cotação,3464,API Sisfrete Cotação - Outros,,Outros,2025-08-07 16:10:53
Dropi Fretes,4962621,Dropi Fretes - Outros,,Outros,2025-08-07 16:10:53