Keyword,Category,Country,Date,Searches
apanio,Branded,CL,8/1/2021,210
apanio,Branded,CL,9/1/2021,320
apanio,Branded,CL,10/1/2021,170
apanio,Branded,CL,11/1/2021,260
apanio,Branded,CL,12/1/2021,390
apanio,Branded,CL,1/1/2022,210
apanio,Branded,CL,2/1/2022,390
apanio,Branded,CL,3/1/2022,260
apanio,Branded,CL,4/1/2022,320
apanio,Branded,CL,5/1/2022,260
apanio,Branded,CL,6/1/2022,320
apanio,Branded,CL,7/1/2022,480
apanio,Branded,CL,8/1/2022,720
apanio,Branded,CL,9/1/2022,720
apanio,Branded,CL,10/1/2022,880
apanio,Branded,CL,11/1/2022,720
apanio,Branded,CL,12/1/2022,720
apanio,Branded,CL,1/1/2023,720
apanio,Branded,CL,2/1/2023,480
apanio,Branded,CL,3/1/2023,720
apanio,Branded,CL,4/1/2023,720
apanio,Branded,CL,5/1/2023,720
apanio,Branded,CL,6/1/2023,1600
apanio,Branded,CL,7/1/2023,720
apanio,Branded,CL,8/1/2023,880
apanio,Branded,CL,9/1/2023,590
apanio,Branded,CL,10/1/2023,880
apanio,Branded,CL,11/1/2023,880
apanio,Branded,CL,12/1/2023,720
apanio,Branded,CL,1/1/2024,720
apanio,Branded,CL,2/1/2024,480
apanio,Branded,CL,3/1/2024,720
apanio,Branded,CL,4/1/2024,880
apanio,Branded,CL,5/1/2024,880
apanio,Branded,CL,6/1/2024,720
apanio,Branded,CL,7/1/2024,1000
apanio,Branded,CL,8/1/2024,1300
apanio,Branded,CL,9/1/2024,1000
apanio,Branded,CL,10/1/2024,1300
apanio,Branded,CL,11/1/2024,1600
apanio,Branded,CL,12/1/2024,1600
apanio,Branded,CL,1/1/2025,1300
apanio,Branded,CL,2/1/2025,720
apanio,Branded,CL,3/1/2025,880
apanio,Branded,CL,4/1/2025,1300
apanio,Branded,CL,5/1/2025,1900
apanio,Branded,CL,6/1/2025,2400
apanio,Branded,CL,7/1/2025,1900
apanio,Branded,CL,8/1/2025,1900
apanio,Branded,CL,9/1/2025,1300
apanio,Branded,CL,10/1/2025,1300
bsale,Branded,CL,8/1/2021,49500
bsale,Branded,CL,9/1/2021,49500
bsale,Branded,CL,10/1/2021,49500
bsale,Branded,CL,11/1/2021,49500
bsale,Branded,CL,12/1/2021,49500
bsale,Branded,CL,1/1/2022,49500
bsale,Branded,CL,2/1/2022,40500
bsale,Branded,CL,3/1/2022,49500
bsale,Branded,CL,4/1/2022,40500
bsale,Branded,CL,5/1/2022,49500
bsale,Branded,CL,6/1/2022,40500
bsale,Branded,CL,7/1/2022,40500
bsale,Branded,CL,8/1/2022,49500
bsale,Branded,CL,9/1/2022,40500
bsale,Branded,CL,10/1/2022,40500
bsale,Branded,CL,11/1/2022,49500
bsale,Branded,CL,12/1/2022,40500
bsale,Branded,CL,1/1/2023,40500
bsale,Branded,CL,2/1/2023,40500
bsale,Branded,CL,3/1/2023,40500
bsale,Branded,CL,4/1/2023,40500
bsale,Branded,CL,5/1/2023,49500
bsale,Branded,CL,6/1/2023,40500
bsale,Branded,CL,7/1/2023,40500
bsale,Branded,CL,8/1/2023,40500
bsale,Branded,CL,9/1/2023,40500
bsale,Branded,CL,10/1/2023,40500
bsale,Branded,CL,11/1/2023,40500
bsale,Branded,CL,12/1/2023,40500
bsale,Branded,CL,1/1/2024,40500
bsale,Branded,CL,2/1/2024,40500
bsale,Branded,CL,3/1/2024,40500
bsale,Branded,CL,4/1/2024,40500
bsale,Branded,CL,5/1/2024,40500
bsale,Branded,CL,6/1/2024,40500
bsale,Branded,CL,7/1/2024,40500
bsale,Branded,CL,8/1/2024,40500
bsale,Branded,CL,9/1/2024,40500
bsale,Branded,CL,10/1/2024,49500
bsale,Branded,CL,11/1/2024,40500
bsale,Branded,CL,12/1/2024,49500
bsale,Branded,CL,1/1/2025,49500
bsale,Branded,CL,2/1/2025,40500
bsale,Branded,CL,3/1/2025,49500
bsale,Branded,CL,4/1/2025,49500
bsale,Branded,CL,5/1/2025,49500
bsale,Branded,CL,6/1/2025,49500
bsale,Branded,CL,7/1/2025,49500
bsale,Branded,CL,8/1/2025,49500
bsale,Branded,CL,9/1/2025,49500
bsale,Branded,CL,10/1/2025,60500
ecwid,Branded,CL,8/1/2021,590
ecwid,Branded,CL,9/1/2021,480
ecwid,Branded,CL,10/1/2021,480
ecwid,Branded,CL,11/1/2021,480
ecwid,Branded,CL,12/1/2021,320
ecwid,Branded,CL,1/1/2022,390
ecwid,Branded,CL,2/1/2022,390
ecwid,Branded,CL,3/1/2022,390
ecwid,Branded,CL,4/1/2022,320
ecwid,Branded,CL,5/1/2022,390
ecwid,Branded,CL,6/1/2022,390
ecwid,Branded,CL,7/1/2022,390
ecwid,Branded,CL,8/1/2022,390
ecwid,Branded,CL,9/1/2022,260
ecwid,Branded,CL,10/1/2022,320
ecwid,Branded,CL,11/1/2022,390
ecwid,Branded,CL,12/1/2022,390
ecwid,Branded,CL,1/1/2023,390
ecwid,Branded,CL,2/1/2023,320
ecwid,Branded,CL,3/1/2023,320
ecwid,Branded,CL,4/1/2023,320
ecwid,Branded,CL,5/1/2023,390
ecwid,Branded,CL,6/1/2023,260
ecwid,Branded,CL,7/1/2023,260
ecwid,Branded,CL,8/1/2023,260
ecwid,Branded,CL,9/1/2023,210
ecwid,Branded,CL,10/1/2023,210
ecwid,Branded,CL,11/1/2023,260
ecwid,Branded,CL,12/1/2023,260
ecwid,Branded,CL,1/1/2024,210
ecwid,Branded,CL,2/1/2024,170
ecwid,Branded,CL,3/1/2024,320
ecwid,Branded,CL,4/1/2024,210
ecwid,Branded,CL,5/1/2024,260
ecwid,Branded,CL,6/1/2024,320
ecwid,Branded,CL,7/1/2024,210
ecwid,Branded,CL,8/1/2024,210
ecwid,Branded,CL,9/1/2024,210
ecwid,Branded,CL,10/1/2024,260
ecwid,Branded,CL,11/1/2024,210
ecwid,Branded,CL,12/1/2024,210
ecwid,Branded,CL,1/1/2025,210
ecwid,Branded,CL,2/1/2025,210
ecwid,Branded,CL,3/1/2025,320
ecwid,Branded,CL,4/1/2025,170
ecwid,Branded,CL,5/1/2025,260
ecwid,Branded,CL,6/1/2025,210
ecwid,Branded,CL,7/1/2025,210
ecwid,Branded,CL,8/1/2025,210
ecwid,Branded,CL,9/1/2025,170
ecwid,Branded,CL,10/1/2025,170
falabella,Marketplace,CL,8/1/2021,4090000
falabella,Marketplace,CL,9/1/2021,3350000
falabella,Marketplace,CL,10/1/2021,4090000
falabella,Marketplace,CL,11/1/2021,3350000
falabella,Marketplace,CL,12/1/2021,3350000
falabella,Marketplace,CL,1/1/2022,2740000
falabella,Marketplace,CL,2/1/2022,2240000
falabella,Marketplace,CL,3/1/2022,2740000
falabella,Marketplace,CL,4/1/2022,2740000
falabella,Marketplace,CL,5/1/2022,4090000
falabella,Marketplace,CL,6/1/2022,2740000
falabella,Marketplace,CL,7/1/2022,2740000
falabella,Marketplace,CL,8/1/2022,2740000
falabella,Marketplace,CL,9/1/2022,2240000
falabella,Marketplace,CL,10/1/2022,3350000
falabella,Marketplace,CL,11/1/2022,2740000
falabella,Marketplace,CL,12/1/2022,3350000
falabella,Marketplace,CL,1/1/2023,2240000
falabella,Marketplace,CL,2/1/2023,2240000
falabella,Marketplace,CL,3/1/2023,2240000
falabella,Marketplace,CL,4/1/2023,2240000
falabella,Marketplace,CL,5/1/2023,4090000
falabella,Marketplace,CL,6/1/2023,2240000
falabella,Marketplace,CL,7/1/2023,2240000
falabella,Marketplace,CL,8/1/2023,2240000
falabella,Marketplace,CL,9/1/2023,1830000
falabella,Marketplace,CL,10/1/2023,3350000
falabella,Marketplace,CL,11/1/2023,2740000
falabella,Marketplace,CL,12/1/2023,2740000
falabella,Marketplace,CL,1/1/2024,2240000
falabella,Marketplace,CL,2/1/2024,1830000
falabella,Marketplace,CL,3/1/2024,2240000
falabella,Marketplace,CL,4/1/2024,2240000
falabella,Marketplace,CL,5/1/2024,2240000
falabella,Marketplace,CL,6/1/2024,3350000
falabella,Marketplace,CL,7/1/2024,1830000
falabella,Marketplace,CL,8/1/2024,1830000
falabella,Marketplace,CL,9/1/2024,2240000
falabella,Marketplace,CL,10/1/2024,2240000
falabella,Marketplace,CL,11/1/2024,2240000
falabella,Marketplace,CL,12/1/2024,2740000
falabella,Marketplace,CL,1/1/2025,1830000
falabella,Marketplace,CL,2/1/2025,1830000
falabella,Marketplace,CL,3/1/2025,2240000
falabella,Marketplace,CL,4/1/2025,1830000
falabella,Marketplace,CL,5/1/2025,2240000
falabella,Marketplace,CL,6/1/2025,3350000
falabella,Marketplace,CL,7/1/2025,1830000
falabella,Marketplace,CL,8/1/2025,1830000
falabella,Marketplace,CL,9/1/2025,1830000
falabella,Marketplace,CL,10/1/2025,2740000
jumpseller,Branded,CL,8/1/2021,9900
jumpseller,Branded,CL,9/1/2021,8100
jumpseller,Branded,CL,10/1/2021,8100
jumpseller,Branded,CL,11/1/2021,8100
jumpseller,Branded,CL,12/1/2021,8100
jumpseller,Branded,CL,1/1/2022,8100
jumpseller,Branded,CL,2/1/2022,8100
jumpseller,Branded,CL,3/1/2022,8100
jumpseller,Branded,CL,4/1/2022,8100
jumpseller,Branded,CL,5/1/2022,8100
jumpseller,Branded,CL,6/1/2022,6600
jumpseller,Branded,CL,7/1/2022,6600
jumpseller,Branded,CL,8/1/2022,8100
jumpseller,Branded,CL,9/1/2022,6600
jumpseller,Branded,CL,10/1/2022,6600
jumpseller,Branded,CL,11/1/2022,6600
jumpseller,Branded,CL,12/1/2022,6600
jumpseller,Branded,CL,1/1/2023,6600
jumpseller,Branded,CL,2/1/2023,6600
jumpseller,Branded,CL,3/1/2023,8100
jumpseller,Branded,CL,4/1/2023,8100
jumpseller,Branded,CL,5/1/2023,8100
jumpseller,Branded,CL,6/1/2023,8100
jumpseller,Branded,CL,7/1/2023,8100
jumpseller,Branded,CL,8/1/2023,8100
jumpseller,Branded,CL,9/1/2023,6600
jumpseller,Branded,CL,10/1/2023,8100
jumpseller,Branded,CL,11/1/2023,8100
jumpseller,Branded,CL,12/1/2023,6600
jumpseller,Branded,CL,1/1/2024,8100
jumpseller,Branded,CL,2/1/2024,6600
jumpseller,Branded,CL,3/1/2024,8100
jumpseller,Branded,CL,4/1/2024,9900
jumpseller,Branded,CL,5/1/2024,8100
jumpseller,Branded,CL,6/1/2024,8100
jumpseller,Branded,CL,7/1/2024,8100
jumpseller,Branded,CL,8/1/2024,8100
jumpseller,Branded,CL,9/1/2024,8100
jumpseller,Branded,CL,10/1/2024,8100
jumpseller,Branded,CL,11/1/2024,8100
jumpseller,Branded,CL,12/1/2024,8100
jumpseller,Branded,CL,1/1/2025,8100
jumpseller,Branded,CL,2/1/2025,6600
jumpseller,Branded,CL,3/1/2025,8100
jumpseller,Branded,CL,4/1/2025,8100
jumpseller,Branded,CL,5/1/2025,8100
jumpseller,Branded,CL,6/1/2025,8100
jumpseller,Branded,CL,7/1/2025,8100
jumpseller,Branded,CL,8/1/2025,8100
jumpseller,Branded,CL,9/1/2025,8100
jumpseller,Branded,CL,10/1/2025,9900
kichink,Branded,CL,8/1/2021,40
kichink,Branded,CL,9/1/2021,30
kichink,Branded,CL,10/1/2021,20
kichink,Branded,CL,11/1/2021,20
kichink,Branded,CL,12/1/2021,20
kichink,Branded,CL,1/1/2022,20
kichink,Branded,CL,2/1/2022,20
kichink,Branded,CL,3/1/2022,10
kichink,Branded,CL,4/1/2022,10
kichink,Branded,CL,5/1/2022,10
kichink,Branded,CL,6/1/2022,10
kichink,Branded,CL,7/1/2022,20
kichink,Branded,CL,8/1/2022,20
kichink,Branded,CL,9/1/2022,10
kichink,Branded,CL,10/1/2022,10
kichink,Branded,CL,11/1/2022,20
kichink,Branded,CL,12/1/2022,10
kichink,Branded,CL,1/1/2023,10
kichink,Branded,CL,2/1/2023,10
kichink,Branded,CL,3/1/2023,10
kichink,Branded,CL,4/1/2023,20
kichink,Branded,CL,5/1/2023,20
kichink,Branded,CL,6/1/2023,10
kichink,Branded,CL,7/1/2023,10
kichink,Branded,CL,8/1/2023,10
kichink,Branded,CL,9/1/2023,10
kichink,Branded,CL,10/1/2023,10
kichink,Branded,CL,11/1/2023,10
kichink,Branded,CL,12/1/2023,0
kichink,Branded,CL,1/1/2024,10
kichink,Branded,CL,2/1/2024,10
kichink,Branded,CL,3/1/2024,10
kichink,Branded,CL,4/1/2024,10
kichink,Branded,CL,5/1/2024,10
kichink,Branded,CL,6/1/2024,10
kichink,Branded,CL,7/1/2024,10
kichink,Branded,CL,8/1/2024,10
kichink,Branded,CL,9/1/2024,10
kichink,Branded,CL,10/1/2024,10
kichink,Branded,CL,11/1/2024,10
kichink,Branded,CL,12/1/2024,10
kichink,Branded,CL,1/1/2025,10
kichink,Branded,CL,2/1/2025,10
kichink,Branded,CL,3/1/2025,10
kichink,Branded,CL,4/1/2025,10
kichink,Branded,CL,5/1/2025,10
kichink,Branded,CL,6/1/2025,10
kichink,Branded,CL,7/1/2025,10
kichink,Branded,CL,8/1/2025,10
kichink,Branded,CL,9/1/2025,10
kichink,Branded,CL,10/1/2025,10
linio,Marketplace,CL,8/1/2021,246000
linio,Marketplace,CL,9/1/2021,201000
linio,Marketplace,CL,10/1/2021,301000
linio,Marketplace,CL,11/1/2021,246000
linio,Marketplace,CL,12/1/2021,246000
linio,Marketplace,CL,1/1/2022,201000
linio,Marketplace,CL,2/1/2022,165000
linio,Marketplace,CL,3/1/2022,165000
linio,Marketplace,CL,4/1/2022,165000
linio,Marketplace,CL,5/1/2022,246000
linio,Marketplace,CL,6/1/2022,201000
linio,Marketplace,CL,7/1/2022,165000
linio,Marketplace,CL,8/1/2022,201000
linio,Marketplace,CL,9/1/2022,135000
linio,Marketplace,CL,10/1/2022,201000
linio,Marketplace,CL,11/1/2022,135000
linio,Marketplace,CL,12/1/2022,74000
linio,Marketplace,CL,1/1/2023,40500
linio,Marketplace,CL,2/1/2023,33100
linio,Marketplace,CL,3/1/2023,40500
linio,Marketplace,CL,4/1/2023,49500
linio,Marketplace,CL,5/1/2023,74000
linio,Marketplace,CL,6/1/2023,33100
linio,Marketplace,CL,7/1/2023,49500
linio,Marketplace,CL,8/1/2023,40500
linio,Marketplace,CL,9/1/2023,40500
linio,Marketplace,CL,10/1/2023,40500
linio,Marketplace,CL,11/1/2023,49500
linio,Marketplace,CL,12/1/2023,33100
linio,Marketplace,CL,1/1/2024,22200
linio,Marketplace,CL,2/1/2024,14800
linio,Marketplace,CL,3/1/2024,14800
linio,Marketplace,CL,4/1/2024,9900
linio,Marketplace,CL,5/1/2024,9900
linio,Marketplace,CL,6/1/2024,12100
linio,Marketplace,CL,7/1/2024,6600
linio,Marketplace,CL,8/1/2024,6600
linio,Marketplace,CL,9/1/2024,6600
linio,Marketplace,CL,10/1/2024,6600
linio,Marketplace,CL,11/1/2024,6600
linio,Marketplace,CL,12/1/2024,6600
linio,Marketplace,CL,1/1/2025,5400
linio,Marketplace,CL,2/1/2025,4400
linio,Marketplace,CL,3/1/2025,5400
linio,Marketplace,CL,4/1/2025,5400
linio,Marketplace,CL,5/1/2025,5400
linio,Marketplace,CL,6/1/2025,5400
linio,Marketplace,CL,7/1/2025,4400
linio,Marketplace,CL,8/1/2025,4400
linio,Marketplace,CL,9/1/2025,3600
linio,Marketplace,CL,10/1/2025,3600
mercado libre,Marketplace,CL,8/1/2021,2740000
mercado libre,Marketplace,CL,9/1/2021,2240000
mercado libre,Marketplace,CL,10/1/2021,2740000
mercado libre,Marketplace,CL,11/1/2021,2740000
mercado libre,Marketplace,CL,12/1/2021,2740000
mercado libre,Marketplace,CL,1/1/2022,2240000
mercado libre,Marketplace,CL,2/1/2022,2240000
mercado libre,Marketplace,CL,3/1/2022,2740000
mercado libre,Marketplace,CL,4/1/2022,2240000
mercado libre,Marketplace,CL,5/1/2022,2240000
mercado libre,Marketplace,CL,6/1/2022,2240000
mercado libre,Marketplace,CL,7/1/2022,2240000
mercado libre,Marketplace,CL,8/1/2022,2240000
mercado libre,Marketplace,CL,9/1/2022,1830000
mercado libre,Marketplace,CL,10/1/2022,2240000
mercado libre,Marketplace,CL,11/1/2022,2240000
mercado libre,Marketplace,CL,12/1/2022,2740000
mercado libre,Marketplace,CL,1/1/2023,1830000
mercado libre,Marketplace,CL,2/1/2023,1830000
mercado libre,Marketplace,CL,3/1/2023,1830000
mercado libre,Marketplace,CL,4/1/2023,1830000
mercado libre,Marketplace,CL,5/1/2023,2240000
mercado libre,Marketplace,CL,6/1/2023,1830000
mercado libre,Marketplace,CL,7/1/2023,1830000
mercado libre,Marketplace,CL,8/1/2023,1830000
mercado libre,Marketplace,CL,9/1/2023,1830000
mercado libre,Marketplace,CL,10/1/2023,2240000
mercado libre,Marketplace,CL,11/1/2023,2240000
mercado libre,Marketplace,CL,12/1/2023,2240000
mercado libre,Marketplace,CL,1/1/2024,1830000
mercado libre,Marketplace,CL,2/1/2024,1830000
mercado libre,Marketplace,CL,3/1/2024,1830000
mercado libre,Marketplace,CL,4/1/2024,1830000
mercado libre,Marketplace,CL,5/1/2024,1830000
mercado libre,Marketplace,CL,6/1/2024,1830000
mercado libre,Marketplace,CL,7/1/2024,1830000
mercado libre,Marketplace,CL,8/1/2024,1830000
mercado libre,Marketplace,CL,9/1/2024,1830000
mercado libre,Marketplace,CL,10/1/2024,1830000
mercado libre,Marketplace,CL,11/1/2024,1830000
mercado libre,Marketplace,CL,12/1/2024,2240000
mercado libre,Marketplace,CL,1/1/2025,1830000
mercado libre,Marketplace,CL,2/1/2025,1500000
mercado libre,Marketplace,CL,3/1/2025,1830000
mercado libre,Marketplace,CL,4/1/2025,1830000
mercado libre,Marketplace,CL,5/1/2025,1830000
mercado libre,Marketplace,CL,6/1/2025,1830000
mercado libre,Marketplace,CL,7/1/2025,1830000
mercado libre,Marketplace,CL,8/1/2025,1830000
mercado libre,Marketplace,CL,9/1/2025,1500000
mercado libre,Marketplace,CL,10/1/2025,1830000
mercado shops,Branded,CL,8/1/2021,390
mercado shops,Branded,CL,9/1/2021,590
mercado shops,Branded,CL,10/1/2021,590
mercado shops,Branded,CL,11/1/2021,720
mercado shops,Branded,CL,12/1/2021,480
mercado shops,Branded,CL,1/1/2022,480
mercado shops,Branded,CL,2/1/2022,480
mercado shops,Branded,CL,3/1/2022,880
mercado shops,Branded,CL,4/1/2022,880
mercado shops,Branded,CL,5/1/2022,1000
mercado shops,Branded,CL,6/1/2022,880
mercado shops,Branded,CL,7/1/2022,1000
mercado shops,Branded,CL,8/1/2022,1000
mercado shops,Branded,CL,9/1/2022,880
mercado shops,Branded,CL,10/1/2022,1000
mercado shops,Branded,CL,11/1/2022,1300
mercado shops,Branded,CL,12/1/2022,1000
mercado shops,Branded,CL,1/1/2023,1300
mercado shops,Branded,CL,2/1/2023,1000
mercado shops,Branded,CL,3/1/2023,880
mercado shops,Branded,CL,4/1/2023,880
mercado shops,Branded,CL,5/1/2023,880
mercado shops,Branded,CL,6/1/2023,880
mercado shops,Branded,CL,7/1/2023,880
mercado shops,Branded,CL,8/1/2023,880
mercado shops,Branded,CL,9/1/2023,720
mercado shops,Branded,CL,10/1/2023,880
mercado shops,Branded,CL,11/1/2023,880
mercado shops,Branded,CL,12/1/2023,720
mercado shops,Branded,CL,1/1/2024,720
mercado shops,Branded,CL,2/1/2024,1000
mercado shops,Branded,CL,3/1/2024,1000
mercado shops,Branded,CL,4/1/2024,880
mercado shops,Branded,CL,5/1/2024,880
mercado shops,Branded,CL,6/1/2024,720
mercado shops,Branded,CL,7/1/2024,720
mercado shops,Branded,CL,8/1/2024,720
mercado shops,Branded,CL,9/1/2024,720
mercado shops,Branded,CL,10/1/2024,720
mercado shops,Branded,CL,11/1/2024,590
mercado shops,Branded,CL,12/1/2024,480
mercado shops,Branded,CL,1/1/2025,880
mercado shops,Branded,CL,2/1/2025,480
mercado shops,Branded,CL,3/1/2025,480
mercado shops,Branded,CL,4/1/2025,480
mercado shops,Branded,CL,5/1/2025,390
mercado shops,Branded,CL,6/1/2025,390
mercado shops,Branded,CL,7/1/2025,390
mercado shops,Branded,CL,8/1/2025,390
mercado shops,Branded,CL,9/1/2025,320
mercado shops,Branded,CL,10/1/2025,320
paris,Marketplace,CL,8/1/2021,1830000
paris,Marketplace,CL,9/1/2021,1220000
paris,Marketplace,CL,10/1/2021,1830000
paris,Marketplace,CL,11/1/2021,1830000
paris,Marketplace,CL,12/1/2021,1830000
paris,Marketplace,CL,1/1/2022,1220000
paris,Marketplace,CL,2/1/2022,1220000
paris,Marketplace,CL,3/1/2022,1220000
paris,Marketplace,CL,4/1/2022,1220000
paris,Marketplace,CL,5/1/2022,1830000
paris,Marketplace,CL,6/1/2022,1500000
paris,Marketplace,CL,7/1/2022,1500000
paris,Marketplace,CL,8/1/2022,1220000
paris,Marketplace,CL,9/1/2022,1220000
paris,Marketplace,CL,10/1/2022,1500000
paris,Marketplace,CL,11/1/2022,1220000
paris,Marketplace,CL,12/1/2022,1500000
paris,Marketplace,CL,1/1/2023,1000000
paris,Marketplace,CL,2/1/2023,1000000
paris,Marketplace,CL,3/1/2023,1220000
paris,Marketplace,CL,4/1/2023,1220000
paris,Marketplace,CL,5/1/2023,1830000
paris,Marketplace,CL,6/1/2023,1000000
paris,Marketplace,CL,7/1/2023,1000000
paris,Marketplace,CL,8/1/2023,1000000
paris,Marketplace,CL,9/1/2023,1000000
paris,Marketplace,CL,10/1/2023,1500000
paris,Marketplace,CL,11/1/2023,1220000
paris,Marketplace,CL,12/1/2023,1500000
paris,Marketplace,CL,1/1/2024,1000000
paris,Marketplace,CL,2/1/2024,823000
paris,Marketplace,CL,3/1/2024,1000000
paris,Marketplace,CL,4/1/2024,1000000
paris,Marketplace,CL,5/1/2024,1000000
paris,Marketplace,CL,6/1/2024,1500000
paris,Marketplace,CL,7/1/2024,823000
paris,Marketplace,CL,8/1/2024,823000
paris,Marketplace,CL,9/1/2024,1000000
paris,Marketplace,CL,10/1/2024,1000000
paris,Marketplace,CL,11/1/2024,1000000
paris,Marketplace,CL,12/1/2024,1500000
paris,Marketplace,CL,1/1/2025,823000
paris,Marketplace,CL,2/1/2025,673000
paris,Marketplace,CL,3/1/2025,1000000
paris,Marketplace,CL,4/1/2025,1000000
paris,Marketplace,CL,5/1/2025,823000
paris,Marketplace,CL,6/1/2025,1500000
paris,Marketplace,CL,7/1/2025,823000
paris,Marketplace,CL,8/1/2025,823000
paris,Marketplace,CL,9/1/2025,673000
paris,Marketplace,CL,10/1/2025,1220000
prestashop,Branded,CL,8/1/2021,1900
prestashop,Branded,CL,9/1/2021,1900
prestashop,Branded,CL,10/1/2021,1600
prestashop,Branded,CL,11/1/2021,1600
prestashop,Branded,CL,12/1/2021,1300
prestashop,Branded,CL,1/1/2022,1600
prestashop,Branded,CL,2/1/2022,1300
prestashop,Branded,CL,3/1/2022,1600
prestashop,Branded,CL,4/1/2022,1600
prestashop,Branded,CL,5/1/2022,1600
prestashop,Branded,CL,6/1/2022,1300
prestashop,Branded,CL,7/1/2022,1600
prestashop,Branded,CL,8/1/2022,1300
prestashop,Branded,CL,9/1/2022,1300
prestashop,Branded,CL,10/1/2022,1600
prestashop,Branded,CL,11/1/2022,1600
prestashop,Branded,CL,12/1/2022,1000
prestashop,Branded,CL,1/1/2023,1300
prestashop,Branded,CL,2/1/2023,1000
prestashop,Branded,CL,3/1/2023,1300
prestashop,Branded,CL,4/1/2023,1300
prestashop,Branded,CL,5/1/2023,1600
prestashop,Branded,CL,6/1/2023,1300
prestashop,Branded,CL,7/1/2023,1300
prestashop,Branded,CL,8/1/2023,1300
prestashop,Branded,CL,9/1/2023,1000
prestashop,Branded,CL,10/1/2023,1000
prestashop,Branded,CL,11/1/2023,1000
prestashop,Branded,CL,12/1/2023,1000
prestashop,Branded,CL,1/1/2024,1000
prestashop,Branded,CL,2/1/2024,1000
prestashop,Branded,CL,3/1/2024,1000
prestashop,Branded,CL,4/1/2024,1300
prestashop,Branded,CL,5/1/2024,1000
prestashop,Branded,CL,6/1/2024,1300
prestashop,Branded,CL,7/1/2024,1000
prestashop,Branded,CL,8/1/2024,1300
prestashop,Branded,CL,9/1/2024,1000
prestashop,Branded,CL,10/1/2024,1000
prestashop,Branded,CL,11/1/2024,1000
prestashop,Branded,CL,12/1/2024,880
prestashop,Branded,CL,1/1/2025,1000
prestashop,Branded,CL,2/1/2025,880
prestashop,Branded,CL,3/1/2025,1000
prestashop,Branded,CL,4/1/2025,1000
prestashop,Branded,CL,5/1/2025,1000
prestashop,Branded,CL,6/1/2025,1000
prestashop,Branded,CL,7/1/2025,880
prestashop,Branded,CL,8/1/2025,880
prestashop,Branded,CL,9/1/2025,720
prestashop,Branded,CL,10/1/2025,880
ripley,Marketplace,CL,8/1/2021,4090000
ripley,Marketplace,CL,9/1/2021,3350000
ripley,Marketplace,CL,10/1/2021,4090000
ripley,Marketplace,CL,11/1/2021,3350000
ripley,Marketplace,CL,12/1/2021,4090000
ripley,Marketplace,CL,1/1/2022,2740000
ripley,Marketplace,CL,2/1/2022,2740000
ripley,Marketplace,CL,3/1/2022,2740000
ripley,Marketplace,CL,4/1/2022,2740000
ripley,Marketplace,CL,5/1/2022,4090000
ripley,Marketplace,CL,6/1/2022,3350000
ripley,Marketplace,CL,7/1/2022,2740000
ripley,Marketplace,CL,8/1/2022,2740000
ripley,Marketplace,CL,9/1/2022,2240000
ripley,Marketplace,CL,10/1/2022,4090000
ripley,Marketplace,CL,11/1/2022,2740000
ripley,Marketplace,CL,12/1/2022,3350000
ripley,Marketplace,CL,1/1/2023,2240000
ripley,Marketplace,CL,2/1/2023,2240000
ripley,Marketplace,CL,3/1/2023,2740000
ripley,Marketplace,CL,4/1/2023,2240000
ripley,Marketplace,CL,5/1/2023,4090000
ripley,Marketplace,CL,6/1/2023,2740000
ripley,Marketplace,CL,7/1/2023,2240000
ripley,Marketplace,CL,8/1/2023,2240000
ripley,Marketplace,CL,9/1/2023,1830000
ripley,Marketplace,CL,10/1/2023,2740000
ripley,Marketplace,CL,11/1/2023,2240000
ripley,Marketplace,CL,12/1/2023,2740000
ripley,Marketplace,CL,1/1/2024,1830000
ripley,Marketplace,CL,2/1/2024,1830000
ripley,Marketplace,CL,3/1/2024,1830000
ripley,Marketplace,CL,4/1/2024,1830000
ripley,Marketplace,CL,5/1/2024,1830000
ripley,Marketplace,CL,6/1/2024,2740000
ripley,Marketplace,CL,7/1/2024,1830000
ripley,Marketplace,CL,8/1/2024,1500000
ripley,Marketplace,CL,9/1/2024,1830000
ripley,Marketplace,CL,10/1/2024,1830000
ripley,Marketplace,CL,11/1/2024,1830000
ripley,Marketplace,CL,12/1/2024,2240000
ripley,Marketplace,CL,1/1/2025,1500000
ripley,Marketplace,CL,2/1/2025,1220000
ripley,Marketplace,CL,3/1/2025,1500000
ripley,Marketplace,CL,4/1/2025,1500000
ripley,Marketplace,CL,5/1/2025,1500000
ripley,Marketplace,CL,6/1/2025,2240000
ripley,Marketplace,CL,7/1/2025,1500000
ripley,Marketplace,CL,8/1/2025,1500000
ripley,Marketplace,CL,9/1/2025,1220000
ripley,Marketplace,CL,10/1/2025,1830000
shopify,Branded,CL,8/1/2021,27100
shopify,Branded,CL,9/1/2021,27100
shopify,Branded,CL,10/1/2021,27100
shopify,Branded,CL,11/1/2021,22200
shopify,Branded,CL,12/1/2021,22200
shopify,Branded,CL,1/1/2022,27100
shopify,Branded,CL,2/1/2022,27100
shopify,Branded,CL,3/1/2022,27100
shopify,Branded,CL,4/1/2022,27100
shopify,Branded,CL,5/1/2022,27100
shopify,Branded,CL,6/1/2022,27100
shopify,Branded,CL,7/1/2022,27100
shopify,Branded,CL,8/1/2022,22200
shopify,Branded,CL,9/1/2022,22200
shopify,Branded,CL,10/1/2022,27100
shopify,Branded,CL,11/1/2022,27100
shopify,Branded,CL,12/1/2022,27100
shopify,Branded,CL,1/1/2023,33100
shopify,Branded,CL,2/1/2023,27100
shopify,Branded,CL,3/1/2023,33100
shopify,Branded,CL,4/1/2023,33100
shopify,Branded,CL,5/1/2023,40500
shopify,Branded,CL,6/1/2023,40500
shopify,Branded,CL,7/1/2023,40500
shopify,Branded,CL,8/1/2023,40500
shopify,Branded,CL,9/1/2023,40500
shopify,Branded,CL,10/1/2023,40500
shopify,Branded,CL,11/1/2023,40500
shopify,Branded,CL,12/1/2023,33100
shopify,Branded,CL,1/1/2024,40500
shopify,Branded,CL,2/1/2024,40500
shopify,Branded,CL,3/1/2024,40500
shopify,Branded,CL,4/1/2024,40500
shopify,Branded,CL,5/1/2024,49500
shopify,Branded,CL,6/1/2024,49500
shopify,Branded,CL,7/1/2024,49500
shopify,Branded,CL,8/1/2024,49500
shopify,Branded,CL,9/1/2024,49500
shopify,Branded,CL,10/1/2024,49500
shopify,Branded,CL,11/1/2024,49500
shopify,Branded,CL,12/1/2024,49500
shopify,Branded,CL,1/1/2025,60500
shopify,Branded,CL,2/1/2025,49500
shopify,Branded,CL,3/1/2025,49500
shopify,Branded,CL,4/1/2025,49500
shopify,Branded,CL,5/1/2025,49500
shopify,Branded,CL,6/1/2025,49500
shopify,Branded,CL,7/1/2025,49500
shopify,Branded,CL,8/1/2025,49500
shopify,Branded,CL,9/1/2025,40500
shopify,Branded,CL,10/1/2025,49500
tienda nube,Branded,CL,8/1/2021,390
tienda nube,Branded,CL,9/1/2021,210
tienda nube,Branded,CL,10/1/2021,260
tienda nube,Branded,CL,11/1/2021,210
tienda nube,Branded,CL,12/1/2021,210
tienda nube,Branded,CL,1/1/2022,320
tienda nube,Branded,CL,2/1/2022,170
tienda nube,Branded,CL,3/1/2022,260
tienda nube,Branded,CL,4/1/2022,260
tienda nube,Branded,CL,5/1/2022,260
tienda nube,Branded,CL,6/1/2022,260
tienda nube,Branded,CL,7/1/2022,210
tienda nube,Branded,CL,8/1/2022,260
tienda nube,Branded,CL,9/1/2022,260
tienda nube,Branded,CL,10/1/2022,260
tienda nube,Branded,CL,11/1/2022,320
tienda nube,Branded,CL,12/1/2022,260
tienda nube,Branded,CL,1/1/2023,390
tienda nube,Branded,CL,2/1/2023,320
tienda nube,Branded,CL,3/1/2023,480
tienda nube,Branded,CL,4/1/2023,390
tienda nube,Branded,CL,5/1/2023,720
tienda nube,Branded,CL,6/1/2023,590
tienda nube,Branded,CL,7/1/2023,590
tienda nube,Branded,CL,8/1/2023,720
tienda nube,Branded,CL,9/1/2023,590
tienda nube,Branded,CL,10/1/2023,720
tienda nube,Branded,CL,11/1/2023,590
tienda nube,Branded,CL,12/1/2023,590
tienda nube,Branded,CL,1/1/2024,880
tienda nube,Branded,CL,2/1/2024,880
tienda nube,Branded,CL,3/1/2024,1000
tienda nube,Branded,CL,4/1/2024,1000
tienda nube,Branded,CL,5/1/2024,1300
tienda nube,Branded,CL,6/1/2024,1300
tienda nube,Branded,CL,7/1/2024,1300
tienda nube,Branded,CL,8/1/2024,1300
tienda nube,Branded,CL,9/1/2024,1000
tienda nube,Branded,CL,10/1/2024,1600
tienda nube,Branded,CL,11/1/2024,1900
tienda nube,Branded,CL,12/1/2024,2900
tienda nube,Branded,CL,1/1/2025,2900
tienda nube,Branded,CL,2/1/2025,2400
tienda nube,Branded,CL,3/1/2025,3600
tienda nube,Branded,CL,4/1/2025,5400
tienda nube,Branded,CL,5/1/2025,5400
tienda nube,Branded,CL,6/1/2025,2400
tienda nube,Branded,CL,7/1/2025,2900
tienda nube,Branded,CL,8/1/2025,2400
tienda nube,Branded,CL,9/1/2025,2400
tienda nube,Branded,CL,10/1/2025,2400
tiendanube,Branded,CL,8/1/2021,720
tiendanube,Branded,CL,9/1/2021,480
tiendanube,Branded,CL,10/1/2021,390
tiendanube,Branded,CL,11/1/2021,320
tiendanube,Branded,CL,12/1/2021,320
tiendanube,Branded,CL,1/1/2022,390
tiendanube,Branded,CL,2/1/2022,320
tiendanube,Branded,CL,3/1/2022,390
tiendanube,Branded,CL,4/1/2022,480
tiendanube,Branded,CL,5/1/2022,480
tiendanube,Branded,CL,6/1/2022,480
tiendanube,Branded,CL,7/1/2022,480
tiendanube,Branded,CL,8/1/2022,480
tiendanube,Branded,CL,9/1/2022,480
tiendanube,Branded,CL,10/1/2022,480
tiendanube,Branded,CL,11/1/2022,590
tiendanube,Branded,CL,12/1/2022,480
tiendanube,Branded,CL,1/1/2023,590
tiendanube,Branded,CL,2/1/2023,480
tiendanube,Branded,CL,3/1/2023,590
tiendanube,Branded,CL,4/1/2023,480
tiendanube,Branded,CL,5/1/2023,720
tiendanube,Branded,CL,6/1/2023,720
tiendanube,Branded,CL,7/1/2023,720
tiendanube,Branded,CL,8/1/2023,880
tiendanube,Branded,CL,9/1/2023,590
tiendanube,Branded,CL,10/1/2023,720
tiendanube,Branded,CL,11/1/2023,720
tiendanube,Branded,CL,12/1/2023,590
tiendanube,Branded,CL,1/1/2024,880
tiendanube,Branded,CL,2/1/2024,880
tiendanube,Branded,CL,3/1/2024,880
tiendanube,Branded,CL,4/1/2024,1300
tiendanube,Branded,CL,5/1/2024,1300
tiendanube,Branded,CL,6/1/2024,1600
tiendanube,Branded,CL,7/1/2024,1600
tiendanube,Branded,CL,8/1/2024,1900
tiendanube,Branded,CL,9/1/2024,1600
tiendanube,Branded,CL,10/1/2024,1600
tiendanube,Branded,CL,11/1/2024,1600
tiendanube,Branded,CL,12/1/2024,2900
tiendanube,Branded,CL,1/1/2025,2900
tiendanube,Branded,CL,2/1/2025,2900
tiendanube,Branded,CL,3/1/2025,4400
tiendanube,Branded,CL,4/1/2025,6600
tiendanube,Branded,CL,5/1/2025,5400
tiendanube,Branded,CL,6/1/2025,2400
tiendanube,Branded,CL,7/1/2025,2900
tiendanube,Branded,CL,8/1/2025,2900
tiendanube,Branded,CL,9/1/2025,2400
tiendanube,Branded,CL,10/1/2025,2400
vtex,Branded,CL,8/1/2021,1600
vtex,Branded,CL,9/1/2021,1600
vtex,Branded,CL,10/1/2021,1600
vtex,Branded,CL,11/1/2021,1600
vtex,Branded,CL,12/1/2021,1300
vtex,Branded,CL,1/1/2022,1600
vtex,Branded,CL,2/1/2022,1300
vtex,Branded,CL,3/1/2022,1600
vtex,Branded,CL,4/1/2022,1600
vtex,Branded,CL,5/1/2022,1900
vtex,Branded,CL,6/1/2022,1600
vtex,Branded,CL,7/1/2022,1300
vtex,Branded,CL,8/1/2022,1600
vtex,Branded,CL,9/1/2022,1300
vtex,Branded,CL,10/1/2022,1300
vtex,Branded,CL,11/1/2022,1300
vtex,Branded,CL,12/1/2022,1000
vtex,Branded,CL,1/1/2023,1300
vtex,Branded,CL,2/1/2023,1000
vtex,Branded,CL,3/1/2023,1600
vtex,Branded,CL,4/1/2023,1300
vtex,Branded,CL,5/1/2023,1600
vtex,Branded,CL,6/1/2023,1300
vtex,Branded,CL,7/1/2023,1600
vtex,Branded,CL,8/1/2023,1300
vtex,Branded,CL,9/1/2023,1000
vtex,Branded,CL,10/1/2023,1300
vtex,Branded,CL,11/1/2023,1300
vtex,Branded,CL,12/1/2023,1000
vtex,Branded,CL,1/1/2024,1000
vtex,Branded,CL,2/1/2024,1000
vtex,Branded,CL,3/1/2024,1000
vtex,Branded,CL,4/1/2024,1300
vtex,Branded,CL,5/1/2024,1000
vtex,Branded,CL,6/1/2024,1300
vtex,Branded,CL,7/1/2024,1300
vtex,Branded,CL,8/1/2024,1000
vtex,Branded,CL,9/1/2024,880
vtex,Branded,CL,10/1/2024,1000
vtex,Branded,CL,11/1/2024,1000
vtex,Branded,CL,12/1/2024,880
vtex,Branded,CL,1/1/2025,1000
vtex,Branded,CL,2/1/2025,880
vtex,Branded,CL,3/1/2025,1600
vtex,Branded,CL,4/1/2025,1000
vtex,Branded,CL,5/1/2025,1000
vtex,Branded,CL,6/1/2025,1000
vtex,Branded,CL,7/1/2025,1300
vtex,Branded,CL,8/1/2025,1000
vtex,Branded,CL,9/1/2025,880
vtex,Branded,CL,10/1/2025,1000
wix,Branded,CL,8/1/2021,27100
wix,Branded,CL,9/1/2021,27100
wix,Branded,CL,10/1/2021,27100
wix,Branded,CL,11/1/2021,33100
wix,Branded,CL,12/1/2021,22200
wix,Branded,CL,1/1/2022,18100
wix,Branded,CL,2/1/2022,14800
wix,Branded,CL,3/1/2022,22200
wix,Branded,CL,4/1/2022,27100
wix,Branded,CL,5/1/2022,27100
wix,Branded,CL,6/1/2022,33100
wix,Branded,CL,7/1/2022,22200
wix,Branded,CL,8/1/2022,27100
wix,Branded,CL,9/1/2022,22200
wix,Branded,CL,10/1/2022,27100
wix,Branded,CL,11/1/2022,33100
wix,Branded,CL,12/1/2022,22200
wix,Branded,CL,1/1/2023,18100
wix,Branded,CL,2/1/2023,14800
wix,Branded,CL,3/1/2023,22200
wix,Branded,CL,4/1/2023,22200
wix,Branded,CL,5/1/2023,27100
wix,Branded,CL,6/1/2023,27100
wix,Branded,CL,7/1/2023,22200
wix,Branded,CL,8/1/2023,27100
wix,Branded,CL,9/1/2023,22200
wix,Branded,CL,10/1/2023,27100
wix,Branded,CL,11/1/2023,33100
wix,Branded,CL,12/1/2023,18100
wix,Branded,CL,1/1/2024,18100
wix,Branded,CL,2/1/2024,14800
wix,Branded,CL,3/1/2024,22200
wix,Branded,CL,4/1/2024,22200
wix,Branded,CL,5/1/2024,27100
wix,Branded,CL,6/1/2024,27100
wix,Branded,CL,7/1/2024,22200
wix,Branded,CL,8/1/2024,22200
wix,Branded,CL,9/1/2024,22200
wix,Branded,CL,10/1/2024,27100
wix,Branded,CL,11/1/2024,27100
wix,Branded,CL,12/1/2024,18100
wix,Branded,CL,1/1/2025,18100
wix,Branded,CL,2/1/2025,14800
wix,Branded,CL,3/1/2025,22200
wix,Branded,CL,4/1/2025,22200
wix,Branded,CL,5/1/2025,27100
wix,Branded,CL,6/1/2025,27100
wix,Branded,CL,7/1/2025,22200
wix,Branded,CL,8/1/2025,22200
wix,Branded,CL,9/1/2025,22200
wix,Branded,CL,10/1/2025,22200
woocommerce,Branded,CL,8/1/2021,4400
woocommerce,Branded,CL,9/1/2021,2900
woocommerce,Branded,CL,10/1/2021,2900
woocommerce,Branded,CL,11/1/2021,2900
woocommerce,Branded,CL,12/1/2021,2400
woocommerce,Branded,CL,1/1/2022,2900
woocommerce,Branded,CL,2/1/2022,2400
woocommerce,Branded,CL,3/1/2022,2900
woocommerce,Branded,CL,4/1/2022,2900
woocommerce,Branded,CL,5/1/2022,2900
woocommerce,Branded,CL,6/1/2022,2400
woocommerce,Branded,CL,7/1/2022,2900
woocommerce,Branded,CL,8/1/2022,2900
woocommerce,Branded,CL,9/1/2022,2400
woocommerce,Branded,CL,10/1/2022,2400
woocommerce,Branded,CL,11/1/2022,2900
woocommerce,Branded,CL,12/1/2022,2400
woocommerce,Branded,CL,1/1/2023,2400
woocommerce,Branded,CL,2/1/2023,1900
woocommerce,Branded,CL,3/1/2023,2900
woocommerce,Branded,CL,4/1/2023,2900
woocommerce,Branded,CL,5/1/2023,2900
woocommerce,Branded,CL,6/1/2023,2900
woocommerce,Branded,CL,7/1/2023,2400
woocommerce,Branded,CL,8/1/2023,2900
woocommerce,Branded,CL,9/1/2023,2400
woocommerce,Branded,CL,10/1/2023,2400
woocommerce,Branded,CL,11/1/2023,2400
woocommerce,Branded,CL,12/1/2023,2400
woocommerce,Branded,CL,1/1/2024,2400
woocommerce,Branded,CL,2/1/2024,2400
woocommerce,Branded,CL,3/1/2024,2400
woocommerce,Branded,CL,4/1/2024,2400
woocommerce,Branded,CL,5/1/2024,2400
woocommerce,Branded,CL,6/1/2024,2400
woocommerce,Branded,CL,7/1/2024,2900
woocommerce,Branded,CL,8/1/2024,2400
woocommerce,Branded,CL,9/1/2024,1900
woocommerce,Branded,CL,10/1/2024,2400
woocommerce,Branded,CL,11/1/2024,2400
woocommerce,Branded,CL,12/1/2024,1900
woocommerce,Branded,CL,1/1/2025,2400
woocommerce,Branded,CL,2/1/2025,1900
woocommerce,Branded,CL,3/1/2025,2400
woocommerce,Branded,CL,4/1/2025,2400
woocommerce,Branded,CL,5/1/2025,2400
woocommerce,Branded,CL,6/1/2025,2400
woocommerce,Branded,CL,7/1/2025,2400
woocommerce,Branded,CL,8/1/2025,2400
woocommerce,Branded,CL,9/1/2025,1900
woocommerce,Branded,CL,10/1/2025,1900
yapo,Marketplace,CL,8/1/2021,1500000
yapo,Marketplace,CL,9/1/2021,1220000
yapo,Marketplace,CL,10/1/2021,1220000
yapo,Marketplace,CL,11/1/2021,1220000
yapo,Marketplace,CL,12/1/2021,1220000
yapo,Marketplace,CL,1/1/2022,1220000
yapo,Marketplace,CL,2/1/2022,1220000
yapo,Marketplace,CL,3/1/2022,1220000
yapo,Marketplace,CL,4/1/2022,1220000
yapo,Marketplace,CL,5/1/2022,1000000
yapo,Marketplace,CL,6/1/2022,823000
yapo,Marketplace,CL,7/1/2022,823000
yapo,Marketplace,CL,8/1/2022,823000
yapo,Marketplace,CL,9/1/2022,823000
yapo,Marketplace,CL,10/1/2022,823000
yapo,Marketplace,CL,11/1/2022,823000
yapo,Marketplace,CL,12/1/2022,673000
yapo,Marketplace,CL,1/1/2023,823000
yapo,Marketplace,CL,2/1/2023,673000
yapo,Marketplace,CL,3/1/2023,673000
yapo,Marketplace,CL,4/1/2023,550000
yapo,Marketplace,CL,5/1/2023,550000
yapo,Marketplace,CL,6/1/2023,450000
yapo,Marketplace,CL,7/1/2023,450000
yapo,Marketplace,CL,8/1/2023,450000
yapo,Marketplace,CL,9/1/2023,368000
yapo,Marketplace,CL,10/1/2023,368000
yapo,Marketplace,CL,11/1/2023,368000
yapo,Marketplace,CL,12/1/2023,301000
yapo,Marketplace,CL,1/1/2024,368000
yapo,Marketplace,CL,2/1/2024,368000
yapo,Marketplace,CL,3/1/2024,368000
yapo,Marketplace,CL,4/1/2024,368000
yapo,Marketplace,CL,5/1/2024,301000
yapo,Marketplace,CL,6/1/2024,301000
yapo,Marketplace,CL,7/1/2024,301000
yapo,Marketplace,CL,8/1/2024,301000
yapo,Marketplace,CL,9/1/2024,246000
yapo,Marketplace,CL,10/1/2024,301000
yapo,Marketplace,CL,11/1/2024,246000
yapo,Marketplace,CL,12/1/2024,201000
yapo,Marketplace,CL,1/1/2025,246000
yapo,Marketplace,CL,2/1/2025,201000
yapo,Marketplace,CL,3/1/2025,246000
yapo,Marketplace,CL,4/1/2025,201000
yapo,Marketplace,CL,5/1/2025,201000
yapo,Marketplace,CL,6/1/2025,165000
yapo,Marketplace,CL,7/1/2025,201000
yapo,Marketplace,CL,8/1/2025,165000
yapo,Marketplace,CL,9/1/2025,135000
yapo,Marketplace,CL,10/1/2025,165000
aliexpress,Marketplace,AR,8/1/2021,201000
aliexpress,Marketplace,AR,9/1/2021,201000
aliexpress,Marketplace,AR,10/1/2021,165000
aliexpress,Marketplace,AR,11/1/2021,201000
aliexpress,Marketplace,AR,12/1/2021,165000
aliexpress,Marketplace,AR,1/1/2022,201000
aliexpress,Marketplace,AR,2/1/2022,201000
aliexpress,Marketplace,AR,3/1/2022,201000
aliexpress,Marketplace,AR,4/1/2022,201000
aliexpress,Marketplace,AR,5/1/2022,201000
aliexpress,Marketplace,AR,6/1/2022,201000
aliexpress,Marketplace,AR,7/1/2022,165000
aliexpress,Marketplace,AR,8/1/2022,201000
aliexpress,Marketplace,AR,9/1/2022,201000
aliexpress,Marketplace,AR,10/1/2022,165000
aliexpress,Marketplace,AR,11/1/2022,165000
aliexpress,Marketplace,AR,12/1/2022,165000
aliexpress,Marketplace,AR,1/1/2023,201000
aliexpress,Marketplace,AR,2/1/2023,201000
aliexpress,Marketplace,AR,3/1/2023,246000
aliexpress,Marketplace,AR,4/1/2023,201000
aliexpress,Marketplace,AR,5/1/2023,246000
aliexpress,Marketplace,AR,6/1/2023,246000
aliexpress,Marketplace,AR,7/1/2023,246000
aliexpress,Marketplace,AR,8/1/2023,246000
aliexpress,Marketplace,AR,9/1/2023,246000
aliexpress,Marketplace,AR,10/1/2023,201000
aliexpress,Marketplace,AR,11/1/2023,246000
aliexpress,Marketplace,AR,12/1/2023,246000
aliexpress,Marketplace,AR,1/1/2024,368000
aliexpress,Marketplace,AR,2/1/2024,301000
aliexpress,Marketplace,AR,3/1/2024,368000
aliexpress,Marketplace,AR,4/1/2024,368000
aliexpress,Marketplace,AR,5/1/2024,368000
aliexpress,Marketplace,AR,6/1/2024,301000
aliexpress,Marketplace,AR,7/1/2024,301000
aliexpress,Marketplace,AR,8/1/2024,301000
aliexpress,Marketplace,AR,9/1/2024,301000
aliexpress,Marketplace,AR,10/1/2024,246000
aliexpress,Marketplace,AR,11/1/2024,368000
aliexpress,Marketplace,AR,12/1/2024,368000
aliexpress,Marketplace,AR,1/1/2025,368000
aliexpress,Marketplace,AR,2/1/2025,301000
aliexpress,Marketplace,AR,3/1/2025,368000
aliexpress,Marketplace,AR,4/1/2025,301000
aliexpress,Marketplace,AR,5/1/2025,301000
aliexpress,Marketplace,AR,6/1/2025,301000
aliexpress,Marketplace,AR,7/1/2025,301000
aliexpress,Marketplace,AR,8/1/2025,246000
aliexpress,Marketplace,AR,9/1/2025,165000
aliexpress,Marketplace,AR,10/1/2025,165000
amazon,Marketplace,AR,8/1/2021,550000
amazon,Marketplace,AR,9/1/2021,450000
amazon,Marketplace,AR,10/1/2021,450000
amazon,Marketplace,AR,11/1/2021,550000
amazon,Marketplace,AR,12/1/2021,450000
amazon,Marketplace,AR,1/1/2022,550000
amazon,Marketplace,AR,2/1/2022,450000
amazon,Marketplace,AR,3/1/2022,450000
amazon,Marketplace,AR,4/1/2022,450000
amazon,Marketplace,AR,5/1/2022,450000
amazon,Marketplace,AR,6/1/2022,450000
amazon,Marketplace,AR,7/1/2022,450000
amazon,Marketplace,AR,8/1/2022,450000
amazon,Marketplace,AR,9/1/2022,450000
amazon,Marketplace,AR,10/1/2022,450000
amazon,Marketplace,AR,11/1/2022,450000
amazon,Marketplace,AR,12/1/2022,368000
amazon,Marketplace,AR,1/1/2023,450000
amazon,Marketplace,AR,2/1/2023,450000
amazon,Marketplace,AR,3/1/2023,450000
amazon,Marketplace,AR,4/1/2023,450000
amazon,Marketplace,AR,5/1/2023,450000
amazon,Marketplace,AR,6/1/2023,450000
amazon,Marketplace,AR,7/1/2023,550000
amazon,Marketplace,AR,8/1/2023,450000
amazon,Marketplace,AR,9/1/2023,450000
amazon,Marketplace,AR,10/1/2023,450000
amazon,Marketplace,AR,11/1/2023,550000
amazon,Marketplace,AR,12/1/2023,550000
amazon,Marketplace,AR,1/1/2024,673000
amazon,Marketplace,AR,2/1/2024,550000
amazon,Marketplace,AR,3/1/2024,673000
amazon,Marketplace,AR,4/1/2024,673000
amazon,Marketplace,AR,5/1/2024,673000
amazon,Marketplace,AR,6/1/2024,550000
amazon,Marketplace,AR,7/1/2024,550000
amazon,Marketplace,AR,8/1/2024,550000
amazon,Marketplace,AR,9/1/2024,1500000
amazon,Marketplace,AR,10/1/2024,1000000
amazon,Marketplace,AR,11/1/2024,1830000
amazon,Marketplace,AR,12/1/2024,1830000
amazon,Marketplace,AR,1/1/2025,1220000
amazon,Marketplace,AR,2/1/2025,823000
amazon,Marketplace,AR,3/1/2025,1000000
amazon,Marketplace,AR,4/1/2025,823000
amazon,Marketplace,AR,5/1/2025,1000000
amazon,Marketplace,AR,6/1/2025,823000
amazon,Marketplace,AR,7/1/2025,1000000
amazon,Marketplace,AR,8/1/2025,823000
amazon,Marketplace,AR,9/1/2025,673000
amazon,Marketplace,AR,10/1/2025,673000
armar catalogo online,Catálogo,AR,8/1/2021,320
armar catalogo online,Catálogo,AR,9/1/2021,390
armar catalogo online,Catálogo,AR,10/1/2021,320
armar catalogo online,Catálogo,AR,11/1/2021,320
armar catalogo online,Catálogo,AR,12/1/2021,210
armar catalogo online,Catálogo,AR,1/1/2022,260
armar catalogo online,Catálogo,AR,2/1/2022,260
armar catalogo online,Catálogo,AR,3/1/2022,260
armar catalogo online,Catálogo,AR,4/1/2022,210
armar catalogo online,Catálogo,AR,5/1/2022,260
armar catalogo online,Catálogo,AR,6/1/2022,260
armar catalogo online,Catálogo,AR,7/1/2022,210
armar catalogo online,Catálogo,AR,8/1/2022,170
armar catalogo online,Catálogo,AR,9/1/2022,210
armar catalogo online,Catálogo,AR,10/1/2022,210
armar catalogo online,Catálogo,AR,11/1/2022,320
armar catalogo online,Catálogo,AR,12/1/2022,210
armar catalogo online,Catálogo,AR,1/1/2023,260
armar catalogo online,Catálogo,AR,2/1/2023,210
armar catalogo online,Catálogo,AR,3/1/2023,320
armar catalogo online,Catálogo,AR,4/1/2023,210
armar catalogo online,Catálogo,AR,5/1/2023,260
armar catalogo online,Catálogo,AR,6/1/2023,210
armar catalogo online,Catálogo,AR,7/1/2023,320
armar catalogo online,Catálogo,AR,8/1/2023,210
armar catalogo online,Catálogo,AR,9/1/2023,210
armar catalogo online,Catálogo,AR,10/1/2023,210
armar catalogo online,Catálogo,AR,11/1/2023,260
armar catalogo online,Catálogo,AR,12/1/2023,170
armar catalogo online,Catálogo,AR,1/1/2024,210
armar catalogo online,Catálogo,AR,2/1/2024,210
armar catalogo online,Catálogo,AR,3/1/2024,210
armar catalogo online,Catálogo,AR,4/1/2024,320
armar catalogo online,Catálogo,AR,5/1/2024,260
armar catalogo online,Catálogo,AR,6/1/2024,260
armar catalogo online,Catálogo,AR,7/1/2024,260
armar catalogo online,Catálogo,AR,8/1/2024,320
armar catalogo online,Catálogo,AR,9/1/2024,260
armar catalogo online,Catálogo,AR,10/1/2024,320
armar catalogo online,Catálogo,AR,11/1/2024,210
armar catalogo online,Catálogo,AR,12/1/2024,170
armar catalogo online,Catálogo,AR,1/1/2025,210
armar catalogo online,Catálogo,AR,2/1/2025,210
armar catalogo online,Catálogo,AR,3/1/2025,260
armar catalogo online,Catálogo,AR,4/1/2025,210
armar catalogo online,Catálogo,AR,5/1/2025,260
armar catalogo online,Catálogo,AR,6/1/2025,260
armar catalogo online,Catálogo,AR,7/1/2025,320
armar catalogo online,Catálogo,AR,8/1/2025,260
armar catalogo online,Catálogo,AR,9/1/2025,260
armar catalogo online,Catálogo,AR,10/1/2025,210
bigcommerce,Branded,AR,8/1/2021,480
bigcommerce,Branded,AR,9/1/2021,390
bigcommerce,Branded,AR,10/1/2021,480
bigcommerce,Branded,AR,11/1/2021,480
bigcommerce,Branded,AR,12/1/2021,480
bigcommerce,Branded,AR,1/1/2022,390
bigcommerce,Branded,AR,2/1/2022,390
bigcommerce,Branded,AR,3/1/2022,480
bigcommerce,Branded,AR,4/1/2022,480
bigcommerce,Branded,AR,5/1/2022,590
bigcommerce,Branded,AR,6/1/2022,480
bigcommerce,Branded,AR,7/1/2022,590
bigcommerce,Branded,AR,8/1/2022,480
bigcommerce,Branded,AR,9/1/2022,390
bigcommerce,Branded,AR,10/1/2022,320
bigcommerce,Branded,AR,11/1/2022,320
bigcommerce,Branded,AR,12/1/2022,210
bigcommerce,Branded,AR,1/1/2023,390
bigcommerce,Branded,AR,2/1/2023,320
bigcommerce,Branded,AR,3/1/2023,390
bigcommerce,Branded,AR,4/1/2023,390
bigcommerce,Branded,AR,5/1/2023,390
bigcommerce,Branded,AR,6/1/2023,390
bigcommerce,Branded,AR,7/1/2023,390
bigcommerce,Branded,AR,8/1/2023,390
bigcommerce,Branded,AR,9/1/2023,320
bigcommerce,Branded,AR,10/1/2023,320
bigcommerce,Branded,AR,11/1/2023,260
bigcommerce,Branded,AR,12/1/2023,260
bigcommerce,Branded,AR,1/1/2024,260
bigcommerce,Branded,AR,2/1/2024,260
bigcommerce,Branded,AR,3/1/2024,260
bigcommerce,Branded,AR,4/1/2024,320
bigcommerce,Branded,AR,5/1/2024,320
bigcommerce,Branded,AR,6/1/2024,210
bigcommerce,Branded,AR,7/1/2024,260
bigcommerce,Branded,AR,8/1/2024,320
bigcommerce,Branded,AR,9/1/2024,260
bigcommerce,Branded,AR,10/1/2024,320
bigcommerce,Branded,AR,11/1/2024,260
bigcommerce,Branded,AR,12/1/2024,260
bigcommerce,Branded,AR,1/1/2025,260
bigcommerce,Branded,AR,2/1/2025,260
bigcommerce,Branded,AR,3/1/2025,320
bigcommerce,Branded,AR,4/1/2025,260
bigcommerce,Branded,AR,5/1/2025,260
bigcommerce,Branded,AR,6/1/2025,210
bigcommerce,Branded,AR,7/1/2025,260
bigcommerce,Branded,AR,8/1/2025,210
bigcommerce,Branded,AR,9/1/2025,260
bigcommerce,Branded,AR,10/1/2025,210
commerceup,Branded,AR,8/1/2021,10
commerceup,Branded,AR,9/1/2021,10
commerceup,Branded,AR,10/1/2021,0
commerceup,Branded,AR,11/1/2021,10
commerceup,Branded,AR,12/1/2021,10
commerceup,Branded,AR,1/1/2022,10
commerceup,Branded,AR,2/1/2022,10
commerceup,Branded,AR,3/1/2022,10
commerceup,Branded,AR,4/1/2022,10
commerceup,Branded,AR,5/1/2022,10
commerceup,Branded,AR,6/1/2022,10
commerceup,Branded,AR,7/1/2022,0
commerceup,Branded,AR,8/1/2022,10
commerceup,Branded,AR,9/1/2022,10
commerceup,Branded,AR,10/1/2022,10
commerceup,Branded,AR,11/1/2022,0
commerceup,Branded,AR,12/1/2022,10
commerceup,Branded,AR,1/1/2023,10
commerceup,Branded,AR,2/1/2023,0
commerceup,Branded,AR,3/1/2023,10
commerceup,Branded,AR,4/1/2023,10
commerceup,Branded,AR,5/1/2023,0
commerceup,Branded,AR,6/1/2023,10
commerceup,Branded,AR,7/1/2023,10
commerceup,Branded,AR,8/1/2023,10
commerceup,Branded,AR,9/1/2023,10
commerceup,Branded,AR,10/1/2023,10
commerceup,Branded,AR,11/1/2023,10
commerceup,Branded,AR,12/1/2023,10
commerceup,Branded,AR,1/1/2024,10
commerceup,Branded,AR,2/1/2024,10
commerceup,Branded,AR,3/1/2024,10
commerceup,Branded,AR,4/1/2024,0
commerceup,Branded,AR,5/1/2024,10
commerceup,Branded,AR,6/1/2024,10
commerceup,Branded,AR,7/1/2024,10
commerceup,Branded,AR,8/1/2024,10
commerceup,Branded,AR,9/1/2024,10
commerceup,Branded,AR,10/1/2024,10
commerceup,Branded,AR,11/1/2024,10
commerceup,Branded,AR,12/1/2024,10
commerceup,Branded,AR,1/1/2025,10
commerceup,Branded,AR,2/1/2025,10
commerceup,Branded,AR,3/1/2025,10
commerceup,Branded,AR,4/1/2025,10
commerceup,Branded,AR,5/1/2025,20
commerceup,Branded,AR,6/1/2025,70
commerceup,Branded,AR,7/1/2025,70
commerceup,Branded,AR,8/1/2025,170
commerceup,Branded,AR,9/1/2025,140
commerceup,Branded,AR,10/1/2025,70
como crear pagina web de ventas,Página web,AR,8/1/2021,30
como crear pagina web de ventas,Página web,AR,9/1/2021,30
como crear pagina web de ventas,Página web,AR,10/1/2021,20
como crear pagina web de ventas,Página web,AR,11/1/2021,20
como crear pagina web de ventas,Página web,AR,12/1/2021,10
como crear pagina web de ventas,Página web,AR,1/1/2022,30
como crear pagina web de ventas,Página web,AR,2/1/2022,30
como crear pagina web de ventas,Página web,AR,3/1/2022,30
como crear pagina web de ventas,Página web,AR,4/1/2022,20
como crear pagina web de ventas,Página web,AR,5/1/2022,20
como crear pagina web de ventas,Página web,AR,6/1/2022,50
como crear pagina web de ventas,Página web,AR,7/1/2022,20
como crear pagina web de ventas,Página web,AR,8/1/2022,40
como crear pagina web de ventas,Página web,AR,9/1/2022,30
como crear pagina web de ventas,Página web,AR,10/1/2022,20
como crear pagina web de ventas,Página web,AR,11/1/2022,20
como crear pagina web de ventas,Página web,AR,12/1/2022,20
como crear pagina web de ventas,Página web,AR,1/1/2023,20
como crear pagina web de ventas,Página web,AR,2/1/2023,40
como crear pagina web de ventas,Página web,AR,3/1/2023,30
como crear pagina web de ventas,Página web,AR,4/1/2023,40
como crear pagina web de ventas,Página web,AR,5/1/2023,20
como crear pagina web de ventas,Página web,AR,6/1/2023,30
como crear pagina web de ventas,Página web,AR,7/1/2023,30
como crear pagina web de ventas,Página web,AR,8/1/2023,20
como crear pagina web de ventas,Página web,AR,9/1/2023,40
como crear pagina web de ventas,Página web,AR,10/1/2023,40
como crear pagina web de ventas,Página web,AR,11/1/2023,20
como crear pagina web de ventas,Página web,AR,12/1/2023,20
como crear pagina web de ventas,Página web,AR,1/1/2024,30
como crear pagina web de ventas,Página web,AR,2/1/2024,20
como crear pagina web de ventas,Página web,AR,3/1/2024,10
como crear pagina web de ventas,Página web,AR,4/1/2024,20
como crear pagina web de ventas,Página web,AR,5/1/2024,10
como crear pagina web de ventas,Página web,AR,6/1/2024,10
como crear pagina web de ventas,Página web,AR,7/1/2024,10
como crear pagina web de ventas,Página web,AR,8/1/2024,20
como crear pagina web de ventas,Página web,AR,9/1/2024,20
como crear pagina web de ventas,Página web,AR,10/1/2024,20
como crear pagina web de ventas,Página web,AR,11/1/2024,20
como crear pagina web de ventas,Página web,AR,12/1/2024,30
como crear pagina web de ventas,Página web,AR,1/1/2025,50
como crear pagina web de ventas,Página web,AR,2/1/2025,50
como crear pagina web de ventas,Página web,AR,3/1/2025,50
como crear pagina web de ventas,Página web,AR,4/1/2025,70
como crear pagina web de ventas,Página web,AR,5/1/2025,30
como crear pagina web de ventas,Página web,AR,6/1/2025,10
como crear pagina web de ventas,Página web,AR,7/1/2025,20
como crear pagina web de ventas,Página web,AR,8/1/2025,30
como crear pagina web de ventas,Página web,AR,9/1/2025,20
como crear pagina web de ventas,Página web,AR,10/1/2025,10
como crear un facebook comercial,Canales,AR,8/1/2021,320
como crear un facebook comercial,Canales,AR,9/1/2021,320
como crear un facebook comercial,Canales,AR,10/1/2021,260
como crear un facebook comercial,Canales,AR,11/1/2021,260
como crear un facebook comercial,Canales,AR,12/1/2021,170
como crear un facebook comercial,Canales,AR,1/1/2022,170
como crear un facebook comercial,Canales,AR,2/1/2022,210
como crear un facebook comercial,Canales,AR,3/1/2022,210
como crear un facebook comercial,Canales,AR,4/1/2022,260
como crear un facebook comercial,Canales,AR,5/1/2022,260
como crear un facebook comercial,Canales,AR,6/1/2022,260
como crear un facebook comercial,Canales,AR,7/1/2022,260
como crear un facebook comercial,Canales,AR,8/1/2022,260
como crear un facebook comercial,Canales,AR,9/1/2022,210
como crear un facebook comercial,Canales,AR,10/1/2022,260
como crear un facebook comercial,Canales,AR,11/1/2022,170
como crear un facebook comercial,Canales,AR,12/1/2022,110
como crear un facebook comercial,Canales,AR,1/1/2023,210
como crear un facebook comercial,Canales,AR,2/1/2023,210
como crear un facebook comercial,Canales,AR,3/1/2023,210
como crear un facebook comercial,Canales,AR,4/1/2023,260
como crear un facebook comercial,Canales,AR,5/1/2023,260
como crear un facebook comercial,Canales,AR,6/1/2023,260
como crear un facebook comercial,Canales,AR,7/1/2023,210
como crear un facebook comercial,Canales,AR,8/1/2023,260
como crear un facebook comercial,Canales,AR,9/1/2023,210
como crear un facebook comercial,Canales,AR,10/1/2023,170
como crear un facebook comercial,Canales,AR,11/1/2023,140
como crear un facebook comercial,Canales,AR,12/1/2023,140
como crear un facebook comercial,Canales,AR,1/1/2024,140
como crear un facebook comercial,Canales,AR,2/1/2024,110
como crear un facebook comercial,Canales,AR,3/1/2024,110
como crear un facebook comercial,Canales,AR,4/1/2024,170
como crear un facebook comercial,Canales,AR,5/1/2024,110
como crear un facebook comercial,Canales,AR,6/1/2024,110
como crear un facebook comercial,Canales,AR,7/1/2024,110
como crear un facebook comercial,Canales,AR,8/1/2024,140
como crear un facebook comercial,Canales,AR,9/1/2024,110
como crear un facebook comercial,Canales,AR,10/1/2024,140
como crear un facebook comercial,Canales,AR,11/1/2024,110
como crear un facebook comercial,Canales,AR,12/1/2024,90
como crear un facebook comercial,Canales,AR,1/1/2025,110
como crear un facebook comercial,Canales,AR,2/1/2025,70
como crear un facebook comercial,Canales,AR,3/1/2025,110
como crear un facebook comercial,Canales,AR,4/1/2025,140
como crear un facebook comercial,Canales,AR,5/1/2025,110
como crear un facebook comercial,Canales,AR,6/1/2025,110
como crear un facebook comercial,Canales,AR,7/1/2025,110
como crear un facebook comercial,Canales,AR,8/1/2025,110
como crear un facebook comercial,Canales,AR,9/1/2025,110
como crear un facebook comercial,Canales,AR,10/1/2025,110
como crear una cuenta en instagram para vender,Canales,AR,8/1/2021,40
como crear una cuenta en instagram para vender,Canales,AR,9/1/2021,30
como crear una cuenta en instagram para vender,Canales,AR,10/1/2021,10
como crear una cuenta en instagram para vender,Canales,AR,11/1/2021,10
como crear una cuenta en instagram para vender,Canales,AR,12/1/2021,10
como crear una cuenta en instagram para vender,Canales,AR,1/1/2022,10
como crear una cuenta en instagram para vender,Canales,AR,2/1/2022,20
como crear una cuenta en instagram para vender,Canales,AR,3/1/2022,20
como crear una cuenta en instagram para vender,Canales,AR,4/1/2022,20
como crear una cuenta en instagram para vender,Canales,AR,5/1/2022,20
como crear una cuenta en instagram para vender,Canales,AR,6/1/2022,10
como crear una cuenta en instagram para vender,Canales,AR,7/1/2022,10
como crear una cuenta en instagram para vender,Canales,AR,8/1/2022,20
como crear una cuenta en instagram para vender,Canales,AR,9/1/2022,30
como crear una cuenta en instagram para vender,Canales,AR,10/1/2022,30
como crear una cuenta en instagram para vender,Canales,AR,11/1/2022,10
como crear una cuenta en instagram para vender,Canales,AR,12/1/2022,10
como crear una cuenta en instagram para vender,Canales,AR,1/1/2023,10
como crear una cuenta en instagram para vender,Canales,AR,2/1/2023,30
como crear una cuenta en instagram para vender,Canales,AR,3/1/2023,10
como crear una cuenta en instagram para vender,Canales,AR,4/1/2023,10
como crear una cuenta en instagram para vender,Canales,AR,5/1/2023,10
como crear una cuenta en instagram para vender,Canales,AR,6/1/2023,10
como crear una cuenta en instagram para vender,Canales,AR,7/1/2023,10
como crear una cuenta en instagram para vender,Canales,AR,8/1/2023,10
como crear una cuenta en instagram para vender,Canales,AR,9/1/2023,10
como crear una cuenta en instagram para vender,Canales,AR,10/1/2023,10
como crear una cuenta en instagram para vender,Canales,AR,11/1/2023,10
como crear una cuenta en instagram para vender,Canales,AR,12/1/2023,10
como crear una cuenta en instagram para vender,Canales,AR,1/1/2024,0
como crear una cuenta en instagram para vender,Canales,AR,2/1/2024,10
como crear una cuenta en instagram para vender,Canales,AR,3/1/2024,10
como crear una cuenta en instagram para vender,Canales,AR,4/1/2024,10
como crear una cuenta en instagram para vender,Canales,AR,5/1/2024,0
como crear una cuenta en instagram para vender,Canales,AR,6/1/2024,0
como crear una cuenta en instagram para vender,Canales,AR,7/1/2024,0
como crear una cuenta en instagram para vender,Canales,AR,8/1/2024,10
como crear una cuenta en instagram para vender,Canales,AR,9/1/2024,0
como crear una cuenta en instagram para vender,Canales,AR,10/1/2024,0
como crear una cuenta en instagram para vender,Canales,AR,11/1/2024,0
como crear una cuenta en instagram para vender,Canales,AR,12/1/2024,0
como crear una cuenta en instagram para vender,Canales,AR,1/1/2025,0
como crear una cuenta en instagram para vender,Canales,AR,2/1/2025,10
como crear una cuenta en instagram para vender,Canales,AR,3/1/2025,0
como crear una cuenta en instagram para vender,Canales,AR,4/1/2025,0
como crear una cuenta en instagram para vender,Canales,AR,5/1/2025,0
como crear una cuenta en instagram para vender,Canales,AR,6/1/2025,0
como crear una cuenta en instagram para vender,Canales,AR,7/1/2025,0
como crear una cuenta en instagram para vender,Canales,AR,8/1/2025,10
como crear una cuenta en instagram para vender,Canales,AR,9/1/2025,0
como crear una cuenta en instagram para vender,Canales,AR,10/1/2025,10
como crear una pagina de ventas en instagram,Canales,AR,8/1/2021,30
como crear una pagina de ventas en instagram,Canales,AR,9/1/2021,30
como crear una pagina de ventas en instagram,Canales,AR,10/1/2021,30
como crear una pagina de ventas en instagram,Canales,AR,11/1/2021,30
como crear una pagina de ventas en instagram,Canales,AR,12/1/2021,20
como crear una pagina de ventas en instagram,Canales,AR,1/1/2022,30
como crear una pagina de ventas en instagram,Canales,AR,2/1/2022,50
como crear una pagina de ventas en instagram,Canales,AR,3/1/2022,30
como crear una pagina de ventas en instagram,Canales,AR,4/1/2022,30
como crear una pagina de ventas en instagram,Canales,AR,5/1/2022,20
como crear una pagina de ventas en instagram,Canales,AR,6/1/2022,20
como crear una pagina de ventas en instagram,Canales,AR,7/1/2022,30
como crear una pagina de ventas en instagram,Canales,AR,8/1/2022,20
como crear una pagina de ventas en instagram,Canales,AR,9/1/2022,40
como crear una pagina de ventas en instagram,Canales,AR,10/1/2022,20
como crear una pagina de ventas en instagram,Canales,AR,11/1/2022,20
como crear una pagina de ventas en instagram,Canales,AR,12/1/2022,10
como crear una pagina de ventas en instagram,Canales,AR,1/1/2023,20
como crear una pagina de ventas en instagram,Canales,AR,2/1/2023,40
como crear una pagina de ventas en instagram,Canales,AR,3/1/2023,40
como crear una pagina de ventas en instagram,Canales,AR,4/1/2023,30
como crear una pagina de ventas en instagram,Canales,AR,5/1/2023,30
como crear una pagina de ventas en instagram,Canales,AR,6/1/2023,30
como crear una pagina de ventas en instagram,Canales,AR,7/1/2023,30
como crear una pagina de ventas en instagram,Canales,AR,8/1/2023,30
como crear una pagina de ventas en instagram,Canales,AR,9/1/2023,40
como crear una pagina de ventas en instagram,Canales,AR,10/1/2023,20
como crear una pagina de ventas en instagram,Canales,AR,11/1/2023,20
como crear una pagina de ventas en instagram,Canales,AR,12/1/2023,40
como crear una pagina de ventas en instagram,Canales,AR,1/1/2024,70
como crear una pagina de ventas en instagram,Canales,AR,2/1/2024,30
como crear una pagina de ventas en instagram,Canales,AR,3/1/2024,20
como crear una pagina de ventas en instagram,Canales,AR,4/1/2024,40
como crear una pagina de ventas en instagram,Canales,AR,5/1/2024,40
como crear una pagina de ventas en instagram,Canales,AR,6/1/2024,20
como crear una pagina de ventas en instagram,Canales,AR,7/1/2024,20
como crear una pagina de ventas en instagram,Canales,AR,8/1/2024,30
como crear una pagina de ventas en instagram,Canales,AR,9/1/2024,30
como crear una pagina de ventas en instagram,Canales,AR,10/1/2024,20
como crear una pagina de ventas en instagram,Canales,AR,11/1/2024,10
como crear una pagina de ventas en instagram,Canales,AR,12/1/2024,20
como crear una pagina de ventas en instagram,Canales,AR,1/1/2025,30
como crear una pagina de ventas en instagram,Canales,AR,2/1/2025,40
como crear una pagina de ventas en instagram,Canales,AR,3/1/2025,40
como crear una pagina de ventas en instagram,Canales,AR,4/1/2025,40
como crear una pagina de ventas en instagram,Canales,AR,5/1/2025,50
como crear una pagina de ventas en instagram,Canales,AR,6/1/2025,30
como crear una pagina de ventas en instagram,Canales,AR,7/1/2025,30
como crear una pagina de ventas en instagram,Canales,AR,8/1/2025,20
como crear una pagina de ventas en instagram,Canales,AR,9/1/2025,20
como crear una pagina de ventas en instagram,Canales,AR,10/1/2025,20
como crear una pagina en instagram para vender,Canales,AR,8/1/2021,140
como crear una pagina en instagram para vender,Canales,AR,9/1/2021,110
como crear una pagina en instagram para vender,Canales,AR,10/1/2021,110
como crear una pagina en instagram para vender,Canales,AR,11/1/2021,70
como crear una pagina en instagram para vender,Canales,AR,12/1/2021,50
como crear una pagina en instagram para vender,Canales,AR,1/1/2022,50
como crear una pagina en instagram para vender,Canales,AR,2/1/2022,90
como crear una pagina en instagram para vender,Canales,AR,3/1/2022,110
como crear una pagina en instagram para vender,Canales,AR,4/1/2022,110
como crear una pagina en instagram para vender,Canales,AR,5/1/2022,110
como crear una pagina en instagram para vender,Canales,AR,6/1/2022,90
como crear una pagina en instagram para vender,Canales,AR,7/1/2022,70
como crear una pagina en instagram para vender,Canales,AR,8/1/2022,70
como crear una pagina en instagram para vender,Canales,AR,9/1/2022,70
como crear una pagina en instagram para vender,Canales,AR,10/1/2022,70
como crear una pagina en instagram para vender,Canales,AR,11/1/2022,70
como crear una pagina en instagram para vender,Canales,AR,12/1/2022,40
como crear una pagina en instagram para vender,Canales,AR,1/1/2023,70
como crear una pagina en instagram para vender,Canales,AR,2/1/2023,70
como crear una pagina en instagram para vender,Canales,AR,3/1/2023,90
como crear una pagina en instagram para vender,Canales,AR,4/1/2023,140
como crear una pagina en instagram para vender,Canales,AR,5/1/2023,110
como crear una pagina en instagram para vender,Canales,AR,6/1/2023,90
como crear una pagina en instagram para vender,Canales,AR,7/1/2023,140
como crear una pagina en instagram para vender,Canales,AR,8/1/2023,110
como crear una pagina en instagram para vender,Canales,AR,9/1/2023,110
como crear una pagina en instagram para vender,Canales,AR,10/1/2023,140
como crear una pagina en instagram para vender,Canales,AR,11/1/2023,90
como crear una pagina en instagram para vender,Canales,AR,12/1/2023,90
como crear una pagina en instagram para vender,Canales,AR,1/1/2024,10
como crear una pagina en instagram para vender,Canales,AR,2/1/2024,10
como crear una pagina en instagram para vender,Canales,AR,3/1/2024,10
como crear una pagina en instagram para vender,Canales,AR,4/1/2024,10
como crear una pagina en instagram para vender,Canales,AR,5/1/2024,0
como crear una pagina en instagram para vender,Canales,AR,6/1/2024,10
como crear una pagina en instagram para vender,Canales,AR,7/1/2024,10
como crear una pagina en instagram para vender,Canales,AR,8/1/2024,10
como crear una pagina en instagram para vender,Canales,AR,9/1/2024,10
como crear una pagina en instagram para vender,Canales,AR,10/1/2024,10
como crear una pagina en instagram para vender,Canales,AR,11/1/2024,10
como crear una pagina en instagram para vender,Canales,AR,12/1/2024,10
como crear una pagina en instagram para vender,Canales,AR,1/1/2025,10
como crear una pagina en instagram para vender,Canales,AR,2/1/2025,10
como crear una pagina en instagram para vender,Canales,AR,3/1/2025,10
como crear una pagina en instagram para vender,Canales,AR,4/1/2025,0
como crear una pagina en instagram para vender,Canales,AR,5/1/2025,10
como crear una pagina en instagram para vender,Canales,AR,6/1/2025,10
como crear una pagina en instagram para vender,Canales,AR,7/1/2025,10
como crear una pagina en instagram para vender,Canales,AR,8/1/2025,10
como crear una pagina en instagram para vender,Canales,AR,9/1/2025,10
como crear una pagina en instagram para vender,Canales,AR,10/1/2025,10
como crear una pagina para vender,Página web,AR,8/1/2021,30
como crear una pagina para vender,Página web,AR,9/1/2021,20
como crear una pagina para vender,Página web,AR,10/1/2021,30
como crear una pagina para vender,Página web,AR,11/1/2021,30
como crear una pagina para vender,Página web,AR,12/1/2021,30
como crear una pagina para vender,Página web,AR,1/1/2022,30
como crear una pagina para vender,Página web,AR,2/1/2022,40
como crear una pagina para vender,Página web,AR,3/1/2022,30
como crear una pagina para vender,Página web,AR,4/1/2022,40
como crear una pagina para vender,Página web,AR,5/1/2022,20
como crear una pagina para vender,Página web,AR,6/1/2022,30
como crear una pagina para vender,Página web,AR,7/1/2022,30
como crear una pagina para vender,Página web,AR,8/1/2022,30
como crear una pagina para vender,Página web,AR,9/1/2022,40
como crear una pagina para vender,Página web,AR,10/1/2022,20
como crear una pagina para vender,Página web,AR,11/1/2022,20
como crear una pagina para vender,Página web,AR,12/1/2022,20
como crear una pagina para vender,Página web,AR,1/1/2023,40
como crear una pagina para vender,Página web,AR,2/1/2023,40
como crear una pagina para vender,Página web,AR,3/1/2023,40
como crear una pagina para vender,Página web,AR,4/1/2023,30
como crear una pagina para vender,Página web,AR,5/1/2023,40
como crear una pagina para vender,Página web,AR,6/1/2023,40
como crear una pagina para vender,Página web,AR,7/1/2023,30
como crear una pagina para vender,Página web,AR,8/1/2023,30
como crear una pagina para vender,Página web,AR,9/1/2023,50
como crear una pagina para vender,Página web,AR,10/1/2023,40
como crear una pagina para vender,Página web,AR,11/1/2023,30
como crear una pagina para vender,Página web,AR,12/1/2023,20
como crear una pagina para vender,Página web,AR,1/1/2024,40
como crear una pagina para vender,Página web,AR,2/1/2024,50
como crear una pagina para vender,Página web,AR,3/1/2024,50
como crear una pagina para vender,Página web,AR,4/1/2024,40
como crear una pagina para vender,Página web,AR,5/1/2024,40
como crear una pagina para vender,Página web,AR,6/1/2024,50
como crear una pagina para vender,Página web,AR,7/1/2024,20
como crear una pagina para vender,Página web,AR,8/1/2024,30
como crear una pagina para vender,Página web,AR,9/1/2024,40
como crear una pagina para vender,Página web,AR,10/1/2024,40
como crear una pagina para vender,Página web,AR,11/1/2024,30
como crear una pagina para vender,Página web,AR,12/1/2024,20
como crear una pagina para vender,Página web,AR,1/1/2025,30
como crear una pagina para vender,Página web,AR,2/1/2025,30
como crear una pagina para vender,Página web,AR,3/1/2025,40
como crear una pagina para vender,Página web,AR,4/1/2025,30
como crear una pagina para vender,Página web,AR,5/1/2025,50
como crear una pagina para vender,Página web,AR,6/1/2025,20
como crear una pagina para vender,Página web,AR,7/1/2025,30
como crear una pagina para vender,Página web,AR,8/1/2025,40
como crear una pagina para vender,Página web,AR,9/1/2025,30
como crear una pagina para vender,Página web,AR,10/1/2025,40
como crear una pagina para vender por internet,Página web,AR,8/1/2021,10
como crear una pagina para vender por internet,Página web,AR,9/1/2021,10
como crear una pagina para vender por internet,Página web,AR,10/1/2021,10
como crear una pagina para vender por internet,Página web,AR,11/1/2021,10
como crear una pagina para vender por internet,Página web,AR,12/1/2021,10
como crear una pagina para vender por internet,Página web,AR,1/1/2022,10
como crear una pagina para vender por internet,Página web,AR,2/1/2022,10
como crear una pagina para vender por internet,Página web,AR,3/1/2022,10
como crear una pagina para vender por internet,Página web,AR,4/1/2022,10
como crear una pagina para vender por internet,Página web,AR,5/1/2022,10
como crear una pagina para vender por internet,Página web,AR,6/1/2022,10
como crear una pagina para vender por internet,Página web,AR,7/1/2022,10
como crear una pagina para vender por internet,Página web,AR,8/1/2022,10
como crear una pagina para vender por internet,Página web,AR,9/1/2022,10
como crear una pagina para vender por internet,Página web,AR,10/1/2022,10
como crear una pagina para vender por internet,Página web,AR,11/1/2022,0
como crear una pagina para vender por internet,Página web,AR,12/1/2022,0
como crear una pagina para vender por internet,Página web,AR,1/1/2023,10
como crear una pagina para vender por internet,Página web,AR,2/1/2023,10
como crear una pagina para vender por internet,Página web,AR,3/1/2023,0
como crear una pagina para vender por internet,Página web,AR,4/1/2023,10
como crear una pagina para vender por internet,Página web,AR,5/1/2023,10
como crear una pagina para vender por internet,Página web,AR,6/1/2023,10
como crear una pagina para vender por internet,Página web,AR,7/1/2023,10
como crear una pagina para vender por internet,Página web,AR,8/1/2023,10
como crear una pagina para vender por internet,Página web,AR,9/1/2023,10
como crear una pagina para vender por internet,Página web,AR,10/1/2023,10
como crear una pagina para vender por internet,Página web,AR,11/1/2023,0
como crear una pagina para vender por internet,Página web,AR,12/1/2023,10
como crear una pagina para vender por internet,Página web,AR,1/1/2024,10
como crear una pagina para vender por internet,Página web,AR,2/1/2024,10
como crear una pagina para vender por internet,Página web,AR,3/1/2024,0
como crear una pagina para vender por internet,Página web,AR,4/1/2024,10
como crear una pagina para vender por internet,Página web,AR,5/1/2024,10
como crear una pagina para vender por internet,Página web,AR,6/1/2024,10
como crear una pagina para vender por internet,Página web,AR,7/1/2024,10
como crear una pagina para vender por internet,Página web,AR,8/1/2024,0
como crear una pagina para vender por internet,Página web,AR,9/1/2024,10
como crear una pagina para vender por internet,Página web,AR,10/1/2024,0
como crear una pagina para vender por internet,Página web,AR,11/1/2024,10
como crear una pagina para vender por internet,Página web,AR,12/1/2024,10
como crear una pagina para vender por internet,Página web,AR,1/1/2025,10
como crear una pagina para vender por internet,Página web,AR,2/1/2025,10
como crear una pagina para vender por internet,Página web,AR,3/1/2025,10
como crear una pagina para vender por internet,Página web,AR,4/1/2025,10
como crear una pagina para vender por internet,Página web,AR,5/1/2025,10
como crear una pagina para vender por internet,Página web,AR,6/1/2025,10
como crear una pagina para vender por internet,Página web,AR,7/1/2025,10
como crear una pagina para vender por internet,Página web,AR,8/1/2025,0
como crear una pagina para vender por internet,Página web,AR,9/1/2025,0
como crear una pagina para vender por internet,Página web,AR,10/1/2025,0
como hacer envios,Envíos,AR,8/1/2021,110
como hacer envios,Envíos,AR,9/1/2021,90
como hacer envios,Envíos,AR,10/1/2021,70
como hacer envios,Envíos,AR,11/1/2021,70
como hacer envios,Envíos,AR,12/1/2021,50
como hacer envios,Envíos,AR,1/1/2022,70
como hacer envios,Envíos,AR,2/1/2022,70
como hacer envios,Envíos,AR,3/1/2022,70
como hacer envios,Envíos,AR,4/1/2022,50
como hacer envios,Envíos,AR,5/1/2022,70
como hacer envios,Envíos,AR,6/1/2022,70
como hacer envios,Envíos,AR,7/1/2022,70
como hacer envios,Envíos,AR,8/1/2022,70
como hacer envios,Envíos,AR,9/1/2022,50
como hacer envios,Envíos,AR,10/1/2022,70
como hacer envios,Envíos,AR,11/1/2022,90
como hacer envios,Envíos,AR,12/1/2022,70
como hacer envios,Envíos,AR,1/1/2023,110
como hacer envios,Envíos,AR,2/1/2023,110
como hacer envios,Envíos,AR,3/1/2023,110
como hacer envios,Envíos,AR,4/1/2023,90
como hacer envios,Envíos,AR,5/1/2023,90
como hacer envios,Envíos,AR,6/1/2023,90
como hacer envios,Envíos,AR,7/1/2023,90
como hacer envios,Envíos,AR,8/1/2023,110
como hacer envios,Envíos,AR,9/1/2023,90
como hacer envios,Envíos,AR,10/1/2023,70
como hacer envios,Envíos,AR,11/1/2023,90
como hacer envios,Envíos,AR,12/1/2023,70
como hacer envios,Envíos,AR,1/1/2024,90
como hacer envios,Envíos,AR,2/1/2024,90
como hacer envios,Envíos,AR,3/1/2024,90
como hacer envios,Envíos,AR,4/1/2024,110
como hacer envios,Envíos,AR,5/1/2024,90
como hacer envios,Envíos,AR,6/1/2024,110
como hacer envios,Envíos,AR,7/1/2024,110
como hacer envios,Envíos,AR,8/1/2024,90
como hacer envios,Envíos,AR,9/1/2024,110
como hacer envios,Envíos,AR,10/1/2024,90
como hacer envios,Envíos,AR,11/1/2024,70
como hacer envios,Envíos,AR,12/1/2024,50
como hacer envios,Envíos,AR,1/1/2025,70
como hacer envios,Envíos,AR,2/1/2025,70
como hacer envios,Envíos,AR,3/1/2025,90
como hacer envios,Envíos,AR,4/1/2025,90
como hacer envios,Envíos,AR,5/1/2025,70
como hacer envios,Envíos,AR,6/1/2025,110
como hacer envios,Envíos,AR,7/1/2025,110
como hacer envios,Envíos,AR,8/1/2025,90
como hacer envios,Envíos,AR,9/1/2025,70
como hacer envios,Envíos,AR,10/1/2025,70
como hacer paginas web,Página web,AR,8/1/2021,170
como hacer paginas web,Página web,AR,9/1/2021,140
como hacer paginas web,Página web,AR,10/1/2021,140
como hacer paginas web,Página web,AR,11/1/2021,140
como hacer paginas web,Página web,AR,12/1/2021,90
como hacer paginas web,Página web,AR,1/1/2022,170
como hacer paginas web,Página web,AR,2/1/2022,90
como hacer paginas web,Página web,AR,3/1/2022,140
como hacer paginas web,Página web,AR,4/1/2022,140
como hacer paginas web,Página web,AR,5/1/2022,140
como hacer paginas web,Página web,AR,6/1/2022,170
como hacer paginas web,Página web,AR,7/1/2022,140
como hacer paginas web,Página web,AR,8/1/2022,210
como hacer paginas web,Página web,AR,9/1/2022,140
como hacer paginas web,Página web,AR,10/1/2022,140
como hacer paginas web,Página web,AR,11/1/2022,140
como hacer paginas web,Página web,AR,12/1/2022,110
como hacer paginas web,Página web,AR,1/1/2023,140
como hacer paginas web,Página web,AR,2/1/2023,170
como hacer paginas web,Página web,AR,3/1/2023,170
como hacer paginas web,Página web,AR,4/1/2023,170
como hacer paginas web,Página web,AR,5/1/2023,170
como hacer paginas web,Página web,AR,6/1/2023,210
como hacer paginas web,Página web,AR,7/1/2023,170
como hacer paginas web,Página web,AR,8/1/2023,170
como hacer paginas web,Página web,AR,9/1/2023,140
como hacer paginas web,Página web,AR,10/1/2023,170
como hacer paginas web,Página web,AR,11/1/2023,170
como hacer paginas web,Página web,AR,12/1/2023,140
como hacer paginas web,Página web,AR,1/1/2024,210
como hacer paginas web,Página web,AR,2/1/2024,210
como hacer paginas web,Página web,AR,3/1/2024,260
como hacer paginas web,Página web,AR,4/1/2024,210
como hacer paginas web,Página web,AR,5/1/2024,170
como hacer paginas web,Página web,AR,6/1/2024,210
como hacer paginas web,Página web,AR,7/1/2024,170
como hacer paginas web,Página web,AR,8/1/2024,170
como hacer paginas web,Página web,AR,9/1/2024,140
como hacer paginas web,Página web,AR,10/1/2024,210
como hacer paginas web,Página web,AR,11/1/2024,170
como hacer paginas web,Página web,AR,12/1/2024,110
como hacer paginas web,Página web,AR,1/1/2025,170
como hacer paginas web,Página web,AR,2/1/2025,170
como hacer paginas web,Página web,AR,3/1/2025,170
como hacer paginas web,Página web,AR,4/1/2025,170
como hacer paginas web,Página web,AR,5/1/2025,170
como hacer paginas web,Página web,AR,6/1/2025,140
como hacer paginas web,Página web,AR,7/1/2025,110
como hacer paginas web,Página web,AR,8/1/2025,140
como hacer paginas web,Página web,AR,9/1/2025,110
como hacer paginas web,Página web,AR,10/1/2025,140
como hacer un facebook comercial,Canales,AR,8/1/2021,390
como hacer un facebook comercial,Canales,AR,9/1/2021,320
como hacer un facebook comercial,Canales,AR,10/1/2021,260
como hacer un facebook comercial,Canales,AR,11/1/2021,260
como hacer un facebook comercial,Canales,AR,12/1/2021,170
como hacer un facebook comercial,Canales,AR,1/1/2022,210
como hacer un facebook comercial,Canales,AR,2/1/2022,260
como hacer un facebook comercial,Canales,AR,3/1/2022,260
como hacer un facebook comercial,Canales,AR,4/1/2022,210
como hacer un facebook comercial,Canales,AR,5/1/2022,260
como hacer un facebook comercial,Canales,AR,6/1/2022,210
como hacer un facebook comercial,Canales,AR,7/1/2022,210
como hacer un facebook comercial,Canales,AR,8/1/2022,260
como hacer un facebook comercial,Canales,AR,9/1/2022,210
como hacer un facebook comercial,Canales,AR,10/1/2022,210
como hacer un facebook comercial,Canales,AR,11/1/2022,210
como hacer un facebook comercial,Canales,AR,12/1/2022,110
como hacer un facebook comercial,Canales,AR,1/1/2023,140
como hacer un facebook comercial,Canales,AR,2/1/2023,170
como hacer un facebook comercial,Canales,AR,3/1/2023,210
como hacer un facebook comercial,Canales,AR,4/1/2023,210
como hacer un facebook comercial,Canales,AR,5/1/2023,320
como hacer un facebook comercial,Canales,AR,6/1/2023,210
como hacer un facebook comercial,Canales,AR,7/1/2023,210
como hacer un facebook comercial,Canales,AR,8/1/2023,210
como hacer un facebook comercial,Canales,AR,9/1/2023,170
como hacer un facebook comercial,Canales,AR,10/1/2023,170
como hacer un facebook comercial,Canales,AR,11/1/2023,140
como hacer un facebook comercial,Canales,AR,12/1/2023,90
como hacer un facebook comercial,Canales,AR,1/1/2024,140
como hacer un facebook comercial,Canales,AR,2/1/2024,140
como hacer un facebook comercial,Canales,AR,3/1/2024,90
como hacer un facebook comercial,Canales,AR,4/1/2024,110
como hacer un facebook comercial,Canales,AR,5/1/2024,140
como hacer un facebook comercial,Canales,AR,6/1/2024,110
como hacer un facebook comercial,Canales,AR,7/1/2024,110
como hacer un facebook comercial,Canales,AR,8/1/2024,110
como hacer un facebook comercial,Canales,AR,9/1/2024,90
como hacer un facebook comercial,Canales,AR,10/1/2024,110
como hacer un facebook comercial,Canales,AR,11/1/2024,90
como hacer un facebook comercial,Canales,AR,12/1/2024,90
como hacer un facebook comercial,Canales,AR,1/1/2025,90
como hacer un facebook comercial,Canales,AR,2/1/2025,90
como hacer un facebook comercial,Canales,AR,3/1/2025,90
como hacer un facebook comercial,Canales,AR,4/1/2025,90
como hacer un facebook comercial,Canales,AR,5/1/2025,90
como hacer un facebook comercial,Canales,AR,6/1/2025,90
como hacer un facebook comercial,Canales,AR,7/1/2025,90
como hacer un facebook comercial,Canales,AR,8/1/2025,70
como hacer un facebook comercial,Canales,AR,9/1/2025,90
como hacer un facebook comercial,Canales,AR,10/1/2025,70
como hacer una pagina para vender,Página web,AR,8/1/2021,40
como hacer una pagina para vender,Página web,AR,9/1/2021,20
como hacer una pagina para vender,Página web,AR,10/1/2021,30
como hacer una pagina para vender,Página web,AR,11/1/2021,20
como hacer una pagina para vender,Página web,AR,12/1/2021,10
como hacer una pagina para vender,Página web,AR,1/1/2022,20
como hacer una pagina para vender,Página web,AR,2/1/2022,30
como hacer una pagina para vender,Página web,AR,3/1/2022,30
como hacer una pagina para vender,Página web,AR,4/1/2022,30
como hacer una pagina para vender,Página web,AR,5/1/2022,40
como hacer una pagina para vender,Página web,AR,6/1/2022,20
como hacer una pagina para vender,Página web,AR,7/1/2022,20
como hacer una pagina para vender,Página web,AR,8/1/2022,20
como hacer una pagina para vender,Página web,AR,9/1/2022,30
como hacer una pagina para vender,Página web,AR,10/1/2022,30
como hacer una pagina para vender,Página web,AR,11/1/2022,20
como hacer una pagina para vender,Página web,AR,12/1/2022,10
como hacer una pagina para vender,Página web,AR,1/1/2023,20
como hacer una pagina para vender,Página web,AR,2/1/2023,10
como hacer una pagina para vender,Página web,AR,3/1/2023,20
como hacer una pagina para vender,Página web,AR,4/1/2023,30
como hacer una pagina para vender,Página web,AR,5/1/2023,30
como hacer una pagina para vender,Página web,AR,6/1/2023,20
como hacer una pagina para vender,Página web,AR,7/1/2023,20
como hacer una pagina para vender,Página web,AR,8/1/2023,20
como hacer una pagina para vender,Página web,AR,9/1/2023,20
como hacer una pagina para vender,Página web,AR,10/1/2023,10
como hacer una pagina para vender,Página web,AR,11/1/2023,20
como hacer una pagina para vender,Página web,AR,12/1/2023,10
como hacer una pagina para vender,Página web,AR,1/1/2024,10
como hacer una pagina para vender,Página web,AR,2/1/2024,20
como hacer una pagina para vender,Página web,AR,3/1/2024,10
como hacer una pagina para vender,Página web,AR,4/1/2024,10
como hacer una pagina para vender,Página web,AR,5/1/2024,20
como hacer una pagina para vender,Página web,AR,6/1/2024,20
como hacer una pagina para vender,Página web,AR,7/1/2024,20
como hacer una pagina para vender,Página web,AR,8/1/2024,20
como hacer una pagina para vender,Página web,AR,9/1/2024,20
como hacer una pagina para vender,Página web,AR,10/1/2024,10
como hacer una pagina para vender,Página web,AR,11/1/2024,10
como hacer una pagina para vender,Página web,AR,12/1/2024,20
como hacer una pagina para vender,Página web,AR,1/1/2025,20
como hacer una pagina para vender,Página web,AR,2/1/2025,20
como hacer una pagina para vender,Página web,AR,3/1/2025,30
como hacer una pagina para vender,Página web,AR,4/1/2025,40
como hacer una pagina para vender,Página web,AR,5/1/2025,30
como hacer una pagina para vender,Página web,AR,6/1/2025,30
como hacer una pagina para vender,Página web,AR,7/1/2025,20
como hacer una pagina para vender,Página web,AR,8/1/2025,10
como hacer una pagina para vender,Página web,AR,9/1/2025,20
como hacer una pagina para vender,Página web,AR,10/1/2025,40
como hacer una tienda online,Tienda,AR,8/1/2021,140
como hacer una tienda online,Tienda,AR,9/1/2021,140
como hacer una tienda online,Tienda,AR,10/1/2021,90
como hacer una tienda online,Tienda,AR,11/1/2021,110
como hacer una tienda online,Tienda,AR,12/1/2021,110
como hacer una tienda online,Tienda,AR,1/1/2022,140
como hacer una tienda online,Tienda,AR,2/1/2022,90
como hacer una tienda online,Tienda,AR,3/1/2022,140
como hacer una tienda online,Tienda,AR,4/1/2022,140
como hacer una tienda online,Tienda,AR,5/1/2022,110
como hacer una tienda online,Tienda,AR,6/1/2022,110
como hacer una tienda online,Tienda,AR,7/1/2022,90
como hacer una tienda online,Tienda,AR,8/1/2022,110
como hacer una tienda online,Tienda,AR,9/1/2022,140
como hacer una tienda online,Tienda,AR,10/1/2022,110
como hacer una tienda online,Tienda,AR,11/1/2022,90
como hacer una tienda online,Tienda,AR,12/1/2022,70
como hacer una tienda online,Tienda,AR,1/1/2023,140
como hacer una tienda online,Tienda,AR,2/1/2023,90
como hacer una tienda online,Tienda,AR,3/1/2023,170
como hacer una tienda online,Tienda,AR,4/1/2023,170
como hacer una tienda online,Tienda,AR,5/1/2023,170
como hacer una tienda online,Tienda,AR,6/1/2023,140
como hacer una tienda online,Tienda,AR,7/1/2023,170
como hacer una tienda online,Tienda,AR,8/1/2023,140
como hacer una tienda online,Tienda,AR,9/1/2023,140
como hacer una tienda online,Tienda,AR,10/1/2023,140
como hacer una tienda online,Tienda,AR,11/1/2023,90
como hacer una tienda online,Tienda,AR,12/1/2023,70
como hacer una tienda online,Tienda,AR,1/1/2024,140
como hacer una tienda online,Tienda,AR,2/1/2024,140
como hacer una tienda online,Tienda,AR,3/1/2024,170
como hacer una tienda online,Tienda,AR,4/1/2024,170
como hacer una tienda online,Tienda,AR,5/1/2024,210
como hacer una tienda online,Tienda,AR,6/1/2024,140
como hacer una tienda online,Tienda,AR,7/1/2024,170
como hacer una tienda online,Tienda,AR,8/1/2024,110
como hacer una tienda online,Tienda,AR,9/1/2024,170
como hacer una tienda online,Tienda,AR,10/1/2024,170
como hacer una tienda online,Tienda,AR,11/1/2024,260
como hacer una tienda online,Tienda,AR,12/1/2024,210
como hacer una tienda online,Tienda,AR,1/1/2025,390
como hacer una tienda online,Tienda,AR,2/1/2025,590
como hacer una tienda online,Tienda,AR,3/1/2025,590
como hacer una tienda online,Tienda,AR,4/1/2025,590
como hacer una tienda online,Tienda,AR,5/1/2025,590
como hacer una tienda online,Tienda,AR,6/1/2025,390
como hacer una tienda online,Tienda,AR,7/1/2025,260
como hacer una tienda online,Tienda,AR,8/1/2025,320
como hacer una tienda online,Tienda,AR,9/1/2025,260
como hacer una tienda online,Tienda,AR,10/1/2025,320
como vender en instagram,Canales,AR,8/1/2021,590
como vender en instagram,Canales,AR,9/1/2021,480
como vender en instagram,Canales,AR,10/1/2021,390
como vender en instagram,Canales,AR,11/1/2021,390
como vender en instagram,Canales,AR,12/1/2021,320
como vender en instagram,Canales,AR,1/1/2022,390
como vender en instagram,Canales,AR,2/1/2022,390
como vender en instagram,Canales,AR,3/1/2022,480
como vender en instagram,Canales,AR,4/1/2022,480
como vender en instagram,Canales,AR,5/1/2022,480
como vender en instagram,Canales,AR,6/1/2022,390
como vender en instagram,Canales,AR,7/1/2022,390
como vender en instagram,Canales,AR,8/1/2022,480
como vender en instagram,Canales,AR,9/1/2022,390
como vender en instagram,Canales,AR,10/1/2022,390
como vender en instagram,Canales,AR,11/1/2022,390
como vender en instagram,Canales,AR,12/1/2022,260
como vender en instagram,Canales,AR,1/1/2023,480
como vender en instagram,Canales,AR,2/1/2023,320
como vender en instagram,Canales,AR,3/1/2023,320
como vender en instagram,Canales,AR,4/1/2023,320
como vender en instagram,Canales,AR,5/1/2023,320
como vender en instagram,Canales,AR,6/1/2023,320
como vender en instagram,Canales,AR,7/1/2023,260
como vender en instagram,Canales,AR,8/1/2023,320
como vender en instagram,Canales,AR,9/1/2023,260
como vender en instagram,Canales,AR,10/1/2023,210
como vender en instagram,Canales,AR,11/1/2023,210
como vender en instagram,Canales,AR,12/1/2023,170
como vender en instagram,Canales,AR,1/1/2024,320
como vender en instagram,Canales,AR,2/1/2024,320
como vender en instagram,Canales,AR,3/1/2024,390
como vender en instagram,Canales,AR,4/1/2024,320
como vender en instagram,Canales,AR,5/1/2024,320
como vender en instagram,Canales,AR,6/1/2024,210
como vender en instagram,Canales,AR,7/1/2024,210
como vender en instagram,Canales,AR,8/1/2024,210
como vender en instagram,Canales,AR,9/1/2024,210
como vender en instagram,Canales,AR,10/1/2024,170
como vender en instagram,Canales,AR,11/1/2024,170
como vender en instagram,Canales,AR,12/1/2024,140
como vender en instagram,Canales,AR,1/1/2025,170
como vender en instagram,Canales,AR,2/1/2025,170
como vender en instagram,Canales,AR,3/1/2025,210
como vender en instagram,Canales,AR,4/1/2025,170
como vender en instagram,Canales,AR,5/1/2025,170
como vender en instagram,Canales,AR,6/1/2025,140
como vender en instagram,Canales,AR,7/1/2025,170
como vender en instagram,Canales,AR,8/1/2025,140
como vender en instagram,Canales,AR,9/1/2025,170
como vender en instagram,Canales,AR,10/1/2025,170
como vender por instagram,Canales,AR,8/1/2021,1000
como vender por instagram,Canales,AR,9/1/2021,1000
como vender por instagram,Canales,AR,10/1/2021,1000
como vender por instagram,Canales,AR,11/1/2021,720
como vender por instagram,Canales,AR,12/1/2021,720
como vender por instagram,Canales,AR,1/1/2022,880
como vender por instagram,Canales,AR,2/1/2022,880
como vender por instagram,Canales,AR,3/1/2022,880
como vender por instagram,Canales,AR,4/1/2022,880
como vender por instagram,Canales,AR,5/1/2022,880
como vender por instagram,Canales,AR,6/1/2022,880
como vender por instagram,Canales,AR,7/1/2022,720
como vender por instagram,Canales,AR,8/1/2022,720
como vender por instagram,Canales,AR,9/1/2022,720
como vender por instagram,Canales,AR,10/1/2022,720
como vender por instagram,Canales,AR,11/1/2022,590
como vender por instagram,Canales,AR,12/1/2022,480
como vender por instagram,Canales,AR,1/1/2023,720
como vender por instagram,Canales,AR,2/1/2023,720
como vender por instagram,Canales,AR,3/1/2023,720
como vender por instagram,Canales,AR,4/1/2023,590
como vender por instagram,Canales,AR,5/1/2023,590
como vender por instagram,Canales,AR,6/1/2023,480
como vender por instagram,Canales,AR,7/1/2023,590
como vender por instagram,Canales,AR,8/1/2023,480
como vender por instagram,Canales,AR,9/1/2023,480
como vender por instagram,Canales,AR,10/1/2023,390
como vender por instagram,Canales,AR,11/1/2023,390
como vender por instagram,Canales,AR,12/1/2023,320
como vender por instagram,Canales,AR,1/1/2024,480
como vender por instagram,Canales,AR,2/1/2024,590
como vender por instagram,Canales,AR,3/1/2024,590
como vender por instagram,Canales,AR,4/1/2024,590
como vender por instagram,Canales,AR,5/1/2024,480
como vender por instagram,Canales,AR,6/1/2024,390
como vender por instagram,Canales,AR,7/1/2024,390
como vender por instagram,Canales,AR,8/1/2024,390
como vender por instagram,Canales,AR,9/1/2024,320
como vender por instagram,Canales,AR,10/1/2024,390
como vender por instagram,Canales,AR,11/1/2024,320
como vender por instagram,Canales,AR,12/1/2024,260
como vender por instagram,Canales,AR,1/1/2025,390
como vender por instagram,Canales,AR,2/1/2025,390
como vender por instagram,Canales,AR,3/1/2025,480
como vender por instagram,Canales,AR,4/1/2025,480
como vender por instagram,Canales,AR,5/1/2025,480
como vender por instagram,Canales,AR,6/1/2025,480
como vender por instagram,Canales,AR,7/1/2025,390
como vender por instagram,Canales,AR,8/1/2025,390
como vender por instagram,Canales,AR,9/1/2025,390
como vender por instagram,Canales,AR,10/1/2025,390
como vender por internet,Vender,AR,8/1/2021,390
como vender por internet,Vender,AR,9/1/2021,390
como vender por internet,Vender,AR,10/1/2021,320
como vender por internet,Vender,AR,11/1/2021,260
como vender por internet,Vender,AR,12/1/2021,210
como vender por internet,Vender,AR,1/1/2022,320
como vender por internet,Vender,AR,2/1/2022,260
como vender por internet,Vender,AR,3/1/2022,320
como vender por internet,Vender,AR,4/1/2022,260
como vender por internet,Vender,AR,5/1/2022,320
como vender por internet,Vender,AR,6/1/2022,260
como vender por internet,Vender,AR,7/1/2022,260
como vender por internet,Vender,AR,8/1/2022,320
como vender por internet,Vender,AR,9/1/2022,320
como vender por internet,Vender,AR,10/1/2022,320
como vender por internet,Vender,AR,11/1/2022,260
como vender por internet,Vender,AR,12/1/2022,170
como vender por internet,Vender,AR,1/1/2023,320
como vender por internet,Vender,AR,2/1/2023,320
como vender por internet,Vender,AR,3/1/2023,390
como vender por internet,Vender,AR,4/1/2023,260
como vender por internet,Vender,AR,5/1/2023,260
como vender por internet,Vender,AR,6/1/2023,260
como vender por internet,Vender,AR,7/1/2023,260
como vender por internet,Vender,AR,8/1/2023,260
como vender por internet,Vender,AR,9/1/2023,210
como vender por internet,Vender,AR,10/1/2023,210
como vender por internet,Vender,AR,11/1/2023,210
como vender por internet,Vender,AR,12/1/2023,210
como vender por internet,Vender,AR,1/1/2024,260
como vender por internet,Vender,AR,2/1/2024,260
como vender por internet,Vender,AR,3/1/2024,260
como vender por internet,Vender,AR,4/1/2024,260
como vender por internet,Vender,AR,5/1/2024,260
como vender por internet,Vender,AR,6/1/2024,260
como vender por internet,Vender,AR,7/1/2024,260
como vender por internet,Vender,AR,8/1/2024,210
como vender por internet,Vender,AR,9/1/2024,210
como vender por internet,Vender,AR,10/1/2024,210
como vender por internet,Vender,AR,11/1/2024,170
como vender por internet,Vender,AR,12/1/2024,140
como vender por internet,Vender,AR,1/1/2025,210
como vender por internet,Vender,AR,2/1/2025,210
como vender por internet,Vender,AR,3/1/2025,260
como vender por internet,Vender,AR,4/1/2025,260
como vender por internet,Vender,AR,5/1/2025,210
como vender por internet,Vender,AR,6/1/2025,170
como vender por internet,Vender,AR,7/1/2025,210
como vender por internet,Vender,AR,8/1/2025,210
como vender por internet,Vender,AR,9/1/2025,210
como vender por internet,Vender,AR,10/1/2025,140
crear catalogo de productos online,Catálogo,AR,8/1/2021,10
crear catalogo de productos online,Catálogo,AR,9/1/2021,10
crear catalogo de productos online,Catálogo,AR,10/1/2021,10
crear catalogo de productos online,Catálogo,AR,11/1/2021,10
crear catalogo de productos online,Catálogo,AR,12/1/2021,10
crear catalogo de productos online,Catálogo,AR,1/1/2022,10
crear catalogo de productos online,Catálogo,AR,2/1/2022,10
crear catalogo de productos online,Catálogo,AR,3/1/2022,10
crear catalogo de productos online,Catálogo,AR,4/1/2022,10
crear catalogo de productos online,Catálogo,AR,5/1/2022,10
crear catalogo de productos online,Catálogo,AR,6/1/2022,10
crear catalogo de productos online,Catálogo,AR,7/1/2022,10
crear catalogo de productos online,Catálogo,AR,8/1/2022,10
crear catalogo de productos online,Catálogo,AR,9/1/2022,10
crear catalogo de productos online,Catálogo,AR,10/1/2022,10
crear catalogo de productos online,Catálogo,AR,11/1/2022,10
crear catalogo de productos online,Catálogo,AR,12/1/2022,10
crear catalogo de productos online,Catálogo,AR,1/1/2023,10
crear catalogo de productos online,Catálogo,AR,2/1/2023,10
crear catalogo de productos online,Catálogo,AR,3/1/2023,10
crear catalogo de productos online,Catálogo,AR,4/1/2023,10
crear catalogo de productos online,Catálogo,AR,5/1/2023,10
crear catalogo de productos online,Catálogo,AR,6/1/2023,10
crear catalogo de productos online,Catálogo,AR,7/1/2023,10
crear catalogo de productos online,Catálogo,AR,8/1/2023,0
crear catalogo de productos online,Catálogo,AR,9/1/2023,0
crear catalogo de productos online,Catálogo,AR,10/1/2023,0
crear catalogo de productos online,Catálogo,AR,11/1/2023,10
crear catalogo de productos online,Catálogo,AR,12/1/2023,0
crear catalogo de productos online,Catálogo,AR,1/1/2024,0
crear catalogo de productos online,Catálogo,AR,2/1/2024,10
crear catalogo de productos online,Catálogo,AR,3/1/2024,0
crear catalogo de productos online,Catálogo,AR,4/1/2024,10
crear catalogo de productos online,Catálogo,AR,5/1/2024,10
crear catalogo de productos online,Catálogo,AR,6/1/2024,0
crear catalogo de productos online,Catálogo,AR,7/1/2024,10
crear catalogo de productos online,Catálogo,AR,8/1/2024,0
crear catalogo de productos online,Catálogo,AR,9/1/2024,10
crear catalogo de productos online,Catálogo,AR,10/1/2024,10
crear catalogo de productos online,Catálogo,AR,11/1/2024,10
crear catalogo de productos online,Catálogo,AR,12/1/2024,0
crear catalogo de productos online,Catálogo,AR,1/1/2025,10
crear catalogo de productos online,Catálogo,AR,2/1/2025,10
crear catalogo de productos online,Catálogo,AR,3/1/2025,10
crear catalogo de productos online,Catálogo,AR,4/1/2025,0
crear catalogo de productos online,Catálogo,AR,5/1/2025,10
crear catalogo de productos online,Catálogo,AR,6/1/2025,10
crear catalogo de productos online,Catálogo,AR,7/1/2025,10
crear catalogo de productos online,Catálogo,AR,8/1/2025,0
crear catalogo de productos online,Catálogo,AR,9/1/2025,10
crear catalogo de productos online,Catálogo,AR,10/1/2025,10
crear facebook comercial,Canales,AR,8/1/2021,170
crear facebook comercial,Canales,AR,9/1/2021,170
crear facebook comercial,Canales,AR,10/1/2021,110
crear facebook comercial,Canales,AR,11/1/2021,90
crear facebook comercial,Canales,AR,12/1/2021,90
crear facebook comercial,Canales,AR,1/1/2022,70
crear facebook comercial,Canales,AR,2/1/2022,110
crear facebook comercial,Canales,AR,3/1/2022,140
crear facebook comercial,Canales,AR,4/1/2022,110
crear facebook comercial,Canales,AR,5/1/2022,140
crear facebook comercial,Canales,AR,6/1/2022,70
crear facebook comercial,Canales,AR,7/1/2022,90
crear facebook comercial,Canales,AR,8/1/2022,110
crear facebook comercial,Canales,AR,9/1/2022,140
crear facebook comercial,Canales,AR,10/1/2022,140
crear facebook comercial,Canales,AR,11/1/2022,110
crear facebook comercial,Canales,AR,12/1/2022,70
crear facebook comercial,Canales,AR,1/1/2023,90
crear facebook comercial,Canales,AR,2/1/2023,70
crear facebook comercial,Canales,AR,3/1/2023,110
crear facebook comercial,Canales,AR,4/1/2023,70
crear facebook comercial,Canales,AR,5/1/2023,90
crear facebook comercial,Canales,AR,6/1/2023,70
crear facebook comercial,Canales,AR,7/1/2023,70
crear facebook comercial,Canales,AR,8/1/2023,70
crear facebook comercial,Canales,AR,9/1/2023,70
crear facebook comercial,Canales,AR,10/1/2023,70
crear facebook comercial,Canales,AR,11/1/2023,70
crear facebook comercial,Canales,AR,12/1/2023,30
crear facebook comercial,Canales,AR,1/1/2024,50
crear facebook comercial,Canales,AR,2/1/2024,50
crear facebook comercial,Canales,AR,3/1/2024,50
crear facebook comercial,Canales,AR,4/1/2024,110
crear facebook comercial,Canales,AR,5/1/2024,90
crear facebook comercial,Canales,AR,6/1/2024,70
crear facebook comercial,Canales,AR,7/1/2024,70
crear facebook comercial,Canales,AR,8/1/2024,70
crear facebook comercial,Canales,AR,9/1/2024,70
crear facebook comercial,Canales,AR,10/1/2024,50
crear facebook comercial,Canales,AR,11/1/2024,50
crear facebook comercial,Canales,AR,12/1/2024,50
crear facebook comercial,Canales,AR,1/1/2025,30
crear facebook comercial,Canales,AR,2/1/2025,30
crear facebook comercial,Canales,AR,3/1/2025,70
crear facebook comercial,Canales,AR,4/1/2025,40
crear facebook comercial,Canales,AR,5/1/2025,50
crear facebook comercial,Canales,AR,6/1/2025,40
crear facebook comercial,Canales,AR,7/1/2025,30
crear facebook comercial,Canales,AR,8/1/2025,50
crear facebook comercial,Canales,AR,9/1/2025,50
crear facebook comercial,Canales,AR,10/1/2025,30
crear mi página web,Página web,AR,8/1/2021,10
crear mi página web,Página web,AR,9/1/2021,10
crear mi página web,Página web,AR,10/1/2021,10
crear mi página web,Página web,AR,11/1/2021,20
crear mi página web,Página web,AR,12/1/2021,10
crear mi página web,Página web,AR,1/1/2022,10
crear mi página web,Página web,AR,2/1/2022,10
crear mi página web,Página web,AR,3/1/2022,10
crear mi página web,Página web,AR,4/1/2022,10
crear mi página web,Página web,AR,5/1/2022,10
crear mi página web,Página web,AR,6/1/2022,10
crear mi página web,Página web,AR,7/1/2022,10
crear mi página web,Página web,AR,8/1/2022,10
crear mi página web,Página web,AR,9/1/2022,10
crear mi página web,Página web,AR,10/1/2022,20
crear mi página web,Página web,AR,11/1/2022,10
crear mi página web,Página web,AR,12/1/2022,10
crear mi página web,Página web,AR,1/1/2023,10
crear mi página web,Página web,AR,2/1/2023,10
crear mi página web,Página web,AR,3/1/2023,10
crear mi página web,Página web,AR,4/1/2023,20
crear mi página web,Página web,AR,5/1/2023,10
crear mi página web,Página web,AR,6/1/2023,10
crear mi página web,Página web,AR,7/1/2023,10
crear mi página web,Página web,AR,8/1/2023,10
crear mi página web,Página web,AR,9/1/2023,10
crear mi página web,Página web,AR,10/1/2023,10
crear mi página web,Página web,AR,11/1/2023,10
crear mi página web,Página web,AR,12/1/2023,10
crear mi página web,Página web,AR,1/1/2024,10
crear mi página web,Página web,AR,2/1/2024,10
crear mi página web,Página web,AR,3/1/2024,10
crear mi página web,Página web,AR,4/1/2024,10
crear mi página web,Página web,AR,5/1/2024,20
crear mi página web,Página web,AR,6/1/2024,10
crear mi página web,Página web,AR,7/1/2024,10
crear mi página web,Página web,AR,8/1/2024,10
crear mi página web,Página web,AR,9/1/2024,10
crear mi página web,Página web,AR,10/1/2024,10
crear mi página web,Página web,AR,11/1/2024,10
crear mi página web,Página web,AR,12/1/2024,10
crear mi página web,Página web,AR,1/1/2025,20
crear mi página web,Página web,AR,2/1/2025,10
crear mi página web,Página web,AR,3/1/2025,10
crear mi página web,Página web,AR,4/1/2025,10
crear mi página web,Página web,AR,5/1/2025,10
crear mi página web,Página web,AR,6/1/2025,10
crear mi página web,Página web,AR,7/1/2025,10
crear mi página web,Página web,AR,8/1/2025,10
crear mi página web,Página web,AR,9/1/2025,10
crear mi página web,Página web,AR,10/1/2025,10
crear pagina de facebook,Canales,AR,8/1/2021,880
crear pagina de facebook,Canales,AR,9/1/2021,720
crear pagina de facebook,Canales,AR,10/1/2021,590
crear pagina de facebook,Canales,AR,11/1/2021,590
crear pagina de facebook,Canales,AR,12/1/2021,480
crear pagina de facebook,Canales,AR,1/1/2022,480
crear pagina de facebook,Canales,AR,2/1/2022,590
crear pagina de facebook,Canales,AR,3/1/2022,720
crear pagina de facebook,Canales,AR,4/1/2022,590
crear pagina de facebook,Canales,AR,5/1/2022,590
crear pagina de facebook,Canales,AR,6/1/2022,590
crear pagina de facebook,Canales,AR,7/1/2022,480
crear pagina de facebook,Canales,AR,8/1/2022,590
crear pagina de facebook,Canales,AR,9/1/2022,720
crear pagina de facebook,Canales,AR,10/1/2022,590
crear pagina de facebook,Canales,AR,11/1/2022,590
crear pagina de facebook,Canales,AR,12/1/2022,320
crear pagina de facebook,Canales,AR,1/1/2023,590
crear pagina de facebook,Canales,AR,2/1/2023,590
crear pagina de facebook,Canales,AR,3/1/2023,720
crear pagina de facebook,Canales,AR,4/1/2023,590
crear pagina de facebook,Canales,AR,5/1/2023,720
crear pagina de facebook,Canales,AR,6/1/2023,720
crear pagina de facebook,Canales,AR,7/1/2023,720
crear pagina de facebook,Canales,AR,8/1/2023,720
crear pagina de facebook,Canales,AR,9/1/2023,720
crear pagina de facebook,Canales,AR,10/1/2023,720
crear pagina de facebook,Canales,AR,11/1/2023,720
crear pagina de facebook,Canales,AR,12/1/2023,720
crear pagina de facebook,Canales,AR,1/1/2024,880
crear pagina de facebook,Canales,AR,2/1/2024,720
crear pagina de facebook,Canales,AR,3/1/2024,880
crear pagina de facebook,Canales,AR,4/1/2024,880
crear pagina de facebook,Canales,AR,5/1/2024,880
crear pagina de facebook,Canales,AR,6/1/2024,720
crear pagina de facebook,Canales,AR,7/1/2024,720
crear pagina de facebook,Canales,AR,8/1/2024,880
crear pagina de facebook,Canales,AR,9/1/2024,880
crear pagina de facebook,Canales,AR,10/1/2024,880
crear pagina de facebook,Canales,AR,11/1/2024,880
crear pagina de facebook,Canales,AR,12/1/2024,720
crear pagina de facebook,Canales,AR,1/1/2025,880
crear pagina de facebook,Canales,AR,2/1/2025,880
crear pagina de facebook,Canales,AR,3/1/2025,1000
crear pagina de facebook,Canales,AR,4/1/2025,1000
crear pagina de facebook,Canales,AR,5/1/2025,880
crear pagina de facebook,Canales,AR,6/1/2025,880
crear pagina de facebook,Canales,AR,7/1/2025,880
crear pagina de facebook,Canales,AR,8/1/2025,880
crear pagina de facebook,Canales,AR,9/1/2025,720
crear pagina de facebook,Canales,AR,10/1/2025,720
crear pagina web,Página web,AR,8/1/2021,2900
crear pagina web,Página web,AR,9/1/2021,2900
crear pagina web,Página web,AR,10/1/2021,2400
crear pagina web,Página web,AR,11/1/2021,2400
crear pagina web,Página web,AR,12/1/2021,1900
crear pagina web,Página web,AR,1/1/2022,2400
crear pagina web,Página web,AR,2/1/2022,2400
crear pagina web,Página web,AR,3/1/2022,2400
crear pagina web,Página web,AR,4/1/2022,2400
crear pagina web,Página web,AR,5/1/2022,2400
crear pagina web,Página web,AR,6/1/2022,2400
crear pagina web,Página web,AR,7/1/2022,2400
crear pagina web,Página web,AR,8/1/2022,2900
crear pagina web,Página web,AR,9/1/2022,2400
crear pagina web,Página web,AR,10/1/2022,2900
crear pagina web,Página web,AR,11/1/2022,2400
crear pagina web,Página web,AR,12/1/2022,1900
crear pagina web,Página web,AR,1/1/2023,2900
crear pagina web,Página web,AR,2/1/2023,2400
crear pagina web,Página web,AR,3/1/2023,2900
crear pagina web,Página web,AR,4/1/2023,2900
crear pagina web,Página web,AR,5/1/2023,2900
crear pagina web,Página web,AR,6/1/2023,2900
crear pagina web,Página web,AR,7/1/2023,2900
crear pagina web,Página web,AR,8/1/2023,2900
crear pagina web,Página web,AR,9/1/2023,2900
crear pagina web,Página web,AR,10/1/2023,2900
crear pagina web,Página web,AR,11/1/2023,2900
crear pagina web,Página web,AR,12/1/2023,1900
crear pagina web,Página web,AR,1/1/2024,2400
crear pagina web,Página web,AR,2/1/2024,2400
crear pagina web,Página web,AR,3/1/2024,2400
crear pagina web,Página web,AR,4/1/2024,2900
crear pagina web,Página web,AR,5/1/2024,2900
crear pagina web,Página web,AR,6/1/2024,2400
crear pagina web,Página web,AR,7/1/2024,2400
crear pagina web,Página web,AR,8/1/2024,2400
crear pagina web,Página web,AR,9/1/2024,2400
crear pagina web,Página web,AR,10/1/2024,2400
crear pagina web,Página web,AR,11/1/2024,2400
crear pagina web,Página web,AR,12/1/2024,1600
crear pagina web,Página web,AR,1/1/2025,2400
crear pagina web,Página web,AR,2/1/2025,2400
crear pagina web,Página web,AR,3/1/2025,2400
crear pagina web,Página web,AR,4/1/2025,2400
crear pagina web,Página web,AR,5/1/2025,2400
crear pagina web,Página web,AR,6/1/2025,1900
crear pagina web,Página web,AR,7/1/2025,1900
crear pagina web,Página web,AR,8/1/2025,2400
crear pagina web,Página web,AR,9/1/2025,2400
crear pagina web,Página web,AR,10/1/2025,1900
crear tienda instagram,Canales,AR,8/1/2021,30
crear tienda instagram,Canales,AR,9/1/2021,40
crear tienda instagram,Canales,AR,10/1/2021,30
crear tienda instagram,Canales,AR,11/1/2021,30
crear tienda instagram,Canales,AR,12/1/2021,20
crear tienda instagram,Canales,AR,1/1/2022,30
crear tienda instagram,Canales,AR,2/1/2022,30
crear tienda instagram,Canales,AR,3/1/2022,30
crear tienda instagram,Canales,AR,4/1/2022,30
crear tienda instagram,Canales,AR,5/1/2022,30
crear tienda instagram,Canales,AR,6/1/2022,30
crear tienda instagram,Canales,AR,7/1/2022,20
crear tienda instagram,Canales,AR,8/1/2022,20
crear tienda instagram,Canales,AR,9/1/2022,20
crear tienda instagram,Canales,AR,10/1/2022,30
crear tienda instagram,Canales,AR,11/1/2022,30
crear tienda instagram,Canales,AR,12/1/2022,20
crear tienda instagram,Canales,AR,1/1/2023,40
crear tienda instagram,Canales,AR,2/1/2023,30
crear tienda instagram,Canales,AR,3/1/2023,20
crear tienda instagram,Canales,AR,4/1/2023,20
crear tienda instagram,Canales,AR,5/1/2023,20
crear tienda instagram,Canales,AR,6/1/2023,20
crear tienda instagram,Canales,AR,7/1/2023,20
crear tienda instagram,Canales,AR,8/1/2023,20
crear tienda instagram,Canales,AR,9/1/2023,10
crear tienda instagram,Canales,AR,10/1/2023,10
crear tienda instagram,Canales,AR,11/1/2023,10
crear tienda instagram,Canales,AR,12/1/2023,10
crear tienda instagram,Canales,AR,1/1/2024,10
crear tienda instagram,Canales,AR,2/1/2024,10
crear tienda instagram,Canales,AR,3/1/2024,10
crear tienda instagram,Canales,AR,4/1/2024,10
crear tienda instagram,Canales,AR,5/1/2024,10
crear tienda instagram,Canales,AR,6/1/2024,10
crear tienda instagram,Canales,AR,7/1/2024,10
crear tienda instagram,Canales,AR,8/1/2024,10
crear tienda instagram,Canales,AR,9/1/2024,10
crear tienda instagram,Canales,AR,10/1/2024,10
crear tienda instagram,Canales,AR,11/1/2024,10
crear tienda instagram,Canales,AR,12/1/2024,10
crear tienda instagram,Canales,AR,1/1/2025,10
crear tienda instagram,Canales,AR,2/1/2025,10
crear tienda instagram,Canales,AR,3/1/2025,10
crear tienda instagram,Canales,AR,4/1/2025,10
crear tienda instagram,Canales,AR,5/1/2025,10
crear tienda instagram,Canales,AR,6/1/2025,10
crear tienda instagram,Canales,AR,7/1/2025,10
crear tienda instagram,Canales,AR,8/1/2025,10
crear tienda instagram,Canales,AR,9/1/2025,10
crear tienda instagram,Canales,AR,10/1/2025,10
crear tienda online,Tienda,AR,8/1/2021,590
crear tienda online,Tienda,AR,9/1/2021,480
crear tienda online,Tienda,AR,10/1/2021,390
crear tienda online,Tienda,AR,11/1/2021,390
crear tienda online,Tienda,AR,12/1/2021,480
crear tienda online,Tienda,AR,1/1/2022,880
crear tienda online,Tienda,AR,2/1/2022,480
crear tienda online,Tienda,AR,3/1/2022,480
crear tienda online,Tienda,AR,4/1/2022,720
crear tienda online,Tienda,AR,5/1/2022,720
crear tienda online,Tienda,AR,6/1/2022,590
crear tienda online,Tienda,AR,7/1/2022,480
crear tienda online,Tienda,AR,8/1/2022,480
crear tienda online,Tienda,AR,9/1/2022,590
crear tienda online,Tienda,AR,10/1/2022,480
crear tienda online,Tienda,AR,11/1/2022,390
crear tienda online,Tienda,AR,12/1/2022,390
crear tienda online,Tienda,AR,1/1/2023,590
crear tienda online,Tienda,AR,2/1/2023,590
crear tienda online,Tienda,AR,3/1/2023,720
crear tienda online,Tienda,AR,4/1/2023,720
crear tienda online,Tienda,AR,5/1/2023,590
crear tienda online,Tienda,AR,6/1/2023,590
crear tienda online,Tienda,AR,7/1/2023,720
crear tienda online,Tienda,AR,8/1/2023,590
crear tienda online,Tienda,AR,9/1/2023,590
crear tienda online,Tienda,AR,10/1/2023,480
crear tienda online,Tienda,AR,11/1/2023,720
crear tienda online,Tienda,AR,12/1/2023,320
crear tienda online,Tienda,AR,1/1/2024,480
crear tienda online,Tienda,AR,2/1/2024,390
crear tienda online,Tienda,AR,3/1/2024,390
crear tienda online,Tienda,AR,4/1/2024,590
crear tienda online,Tienda,AR,5/1/2024,480
crear tienda online,Tienda,AR,6/1/2024,390
crear tienda online,Tienda,AR,7/1/2024,480
crear tienda online,Tienda,AR,8/1/2024,480
crear tienda online,Tienda,AR,9/1/2024,390
crear tienda online,Tienda,AR,10/1/2024,480
crear tienda online,Tienda,AR,11/1/2024,480
crear tienda online,Tienda,AR,12/1/2024,390
crear tienda online,Tienda,AR,1/1/2025,480
crear tienda online,Tienda,AR,2/1/2025,480
crear tienda online,Tienda,AR,3/1/2025,590
crear tienda online,Tienda,AR,4/1/2025,480
crear tienda online,Tienda,AR,5/1/2025,590
crear tienda online,Tienda,AR,6/1/2025,390
crear tienda online,Tienda,AR,7/1/2025,480
crear tienda online,Tienda,AR,8/1/2025,390
crear tienda online,Tienda,AR,9/1/2025,390
crear tienda online,Tienda,AR,10/1/2025,320
ebay,Marketplace,AR,8/1/2021,165000
ebay,Marketplace,AR,9/1/2021,165000
ebay,Marketplace,AR,10/1/2021,135000
ebay,Marketplace,AR,11/1/2021,135000
ebay,Marketplace,AR,12/1/2021,110000
ebay,Marketplace,AR,1/1/2022,135000
ebay,Marketplace,AR,2/1/2022,135000
ebay,Marketplace,AR,3/1/2022,135000
ebay,Marketplace,AR,4/1/2022,135000
ebay,Marketplace,AR,5/1/2022,165000
ebay,Marketplace,AR,6/1/2022,135000
ebay,Marketplace,AR,7/1/2022,135000
ebay,Marketplace,AR,8/1/2022,135000
ebay,Marketplace,AR,9/1/2022,135000
ebay,Marketplace,AR,10/1/2022,135000
ebay,Marketplace,AR,11/1/2022,110000
ebay,Marketplace,AR,12/1/2022,90500
ebay,Marketplace,AR,1/1/2023,135000
ebay,Marketplace,AR,2/1/2023,110000
ebay,Marketplace,AR,3/1/2023,135000
ebay,Marketplace,AR,4/1/2023,135000
ebay,Marketplace,AR,5/1/2023,135000
ebay,Marketplace,AR,6/1/2023,135000
ebay,Marketplace,AR,7/1/2023,135000
ebay,Marketplace,AR,8/1/2023,135000
ebay,Marketplace,AR,9/1/2023,135000
ebay,Marketplace,AR,10/1/2023,110000
ebay,Marketplace,AR,11/1/2023,135000
ebay,Marketplace,AR,12/1/2023,135000
ebay,Marketplace,AR,1/1/2024,165000
ebay,Marketplace,AR,2/1/2024,135000
ebay,Marketplace,AR,3/1/2024,165000
ebay,Marketplace,AR,4/1/2024,165000
ebay,Marketplace,AR,5/1/2024,165000
ebay,Marketplace,AR,6/1/2024,135000
ebay,Marketplace,AR,7/1/2024,135000
ebay,Marketplace,AR,8/1/2024,165000
ebay,Marketplace,AR,9/1/2024,135000
ebay,Marketplace,AR,10/1/2024,135000
ebay,Marketplace,AR,11/1/2024,201000
ebay,Marketplace,AR,12/1/2024,201000
ebay,Marketplace,AR,1/1/2025,201000
ebay,Marketplace,AR,2/1/2025,165000
ebay,Marketplace,AR,3/1/2025,165000
ebay,Marketplace,AR,4/1/2025,165000
ebay,Marketplace,AR,5/1/2025,201000
ebay,Marketplace,AR,6/1/2025,165000
ebay,Marketplace,AR,7/1/2025,165000
ebay,Marketplace,AR,8/1/2025,165000
ebay,Marketplace,AR,9/1/2025,135000
ebay,Marketplace,AR,10/1/2025,135000
ecommerce,Ecommerce,AR,8/1/2021,22200
ecommerce,Ecommerce,AR,9/1/2021,22200
ecommerce,Ecommerce,AR,10/1/2021,18100
ecommerce,Ecommerce,AR,11/1/2021,22200
ecommerce,Ecommerce,AR,12/1/2021,22200
ecommerce,Ecommerce,AR,1/1/2022,18100
ecommerce,Ecommerce,AR,2/1/2022,18100
ecommerce,Ecommerce,AR,3/1/2022,22200
ecommerce,Ecommerce,AR,4/1/2022,22200
ecommerce,Ecommerce,AR,5/1/2022,22200
ecommerce,Ecommerce,AR,6/1/2022,22200
ecommerce,Ecommerce,AR,7/1/2022,22200
ecommerce,Ecommerce,AR,8/1/2022,22200
ecommerce,Ecommerce,AR,9/1/2022,22200
ecommerce,Ecommerce,AR,10/1/2022,22200
ecommerce,Ecommerce,AR,11/1/2022,22200
ecommerce,Ecommerce,AR,12/1/2022,18100
ecommerce,Ecommerce,AR,1/1/2023,22200
ecommerce,Ecommerce,AR,2/1/2023,22200
ecommerce,Ecommerce,AR,3/1/2023,27100
ecommerce,Ecommerce,AR,4/1/2023,27100
ecommerce,Ecommerce,AR,5/1/2023,27100
ecommerce,Ecommerce,AR,6/1/2023,27100
ecommerce,Ecommerce,AR,7/1/2023,27100
ecommerce,Ecommerce,AR,8/1/2023,27100
ecommerce,Ecommerce,AR,9/1/2023,27100
ecommerce,Ecommerce,AR,10/1/2023,33100
ecommerce,Ecommerce,AR,11/1/2023,27100
ecommerce,Ecommerce,AR,12/1/2023,22200
ecommerce,Ecommerce,AR,1/1/2024,27100
ecommerce,Ecommerce,AR,2/1/2024,27100
ecommerce,Ecommerce,AR,3/1/2024,27100
ecommerce,Ecommerce,AR,4/1/2024,27100
ecommerce,Ecommerce,AR,5/1/2024,27100
ecommerce,Ecommerce,AR,6/1/2024,22200
ecommerce,Ecommerce,AR,7/1/2024,27100
ecommerce,Ecommerce,AR,8/1/2024,27100
ecommerce,Ecommerce,AR,9/1/2024,27100
ecommerce,Ecommerce,AR,10/1/2024,27100
ecommerce,Ecommerce,AR,11/1/2024,22200
ecommerce,Ecommerce,AR,12/1/2024,22200
ecommerce,Ecommerce,AR,1/1/2025,27100
ecommerce,Ecommerce,AR,2/1/2025,27100
ecommerce,Ecommerce,AR,3/1/2025,27100
ecommerce,Ecommerce,AR,4/1/2025,27100
ecommerce,Ecommerce,AR,5/1/2025,27100
ecommerce,Ecommerce,AR,6/1/2025,22200
ecommerce,Ecommerce,AR,7/1/2025,33100
ecommerce,Ecommerce,AR,8/1/2025,27100
ecommerce,Ecommerce,AR,9/1/2025,27100
ecommerce,Ecommerce,AR,10/1/2025,33100
empretienda,Branded,AR,8/1/2021,74000
empretienda,Branded,AR,9/1/2021,74000
empretienda,Branded,AR,10/1/2021,60500
empretienda,Branded,AR,11/1/2021,74000
empretienda,Branded,AR,12/1/2021,60500
empretienda,Branded,AR,1/1/2022,60500
empretienda,Branded,AR,2/1/2022,60500
empretienda,Branded,AR,3/1/2022,74000
empretienda,Branded,AR,4/1/2022,74000
empretienda,Branded,AR,5/1/2022,90500
empretienda,Branded,AR,6/1/2022,74000
empretienda,Branded,AR,7/1/2022,90500
empretienda,Branded,AR,8/1/2022,90500
empretienda,Branded,AR,9/1/2022,90500
empretienda,Branded,AR,10/1/2022,90500
empretienda,Branded,AR,11/1/2022,90500
empretienda,Branded,AR,12/1/2022,74000
empretienda,Branded,AR,1/1/2023,74000
empretienda,Branded,AR,2/1/2023,74000
empretienda,Branded,AR,3/1/2023,110000
empretienda,Branded,AR,4/1/2023,110000
empretienda,Branded,AR,5/1/2023,110000
empretienda,Branded,AR,6/1/2023,110000
empretienda,Branded,AR,7/1/2023,110000
empretienda,Branded,AR,8/1/2023,110000
empretienda,Branded,AR,9/1/2023,110000
empretienda,Branded,AR,10/1/2023,90500
empretienda,Branded,AR,11/1/2023,90500
empretienda,Branded,AR,12/1/2023,74000
empretienda,Branded,AR,1/1/2024,74000
empretienda,Branded,AR,2/1/2024,74000
empretienda,Branded,AR,3/1/2024,90500
empretienda,Branded,AR,4/1/2024,90500
empretienda,Branded,AR,5/1/2024,90500
empretienda,Branded,AR,6/1/2024,74000
empretienda,Branded,AR,7/1/2024,90500
empretienda,Branded,AR,8/1/2024,90500
empretienda,Branded,AR,9/1/2024,90500
empretienda,Branded,AR,10/1/2024,90500
empretienda,Branded,AR,11/1/2024,90500
empretienda,Branded,AR,12/1/2024,74000
empretienda,Branded,AR,1/1/2025,74000
empretienda,Branded,AR,2/1/2025,90500
empretienda,Branded,AR,3/1/2025,110000
empretienda,Branded,AR,4/1/2025,110000
empretienda,Branded,AR,5/1/2025,110000
empretienda,Branded,AR,6/1/2025,90500
empretienda,Branded,AR,7/1/2025,90500
empretienda,Branded,AR,8/1/2025,90500
empretienda,Branded,AR,9/1/2025,90500
empretienda,Branded,AR,10/1/2025,90500
facebook marketplace,Marketplace,AR,8/1/2021,74000
facebook marketplace,Marketplace,AR,9/1/2021,74000
facebook marketplace,Marketplace,AR,10/1/2021,60500
facebook marketplace,Marketplace,AR,11/1/2021,49500
facebook marketplace,Marketplace,AR,12/1/2021,49500
facebook marketplace,Marketplace,AR,1/1/2022,49500
facebook marketplace,Marketplace,AR,2/1/2022,49500
facebook marketplace,Marketplace,AR,3/1/2022,49500
facebook marketplace,Marketplace,AR,4/1/2022,49500
facebook marketplace,Marketplace,AR,5/1/2022,49500
facebook marketplace,Marketplace,AR,6/1/2022,49500
facebook marketplace,Marketplace,AR,7/1/2022,49500
facebook marketplace,Marketplace,AR,8/1/2022,49500
facebook marketplace,Marketplace,AR,9/1/2022,49500
facebook marketplace,Marketplace,AR,10/1/2022,49500
facebook marketplace,Marketplace,AR,11/1/2022,49500
facebook marketplace,Marketplace,AR,12/1/2022,49500
facebook marketplace,Marketplace,AR,1/1/2023,60500
facebook marketplace,Marketplace,AR,2/1/2023,60500
facebook marketplace,Marketplace,AR,3/1/2023,60500
facebook marketplace,Marketplace,AR,4/1/2023,60500
facebook marketplace,Marketplace,AR,5/1/2023,60500
facebook marketplace,Marketplace,AR,6/1/2023,60500
facebook marketplace,Marketplace,AR,7/1/2023,60500
facebook marketplace,Marketplace,AR,8/1/2023,74000
facebook marketplace,Marketplace,AR,9/1/2023,74000
facebook marketplace,Marketplace,AR,10/1/2023,74000
facebook marketplace,Marketplace,AR,11/1/2023,60500
facebook marketplace,Marketplace,AR,12/1/2023,74000
facebook marketplace,Marketplace,AR,1/1/2024,90500
facebook marketplace,Marketplace,AR,2/1/2024,90500
facebook marketplace,Marketplace,AR,3/1/2024,90500
facebook marketplace,Marketplace,AR,4/1/2024,74000
facebook marketplace,Marketplace,AR,5/1/2024,74000
facebook marketplace,Marketplace,AR,6/1/2024,60500
facebook marketplace,Marketplace,AR,7/1/2024,60500
facebook marketplace,Marketplace,AR,8/1/2024,74000
facebook marketplace,Marketplace,AR,9/1/2024,60500
facebook marketplace,Marketplace,AR,10/1/2024,60500
facebook marketplace,Marketplace,AR,11/1/2024,60500
facebook marketplace,Marketplace,AR,12/1/2024,60500
facebook marketplace,Marketplace,AR,1/1/2025,60500
facebook marketplace,Marketplace,AR,2/1/2025,60500
facebook marketplace,Marketplace,AR,3/1/2025,60500
facebook marketplace,Marketplace,AR,4/1/2025,60500
facebook marketplace,Marketplace,AR,5/1/2025,60500
facebook marketplace,Marketplace,AR,6/1/2025,60500
facebook marketplace,Marketplace,AR,7/1/2025,60500
facebook marketplace,Marketplace,AR,8/1/2025,60500
facebook marketplace,Marketplace,AR,9/1/2025,60500
facebook marketplace,Marketplace,AR,10/1/2025,60500
frávega,Marketplace,AR,8/1/2021,90500
frávega,Marketplace,AR,9/1/2021,74000
frávega,Marketplace,AR,10/1/2021,74000
frávega,Marketplace,AR,11/1/2021,90500
frávega,Marketplace,AR,12/1/2021,90500
frávega,Marketplace,AR,1/1/2022,110000
frávega,Marketplace,AR,2/1/2022,90500
frávega,Marketplace,AR,3/1/2022,110000
frávega,Marketplace,AR,4/1/2022,90500
frávega,Marketplace,AR,5/1/2022,110000
frávega,Marketplace,AR,6/1/2022,110000
frávega,Marketplace,AR,7/1/2022,90500
frávega,Marketplace,AR,8/1/2022,90500
frávega,Marketplace,AR,9/1/2022,90500
frávega,Marketplace,AR,10/1/2022,135000
frávega,Marketplace,AR,11/1/2022,135000
frávega,Marketplace,AR,12/1/2022,110000
frávega,Marketplace,AR,1/1/2023,110000
frávega,Marketplace,AR,2/1/2023,90500
frávega,Marketplace,AR,3/1/2023,135000
frávega,Marketplace,AR,4/1/2023,110000
frávega,Marketplace,AR,5/1/2023,165000
frávega,Marketplace,AR,6/1/2023,135000
frávega,Marketplace,AR,7/1/2023,135000
frávega,Marketplace,AR,8/1/2023,110000
frávega,Marketplace,AR,9/1/2023,110000
frávega,Marketplace,AR,10/1/2023,165000
frávega,Marketplace,AR,11/1/2023,201000
frávega,Marketplace,AR,12/1/2023,165000
frávega,Marketplace,AR,1/1/2024,135000
frávega,Marketplace,AR,2/1/2024,135000
frávega,Marketplace,AR,3/1/2024,135000
frávega,Marketplace,AR,4/1/2024,110000
frávega,Marketplace,AR,5/1/2024,165000
frávega,Marketplace,AR,6/1/2024,135000
frávega,Marketplace,AR,7/1/2024,135000
frávega,Marketplace,AR,8/1/2024,165000
frávega,Marketplace,AR,9/1/2024,135000
frávega,Marketplace,AR,10/1/2024,165000
frávega,Marketplace,AR,11/1/2024,201000
frávega,Marketplace,AR,12/1/2024,201000
frávega,Marketplace,AR,1/1/2025,201000
frávega,Marketplace,AR,2/1/2025,165000
frávega,Marketplace,AR,3/1/2025,201000
frávega,Marketplace,AR,4/1/2025,165000
frávega,Marketplace,AR,5/1/2025,246000
frávega,Marketplace,AR,6/1/2025,201000
frávega,Marketplace,AR,7/1/2025,201000
frávega,Marketplace,AR,8/1/2025,201000
frávega,Marketplace,AR,9/1/2025,165000
frávega,Marketplace,AR,10/1/2025,165000
hacer una pagina de ventas,Página web,AR,8/1/2021,10
hacer una pagina de ventas,Página web,AR,9/1/2021,10
hacer una pagina de ventas,Página web,AR,10/1/2021,10
hacer una pagina de ventas,Página web,AR,11/1/2021,10
hacer una pagina de ventas,Página web,AR,12/1/2021,10
hacer una pagina de ventas,Página web,AR,1/1/2022,10
hacer una pagina de ventas,Página web,AR,2/1/2022,10
hacer una pagina de ventas,Página web,AR,3/1/2022,0
hacer una pagina de ventas,Página web,AR,4/1/2022,10
hacer una pagina de ventas,Página web,AR,5/1/2022,10
hacer una pagina de ventas,Página web,AR,6/1/2022,10
hacer una pagina de ventas,Página web,AR,7/1/2022,10
hacer una pagina de ventas,Página web,AR,8/1/2022,10
hacer una pagina de ventas,Página web,AR,9/1/2022,10
hacer una pagina de ventas,Página web,AR,10/1/2022,10
hacer una pagina de ventas,Página web,AR,11/1/2022,0
hacer una pagina de ventas,Página web,AR,12/1/2022,10
hacer una pagina de ventas,Página web,AR,1/1/2023,10
hacer una pagina de ventas,Página web,AR,2/1/2023,10
hacer una pagina de ventas,Página web,AR,3/1/2023,10
hacer una pagina de ventas,Página web,AR,4/1/2023,10
hacer una pagina de ventas,Página web,AR,5/1/2023,10
hacer una pagina de ventas,Página web,AR,6/1/2023,10
hacer una pagina de ventas,Página web,AR,7/1/2023,10
hacer una pagina de ventas,Página web,AR,8/1/2023,10
hacer una pagina de ventas,Página web,AR,9/1/2023,10
hacer una pagina de ventas,Página web,AR,10/1/2023,10
hacer una pagina de ventas,Página web,AR,11/1/2023,10
hacer una pagina de ventas,Página web,AR,12/1/2023,10
hacer una pagina de ventas,Página web,AR,1/1/2024,10
hacer una pagina de ventas,Página web,AR,2/1/2024,10
hacer una pagina de ventas,Página web,AR,3/1/2024,10
hacer una pagina de ventas,Página web,AR,4/1/2024,10
hacer una pagina de ventas,Página web,AR,5/1/2024,10
hacer una pagina de ventas,Página web,AR,6/1/2024,10
hacer una pagina de ventas,Página web,AR,7/1/2024,10
hacer una pagina de ventas,Página web,AR,8/1/2024,10
hacer una pagina de ventas,Página web,AR,9/1/2024,10
hacer una pagina de ventas,Página web,AR,10/1/2024,10
hacer una pagina de ventas,Página web,AR,11/1/2024,10
hacer una pagina de ventas,Página web,AR,12/1/2024,10
hacer una pagina de ventas,Página web,AR,1/1/2025,10
hacer una pagina de ventas,Página web,AR,2/1/2025,10
hacer una pagina de ventas,Página web,AR,3/1/2025,10
hacer una pagina de ventas,Página web,AR,4/1/2025,10
hacer una pagina de ventas,Página web,AR,5/1/2025,10
hacer una pagina de ventas,Página web,AR,6/1/2025,10
hacer una pagina de ventas,Página web,AR,7/1/2025,10
hacer una pagina de ventas,Página web,AR,8/1/2025,10
hacer una pagina de ventas,Página web,AR,9/1/2025,10
hacer una pagina de ventas,Página web,AR,10/1/2025,10
magento,Branded,AR,8/1/2021,2400
magento,Branded,AR,9/1/2021,2400
magento,Branded,AR,10/1/2021,1900
magento,Branded,AR,11/1/2021,1900
magento,Branded,AR,12/1/2021,1600
magento,Branded,AR,1/1/2022,1900
magento,Branded,AR,2/1/2022,1900
magento,Branded,AR,3/1/2022,1900
magento,Branded,AR,4/1/2022,1900
magento,Branded,AR,5/1/2022,1900
magento,Branded,AR,6/1/2022,1900
magento,Branded,AR,7/1/2022,1900
magento,Branded,AR,8/1/2022,2400
magento,Branded,AR,9/1/2022,1900
magento,Branded,AR,10/1/2022,1600
magento,Branded,AR,11/1/2022,1600
magento,Branded,AR,12/1/2022,1300
magento,Branded,AR,1/1/2023,1600
magento,Branded,AR,2/1/2023,1300
magento,Branded,AR,3/1/2023,1600
magento,Branded,AR,4/1/2023,1900
magento,Branded,AR,5/1/2023,1900
magento,Branded,AR,6/1/2023,1600
magento,Branded,AR,7/1/2023,1600
magento,Branded,AR,8/1/2023,1600
magento,Branded,AR,9/1/2023,1600
magento,Branded,AR,10/1/2023,1600
magento,Branded,AR,11/1/2023,1600
magento,Branded,AR,12/1/2023,1300
magento,Branded,AR,1/1/2024,1600
magento,Branded,AR,2/1/2024,1600
magento,Branded,AR,3/1/2024,1600
magento,Branded,AR,4/1/2024,1600
magento,Branded,AR,5/1/2024,1600
magento,Branded,AR,6/1/2024,1300
magento,Branded,AR,7/1/2024,1300
magento,Branded,AR,8/1/2024,1600
magento,Branded,AR,9/1/2024,1300
magento,Branded,AR,10/1/2024,1300
magento,Branded,AR,11/1/2024,1300
magento,Branded,AR,12/1/2024,880
magento,Branded,AR,1/1/2025,1300
magento,Branded,AR,2/1/2025,1300
magento,Branded,AR,3/1/2025,1000
magento,Branded,AR,4/1/2025,1000
magento,Branded,AR,5/1/2025,1300
magento,Branded,AR,6/1/2025,880
magento,Branded,AR,7/1/2025,1000
magento,Branded,AR,8/1/2025,1000
magento,Branded,AR,9/1/2025,880
magento,Branded,AR,10/1/2025,880
mercado libre,Marketplace,AR,8/1/2021,16600000
mercado libre,Marketplace,AR,9/1/2021,16600000
mercado libre,Marketplace,AR,10/1/2021,13600000
mercado libre,Marketplace,AR,11/1/2021,16600000
mercado libre,Marketplace,AR,12/1/2021,16600000
mercado libre,Marketplace,AR,1/1/2022,16600000
mercado libre,Marketplace,AR,2/1/2022,13600000
mercado libre,Marketplace,AR,3/1/2022,16600000
mercado libre,Marketplace,AR,4/1/2022,13600000
mercado libre,Marketplace,AR,5/1/2022,13600000
mercado libre,Marketplace,AR,6/1/2022,16600000
mercado libre,Marketplace,AR,7/1/2022,13600000
mercado libre,Marketplace,AR,8/1/2022,13600000
mercado libre,Marketplace,AR,9/1/2022,13600000
mercado libre,Marketplace,AR,10/1/2022,13600000
mercado libre,Marketplace,AR,11/1/2022,13600000
mercado libre,Marketplace,AR,12/1/2022,11100000
mercado libre,Marketplace,AR,1/1/2023,13600000
mercado libre,Marketplace,AR,2/1/2023,11100000
mercado libre,Marketplace,AR,3/1/2023,13600000
mercado libre,Marketplace,AR,4/1/2023,11100000
mercado libre,Marketplace,AR,5/1/2023,13600000
mercado libre,Marketplace,AR,6/1/2023,13600000
mercado libre,Marketplace,AR,7/1/2023,13600000
mercado libre,Marketplace,AR,8/1/2023,13600000
mercado libre,Marketplace,AR,9/1/2023,13600000
mercado libre,Marketplace,AR,10/1/2023,13600000
mercado libre,Marketplace,AR,11/1/2023,13600000
mercado libre,Marketplace,AR,12/1/2023,13600000
mercado libre,Marketplace,AR,1/1/2024,13600000
mercado libre,Marketplace,AR,2/1/2024,11100000
mercado libre,Marketplace,AR,3/1/2024,13600000
mercado libre,Marketplace,AR,4/1/2024,13600000
mercado libre,Marketplace,AR,5/1/2024,13600000
mercado libre,Marketplace,AR,6/1/2024,11100000
mercado libre,Marketplace,AR,7/1/2024,13600000
mercado libre,Marketplace,AR,8/1/2024,13600000
mercado libre,Marketplace,AR,9/1/2024,11100000
mercado libre,Marketplace,AR,10/1/2024,13600000
mercado libre,Marketplace,AR,11/1/2024,13600000
mercado libre,Marketplace,AR,12/1/2024,13600000
mercado libre,Marketplace,AR,1/1/2025,13600000
mercado libre,Marketplace,AR,2/1/2025,11100000
mercado libre,Marketplace,AR,3/1/2025,13600000
mercado libre,Marketplace,AR,4/1/2025,11100000
mercado libre,Marketplace,AR,5/1/2025,13600000
mercado libre,Marketplace,AR,6/1/2025,11100000
mercado libre,Marketplace,AR,7/1/2025,11100000
mercado libre,Marketplace,AR,8/1/2025,11100000
mercado libre,Marketplace,AR,9/1/2025,11100000
mercado libre,Marketplace,AR,10/1/2025,11100000
mercado shops,Branded,AR,8/1/2021,2400
mercado shops,Branded,AR,9/1/2021,3600
mercado shops,Branded,AR,10/1/2021,4400
mercado shops,Branded,AR,11/1/2021,5400
mercado shops,Branded,AR,12/1/2021,4400
mercado shops,Branded,AR,1/1/2022,4400
mercado shops,Branded,AR,2/1/2022,4400
mercado shops,Branded,AR,3/1/2022,5400
mercado shops,Branded,AR,4/1/2022,5400
mercado shops,Branded,AR,5/1/2022,6600
mercado shops,Branded,AR,6/1/2022,5400
mercado shops,Branded,AR,7/1/2022,4400
mercado shops,Branded,AR,8/1/2022,5400
mercado shops,Branded,AR,9/1/2022,4400
mercado shops,Branded,AR,10/1/2022,5400
mercado shops,Branded,AR,11/1/2022,6600
mercado shops,Branded,AR,12/1/2022,3600
mercado shops,Branded,AR,1/1/2023,5400
mercado shops,Branded,AR,2/1/2023,4400
mercado shops,Branded,AR,3/1/2023,5400
mercado shops,Branded,AR,4/1/2023,6600
mercado shops,Branded,AR,5/1/2023,6600
mercado shops,Branded,AR,6/1/2023,5400
mercado shops,Branded,AR,7/1/2023,5400
mercado shops,Branded,AR,8/1/2023,6600
mercado shops,Branded,AR,9/1/2023,5400
mercado shops,Branded,AR,10/1/2023,5400
mercado shops,Branded,AR,11/1/2023,4400
mercado shops,Branded,AR,12/1/2023,4400
mercado shops,Branded,AR,1/1/2024,4400
mercado shops,Branded,AR,2/1/2024,5400
mercado shops,Branded,AR,3/1/2024,5400
mercado shops,Branded,AR,4/1/2024,5400
mercado shops,Branded,AR,5/1/2024,5400
mercado shops,Branded,AR,6/1/2024,4400
mercado shops,Branded,AR,7/1/2024,4400
mercado shops,Branded,AR,8/1/2024,4400
mercado shops,Branded,AR,9/1/2024,4400
mercado shops,Branded,AR,10/1/2024,3600
mercado shops,Branded,AR,11/1/2024,3600
mercado shops,Branded,AR,12/1/2024,2900
mercado shops,Branded,AR,1/1/2025,6600
mercado shops,Branded,AR,2/1/2025,2900
mercado shops,Branded,AR,3/1/2025,2900
mercado shops,Branded,AR,4/1/2025,2400
mercado shops,Branded,AR,5/1/2025,2400
mercado shops,Branded,AR,6/1/2025,1900
mercado shops,Branded,AR,7/1/2025,1900
mercado shops,Branded,AR,8/1/2025,1900
mercado shops,Branded,AR,9/1/2025,1900
mercado shops,Branded,AR,10/1/2025,1900
mi negocio personal,Branded,AR,8/1/2021,1300
mi negocio personal,Branded,AR,9/1/2021,1300
mi negocio personal,Branded,AR,10/1/2021,1000
mi negocio personal,Branded,AR,11/1/2021,720
mi negocio personal,Branded,AR,12/1/2021,390
mi negocio personal,Branded,AR,1/1/2022,390
mi negocio personal,Branded,AR,2/1/2022,390
mi negocio personal,Branded,AR,3/1/2022,390
mi negocio personal,Branded,AR,4/1/2022,320
mi negocio personal,Branded,AR,5/1/2022,260
mi negocio personal,Branded,AR,6/1/2022,320
mi negocio personal,Branded,AR,7/1/2022,210
mi negocio personal,Branded,AR,8/1/2022,210
mi negocio personal,Branded,AR,9/1/2022,170
mi negocio personal,Branded,AR,10/1/2022,170
mi negocio personal,Branded,AR,11/1/2022,140
mi negocio personal,Branded,AR,12/1/2022,110
mi negocio personal,Branded,AR,1/1/2023,170
mi negocio personal,Branded,AR,2/1/2023,170
mi negocio personal,Branded,AR,3/1/2023,170
mi negocio personal,Branded,AR,4/1/2023,170
mi negocio personal,Branded,AR,5/1/2023,210
mi negocio personal,Branded,AR,6/1/2023,170
mi negocio personal,Branded,AR,7/1/2023,170
mi negocio personal,Branded,AR,8/1/2023,260
mi negocio personal,Branded,AR,9/1/2023,320
mi negocio personal,Branded,AR,10/1/2023,210
mi negocio personal,Branded,AR,11/1/2023,170
mi negocio personal,Branded,AR,12/1/2023,170
mi negocio personal,Branded,AR,1/1/2024,260
mi negocio personal,Branded,AR,2/1/2024,210
mi negocio personal,Branded,AR,3/1/2024,260
mi negocio personal,Branded,AR,4/1/2024,210
mi negocio personal,Branded,AR,5/1/2024,210
mi negocio personal,Branded,AR,6/1/2024,210
mi negocio personal,Branded,AR,7/1/2024,170
mi negocio personal,Branded,AR,8/1/2024,210
mi negocio personal,Branded,AR,9/1/2024,210
mi negocio personal,Branded,AR,10/1/2024,170
mi negocio personal,Branded,AR,11/1/2024,170
mi negocio personal,Branded,AR,12/1/2024,140
mi negocio personal,Branded,AR,1/1/2025,140
mi negocio personal,Branded,AR,2/1/2025,170
mi negocio personal,Branded,AR,3/1/2025,210
mi negocio personal,Branded,AR,4/1/2025,110
mi negocio personal,Branded,AR,5/1/2025,70
mi negocio personal,Branded,AR,6/1/2025,20
mi negocio personal,Branded,AR,7/1/2025,20
mi negocio personal,Branded,AR,8/1/2025,30
mi negocio personal,Branded,AR,9/1/2025,20
mi negocio personal,Branded,AR,10/1/2025,20
shein,Marketplace,AR,8/1/2021,49500
shein,Marketplace,AR,9/1/2021,40500
shein,Marketplace,AR,10/1/2021,40500
shein,Marketplace,AR,11/1/2021,40500
shein,Marketplace,AR,12/1/2021,33100
shein,Marketplace,AR,1/1/2022,60500
shein,Marketplace,AR,2/1/2022,49500
shein,Marketplace,AR,3/1/2022,60500
shein,Marketplace,AR,4/1/2022,49500
shein,Marketplace,AR,5/1/2022,60500
shein,Marketplace,AR,6/1/2022,60500
shein,Marketplace,AR,7/1/2022,60500
shein,Marketplace,AR,8/1/2022,74000
shein,Marketplace,AR,9/1/2022,60500
shein,Marketplace,AR,10/1/2022,60500
shein,Marketplace,AR,11/1/2022,60500
shein,Marketplace,AR,12/1/2022,49500
shein,Marketplace,AR,1/1/2023,74000
shein,Marketplace,AR,2/1/2023,60500
shein,Marketplace,AR,3/1/2023,74000
shein,Marketplace,AR,4/1/2023,60500
shein,Marketplace,AR,5/1/2023,74000
shein,Marketplace,AR,6/1/2023,90500
shein,Marketplace,AR,7/1/2023,90500
shein,Marketplace,AR,8/1/2023,90500
shein,Marketplace,AR,9/1/2023,90500
shein,Marketplace,AR,10/1/2023,90500
shein,Marketplace,AR,11/1/2023,110000
shein,Marketplace,AR,12/1/2023,90500
shein,Marketplace,AR,1/1/2024,135000
shein,Marketplace,AR,2/1/2024,135000
shein,Marketplace,AR,3/1/2024,135000
shein,Marketplace,AR,4/1/2024,165000
shein,Marketplace,AR,5/1/2024,165000
shein,Marketplace,AR,6/1/2024,135000
shein,Marketplace,AR,7/1/2024,135000
shein,Marketplace,AR,8/1/2024,135000
shein,Marketplace,AR,9/1/2024,135000
shein,Marketplace,AR,10/1/2024,135000
shein,Marketplace,AR,11/1/2024,201000
shein,Marketplace,AR,12/1/2024,165000
shein,Marketplace,AR,1/1/2025,301000
shein,Marketplace,AR,2/1/2025,246000
shein,Marketplace,AR,3/1/2025,301000
shein,Marketplace,AR,4/1/2025,368000
shein,Marketplace,AR,5/1/2025,673000
shein,Marketplace,AR,6/1/2025,1000000
shein,Marketplace,AR,7/1/2025,1220000
shein,Marketplace,AR,8/1/2025,1000000
shein,Marketplace,AR,9/1/2025,823000
shein,Marketplace,AR,10/1/2025,673000
temu,Marketplace,AR,8/1/2021,50
temu,Marketplace,AR,9/1/2021,70
temu,Marketplace,AR,10/1/2021,50
temu,Marketplace,AR,11/1/2021,50
temu,Marketplace,AR,12/1/2021,40
temu,Marketplace,AR,1/1/2022,50
temu,Marketplace,AR,2/1/2022,50
temu,Marketplace,AR,3/1/2022,70
temu,Marketplace,AR,4/1/2022,30
temu,Marketplace,AR,5/1/2022,50
temu,Marketplace,AR,6/1/2022,70
temu,Marketplace,AR,7/1/2022,50
temu,Marketplace,AR,8/1/2022,40
temu,Marketplace,AR,9/1/2022,90
temu,Marketplace,AR,10/1/2022,110
temu,Marketplace,AR,11/1/2022,210
temu,Marketplace,AR,12/1/2022,320
temu,Marketplace,AR,1/1/2023,590
temu,Marketplace,AR,2/1/2023,1300
temu,Marketplace,AR,3/1/2023,1900
temu,Marketplace,AR,4/1/2023,1600
temu,Marketplace,AR,5/1/2023,6600
temu,Marketplace,AR,6/1/2023,8100
temu,Marketplace,AR,7/1/2023,12100
temu,Marketplace,AR,8/1/2023,18100
temu,Marketplace,AR,9/1/2023,14800
temu,Marketplace,AR,10/1/2023,18100
temu,Marketplace,AR,11/1/2023,9900
temu,Marketplace,AR,12/1/2023,12100
temu,Marketplace,AR,1/1/2024,22200
temu,Marketplace,AR,2/1/2024,18100
temu,Marketplace,AR,3/1/2024,22200
temu,Marketplace,AR,4/1/2024,22200
temu,Marketplace,AR,5/1/2024,27100
temu,Marketplace,AR,6/1/2024,27100
temu,Marketplace,AR,7/1/2024,33100
temu,Marketplace,AR,8/1/2024,40500
temu,Marketplace,AR,9/1/2024,33100
temu,Marketplace,AR,10/1/2024,33100
temu,Marketplace,AR,11/1/2024,40500
temu,Marketplace,AR,12/1/2024,49500
temu,Marketplace,AR,1/1/2025,60500
temu,Marketplace,AR,2/1/2025,90500
temu,Marketplace,AR,3/1/2025,165000
temu,Marketplace,AR,4/1/2025,246000
temu,Marketplace,AR,5/1/2025,550000
temu,Marketplace,AR,6/1/2025,823000
temu,Marketplace,AR,7/1/2025,1000000
temu,Marketplace,AR,8/1/2025,823000
temu,Marketplace,AR,9/1/2025,823000
temu,Marketplace,AR,10/1/2025,673000
olx,Marketplace,AR,8/1/2021,201000
olx,Marketplace,AR,9/1/2021,165000
olx,Marketplace,AR,10/1/2021,165000
olx,Marketplace,AR,11/1/2021,165000
olx,Marketplace,AR,12/1/2021,135000
olx,Marketplace,AR,1/1/2022,165000
olx,Marketplace,AR,2/1/2022,165000
olx,Marketplace,AR,3/1/2022,135000
olx,Marketplace,AR,4/1/2022,135000
olx,Marketplace,AR,5/1/2022,135000
olx,Marketplace,AR,6/1/2022,110000
olx,Marketplace,AR,7/1/2022,110000
olx,Marketplace,AR,8/1/2022,135000
olx,Marketplace,AR,9/1/2022,110000
olx,Marketplace,AR,10/1/2022,110000
olx,Marketplace,AR,11/1/2022,90500
olx,Marketplace,AR,12/1/2022,74000
olx,Marketplace,AR,1/1/2023,110000
olx,Marketplace,AR,2/1/2023,90500
olx,Marketplace,AR,3/1/2023,110000
olx,Marketplace,AR,4/1/2023,90500
olx,Marketplace,AR,5/1/2023,90500
olx,Marketplace,AR,6/1/2023,90500
olx,Marketplace,AR,7/1/2023,74000
olx,Marketplace,AR,8/1/2023,49500
olx,Marketplace,AR,9/1/2023,40500
olx,Marketplace,AR,10/1/2023,33100
olx,Marketplace,AR,11/1/2023,27100
olx,Marketplace,AR,12/1/2023,27100
olx,Marketplace,AR,1/1/2024,33100
olx,Marketplace,AR,2/1/2024,27100
olx,Marketplace,AR,3/1/2024,27100
olx,Marketplace,AR,4/1/2024,22200
olx,Marketplace,AR,5/1/2024,22200
olx,Marketplace,AR,6/1/2024,18100
olx,Marketplace,AR,7/1/2024,18100
olx,Marketplace,AR,8/1/2024,14800
olx,Marketplace,AR,9/1/2024,14800
olx,Marketplace,AR,10/1/2024,14800
olx,Marketplace,AR,11/1/2024,22200
olx,Marketplace,AR,12/1/2024,12100
olx,Marketplace,AR,1/1/2025,12100
olx,Marketplace,AR,2/1/2025,12100
olx,Marketplace,AR,3/1/2025,12100
olx,Marketplace,AR,4/1/2025,12100
olx,Marketplace,AR,5/1/2025,12100
olx,Marketplace,AR,6/1/2025,9900
olx,Marketplace,AR,7/1/2025,12100
olx,Marketplace,AR,8/1/2025,12100
olx,Marketplace,AR,9/1/2025,9900
olx,Marketplace,AR,10/1/2025,9900
plataforma de ecommerce,Ecommerce,AR,8/1/2021,210
plataforma de ecommerce,Ecommerce,AR,9/1/2021,170
plataforma de ecommerce,Ecommerce,AR,10/1/2021,210
plataforma de ecommerce,Ecommerce,AR,11/1/2021,170
plataforma de ecommerce,Ecommerce,AR,12/1/2021,110
plataforma de ecommerce,Ecommerce,AR,1/1/2022,110
plataforma de ecommerce,Ecommerce,AR,2/1/2022,110
plataforma de ecommerce,Ecommerce,AR,3/1/2022,140
plataforma de ecommerce,Ecommerce,AR,4/1/2022,210
plataforma de ecommerce,Ecommerce,AR,5/1/2022,170
plataforma de ecommerce,Ecommerce,AR,6/1/2022,260
plataforma de ecommerce,Ecommerce,AR,7/1/2022,170
plataforma de ecommerce,Ecommerce,AR,8/1/2022,210
plataforma de ecommerce,Ecommerce,AR,9/1/2022,170
plataforma de ecommerce,Ecommerce,AR,10/1/2022,140
plataforma de ecommerce,Ecommerce,AR,11/1/2022,140
plataforma de ecommerce,Ecommerce,AR,12/1/2022,110
plataforma de ecommerce,Ecommerce,AR,1/1/2023,140
plataforma de ecommerce,Ecommerce,AR,2/1/2023,90
plataforma de ecommerce,Ecommerce,AR,3/1/2023,140
plataforma de ecommerce,Ecommerce,AR,4/1/2023,140
plataforma de ecommerce,Ecommerce,AR,5/1/2023,110
plataforma de ecommerce,Ecommerce,AR,6/1/2023,140
plataforma de ecommerce,Ecommerce,AR,7/1/2023,110
plataforma de ecommerce,Ecommerce,AR,8/1/2023,140
plataforma de ecommerce,Ecommerce,AR,9/1/2023,140
plataforma de ecommerce,Ecommerce,AR,10/1/2023,170
plataforma de ecommerce,Ecommerce,AR,11/1/2023,210
plataforma de ecommerce,Ecommerce,AR,12/1/2023,210
plataforma de ecommerce,Ecommerce,AR,1/1/2024,210
plataforma de ecommerce,Ecommerce,AR,2/1/2024,170
plataforma de ecommerce,Ecommerce,AR,3/1/2024,110
plataforma de ecommerce,Ecommerce,AR,4/1/2024,140
plataforma de ecommerce,Ecommerce,AR,5/1/2024,170
plataforma de ecommerce,Ecommerce,AR,6/1/2024,140
plataforma de ecommerce,Ecommerce,AR,7/1/2024,140
plataforma de ecommerce,Ecommerce,AR,8/1/2024,170
plataforma de ecommerce,Ecommerce,AR,9/1/2024,320
plataforma de ecommerce,Ecommerce,AR,10/1/2024,260
plataforma de ecommerce,Ecommerce,AR,11/1/2024,170
plataforma de ecommerce,Ecommerce,AR,12/1/2024,110
plataforma de ecommerce,Ecommerce,AR,1/1/2025,170
plataforma de ecommerce,Ecommerce,AR,2/1/2025,170
plataforma de ecommerce,Ecommerce,AR,3/1/2025,210
plataforma de ecommerce,Ecommerce,AR,4/1/2025,260
plataforma de ecommerce,Ecommerce,AR,5/1/2025,390
plataforma de ecommerce,Ecommerce,AR,6/1/2025,210
plataforma de ecommerce,Ecommerce,AR,7/1/2025,210
plataforma de ecommerce,Ecommerce,AR,8/1/2025,140
plataforma de ecommerce,Ecommerce,AR,9/1/2025,210
plataforma de ecommerce,Ecommerce,AR,10/1/2025,210
prestashop,Branded,AR,8/1/2021,1900
prestashop,Branded,AR,9/1/2021,1900
prestashop,Branded,AR,10/1/2021,1600
prestashop,Branded,AR,11/1/2021,1600
prestashop,Branded,AR,12/1/2021,1300
prestashop,Branded,AR,1/1/2022,1300
prestashop,Branded,AR,2/1/2022,1600
prestashop,Branded,AR,3/1/2022,1900
prestashop,Branded,AR,4/1/2022,1600
prestashop,Branded,AR,5/1/2022,1600
prestashop,Branded,AR,6/1/2022,1300
prestashop,Branded,AR,7/1/2022,1300
prestashop,Branded,AR,8/1/2022,1600
prestashop,Branded,AR,9/1/2022,1300
prestashop,Branded,AR,10/1/2022,1300
prestashop,Branded,AR,11/1/2022,1300
prestashop,Branded,AR,12/1/2022,880
prestashop,Branded,AR,1/1/2023,1300
prestashop,Branded,AR,2/1/2023,1000
prestashop,Branded,AR,3/1/2023,1600
prestashop,Branded,AR,4/1/2023,1600
prestashop,Branded,AR,5/1/2023,1600
prestashop,Branded,AR,6/1/2023,1300
prestashop,Branded,AR,7/1/2023,1300
prestashop,Branded,AR,8/1/2023,1300
prestashop,Branded,AR,9/1/2023,1300
prestashop,Branded,AR,10/1/2023,1300
prestashop,Branded,AR,11/1/2023,1300
prestashop,Branded,AR,12/1/2023,1000
prestashop,Branded,AR,1/1/2024,1300
prestashop,Branded,AR,2/1/2024,1300
prestashop,Branded,AR,3/1/2024,1300
prestashop,Branded,AR,4/1/2024,1300
prestashop,Branded,AR,5/1/2024,1600
prestashop,Branded,AR,6/1/2024,1000
prestashop,Branded,AR,7/1/2024,1000
prestashop,Branded,AR,8/1/2024,1300
prestashop,Branded,AR,9/1/2024,1300
prestashop,Branded,AR,10/1/2024,1300
prestashop,Branded,AR,11/1/2024,1300
prestashop,Branded,AR,12/1/2024,1000
prestashop,Branded,AR,1/1/2025,1300
prestashop,Branded,AR,2/1/2025,1300
prestashop,Branded,AR,3/1/2025,1300
prestashop,Branded,AR,4/1/2025,1300
prestashop,Branded,AR,5/1/2025,1300
prestashop,Branded,AR,6/1/2025,1000
prestashop,Branded,AR,7/1/2025,1300
prestashop,Branded,AR,8/1/2025,1300
prestashop,Branded,AR,9/1/2025,1000
prestashop,Branded,AR,10/1/2025,1000
shopify,Branded,AR,8/1/2021,12100
shopify,Branded,AR,9/1/2021,12100
shopify,Branded,AR,10/1/2021,9900
shopify,Branded,AR,11/1/2021,12100
shopify,Branded,AR,12/1/2021,12100
shopify,Branded,AR,1/1/2022,12100
shopify,Branded,AR,2/1/2022,12100
shopify,Branded,AR,3/1/2022,12100
shopify,Branded,AR,4/1/2022,12100
shopify,Branded,AR,5/1/2022,12100
shopify,Branded,AR,6/1/2022,12100
shopify,Branded,AR,7/1/2022,12100
shopify,Branded,AR,8/1/2022,14800
shopify,Branded,AR,9/1/2022,14800
shopify,Branded,AR,10/1/2022,14800
shopify,Branded,AR,11/1/2022,14800
shopify,Branded,AR,12/1/2022,14800
shopify,Branded,AR,1/1/2023,22200
shopify,Branded,AR,2/1/2023,18100
shopify,Branded,AR,3/1/2023,18100
shopify,Branded,AR,4/1/2023,18100
shopify,Branded,AR,5/1/2023,22200
shopify,Branded,AR,6/1/2023,22200
shopify,Branded,AR,7/1/2023,22200
shopify,Branded,AR,8/1/2023,27100
shopify,Branded,AR,9/1/2023,22200
shopify,Branded,AR,10/1/2023,27100
shopify,Branded,AR,11/1/2023,22200
shopify,Branded,AR,12/1/2023,22200
shopify,Branded,AR,1/1/2024,27100
shopify,Branded,AR,2/1/2024,27100
shopify,Branded,AR,3/1/2024,22200
shopify,Branded,AR,4/1/2024,27100
shopify,Branded,AR,5/1/2024,27100
shopify,Branded,AR,6/1/2024,18100
shopify,Branded,AR,7/1/2024,27100
shopify,Branded,AR,8/1/2024,33100
shopify,Branded,AR,9/1/2024,22200
shopify,Branded,AR,10/1/2024,22200
shopify,Branded,AR,11/1/2024,22200
shopify,Branded,AR,12/1/2024,22200
shopify,Branded,AR,1/1/2025,27100
shopify,Branded,AR,2/1/2025,33100
shopify,Branded,AR,3/1/2025,27100
shopify,Branded,AR,4/1/2025,27100
shopify,Branded,AR,5/1/2025,33100
shopify,Branded,AR,6/1/2025,33100
shopify,Branded,AR,7/1/2025,40500
shopify,Branded,AR,8/1/2025,40500
shopify,Branded,AR,9/1/2025,40500
shopify,Branded,AR,10/1/2025,33100
tienda en linea,Tienda,AR,8/1/2021,320
tienda en linea,Tienda,AR,9/1/2021,320
tienda en linea,Tienda,AR,10/1/2021,210
tienda en linea,Tienda,AR,11/1/2021,260
tienda en linea,Tienda,AR,12/1/2021,260
tienda en linea,Tienda,AR,1/1/2022,210
tienda en linea,Tienda,AR,2/1/2022,320
tienda en linea,Tienda,AR,3/1/2022,390
tienda en linea,Tienda,AR,4/1/2022,390
tienda en linea,Tienda,AR,5/1/2022,480
tienda en linea,Tienda,AR,6/1/2022,480
tienda en linea,Tienda,AR,7/1/2022,480
tienda en linea,Tienda,AR,8/1/2022,480
tienda en linea,Tienda,AR,9/1/2022,480
tienda en linea,Tienda,AR,10/1/2022,480
tienda en linea,Tienda,AR,11/1/2022,390
tienda en linea,Tienda,AR,12/1/2022,390
tienda en linea,Tienda,AR,1/1/2023,590
tienda en linea,Tienda,AR,2/1/2023,480
tienda en linea,Tienda,AR,3/1/2023,480
tienda en linea,Tienda,AR,4/1/2023,590
tienda en linea,Tienda,AR,5/1/2023,590
tienda en linea,Tienda,AR,6/1/2023,480
tienda en linea,Tienda,AR,7/1/2023,480
tienda en linea,Tienda,AR,8/1/2023,590
tienda en linea,Tienda,AR,9/1/2023,590
tienda en linea,Tienda,AR,10/1/2023,2400
tienda en linea,Tienda,AR,11/1/2023,6600
tienda en linea,Tienda,AR,12/1/2023,480
tienda en linea,Tienda,AR,1/1/2024,590
tienda en linea,Tienda,AR,2/1/2024,590
tienda en linea,Tienda,AR,3/1/2024,720
tienda en linea,Tienda,AR,4/1/2024,720
tienda en linea,Tienda,AR,5/1/2024,4400
tienda en linea,Tienda,AR,6/1/2024,480
tienda en linea,Tienda,AR,7/1/2024,1000
tienda en linea,Tienda,AR,8/1/2024,720
tienda en linea,Tienda,AR,9/1/2024,6600
tienda en linea,Tienda,AR,10/1/2024,590
tienda en linea,Tienda,AR,11/1/2024,2400
tienda en linea,Tienda,AR,12/1/2024,720
tienda en linea,Tienda,AR,1/1/2025,720
tienda en linea,Tienda,AR,2/1/2025,480
tienda en linea,Tienda,AR,3/1/2025,390
tienda en linea,Tienda,AR,4/1/2025,390
tienda en linea,Tienda,AR,5/1/2025,480
tienda en linea,Tienda,AR,6/1/2025,320
tienda en linea,Tienda,AR,7/1/2025,480
tienda en linea,Tienda,AR,8/1/2025,720
tienda en linea,Tienda,AR,9/1/2025,480
tienda en linea,Tienda,AR,10/1/2025,320
tienda instagram,Canales,AR,8/1/2021,390
tienda instagram,Canales,AR,9/1/2021,390
tienda instagram,Canales,AR,10/1/2021,320
tienda instagram,Canales,AR,11/1/2021,320
tienda instagram,Canales,AR,12/1/2021,320
tienda instagram,Canales,AR,1/1/2022,320
tienda instagram,Canales,AR,2/1/2022,320
tienda instagram,Canales,AR,3/1/2022,260
tienda instagram,Canales,AR,4/1/2022,320
tienda instagram,Canales,AR,5/1/2022,320
tienda instagram,Canales,AR,6/1/2022,320
tienda instagram,Canales,AR,7/1/2022,320
tienda instagram,Canales,AR,8/1/2022,260
tienda instagram,Canales,AR,9/1/2022,320
tienda instagram,Canales,AR,10/1/2022,260
tienda instagram,Canales,AR,11/1/2022,260
tienda instagram,Canales,AR,12/1/2022,260
tienda instagram,Canales,AR,1/1/2023,260
tienda instagram,Canales,AR,2/1/2023,2900
tienda instagram,Canales,AR,3/1/2023,1900
tienda instagram,Canales,AR,4/1/2023,1000
tienda instagram,Canales,AR,5/1/2023,720
tienda instagram,Canales,AR,6/1/2023,590
tienda instagram,Canales,AR,7/1/2023,480
tienda instagram,Canales,AR,8/1/2023,480
tienda instagram,Canales,AR,9/1/2023,390
tienda instagram,Canales,AR,10/1/2023,320
tienda instagram,Canales,AR,11/1/2023,210
tienda instagram,Canales,AR,12/1/2023,210
tienda instagram,Canales,AR,1/1/2024,210
tienda instagram,Canales,AR,2/1/2024,170
tienda instagram,Canales,AR,3/1/2024,170
tienda instagram,Canales,AR,4/1/2024,170
tienda instagram,Canales,AR,5/1/2024,170
tienda instagram,Canales,AR,6/1/2024,110
tienda instagram,Canales,AR,7/1/2024,140
tienda instagram,Canales,AR,8/1/2024,140
tienda instagram,Canales,AR,9/1/2024,110
tienda instagram,Canales,AR,10/1/2024,110
tienda instagram,Canales,AR,11/1/2024,110
tienda instagram,Canales,AR,12/1/2024,90
tienda instagram,Canales,AR,1/1/2025,110
tienda instagram,Canales,AR,2/1/2025,90
tienda instagram,Canales,AR,3/1/2025,110
tienda instagram,Canales,AR,4/1/2025,90
tienda instagram,Canales,AR,5/1/2025,110
tienda instagram,Canales,AR,6/1/2025,50
tienda instagram,Canales,AR,7/1/2025,70
tienda instagram,Canales,AR,8/1/2025,70
tienda instagram,Canales,AR,9/1/2025,50
tienda instagram,Canales,AR,10/1/2025,50
tienda negocio,Branded,AR,8/1/2021,90
tienda negocio,Branded,AR,9/1/2021,140
tienda negocio,Branded,AR,10/1/2021,50
tienda negocio,Branded,AR,11/1/2021,50
tienda negocio,Branded,AR,12/1/2021,30
tienda negocio,Branded,AR,1/1/2022,50
tienda negocio,Branded,AR,2/1/2022,90
tienda negocio,Branded,AR,3/1/2022,110
tienda negocio,Branded,AR,4/1/2022,210
tienda negocio,Branded,AR,5/1/2022,260
tienda negocio,Branded,AR,6/1/2022,260
tienda negocio,Branded,AR,7/1/2022,320
tienda negocio,Branded,AR,8/1/2022,320
tienda negocio,Branded,AR,9/1/2022,260
tienda negocio,Branded,AR,10/1/2022,320
tienda negocio,Branded,AR,11/1/2022,480
tienda negocio,Branded,AR,12/1/2022,390
tienda negocio,Branded,AR,1/1/2023,480
tienda negocio,Branded,AR,2/1/2023,590
tienda negocio,Branded,AR,3/1/2023,880
tienda negocio,Branded,AR,4/1/2023,1900
tienda negocio,Branded,AR,5/1/2023,1600
tienda negocio,Branded,AR,6/1/2023,1300
tienda negocio,Branded,AR,7/1/2023,1000
tienda negocio,Branded,AR,8/1/2023,1300
tienda negocio,Branded,AR,9/1/2023,1300
tienda negocio,Branded,AR,10/1/2023,1000
tienda negocio,Branded,AR,11/1/2023,1900
tienda negocio,Branded,AR,12/1/2023,2400
tienda negocio,Branded,AR,1/1/2024,2900
tienda negocio,Branded,AR,2/1/2024,2400
tienda negocio,Branded,AR,3/1/2024,2900
tienda negocio,Branded,AR,4/1/2024,3600
tienda negocio,Branded,AR,5/1/2024,3600
tienda negocio,Branded,AR,6/1/2024,4400
tienda negocio,Branded,AR,7/1/2024,5400
tienda negocio,Branded,AR,8/1/2024,8100
tienda negocio,Branded,AR,9/1/2024,6600
tienda negocio,Branded,AR,10/1/2024,8100
tienda negocio,Branded,AR,11/1/2024,8100
tienda negocio,Branded,AR,12/1/2024,5400
tienda negocio,Branded,AR,1/1/2025,5400
tienda negocio,Branded,AR,2/1/2025,5400
tienda negocio,Branded,AR,3/1/2025,12100
tienda negocio,Branded,AR,4/1/2025,14800
tienda negocio,Branded,AR,5/1/2025,14800
tienda negocio,Branded,AR,6/1/2025,14800
tienda negocio,Branded,AR,7/1/2025,14800
tienda negocio,Branded,AR,8/1/2025,18100
tienda negocio,Branded,AR,9/1/2025,18100
tienda negocio,Branded,AR,10/1/2025,12100
tienda nube,Branded,AR,8/1/2021,74000
tienda nube,Branded,AR,9/1/2021,49500
tienda nube,Branded,AR,10/1/2021,49500
tienda nube,Branded,AR,11/1/2021,49500
tienda nube,Branded,AR,12/1/2021,40500
tienda nube,Branded,AR,1/1/2022,40500
tienda nube,Branded,AR,2/1/2022,40500
tienda nube,Branded,AR,3/1/2022,40500
tienda nube,Branded,AR,4/1/2022,40500
tienda nube,Branded,AR,5/1/2022,49500
tienda nube,Branded,AR,6/1/2022,40500
tienda nube,Branded,AR,7/1/2022,40500
tienda nube,Branded,AR,8/1/2022,40500
tienda nube,Branded,AR,9/1/2022,40500
tienda nube,Branded,AR,10/1/2022,40500
tienda nube,Branded,AR,11/1/2022,40500
tienda nube,Branded,AR,12/1/2022,40500
tienda nube,Branded,AR,1/1/2023,40500
tienda nube,Branded,AR,2/1/2023,40500
tienda nube,Branded,AR,3/1/2023,60500
tienda nube,Branded,AR,4/1/2023,60500
tienda nube,Branded,AR,5/1/2023,74000
tienda nube,Branded,AR,6/1/2023,74000
tienda nube,Branded,AR,7/1/2023,74000
tienda nube,Branded,AR,8/1/2023,74000
tienda nube,Branded,AR,9/1/2023,74000
tienda nube,Branded,AR,10/1/2023,74000
tienda nube,Branded,AR,11/1/2023,74000
tienda nube,Branded,AR,12/1/2023,60500
tienda nube,Branded,AR,1/1/2024,74000
tienda nube,Branded,AR,2/1/2024,74000
tienda nube,Branded,AR,3/1/2024,90500
tienda nube,Branded,AR,4/1/2024,110000
tienda nube,Branded,AR,5/1/2024,110000
tienda nube,Branded,AR,6/1/2024,74000
tienda nube,Branded,AR,7/1/2024,74000
tienda nube,Branded,AR,8/1/2024,74000
tienda nube,Branded,AR,9/1/2024,90500
tienda nube,Branded,AR,10/1/2024,90500
tienda nube,Branded,AR,11/1/2024,90500
tienda nube,Branded,AR,12/1/2024,90500
tienda nube,Branded,AR,1/1/2025,90500
tienda nube,Branded,AR,2/1/2025,74000
tienda nube,Branded,AR,3/1/2025,74000
tienda nube,Branded,AR,4/1/2025,74000
tienda nube,Branded,AR,5/1/2025,110000
tienda nube,Branded,AR,6/1/2025,110000
tienda nube,Branded,AR,7/1/2025,110000
tienda nube,Branded,AR,8/1/2025,110000
tienda nube,Branded,AR,9/1/2025,110000
tienda nube,Branded,AR,10/1/2025,110000
tienda online,Tienda,AR,8/1/2021,6600
tienda online,Tienda,AR,9/1/2021,5400
tienda online,Tienda,AR,10/1/2021,5400
tienda online,Tienda,AR,11/1/2021,5400
tienda online,Tienda,AR,12/1/2021,5400
tienda online,Tienda,AR,1/1/2022,5400
tienda online,Tienda,AR,2/1/2022,5400
tienda online,Tienda,AR,3/1/2022,5400
tienda online,Tienda,AR,4/1/2022,5400
tienda online,Tienda,AR,5/1/2022,6600
tienda online,Tienda,AR,6/1/2022,5400
tienda online,Tienda,AR,7/1/2022,5400
tienda online,Tienda,AR,8/1/2022,5400
tienda online,Tienda,AR,9/1/2022,5400
tienda online,Tienda,AR,10/1/2022,5400
tienda online,Tienda,AR,11/1/2022,5400
tienda online,Tienda,AR,12/1/2022,5400
tienda online,Tienda,AR,1/1/2023,5400
tienda online,Tienda,AR,2/1/2023,5400
tienda online,Tienda,AR,3/1/2023,6600
tienda online,Tienda,AR,4/1/2023,6600
tienda online,Tienda,AR,5/1/2023,6600
tienda online,Tienda,AR,6/1/2023,6600
tienda online,Tienda,AR,7/1/2023,6600
tienda online,Tienda,AR,8/1/2023,6600
tienda online,Tienda,AR,9/1/2023,6600
tienda online,Tienda,AR,10/1/2023,6600
tienda online,Tienda,AR,11/1/2023,6600
tienda online,Tienda,AR,12/1/2023,6600
tienda online,Tienda,AR,1/1/2024,6600
tienda online,Tienda,AR,2/1/2024,6600
tienda online,Tienda,AR,3/1/2024,8100
tienda online,Tienda,AR,4/1/2024,8100
tienda online,Tienda,AR,5/1/2024,8100
tienda online,Tienda,AR,6/1/2024,6600
tienda online,Tienda,AR,7/1/2024,6600
tienda online,Tienda,AR,8/1/2024,8100
tienda online,Tienda,AR,9/1/2024,6600
tienda online,Tienda,AR,10/1/2024,6600
tienda online,Tienda,AR,11/1/2024,6600
tienda online,Tienda,AR,12/1/2024,5400
tienda online,Tienda,AR,1/1/2025,5400
tienda online,Tienda,AR,2/1/2025,5400
tienda online,Tienda,AR,3/1/2025,6600
tienda online,Tienda,AR,4/1/2025,6600
tienda online,Tienda,AR,5/1/2025,6600
tienda online,Tienda,AR,6/1/2025,6600
tienda online,Tienda,AR,7/1/2025,6600
tienda online,Tienda,AR,8/1/2025,5400
tienda online,Tienda,AR,9/1/2025,5400
tienda online,Tienda,AR,10/1/2025,5400
tienda virtual,Tienda,AR,8/1/2021,2900
tienda virtual,Tienda,AR,9/1/2021,2400
tienda virtual,Tienda,AR,10/1/2021,1900
tienda virtual,Tienda,AR,11/1/2021,2400
tienda virtual,Tienda,AR,12/1/2021,1600
tienda virtual,Tienda,AR,1/1/2022,1600
tienda virtual,Tienda,AR,2/1/2022,1600
tienda virtual,Tienda,AR,3/1/2022,1900
tienda virtual,Tienda,AR,4/1/2022,1600
tienda virtual,Tienda,AR,5/1/2022,1600
tienda virtual,Tienda,AR,6/1/2022,1900
tienda virtual,Tienda,AR,7/1/2022,1600
tienda virtual,Tienda,AR,8/1/2022,1600
tienda virtual,Tienda,AR,9/1/2022,1600
tienda virtual,Tienda,AR,10/1/2022,1600
tienda virtual,Tienda,AR,11/1/2022,1300
tienda virtual,Tienda,AR,12/1/2022,1000
tienda virtual,Tienda,AR,1/1/2023,1300
tienda virtual,Tienda,AR,2/1/2023,1000
tienda virtual,Tienda,AR,3/1/2023,1300
tienda virtual,Tienda,AR,4/1/2023,1300
tienda virtual,Tienda,AR,5/1/2023,1300
tienda virtual,Tienda,AR,6/1/2023,1300
tienda virtual,Tienda,AR,7/1/2023,1300
tienda virtual,Tienda,AR,8/1/2023,1000
tienda virtual,Tienda,AR,9/1/2023,1000
tienda virtual,Tienda,AR,10/1/2023,1000
tienda virtual,Tienda,AR,11/1/2023,1300
tienda virtual,Tienda,AR,12/1/2023,880
tienda virtual,Tienda,AR,1/1/2024,1000
tienda virtual,Tienda,AR,2/1/2024,880
tienda virtual,Tienda,AR,3/1/2024,1000
tienda virtual,Tienda,AR,4/1/2024,1300
tienda virtual,Tienda,AR,5/1/2024,1300
tienda virtual,Tienda,AR,6/1/2024,1300
tienda virtual,Tienda,AR,7/1/2024,1000
tienda virtual,Tienda,AR,8/1/2024,1300
tienda virtual,Tienda,AR,9/1/2024,1000
tienda virtual,Tienda,AR,10/1/2024,1000
tienda virtual,Tienda,AR,11/1/2024,1000
tienda virtual,Tienda,AR,12/1/2024,880
tienda virtual,Tienda,AR,1/1/2025,1000
tienda virtual,Tienda,AR,2/1/2025,1000
tienda virtual,Tienda,AR,3/1/2025,1000
tienda virtual,Tienda,AR,4/1/2025,1000
tienda virtual,Tienda,AR,5/1/2025,1000
tienda virtual,Tienda,AR,6/1/2025,880
tienda virtual,Tienda,AR,7/1/2025,1000
tienda virtual,Tienda,AR,8/1/2025,880
tienda virtual,Tienda,AR,9/1/2025,880
tienda virtual,Tienda,AR,10/1/2025,880
tiendaneolo,Branded,AR,8/1/2021,0
tiendaneolo,Branded,AR,9/1/2021,0
tiendaneolo,Branded,AR,10/1/2021,0
tiendaneolo,Branded,AR,11/1/2021,0
tiendaneolo,Branded,AR,12/1/2021,0
tiendaneolo,Branded,AR,1/1/2022,0
tiendaneolo,Branded,AR,2/1/2022,0
tiendaneolo,Branded,AR,3/1/2022,0
tiendaneolo,Branded,AR,4/1/2022,0
tiendaneolo,Branded,AR,5/1/2022,0
tiendaneolo,Branded,AR,6/1/2022,0
tiendaneolo,Branded,AR,7/1/2022,0
tiendaneolo,Branded,AR,8/1/2022,0
tiendaneolo,Branded,AR,9/1/2022,0
tiendaneolo,Branded,AR,10/1/2022,0
tiendaneolo,Branded,AR,11/1/2022,0
tiendaneolo,Branded,AR,12/1/2022,0
tiendaneolo,Branded,AR,1/1/2023,0
tiendaneolo,Branded,AR,2/1/2023,0
tiendaneolo,Branded,AR,3/1/2023,0
tiendaneolo,Branded,AR,4/1/2023,0
tiendaneolo,Branded,AR,5/1/2023,0
tiendaneolo,Branded,AR,6/1/2023,0
tiendaneolo,Branded,AR,7/1/2023,0
tiendaneolo,Branded,AR,8/1/2023,0
tiendaneolo,Branded,AR,9/1/2023,0
tiendaneolo,Branded,AR,10/1/2023,0
tiendaneolo,Branded,AR,11/1/2023,0
tiendaneolo,Branded,AR,12/1/2023,0
tiendaneolo,Branded,AR,1/1/2024,0
tiendaneolo,Branded,AR,2/1/2024,0
tiendaneolo,Branded,AR,3/1/2024,0
tiendaneolo,Branded,AR,4/1/2024,0
tiendaneolo,Branded,AR,5/1/2024,0
tiendaneolo,Branded,AR,6/1/2024,0
tiendaneolo,Branded,AR,7/1/2024,0
tiendaneolo,Branded,AR,8/1/2024,0
tiendaneolo,Branded,AR,9/1/2024,0
tiendaneolo,Branded,AR,10/1/2024,0
tiendaneolo,Branded,AR,11/1/2024,0
tiendaneolo,Branded,AR,12/1/2024,0
tiendaneolo,Branded,AR,1/1/2025,20
tiendaneolo,Branded,AR,2/1/2025,10
tiendaneolo,Branded,AR,3/1/2025,10
tiendaneolo,Branded,AR,4/1/2025,10
tiendaneolo,Branded,AR,5/1/2025,10
tiendaneolo,Branded,AR,6/1/2025,10
tiendaneolo,Branded,AR,7/1/2025,10
tiendaneolo,Branded,AR,8/1/2025,10
tiendaneolo,Branded,AR,9/1/2025,10
tiendaneolo,Branded,AR,10/1/2025,0
tiendanube,Branded,AR,8/1/2021,110000
tiendanube,Branded,AR,9/1/2021,60500
tiendanube,Branded,AR,10/1/2021,60500
tiendanube,Branded,AR,11/1/2021,60500
tiendanube,Branded,AR,12/1/2021,49500
tiendanube,Branded,AR,1/1/2022,49500
tiendanube,Branded,AR,2/1/2022,49500
tiendanube,Branded,AR,3/1/2022,60500
tiendanube,Branded,AR,4/1/2022,60500
tiendanube,Branded,AR,5/1/2022,60500
tiendanube,Branded,AR,6/1/2022,60500
tiendanube,Branded,AR,7/1/2022,60500
tiendanube,Branded,AR,8/1/2022,60500
tiendanube,Branded,AR,9/1/2022,60500
tiendanube,Branded,AR,10/1/2022,60500
tiendanube,Branded,AR,11/1/2022,49500
tiendanube,Branded,AR,12/1/2022,40500
tiendanube,Branded,AR,1/1/2023,49500
tiendanube,Branded,AR,2/1/2023,40500
tiendanube,Branded,AR,3/1/2023,40500
tiendanube,Branded,AR,4/1/2023,40500
tiendanube,Branded,AR,5/1/2023,40500
tiendanube,Branded,AR,6/1/2023,33100
tiendanube,Branded,AR,7/1/2023,33100
tiendanube,Branded,AR,8/1/2023,33100
tiendanube,Branded,AR,9/1/2023,33100
tiendanube,Branded,AR,10/1/2023,33100
tiendanube,Branded,AR,11/1/2023,33100
tiendanube,Branded,AR,12/1/2023,33100
tiendanube,Branded,AR,1/1/2024,33100
tiendanube,Branded,AR,2/1/2024,33100
tiendanube,Branded,AR,3/1/2024,40500
tiendanube,Branded,AR,4/1/2024,40500
tiendanube,Branded,AR,5/1/2024,49500
tiendanube,Branded,AR,6/1/2024,49500
tiendanube,Branded,AR,7/1/2024,74000
tiendanube,Branded,AR,8/1/2024,74000
tiendanube,Branded,AR,9/1/2024,60500
tiendanube,Branded,AR,10/1/2024,49500
tiendanube,Branded,AR,11/1/2024,49500
tiendanube,Branded,AR,12/1/2024,40500
tiendanube,Branded,AR,1/1/2025,60500
tiendanube,Branded,AR,2/1/2025,74000
tiendanube,Branded,AR,3/1/2025,90500
tiendanube,Branded,AR,4/1/2025,90500
tiendanube,Branded,AR,5/1/2025,74000
tiendanube,Branded,AR,6/1/2025,60500
tiendanube,Branded,AR,7/1/2025,60500
tiendanube,Branded,AR,8/1/2025,49500
tiendanube,Branded,AR,9/1/2025,49500
tiendanube,Branded,AR,10/1/2025,49500
tiendaup,Branded,AR,8/1/2021,390
tiendaup,Branded,AR,9/1/2021,320
tiendaup,Branded,AR,10/1/2021,170
tiendaup,Branded,AR,11/1/2021,210
tiendaup,Branded,AR,12/1/2021,210
tiendaup,Branded,AR,1/1/2022,210
tiendaup,Branded,AR,2/1/2022,260
tiendaup,Branded,AR,3/1/2022,320
tiendaup,Branded,AR,4/1/2022,260
tiendaup,Branded,AR,5/1/2022,320
tiendaup,Branded,AR,6/1/2022,260
tiendaup,Branded,AR,7/1/2022,320
tiendaup,Branded,AR,8/1/2022,390
tiendaup,Branded,AR,9/1/2022,320
tiendaup,Branded,AR,10/1/2022,390
tiendaup,Branded,AR,11/1/2022,390
tiendaup,Branded,AR,12/1/2022,390
tiendaup,Branded,AR,1/1/2023,480
tiendaup,Branded,AR,2/1/2023,390
tiendaup,Branded,AR,3/1/2023,590
tiendaup,Branded,AR,4/1/2023,590
tiendaup,Branded,AR,5/1/2023,590
tiendaup,Branded,AR,6/1/2023,590
tiendaup,Branded,AR,7/1/2023,720
tiendaup,Branded,AR,8/1/2023,720
tiendaup,Branded,AR,9/1/2023,880
tiendaup,Branded,AR,10/1/2023,720
tiendaup,Branded,AR,11/1/2023,480
tiendaup,Branded,AR,12/1/2023,210
tiendaup,Branded,AR,1/1/2024,170
tiendaup,Branded,AR,2/1/2024,140
tiendaup,Branded,AR,3/1/2024,140
tiendaup,Branded,AR,4/1/2024,170
tiendaup,Branded,AR,5/1/2024,210
tiendaup,Branded,AR,6/1/2024,140
tiendaup,Branded,AR,7/1/2024,210
tiendaup,Branded,AR,8/1/2024,210
tiendaup,Branded,AR,9/1/2024,140
tiendaup,Branded,AR,10/1/2024,170
tiendaup,Branded,AR,11/1/2024,140
tiendaup,Branded,AR,12/1/2024,140
tiendaup,Branded,AR,1/1/2025,140
tiendaup,Branded,AR,2/1/2025,170
tiendaup,Branded,AR,3/1/2025,170
tiendaup,Branded,AR,4/1/2025,170
tiendaup,Branded,AR,5/1/2025,170
tiendaup,Branded,AR,6/1/2025,140
tiendaup,Branded,AR,7/1/2025,170
tiendaup,Branded,AR,8/1/2025,170
tiendaup,Branded,AR,9/1/2025,210
tiendaup,Branded,AR,10/1/2025,210
vender con facebook,Canales,AR,8/1/2021,50
vender con facebook,Canales,AR,9/1/2021,50
vender con facebook,Canales,AR,10/1/2021,70
vender con facebook,Canales,AR,11/1/2021,40
vender con facebook,Canales,AR,12/1/2021,40
vender con facebook,Canales,AR,1/1/2022,30
vender con facebook,Canales,AR,2/1/2022,40
vender con facebook,Canales,AR,3/1/2022,40
vender con facebook,Canales,AR,4/1/2022,40
vender con facebook,Canales,AR,5/1/2022,50
vender con facebook,Canales,AR,6/1/2022,40
vender con facebook,Canales,AR,7/1/2022,50
vender con facebook,Canales,AR,8/1/2022,30
vender con facebook,Canales,AR,9/1/2022,50
vender con facebook,Canales,AR,10/1/2022,40
vender con facebook,Canales,AR,11/1/2022,50
vender con facebook,Canales,AR,12/1/2022,30
vender con facebook,Canales,AR,1/1/2023,40
vender con facebook,Canales,AR,2/1/2023,30
vender con facebook,Canales,AR,3/1/2023,30
vender con facebook,Canales,AR,4/1/2023,40
vender con facebook,Canales,AR,5/1/2023,30
vender con facebook,Canales,AR,6/1/2023,30
vender con facebook,Canales,AR,7/1/2023,40
vender con facebook,Canales,AR,8/1/2023,20
vender con facebook,Canales,AR,9/1/2023,30
vender con facebook,Canales,AR,10/1/2023,20
vender con facebook,Canales,AR,11/1/2023,20
vender con facebook,Canales,AR,12/1/2023,10
vender con facebook,Canales,AR,1/1/2024,20
vender con facebook,Canales,AR,2/1/2024,10
vender con facebook,Canales,AR,3/1/2024,10
vender con facebook,Canales,AR,4/1/2024,10
vender con facebook,Canales,AR,5/1/2024,20
vender con facebook,Canales,AR,6/1/2024,10
vender con facebook,Canales,AR,7/1/2024,10
vender con facebook,Canales,AR,8/1/2024,20
vender con facebook,Canales,AR,9/1/2024,10
vender con facebook,Canales,AR,10/1/2024,10
vender con facebook,Canales,AR,11/1/2024,10
vender con facebook,Canales,AR,12/1/2024,10
vender con facebook,Canales,AR,1/1/2025,10
vender con facebook,Canales,AR,2/1/2025,10
vender con facebook,Canales,AR,3/1/2025,10
vender con facebook,Canales,AR,4/1/2025,10
vender con facebook,Canales,AR,5/1/2025,10
vender con facebook,Canales,AR,6/1/2025,10
vender con facebook,Canales,AR,7/1/2025,10
vender con facebook,Canales,AR,8/1/2025,10
vender con facebook,Canales,AR,9/1/2025,20
vender con facebook,Canales,AR,10/1/2025,10
vender online,Vender,AR,8/1/2021,210
vender online,Vender,AR,9/1/2021,170
vender online,Vender,AR,10/1/2021,110
vender online,Vender,AR,11/1/2021,140
vender online,Vender,AR,12/1/2021,110
vender online,Vender,AR,1/1/2022,140
vender online,Vender,AR,2/1/2022,110
vender online,Vender,AR,3/1/2022,210
vender online,Vender,AR,4/1/2022,170
vender online,Vender,AR,5/1/2022,170
vender online,Vender,AR,6/1/2022,140
vender online,Vender,AR,7/1/2022,140
vender online,Vender,AR,8/1/2022,210
vender online,Vender,AR,9/1/2022,140
vender online,Vender,AR,10/1/2022,110
vender online,Vender,AR,11/1/2022,110
vender online,Vender,AR,12/1/2022,110
vender online,Vender,AR,1/1/2023,170
vender online,Vender,AR,2/1/2023,140
vender online,Vender,AR,3/1/2023,170
vender online,Vender,AR,4/1/2023,170
vender online,Vender,AR,5/1/2023,140
vender online,Vender,AR,6/1/2023,110
vender online,Vender,AR,7/1/2023,170
vender online,Vender,AR,8/1/2023,110
vender online,Vender,AR,9/1/2023,140
vender online,Vender,AR,10/1/2023,140
vender online,Vender,AR,11/1/2023,140
vender online,Vender,AR,12/1/2023,140
vender online,Vender,AR,1/1/2024,260
vender online,Vender,AR,2/1/2024,210
vender online,Vender,AR,3/1/2024,170
vender online,Vender,AR,4/1/2024,140
vender online,Vender,AR,5/1/2024,170
vender online,Vender,AR,6/1/2024,110
vender online,Vender,AR,7/1/2024,110
vender online,Vender,AR,8/1/2024,110
vender online,Vender,AR,9/1/2024,140
vender online,Vender,AR,10/1/2024,140
vender online,Vender,AR,11/1/2024,90
vender online,Vender,AR,12/1/2024,90
vender online,Vender,AR,1/1/2025,90
vender online,Vender,AR,2/1/2025,110
vender online,Vender,AR,3/1/2025,170
vender online,Vender,AR,4/1/2025,140
vender online,Vender,AR,5/1/2025,140
vender online,Vender,AR,6/1/2025,110
vender online,Vender,AR,7/1/2025,110
vender online,Vender,AR,8/1/2025,90
vender online,Vender,AR,9/1/2025,90
vender online,Vender,AR,10/1/2025,90
vender por instagram,Canales,AR,8/1/2021,210
vender por instagram,Canales,AR,9/1/2021,210
vender por instagram,Canales,AR,10/1/2021,210
vender por instagram,Canales,AR,11/1/2021,140
vender por instagram,Canales,AR,12/1/2021,140
vender por instagram,Canales,AR,1/1/2022,140
vender por instagram,Canales,AR,2/1/2022,140
vender por instagram,Canales,AR,3/1/2022,170
vender por instagram,Canales,AR,4/1/2022,140
vender por instagram,Canales,AR,5/1/2022,170
vender por instagram,Canales,AR,6/1/2022,140
vender por instagram,Canales,AR,7/1/2022,110
vender por instagram,Canales,AR,8/1/2022,170
vender por instagram,Canales,AR,9/1/2022,170
vender por instagram,Canales,AR,10/1/2022,110
vender por instagram,Canales,AR,11/1/2022,90
vender por instagram,Canales,AR,12/1/2022,70
vender por instagram,Canales,AR,1/1/2023,140
vender por instagram,Canales,AR,2/1/2023,140
vender por instagram,Canales,AR,3/1/2023,170
vender por instagram,Canales,AR,4/1/2023,140
vender por instagram,Canales,AR,5/1/2023,110
vender por instagram,Canales,AR,6/1/2023,90
vender por instagram,Canales,AR,7/1/2023,90
vender por instagram,Canales,AR,8/1/2023,90
vender por instagram,Canales,AR,9/1/2023,90
vender por instagram,Canales,AR,10/1/2023,90
vender por instagram,Canales,AR,11/1/2023,90
vender por instagram,Canales,AR,12/1/2023,90
vender por instagram,Canales,AR,1/1/2024,110
vender por instagram,Canales,AR,2/1/2024,140
vender por instagram,Canales,AR,3/1/2024,110
vender por instagram,Canales,AR,4/1/2024,110
vender por instagram,Canales,AR,5/1/2024,110
vender por instagram,Canales,AR,6/1/2024,90
vender por instagram,Canales,AR,7/1/2024,50
vender por instagram,Canales,AR,8/1/2024,70
vender por instagram,Canales,AR,9/1/2024,70
vender por instagram,Canales,AR,10/1/2024,90
vender por instagram,Canales,AR,11/1/2024,70
vender por instagram,Canales,AR,12/1/2024,50
vender por instagram,Canales,AR,1/1/2025,70
vender por instagram,Canales,AR,2/1/2025,90
vender por instagram,Canales,AR,3/1/2025,90
vender por instagram,Canales,AR,4/1/2025,90
vender por instagram,Canales,AR,5/1/2025,70
vender por instagram,Canales,AR,6/1/2025,50
vender por instagram,Canales,AR,7/1/2025,50
vender por instagram,Canales,AR,8/1/2025,70
vender por instagram,Canales,AR,9/1/2025,50
vender por instagram,Canales,AR,10/1/2025,50
vender por internet,Vender,AR,8/1/2021,320
vender por internet,Vender,AR,9/1/2021,260
vender por internet,Vender,AR,10/1/2021,210
vender por internet,Vender,AR,11/1/2021,170
vender por internet,Vender,AR,12/1/2021,140
vender por internet,Vender,AR,1/1/2022,260
vender por internet,Vender,AR,2/1/2022,210
vender por internet,Vender,AR,3/1/2022,210
vender por internet,Vender,AR,4/1/2022,210
vender por internet,Vender,AR,5/1/2022,210
vender por internet,Vender,AR,6/1/2022,210
vender por internet,Vender,AR,7/1/2022,210
vender por internet,Vender,AR,8/1/2022,210
vender por internet,Vender,AR,9/1/2022,260
vender por internet,Vender,AR,10/1/2022,170
vender por internet,Vender,AR,11/1/2022,170
vender por internet,Vender,AR,12/1/2022,140
vender por internet,Vender,AR,1/1/2023,260
vender por internet,Vender,AR,2/1/2023,210
vender por internet,Vender,AR,3/1/2023,260
vender por internet,Vender,AR,4/1/2023,210
vender por internet,Vender,AR,5/1/2023,210
vender por internet,Vender,AR,6/1/2023,170
vender por internet,Vender,AR,7/1/2023,260
vender por internet,Vender,AR,8/1/2023,210
vender por internet,Vender,AR,9/1/2023,210
vender por internet,Vender,AR,10/1/2023,170
vender por internet,Vender,AR,11/1/2023,140
vender por internet,Vender,AR,12/1/2023,140
vender por internet,Vender,AR,1/1/2024,260
vender por internet,Vender,AR,2/1/2024,210
vender por internet,Vender,AR,3/1/2024,170
vender por internet,Vender,AR,4/1/2024,210
vender por internet,Vender,AR,5/1/2024,210
vender por internet,Vender,AR,6/1/2024,110
vender por internet,Vender,AR,7/1/2024,140
vender por internet,Vender,AR,8/1/2024,140
vender por internet,Vender,AR,9/1/2024,140
vender por internet,Vender,AR,10/1/2024,140
vender por internet,Vender,AR,11/1/2024,90
vender por internet,Vender,AR,12/1/2024,110
vender por internet,Vender,AR,1/1/2025,170
vender por internet,Vender,AR,2/1/2025,110
vender por internet,Vender,AR,3/1/2025,140
vender por internet,Vender,AR,4/1/2025,140
vender por internet,Vender,AR,5/1/2025,110
vender por internet,Vender,AR,6/1/2025,110
vender por internet,Vender,AR,7/1/2025,90
vender por internet,Vender,AR,8/1/2025,110
vender por internet,Vender,AR,9/1/2025,90
vender por internet,Vender,AR,10/1/2025,90
venta instagram,Canales,AR,8/1/2021,20
venta instagram,Canales,AR,9/1/2021,10
venta instagram,Canales,AR,10/1/2021,20
venta instagram,Canales,AR,11/1/2021,20
venta instagram,Canales,AR,12/1/2021,10
venta instagram,Canales,AR,1/1/2022,10
venta instagram,Canales,AR,2/1/2022,10
venta instagram,Canales,AR,3/1/2022,20
venta instagram,Canales,AR,4/1/2022,10
venta instagram,Canales,AR,5/1/2022,10
venta instagram,Canales,AR,6/1/2022,20
venta instagram,Canales,AR,7/1/2022,10
venta instagram,Canales,AR,8/1/2022,10
venta instagram,Canales,AR,9/1/2022,10
venta instagram,Canales,AR,10/1/2022,10
venta instagram,Canales,AR,11/1/2022,10
venta instagram,Canales,AR,12/1/2022,10
venta instagram,Canales,AR,1/1/2023,10
venta instagram,Canales,AR,2/1/2023,20
venta instagram,Canales,AR,3/1/2023,30
venta instagram,Canales,AR,4/1/2023,20
venta instagram,Canales,AR,5/1/2023,10
venta instagram,Canales,AR,6/1/2023,10
venta instagram,Canales,AR,7/1/2023,10
venta instagram,Canales,AR,8/1/2023,10
venta instagram,Canales,AR,9/1/2023,10
venta instagram,Canales,AR,10/1/2023,10
venta instagram,Canales,AR,11/1/2023,20
venta instagram,Canales,AR,12/1/2023,10
venta instagram,Canales,AR,1/1/2024,10
venta instagram,Canales,AR,2/1/2024,20
venta instagram,Canales,AR,3/1/2024,20
venta instagram,Canales,AR,4/1/2024,10
venta instagram,Canales,AR,5/1/2024,20
venta instagram,Canales,AR,6/1/2024,10
venta instagram,Canales,AR,7/1/2024,10
venta instagram,Canales,AR,8/1/2024,10
venta instagram,Canales,AR,9/1/2024,10
venta instagram,Canales,AR,10/1/2024,10
venta instagram,Canales,AR,11/1/2024,10
venta instagram,Canales,AR,12/1/2024,10
venta instagram,Canales,AR,1/1/2025,10
venta instagram,Canales,AR,2/1/2025,10
venta instagram,Canales,AR,3/1/2025,10
venta instagram,Canales,AR,4/1/2025,10
venta instagram,Canales,AR,5/1/2025,10
venta instagram,Canales,AR,6/1/2025,10
venta instagram,Canales,AR,7/1/2025,20
venta instagram,Canales,AR,8/1/2025,10
venta instagram,Canales,AR,9/1/2025,10
venta instagram,Canales,AR,10/1/2025,10
ventas online,Vender,AR,8/1/2021,1600
ventas online,Vender,AR,9/1/2021,1600
ventas online,Vender,AR,10/1/2021,1300
ventas online,Vender,AR,11/1/2021,1300
ventas online,Vender,AR,12/1/2021,1000
ventas online,Vender,AR,1/1/2022,1300
ventas online,Vender,AR,2/1/2022,1300
ventas online,Vender,AR,3/1/2022,1300
ventas online,Vender,AR,4/1/2022,1300
ventas online,Vender,AR,5/1/2022,1600
ventas online,Vender,AR,6/1/2022,1300
ventas online,Vender,AR,7/1/2022,1300
ventas online,Vender,AR,8/1/2022,1600
ventas online,Vender,AR,9/1/2022,1300
ventas online,Vender,AR,10/1/2022,1300
ventas online,Vender,AR,11/1/2022,1300
ventas online,Vender,AR,12/1/2022,880
ventas online,Vender,AR,1/1/2023,1600
ventas online,Vender,AR,2/1/2023,1300
ventas online,Vender,AR,3/1/2023,1300
ventas online,Vender,AR,4/1/2023,1300
ventas online,Vender,AR,5/1/2023,1600
ventas online,Vender,AR,6/1/2023,1300
ventas online,Vender,AR,7/1/2023,1300
ventas online,Vender,AR,8/1/2023,1600
ventas online,Vender,AR,9/1/2023,1300
ventas online,Vender,AR,10/1/2023,1300
ventas online,Vender,AR,11/1/2023,1300
ventas online,Vender,AR,12/1/2023,1000
ventas online,Vender,AR,1/1/2024,1600
ventas online,Vender,AR,2/1/2024,1300
ventas online,Vender,AR,3/1/2024,1300
ventas online,Vender,AR,4/1/2024,1600
ventas online,Vender,AR,5/1/2024,1600
ventas online,Vender,AR,6/1/2024,1300
ventas online,Vender,AR,7/1/2024,1000
ventas online,Vender,AR,8/1/2024,1300
ventas online,Vender,AR,9/1/2024,1300
ventas online,Vender,AR,10/1/2024,1300
ventas online,Vender,AR,11/1/2024,1300
ventas online,Vender,AR,12/1/2024,1000
ventas online,Vender,AR,1/1/2025,1300
ventas online,Vender,AR,2/1/2025,1300
ventas online,Vender,AR,3/1/2025,1300
ventas online,Vender,AR,4/1/2025,1300
ventas online,Vender,AR,5/1/2025,1300
ventas online,Vender,AR,6/1/2025,1000
ventas online,Vender,AR,7/1/2025,1300
ventas online,Vender,AR,8/1/2025,1000
ventas online,Vender,AR,9/1/2025,1000
ventas online,Vender,AR,10/1/2025,880
ventas por internet,Vender,AR,8/1/2021,320
ventas por internet,Vender,AR,9/1/2021,260
ventas por internet,Vender,AR,10/1/2021,210
ventas por internet,Vender,AR,11/1/2021,210
ventas por internet,Vender,AR,12/1/2021,140
ventas por internet,Vender,AR,1/1/2022,170
ventas por internet,Vender,AR,2/1/2022,170
ventas por internet,Vender,AR,3/1/2022,210
ventas por internet,Vender,AR,4/1/2022,170
ventas por internet,Vender,AR,5/1/2022,210
ventas por internet,Vender,AR,6/1/2022,210
ventas por internet,Vender,AR,7/1/2022,210
ventas por internet,Vender,AR,8/1/2022,210
ventas por internet,Vender,AR,9/1/2022,210
ventas por internet,Vender,AR,10/1/2022,210
ventas por internet,Vender,AR,11/1/2022,170
ventas por internet,Vender,AR,12/1/2022,140
ventas por internet,Vender,AR,1/1/2023,210
ventas por internet,Vender,AR,2/1/2023,210
ventas por internet,Vender,AR,3/1/2023,210
ventas por internet,Vender,AR,4/1/2023,210
ventas por internet,Vender,AR,5/1/2023,170
ventas por internet,Vender,AR,6/1/2023,210
ventas por internet,Vender,AR,7/1/2023,170
ventas por internet,Vender,AR,8/1/2023,140
ventas por internet,Vender,AR,9/1/2023,170
ventas por internet,Vender,AR,10/1/2023,170
ventas por internet,Vender,AR,11/1/2023,170
ventas por internet,Vender,AR,12/1/2023,90
ventas por internet,Vender,AR,1/1/2024,210
ventas por internet,Vender,AR,2/1/2024,170
ventas por internet,Vender,AR,3/1/2024,140
ventas por internet,Vender,AR,4/1/2024,210
ventas por internet,Vender,AR,5/1/2024,170
ventas por internet,Vender,AR,6/1/2024,140
ventas por internet,Vender,AR,7/1/2024,140
ventas por internet,Vender,AR,8/1/2024,140
ventas por internet,Vender,AR,9/1/2024,110
ventas por internet,Vender,AR,10/1/2024,110
ventas por internet,Vender,AR,11/1/2024,110
ventas por internet,Vender,AR,12/1/2024,110
ventas por internet,Vender,AR,1/1/2025,110
ventas por internet,Vender,AR,2/1/2025,110
ventas por internet,Vender,AR,3/1/2025,140
ventas por internet,Vender,AR,4/1/2025,140
ventas por internet,Vender,AR,5/1/2025,140
ventas por internet,Vender,AR,6/1/2025,110
ventas por internet,Vender,AR,7/1/2025,90
ventas por internet,Vender,AR,8/1/2025,90
ventas por internet,Vender,AR,9/1/2025,110
ventas por internet,Vender,AR,10/1/2025,90
vtex,Branded,AR,8/1/2021,3600
vtex,Branded,AR,9/1/2021,3600
vtex,Branded,AR,10/1/2021,2900
vtex,Branded,AR,11/1/2021,2900
vtex,Branded,AR,12/1/2021,2400
vtex,Branded,AR,1/1/2022,2400
vtex,Branded,AR,2/1/2022,2400
vtex,Branded,AR,3/1/2022,2900
vtex,Branded,AR,4/1/2022,2900
vtex,Branded,AR,5/1/2022,3600
vtex,Branded,AR,6/1/2022,2900
vtex,Branded,AR,7/1/2022,2400
vtex,Branded,AR,8/1/2022,2900
vtex,Branded,AR,9/1/2022,3600
vtex,Branded,AR,10/1/2022,2400
vtex,Branded,AR,11/1/2022,2900
vtex,Branded,AR,12/1/2022,1900
vtex,Branded,AR,1/1/2023,2400
vtex,Branded,AR,2/1/2023,2400
vtex,Branded,AR,3/1/2023,2900
vtex,Branded,AR,4/1/2023,2900
vtex,Branded,AR,5/1/2023,2900
vtex,Branded,AR,6/1/2023,2900
vtex,Branded,AR,7/1/2023,2900
vtex,Branded,AR,8/1/2023,2900
vtex,Branded,AR,9/1/2023,2900
vtex,Branded,AR,10/1/2023,2400
vtex,Branded,AR,11/1/2023,2900
vtex,Branded,AR,12/1/2023,1900
vtex,Branded,AR,1/1/2024,2400
vtex,Branded,AR,2/1/2024,2400
vtex,Branded,AR,3/1/2024,2900
vtex,Branded,AR,4/1/2024,2900
vtex,Branded,AR,5/1/2024,3600
vtex,Branded,AR,6/1/2024,2400
vtex,Branded,AR,7/1/2024,2400
vtex,Branded,AR,8/1/2024,2900
vtex,Branded,AR,9/1/2024,2400
vtex,Branded,AR,10/1/2024,2400
vtex,Branded,AR,11/1/2024,2400
vtex,Branded,AR,12/1/2024,1900
vtex,Branded,AR,1/1/2025,2400
vtex,Branded,AR,2/1/2025,2400
vtex,Branded,AR,3/1/2025,2400
vtex,Branded,AR,4/1/2025,1900
vtex,Branded,AR,5/1/2025,2400
vtex,Branded,AR,6/1/2025,1900
vtex,Branded,AR,7/1/2025,2400
vtex,Branded,AR,8/1/2025,2400
vtex,Branded,AR,9/1/2025,2400
vtex,Branded,AR,10/1/2025,2400
wix,Branded,AR,8/1/2021,49500
wix,Branded,AR,9/1/2021,49500
wix,Branded,AR,10/1/2021,49500
wix,Branded,AR,11/1/2021,60500
wix,Branded,AR,12/1/2021,33100
wix,Branded,AR,1/1/2022,33100
wix,Branded,AR,2/1/2022,33100
wix,Branded,AR,3/1/2022,40500
wix,Branded,AR,4/1/2022,40500
wix,Branded,AR,5/1/2022,49500
wix,Branded,AR,6/1/2022,49500
wix,Branded,AR,7/1/2022,40500
wix,Branded,AR,8/1/2022,49500
wix,Branded,AR,9/1/2022,49500
wix,Branded,AR,10/1/2022,49500
wix,Branded,AR,11/1/2022,49500
wix,Branded,AR,12/1/2022,27100
wix,Branded,AR,1/1/2023,27100
wix,Branded,AR,2/1/2023,27100
wix,Branded,AR,3/1/2023,40500
wix,Branded,AR,4/1/2023,40500
wix,Branded,AR,5/1/2023,40500
wix,Branded,AR,6/1/2023,40500
wix,Branded,AR,7/1/2023,33100
wix,Branded,AR,8/1/2023,40500
wix,Branded,AR,9/1/2023,40500
wix,Branded,AR,10/1/2023,40500
wix,Branded,AR,11/1/2023,49500
wix,Branded,AR,12/1/2023,27100
wix,Branded,AR,1/1/2024,27100
wix,Branded,AR,2/1/2024,27100
wix,Branded,AR,3/1/2024,33100
wix,Branded,AR,4/1/2024,33100
wix,Branded,AR,5/1/2024,40500
wix,Branded,AR,6/1/2024,33100
wix,Branded,AR,7/1/2024,33100
wix,Branded,AR,8/1/2024,40500
wix,Branded,AR,9/1/2024,40500
wix,Branded,AR,10/1/2024,40500
wix,Branded,AR,11/1/2024,40500
wix,Branded,AR,12/1/2024,27100
wix,Branded,AR,1/1/2025,27100
wix,Branded,AR,2/1/2025,33100
wix,Branded,AR,3/1/2025,33100
wix,Branded,AR,4/1/2025,33100
wix,Branded,AR,5/1/2025,40500
wix,Branded,AR,6/1/2025,40500
wix,Branded,AR,7/1/2025,33100
wix,Branded,AR,8/1/2025,33100
wix,Branded,AR,9/1/2025,40500
wix,Branded,AR,10/1/2025,40500
woo commerce,Branded,AR,8/1/2021,5400
woo commerce,Branded,AR,9/1/2021,4400
woo commerce,Branded,AR,10/1/2021,3600
woo commerce,Branded,AR,11/1/2021,3600
woo commerce,Branded,AR,12/1/2021,2900
woo commerce,Branded,AR,1/1/2022,3600
woo commerce,Branded,AR,2/1/2022,3600
woo commerce,Branded,AR,3/1/2022,3600
woo commerce,Branded,AR,4/1/2022,3600
woo commerce,Branded,AR,5/1/2022,3600
woo commerce,Branded,AR,6/1/2022,3600
woo commerce,Branded,AR,7/1/2022,3600
woo commerce,Branded,AR,8/1/2022,3600
woo commerce,Branded,AR,9/1/2022,3600
woo commerce,Branded,AR,10/1/2022,2900
woo commerce,Branded,AR,11/1/2022,2900
woo commerce,Branded,AR,12/1/2022,2400
woo commerce,Branded,AR,1/1/2023,2900
woo commerce,Branded,AR,2/1/2023,2900
woo commerce,Branded,AR,3/1/2023,4400
woo commerce,Branded,AR,4/1/2023,3600
woo commerce,Branded,AR,5/1/2023,4400
woo commerce,Branded,AR,6/1/2023,3600
woo commerce,Branded,AR,7/1/2023,3600
woo commerce,Branded,AR,8/1/2023,3600
woo commerce,Branded,AR,9/1/2023,3600
woo commerce,Branded,AR,10/1/2023,3600
woo commerce,Branded,AR,11/1/2023,3600
woo commerce,Branded,AR,12/1/2023,2900
woo commerce,Branded,AR,1/1/2024,3600
woo commerce,Branded,AR,2/1/2024,3600
woo commerce,Branded,AR,3/1/2024,3600
woo commerce,Branded,AR,4/1/2024,4400
woo commerce,Branded,AR,5/1/2024,4400
woo commerce,Branded,AR,6/1/2024,4400
woo commerce,Branded,AR,7/1/2024,3600
woo commerce,Branded,AR,8/1/2024,3600
woo commerce,Branded,AR,9/1/2024,3600
woo commerce,Branded,AR,10/1/2024,3600
woo commerce,Branded,AR,11/1/2024,3600
woo commerce,Branded,AR,12/1/2024,2900
woo commerce,Branded,AR,1/1/2025,3600
woo commerce,Branded,AR,2/1/2025,3600
woo commerce,Branded,AR,3/1/2025,3600
woo commerce,Branded,AR,4/1/2025,3600
woo commerce,Branded,AR,5/1/2025,4400
woo commerce,Branded,AR,6/1/2025,3600
woo commerce,Branded,AR,7/1/2025,3600
woo commerce,Branded,AR,8/1/2025,3600
woo commerce,Branded,AR,9/1/2025,3600
woo commerce,Branded,AR,10/1/2025,3600
abrir loja virtual,DTC,BR,8/1/2021,1600
abrir loja virtual,DTC,BR,9/1/2021,1600
abrir loja virtual,DTC,BR,10/1/2021,1600
abrir loja virtual,DTC,BR,11/1/2021,1300
abrir loja virtual,DTC,BR,12/1/2021,1000
abrir loja virtual,DTC,BR,1/1/2022,1600
abrir loja virtual,DTC,BR,2/1/2022,1000
abrir loja virtual,DTC,BR,3/1/2022,1300
abrir loja virtual,DTC,BR,4/1/2022,1000
abrir loja virtual,DTC,BR,5/1/2022,1000
abrir loja virtual,DTC,BR,6/1/2022,1000
abrir loja virtual,DTC,BR,7/1/2022,1000
abrir loja virtual,DTC,BR,8/1/2022,1000
abrir loja virtual,DTC,BR,9/1/2022,1000
abrir loja virtual,DTC,BR,10/1/2022,880
abrir loja virtual,DTC,BR,11/1/2022,1000
abrir loja virtual,DTC,BR,12/1/2022,880
abrir loja virtual,DTC,BR,1/1/2023,1300
abrir loja virtual,DTC,BR,2/1/2023,1000
abrir loja virtual,DTC,BR,3/1/2023,1300
abrir loja virtual,DTC,BR,4/1/2023,1000
abrir loja virtual,DTC,BR,5/1/2023,1300
abrir loja virtual,DTC,BR,6/1/2023,1000
abrir loja virtual,DTC,BR,7/1/2023,1300
abrir loja virtual,DTC,BR,8/1/2023,1300
abrir loja virtual,DTC,BR,9/1/2023,1000
abrir loja virtual,DTC,BR,10/1/2023,1000
abrir loja virtual,DTC,BR,11/1/2023,880
abrir loja virtual,DTC,BR,12/1/2023,880
abrir loja virtual,DTC,BR,1/1/2024,1300
abrir loja virtual,DTC,BR,2/1/2024,880
abrir loja virtual,DTC,BR,3/1/2024,880
abrir loja virtual,DTC,BR,4/1/2024,880
abrir loja virtual,DTC,BR,5/1/2024,880
abrir loja virtual,DTC,BR,6/1/2024,880
abrir loja virtual,DTC,BR,7/1/2024,720
abrir loja virtual,DTC,BR,8/1/2024,590
abrir loja virtual,DTC,BR,9/1/2024,720
abrir loja virtual,DTC,BR,10/1/2024,590
abrir loja virtual,DTC,BR,11/1/2024,480
abrir loja virtual,DTC,BR,12/1/2024,390
abrir loja virtual,DTC,BR,1/1/2025,590
abrir loja virtual,DTC,BR,2/1/2025,390
abrir loja virtual,DTC,BR,3/1/2025,590
abrir loja virtual,DTC,BR,4/1/2025,480
abrir loja virtual,DTC,BR,5/1/2025,390
abrir loja virtual,DTC,BR,6/1/2025,390
abrir loja virtual,DTC,BR,7/1/2025,390
abrir loja virtual,DTC,BR,8/1/2025,320
abrir loja virtual,DTC,BR,9/1/2025,320
abrir loja virtual,DTC,BR,10/1/2025,320
amazon,Marketplace,BR,8/1/2021,9140000
amazon,Marketplace,BR,9/1/2021,7480000
amazon,Marketplace,BR,10/1/2021,7480000
amazon,Marketplace,BR,11/1/2021,11100000
amazon,Marketplace,BR,12/1/2021,9140000
amazon,Marketplace,BR,1/1/2022,9140000
amazon,Marketplace,BR,2/1/2022,7480000
amazon,Marketplace,BR,3/1/2022,9140000
amazon,Marketplace,BR,4/1/2022,7480000
amazon,Marketplace,BR,5/1/2022,9140000
amazon,Marketplace,BR,6/1/2022,9140000
amazon,Marketplace,BR,7/1/2022,11100000
amazon,Marketplace,BR,8/1/2022,9140000
amazon,Marketplace,BR,9/1/2022,9140000
amazon,Marketplace,BR,10/1/2022,9140000
amazon,Marketplace,BR,11/1/2022,11100000
amazon,Marketplace,BR,12/1/2022,11100000
amazon,Marketplace,BR,1/1/2023,11100000
amazon,Marketplace,BR,2/1/2023,9140000
amazon,Marketplace,BR,3/1/2023,11100000
amazon,Marketplace,BR,4/1/2023,9140000
amazon,Marketplace,BR,5/1/2023,11100000
amazon,Marketplace,BR,6/1/2023,9140000
amazon,Marketplace,BR,7/1/2023,13600000
amazon,Marketplace,BR,8/1/2023,11100000
amazon,Marketplace,BR,9/1/2023,11100000
amazon,Marketplace,BR,10/1/2023,11100000
amazon,Marketplace,BR,11/1/2023,13600000
amazon,Marketplace,BR,12/1/2023,11100000
amazon,Marketplace,BR,1/1/2024,13600000
amazon,Marketplace,BR,2/1/2024,11100000
amazon,Marketplace,BR,3/1/2024,11100000
amazon,Marketplace,BR,4/1/2024,11100000
amazon,Marketplace,BR,5/1/2024,11100000
amazon,Marketplace,BR,6/1/2024,11100000
amazon,Marketplace,BR,7/1/2024,13600000
amazon,Marketplace,BR,8/1/2024,11100000
amazon,Marketplace,BR,9/1/2024,11100000
amazon,Marketplace,BR,10/1/2024,11100000
amazon,Marketplace,BR,11/1/2024,13600000
amazon,Marketplace,BR,12/1/2024,11100000
amazon,Marketplace,BR,1/1/2025,11100000
amazon,Marketplace,BR,2/1/2025,9140000
amazon,Marketplace,BR,3/1/2025,11100000
amazon,Marketplace,BR,4/1/2025,11100000
amazon,Marketplace,BR,5/1/2025,11100000
amazon,Marketplace,BR,6/1/2025,11100000
amazon,Marketplace,BR,7/1/2025,13600000
amazon,Marketplace,BR,8/1/2025,11100000
amazon,Marketplace,BR,9/1/2025,9140000
amazon,Marketplace,BR,10/1/2025,11100000
americanas,Marketplace,BR,8/1/2021,6120000
americanas,Marketplace,BR,9/1/2021,5000000
americanas,Marketplace,BR,10/1/2021,6120000
americanas,Marketplace,BR,11/1/2021,9140000
americanas,Marketplace,BR,12/1/2021,7480000
americanas,Marketplace,BR,1/1/2022,7480000
americanas,Marketplace,BR,2/1/2022,7480000
americanas,Marketplace,BR,3/1/2022,6120000
americanas,Marketplace,BR,4/1/2022,6120000
americanas,Marketplace,BR,5/1/2022,5000000
americanas,Marketplace,BR,6/1/2022,5000000
americanas,Marketplace,BR,7/1/2022,5000000
americanas,Marketplace,BR,8/1/2022,5000000
americanas,Marketplace,BR,9/1/2022,5000000
americanas,Marketplace,BR,10/1/2022,5000000
americanas,Marketplace,BR,11/1/2022,7480000
americanas,Marketplace,BR,12/1/2022,5000000
americanas,Marketplace,BR,1/1/2023,7480000
americanas,Marketplace,BR,2/1/2023,3350000
americanas,Marketplace,BR,3/1/2023,3350000
americanas,Marketplace,BR,4/1/2023,3350000
americanas,Marketplace,BR,5/1/2023,2740000
americanas,Marketplace,BR,6/1/2023,2240000
americanas,Marketplace,BR,7/1/2023,2240000
americanas,Marketplace,BR,8/1/2023,2240000
americanas,Marketplace,BR,9/1/2023,2240000
americanas,Marketplace,BR,10/1/2023,2740000
americanas,Marketplace,BR,11/1/2023,4090000
americanas,Marketplace,BR,12/1/2023,3350000
americanas,Marketplace,BR,1/1/2024,2740000
americanas,Marketplace,BR,2/1/2024,2240000
americanas,Marketplace,BR,3/1/2024,3350000
americanas,Marketplace,BR,4/1/2024,2240000
americanas,Marketplace,BR,5/1/2024,2240000
americanas,Marketplace,BR,6/1/2024,1830000
americanas,Marketplace,BR,7/1/2024,1830000
americanas,Marketplace,BR,8/1/2024,1830000
americanas,Marketplace,BR,9/1/2024,1830000
americanas,Marketplace,BR,10/1/2024,1830000
americanas,Marketplace,BR,11/1/2024,2740000
americanas,Marketplace,BR,12/1/2024,2240000
americanas,Marketplace,BR,1/1/2025,1830000
americanas,Marketplace,BR,2/1/2025,1500000
americanas,Marketplace,BR,3/1/2025,1830000
americanas,Marketplace,BR,4/1/2025,2740000
americanas,Marketplace,BR,5/1/2025,1500000
americanas,Marketplace,BR,6/1/2025,1500000
americanas,Marketplace,BR,7/1/2025,1500000
americanas,Marketplace,BR,8/1/2025,1500000
americanas,Marketplace,BR,9/1/2025,1220000
americanas,Marketplace,BR,10/1/2025,1500000
bagy,Branded,BR,8/1/2021,6600
bagy,Branded,BR,9/1/2021,6600
bagy,Branded,BR,10/1/2021,6600
bagy,Branded,BR,11/1/2021,6600
bagy,Branded,BR,12/1/2021,5400
bagy,Branded,BR,1/1/2022,8100
bagy,Branded,BR,2/1/2022,8100
bagy,Branded,BR,3/1/2022,8100
bagy,Branded,BR,4/1/2022,6600
bagy,Branded,BR,5/1/2022,6600
bagy,Branded,BR,6/1/2022,6600
bagy,Branded,BR,7/1/2022,5400
bagy,Branded,BR,8/1/2022,5400
bagy,Branded,BR,9/1/2022,6600
bagy,Branded,BR,10/1/2022,5400
bagy,Branded,BR,11/1/2022,5400
bagy,Branded,BR,12/1/2022,4400
bagy,Branded,BR,1/1/2023,6600
bagy,Branded,BR,2/1/2023,8100
bagy,Branded,BR,3/1/2023,14800
bagy,Branded,BR,4/1/2023,9900
bagy,Branded,BR,5/1/2023,12100
bagy,Branded,BR,6/1/2023,9900
bagy,Branded,BR,7/1/2023,12100
bagy,Branded,BR,8/1/2023,12100
bagy,Branded,BR,9/1/2023,12100
bagy,Branded,BR,10/1/2023,14800
bagy,Branded,BR,11/1/2023,12100
bagy,Branded,BR,12/1/2023,8100
bagy,Branded,BR,1/1/2024,12100
bagy,Branded,BR,2/1/2024,12100
bagy,Branded,BR,3/1/2024,12100
bagy,Branded,BR,4/1/2024,12100
bagy,Branded,BR,5/1/2024,12100
bagy,Branded,BR,6/1/2024,12100
bagy,Branded,BR,7/1/2024,12100
bagy,Branded,BR,8/1/2024,12100
bagy,Branded,BR,9/1/2024,9900
bagy,Branded,BR,10/1/2024,12100
bagy,Branded,BR,11/1/2024,12100
bagy,Branded,BR,12/1/2024,9900
bagy,Branded,BR,1/1/2025,12100
bagy,Branded,BR,2/1/2025,12100
bagy,Branded,BR,3/1/2025,12100
bagy,Branded,BR,4/1/2025,12100
bagy,Branded,BR,5/1/2025,12100
bagy,Branded,BR,6/1/2025,9900
bagy,Branded,BR,7/1/2025,12100
bagy,Branded,BR,8/1/2025,9900
bagy,Branded,BR,9/1/2025,9900
bagy,Branded,BR,10/1/2025,12100
catalogo online,DTC,BR,8/1/2021,4400
catalogo online,DTC,BR,9/1/2021,4400
catalogo online,DTC,BR,10/1/2021,4400
catalogo online,DTC,BR,11/1/2021,4400
catalogo online,DTC,BR,12/1/2021,2900
catalogo online,DTC,BR,1/1/2022,4400
catalogo online,DTC,BR,2/1/2022,3600
catalogo online,DTC,BR,3/1/2022,4400
catalogo online,DTC,BR,4/1/2022,3600
catalogo online,DTC,BR,5/1/2022,3600
catalogo online,DTC,BR,6/1/2022,3600
catalogo online,DTC,BR,7/1/2022,3600
catalogo online,DTC,BR,8/1/2022,3600
catalogo online,DTC,BR,9/1/2022,3600
catalogo online,DTC,BR,10/1/2022,3600
catalogo online,DTC,BR,11/1/2022,2900
catalogo online,DTC,BR,12/1/2022,2900
catalogo online,DTC,BR,1/1/2023,3600
catalogo online,DTC,BR,2/1/2023,3600
catalogo online,DTC,BR,3/1/2023,3600
catalogo online,DTC,BR,4/1/2023,3600
catalogo online,DTC,BR,5/1/2023,3600
catalogo online,DTC,BR,6/1/2023,3600
catalogo online,DTC,BR,7/1/2023,3600
catalogo online,DTC,BR,8/1/2023,4400
catalogo online,DTC,BR,9/1/2023,3600
catalogo online,DTC,BR,10/1/2023,3600
catalogo online,DTC,BR,11/1/2023,3600
catalogo online,DTC,BR,12/1/2023,2900
catalogo online,DTC,BR,1/1/2024,4400
catalogo online,DTC,BR,2/1/2024,4400
catalogo online,DTC,BR,3/1/2024,4400
catalogo online,DTC,BR,4/1/2024,4400
catalogo online,DTC,BR,5/1/2024,4400
catalogo online,DTC,BR,6/1/2024,4400
catalogo online,DTC,BR,7/1/2024,4400
catalogo online,DTC,BR,8/1/2024,4400
catalogo online,DTC,BR,9/1/2024,3600
catalogo online,DTC,BR,10/1/2024,3600
catalogo online,DTC,BR,11/1/2024,3600
catalogo online,DTC,BR,12/1/2024,2900
catalogo online,DTC,BR,1/1/2025,3600
catalogo online,DTC,BR,2/1/2025,3600
catalogo online,DTC,BR,3/1/2025,3600
catalogo online,DTC,BR,4/1/2025,3600
catalogo online,DTC,BR,5/1/2025,3600
catalogo online,DTC,BR,6/1/2025,2900
catalogo online,DTC,BR,7/1/2025,2900
catalogo online,DTC,BR,8/1/2025,2900
catalogo online,DTC,BR,9/1/2025,2900
catalogo online,DTC,BR,10/1/2025,2400
comercio eletronico,E-commerce,BR,8/1/2021,1600
comercio eletronico,E-commerce,BR,9/1/2021,1600
comercio eletronico,E-commerce,BR,10/1/2021,1900
comercio eletronico,E-commerce,BR,11/1/2021,1900
comercio eletronico,E-commerce,BR,12/1/2021,1000
comercio eletronico,E-commerce,BR,1/1/2022,1000
comercio eletronico,E-commerce,BR,2/1/2022,1000
comercio eletronico,E-commerce,BR,3/1/2022,1600
comercio eletronico,E-commerce,BR,4/1/2022,1300
comercio eletronico,E-commerce,BR,5/1/2022,2400
comercio eletronico,E-commerce,BR,6/1/2022,1900
comercio eletronico,E-commerce,BR,7/1/2022,1000
comercio eletronico,E-commerce,BR,8/1/2022,1600
comercio eletronico,E-commerce,BR,9/1/2022,1600
comercio eletronico,E-commerce,BR,10/1/2022,1600
comercio eletronico,E-commerce,BR,11/1/2022,1600
comercio eletronico,E-commerce,BR,12/1/2022,720
comercio eletronico,E-commerce,BR,1/1/2023,880
comercio eletronico,E-commerce,BR,2/1/2023,1000
comercio eletronico,E-commerce,BR,3/1/2023,1600
comercio eletronico,E-commerce,BR,4/1/2023,880
comercio eletronico,E-commerce,BR,5/1/2023,1300
comercio eletronico,E-commerce,BR,6/1/2023,1300
comercio eletronico,E-commerce,BR,7/1/2023,720
comercio eletronico,E-commerce,BR,8/1/2023,1000
comercio eletronico,E-commerce,BR,9/1/2023,880
comercio eletronico,E-commerce,BR,10/1/2023,1000
comercio eletronico,E-commerce,BR,11/1/2023,720
comercio eletronico,E-commerce,BR,12/1/2023,390
comercio eletronico,E-commerce,BR,1/1/2024,390
comercio eletronico,E-commerce,BR,2/1/2024,480
comercio eletronico,E-commerce,BR,3/1/2024,880
comercio eletronico,E-commerce,BR,4/1/2024,880
comercio eletronico,E-commerce,BR,5/1/2024,880
comercio eletronico,E-commerce,BR,6/1/2024,880
comercio eletronico,E-commerce,BR,7/1/2024,590
comercio eletronico,E-commerce,BR,8/1/2024,720
comercio eletronico,E-commerce,BR,9/1/2024,720
comercio eletronico,E-commerce,BR,10/1/2024,720
comercio eletronico,E-commerce,BR,11/1/2024,590
comercio eletronico,E-commerce,BR,12/1/2024,320
comercio eletronico,E-commerce,BR,1/1/2025,390
comercio eletronico,E-commerce,BR,2/1/2025,390
comercio eletronico,E-commerce,BR,3/1/2025,480
comercio eletronico,E-commerce,BR,4/1/2025,590
comercio eletronico,E-commerce,BR,5/1/2025,480
comercio eletronico,E-commerce,BR,6/1/2025,390
comercio eletronico,E-commerce,BR,7/1/2025,320
comercio eletronico,E-commerce,BR,8/1/2025,390
comercio eletronico,E-commerce,BR,9/1/2025,480
comercio eletronico,E-commerce,BR,10/1/2025,320
como abrir loja virtual,DTC,BR,8/1/2021,8100
como abrir loja virtual,DTC,BR,9/1/2021,6600
como abrir loja virtual,DTC,BR,10/1/2021,6600
como abrir loja virtual,DTC,BR,11/1/2021,6600
como abrir loja virtual,DTC,BR,12/1/2021,5400
como abrir loja virtual,DTC,BR,1/1/2022,8100
como abrir loja virtual,DTC,BR,2/1/2022,5400
como abrir loja virtual,DTC,BR,3/1/2022,6600
como abrir loja virtual,DTC,BR,4/1/2022,5400
como abrir loja virtual,DTC,BR,5/1/2022,5400
como abrir loja virtual,DTC,BR,6/1/2022,5400
como abrir loja virtual,DTC,BR,7/1/2022,5400
como abrir loja virtual,DTC,BR,8/1/2022,5400
como abrir loja virtual,DTC,BR,9/1/2022,5400
como abrir loja virtual,DTC,BR,10/1/2022,4400
como abrir loja virtual,DTC,BR,11/1/2022,5400
como abrir loja virtual,DTC,BR,12/1/2022,5400
como abrir loja virtual,DTC,BR,1/1/2023,8100
como abrir loja virtual,DTC,BR,2/1/2023,5400
como abrir loja virtual,DTC,BR,3/1/2023,6600
como abrir loja virtual,DTC,BR,4/1/2023,5400
como abrir loja virtual,DTC,BR,5/1/2023,6600
como abrir loja virtual,DTC,BR,6/1/2023,5400
como abrir loja virtual,DTC,BR,7/1/2023,6600
como abrir loja virtual,DTC,BR,8/1/2023,6600
como abrir loja virtual,DTC,BR,9/1/2023,5400
como abrir loja virtual,DTC,BR,10/1/2023,5400
como abrir loja virtual,DTC,BR,11/1/2023,5400
como abrir loja virtual,DTC,BR,12/1/2023,4400
como abrir loja virtual,DTC,BR,1/1/2024,8100
como abrir loja virtual,DTC,BR,2/1/2024,5400
como abrir loja virtual,DTC,BR,3/1/2024,5400
como abrir loja virtual,DTC,BR,4/1/2024,5400
como abrir loja virtual,DTC,BR,5/1/2024,5400
como abrir loja virtual,DTC,BR,6/1/2024,4400
como abrir loja virtual,DTC,BR,7/1/2024,4400
como abrir loja virtual,DTC,BR,8/1/2024,4400
como abrir loja virtual,DTC,BR,9/1/2024,3600
como abrir loja virtual,DTC,BR,10/1/2024,4400
como abrir loja virtual,DTC,BR,11/1/2024,3600
como abrir loja virtual,DTC,BR,12/1/2024,2900
como abrir loja virtual,DTC,BR,1/1/2025,4400
como abrir loja virtual,DTC,BR,2/1/2025,2900
como abrir loja virtual,DTC,BR,3/1/2025,3600
como abrir loja virtual,DTC,BR,4/1/2025,3600
como abrir loja virtual,DTC,BR,5/1/2025,2900
como abrir loja virtual,DTC,BR,6/1/2025,2900
como abrir loja virtual,DTC,BR,7/1/2025,2400
como abrir loja virtual,DTC,BR,8/1/2025,2400
como abrir loja virtual,DTC,BR,9/1/2025,2400
como abrir loja virtual,DTC,BR,10/1/2025,2400
como abrir um e comerce,DTC,BR,8/1/2021,20
como abrir um e comerce,DTC,BR,9/1/2021,20
como abrir um e comerce,DTC,BR,10/1/2021,10
como abrir um e comerce,DTC,BR,11/1/2021,20
como abrir um e comerce,DTC,BR,12/1/2021,10
como abrir um e comerce,DTC,BR,1/1/2022,10
como abrir um e comerce,DTC,BR,2/1/2022,10
como abrir um e comerce,DTC,BR,3/1/2022,10
como abrir um e comerce,DTC,BR,4/1/2022,10
como abrir um e comerce,DTC,BR,5/1/2022,20
como abrir um e comerce,DTC,BR,6/1/2022,10
como abrir um e comerce,DTC,BR,7/1/2022,10
como abrir um e comerce,DTC,BR,8/1/2022,10
como abrir um e comerce,DTC,BR,9/1/2022,10
como abrir um e comerce,DTC,BR,10/1/2022,10
como abrir um e comerce,DTC,BR,11/1/2022,10
como abrir um e comerce,DTC,BR,12/1/2022,10
como abrir um e comerce,DTC,BR,1/1/2023,20
como abrir um e comerce,DTC,BR,2/1/2023,20
como abrir um e comerce,DTC,BR,3/1/2023,20
como abrir um e comerce,DTC,BR,4/1/2023,20
como abrir um e comerce,DTC,BR,5/1/2023,20
como abrir um e comerce,DTC,BR,6/1/2023,10
como abrir um e comerce,DTC,BR,7/1/2023,20
como abrir um e comerce,DTC,BR,8/1/2023,10
como abrir um e comerce,DTC,BR,9/1/2023,20
como abrir um e comerce,DTC,BR,10/1/2023,10
como abrir um e comerce,DTC,BR,11/1/2023,10
como abrir um e comerce,DTC,BR,12/1/2023,10
como abrir um e comerce,DTC,BR,1/1/2024,10
como abrir um e comerce,DTC,BR,2/1/2024,10
como abrir um e comerce,DTC,BR,3/1/2024,0
como abrir um e comerce,DTC,BR,4/1/2024,0
como abrir um e comerce,DTC,BR,5/1/2024,0
como abrir um e comerce,DTC,BR,6/1/2024,10
como abrir um e comerce,DTC,BR,7/1/2024,0
como abrir um e comerce,DTC,BR,8/1/2024,0
como abrir um e comerce,DTC,BR,9/1/2024,0
como abrir um e comerce,DTC,BR,10/1/2024,10
como abrir um e comerce,DTC,BR,11/1/2024,0
como abrir um e comerce,DTC,BR,12/1/2024,10
como abrir um e comerce,DTC,BR,1/1/2025,10
como abrir um e comerce,DTC,BR,2/1/2025,0
como abrir um e comerce,DTC,BR,3/1/2025,0
como abrir um e comerce,DTC,BR,4/1/2025,0
como abrir um e comerce,DTC,BR,5/1/2025,10
como abrir um e comerce,DTC,BR,6/1/2025,0
como abrir um e comerce,DTC,BR,7/1/2025,0
como abrir um e comerce,DTC,BR,8/1/2025,0
como abrir um e comerce,DTC,BR,9/1/2025,0
como abrir um e comerce,DTC,BR,10/1/2025,0
como abrir um ecommerce,DTC,BR,8/1/2021,720
como abrir um ecommerce,DTC,BR,9/1/2021,590
como abrir um ecommerce,DTC,BR,10/1/2021,720
como abrir um ecommerce,DTC,BR,11/1/2021,590
como abrir um ecommerce,DTC,BR,12/1/2021,480
como abrir um ecommerce,DTC,BR,1/1/2022,720
como abrir um ecommerce,DTC,BR,2/1/2022,480
como abrir um ecommerce,DTC,BR,3/1/2022,590
como abrir um ecommerce,DTC,BR,4/1/2022,590
como abrir um ecommerce,DTC,BR,5/1/2022,590
como abrir um ecommerce,DTC,BR,6/1/2022,480
como abrir um ecommerce,DTC,BR,7/1/2022,480
como abrir um ecommerce,DTC,BR,8/1/2022,480
como abrir um ecommerce,DTC,BR,9/1/2022,480
como abrir um ecommerce,DTC,BR,10/1/2022,480
como abrir um ecommerce,DTC,BR,11/1/2022,480
como abrir um ecommerce,DTC,BR,12/1/2022,390
como abrir um ecommerce,DTC,BR,1/1/2023,720
como abrir um ecommerce,DTC,BR,2/1/2023,480
como abrir um ecommerce,DTC,BR,3/1/2023,590
como abrir um ecommerce,DTC,BR,4/1/2023,480
como abrir um ecommerce,DTC,BR,5/1/2023,590
como abrir um ecommerce,DTC,BR,6/1/2023,480
como abrir um ecommerce,DTC,BR,7/1/2023,480
como abrir um ecommerce,DTC,BR,8/1/2023,480
como abrir um ecommerce,DTC,BR,9/1/2023,390
como abrir um ecommerce,DTC,BR,10/1/2023,390
como abrir um ecommerce,DTC,BR,11/1/2023,390
como abrir um ecommerce,DTC,BR,12/1/2023,390
como abrir um ecommerce,DTC,BR,1/1/2024,590
como abrir um ecommerce,DTC,BR,2/1/2024,590
como abrir um ecommerce,DTC,BR,3/1/2024,590
como abrir um ecommerce,DTC,BR,4/1/2024,590
como abrir um ecommerce,DTC,BR,5/1/2024,590
como abrir um ecommerce,DTC,BR,6/1/2024,480
como abrir um ecommerce,DTC,BR,7/1/2024,390
como abrir um ecommerce,DTC,BR,8/1/2024,480
como abrir um ecommerce,DTC,BR,9/1/2024,480
como abrir um ecommerce,DTC,BR,10/1/2024,480
como abrir um ecommerce,DTC,BR,11/1/2024,390
como abrir um ecommerce,DTC,BR,12/1/2024,390
como abrir um ecommerce,DTC,BR,1/1/2025,480
como abrir um ecommerce,DTC,BR,2/1/2025,480
como abrir um ecommerce,DTC,BR,3/1/2025,480
como abrir um ecommerce,DTC,BR,4/1/2025,480
como abrir um ecommerce,DTC,BR,5/1/2025,390
como abrir um ecommerce,DTC,BR,6/1/2025,390
como abrir um ecommerce,DTC,BR,7/1/2025,480
como abrir um ecommerce,DTC,BR,8/1/2025,320
como abrir um ecommerce,DTC,BR,9/1/2025,320
como abrir um ecommerce,DTC,BR,10/1/2025,390
como criar loja no instagram,Canais,BR,8/1/2021,2400
como criar loja no instagram,Canais,BR,9/1/2021,2400
como criar loja no instagram,Canais,BR,10/1/2021,2400
como criar loja no instagram,Canais,BR,11/1/2021,2400
como criar loja no instagram,Canais,BR,12/1/2021,1600
como criar loja no instagram,Canais,BR,1/1/2022,2400
como criar loja no instagram,Canais,BR,2/1/2022,1900
como criar loja no instagram,Canais,BR,3/1/2022,2400
como criar loja no instagram,Canais,BR,4/1/2022,2400
como criar loja no instagram,Canais,BR,5/1/2022,2400
como criar loja no instagram,Canais,BR,6/1/2022,1900
como criar loja no instagram,Canais,BR,7/1/2022,1900
como criar loja no instagram,Canais,BR,8/1/2022,1900
como criar loja no instagram,Canais,BR,9/1/2022,1900
como criar loja no instagram,Canais,BR,10/1/2022,1900
como criar loja no instagram,Canais,BR,11/1/2022,1900
como criar loja no instagram,Canais,BR,12/1/2022,1600
como criar loja no instagram,Canais,BR,1/1/2023,2400
como criar loja no instagram,Canais,BR,2/1/2023,1900
como criar loja no instagram,Canais,BR,3/1/2023,1900
como criar loja no instagram,Canais,BR,4/1/2023,1900
como criar loja no instagram,Canais,BR,5/1/2023,1900
como criar loja no instagram,Canais,BR,6/1/2023,1900
como criar loja no instagram,Canais,BR,7/1/2023,1900
como criar loja no instagram,Canais,BR,8/1/2023,1900
como criar loja no instagram,Canais,BR,9/1/2023,1600
como criar loja no instagram,Canais,BR,10/1/2023,1900
como criar loja no instagram,Canais,BR,11/1/2023,1600
como criar loja no instagram,Canais,BR,12/1/2023,1000
como criar loja no instagram,Canais,BR,1/1/2024,1600
como criar loja no instagram,Canais,BR,2/1/2024,1300
como criar loja no instagram,Canais,BR,3/1/2024,1300
como criar loja no instagram,Canais,BR,4/1/2024,1300
como criar loja no instagram,Canais,BR,5/1/2024,1000
como criar loja no instagram,Canais,BR,6/1/2024,880
como criar loja no instagram,Canais,BR,7/1/2024,1000
como criar loja no instagram,Canais,BR,8/1/2024,880
como criar loja no instagram,Canais,BR,9/1/2024,880
como criar loja no instagram,Canais,BR,10/1/2024,1000
como criar loja no instagram,Canais,BR,11/1/2024,880
como criar loja no instagram,Canais,BR,12/1/2024,720
como criar loja no instagram,Canais,BR,1/1/2025,880
como criar loja no instagram,Canais,BR,2/1/2025,720
como criar loja no instagram,Canais,BR,3/1/2025,720
como criar loja no instagram,Canais,BR,4/1/2025,720
como criar loja no instagram,Canais,BR,5/1/2025,880
como criar loja no instagram,Canais,BR,6/1/2025,590
como criar loja no instagram,Canais,BR,7/1/2025,590
como criar loja no instagram,Canais,BR,8/1/2025,590
como criar loja no instagram,Canais,BR,9/1/2025,480
como criar loja no instagram,Canais,BR,10/1/2025,480
como criar loja virtual,DTC,BR,8/1/2021,6600
como criar loja virtual,DTC,BR,9/1/2021,5400
como criar loja virtual,DTC,BR,10/1/2021,5400
como criar loja virtual,DTC,BR,11/1/2021,4400
como criar loja virtual,DTC,BR,12/1/2021,3600
como criar loja virtual,DTC,BR,1/1/2022,5400
como criar loja virtual,DTC,BR,2/1/2022,4400
como criar loja virtual,DTC,BR,3/1/2022,4400
como criar loja virtual,DTC,BR,4/1/2022,3600
como criar loja virtual,DTC,BR,5/1/2022,4400
como criar loja virtual,DTC,BR,6/1/2022,3600
como criar loja virtual,DTC,BR,7/1/2022,4400
como criar loja virtual,DTC,BR,8/1/2022,4400
como criar loja virtual,DTC,BR,9/1/2022,4400
como criar loja virtual,DTC,BR,10/1/2022,4400
como criar loja virtual,DTC,BR,11/1/2022,4400
como criar loja virtual,DTC,BR,12/1/2022,4400
como criar loja virtual,DTC,BR,1/1/2023,6600
como criar loja virtual,DTC,BR,2/1/2023,4400
como criar loja virtual,DTC,BR,3/1/2023,5400
como criar loja virtual,DTC,BR,4/1/2023,5400
como criar loja virtual,DTC,BR,5/1/2023,5400
como criar loja virtual,DTC,BR,6/1/2023,5400
como criar loja virtual,DTC,BR,7/1/2023,5400
como criar loja virtual,DTC,BR,8/1/2023,5400
como criar loja virtual,DTC,BR,9/1/2023,5400
como criar loja virtual,DTC,BR,10/1/2023,5400
como criar loja virtual,DTC,BR,11/1/2023,4400
como criar loja virtual,DTC,BR,12/1/2023,3600
como criar loja virtual,DTC,BR,1/1/2024,6600
como criar loja virtual,DTC,BR,2/1/2024,4400
como criar loja virtual,DTC,BR,3/1/2024,4400
como criar loja virtual,DTC,BR,4/1/2024,4400
como criar loja virtual,DTC,BR,5/1/2024,4400
como criar loja virtual,DTC,BR,6/1/2024,4400
como criar loja virtual,DTC,BR,7/1/2024,4400
como criar loja virtual,DTC,BR,8/1/2024,3600
como criar loja virtual,DTC,BR,9/1/2024,3600
como criar loja virtual,DTC,BR,10/1/2024,4400
como criar loja virtual,DTC,BR,11/1/2024,3600
como criar loja virtual,DTC,BR,12/1/2024,2900
como criar loja virtual,DTC,BR,1/1/2025,4400
como criar loja virtual,DTC,BR,2/1/2025,3600
como criar loja virtual,DTC,BR,3/1/2025,4400
como criar loja virtual,DTC,BR,4/1/2025,3600
como criar loja virtual,DTC,BR,5/1/2025,3600
como criar loja virtual,DTC,BR,6/1/2025,3600
como criar loja virtual,DTC,BR,7/1/2025,3600
como criar loja virtual,DTC,BR,8/1/2025,2900
como criar loja virtual,DTC,BR,9/1/2025,2900
como criar loja virtual,DTC,BR,10/1/2025,2900
como criar site de vendas,DTC,BR,8/1/2021,8100
como criar site de vendas,DTC,BR,9/1/2021,6600
como criar site de vendas,DTC,BR,10/1/2021,6600
como criar site de vendas,DTC,BR,11/1/2021,6600
como criar site de vendas,DTC,BR,12/1/2021,4400
como criar site de vendas,DTC,BR,1/1/2022,6600
como criar site de vendas,DTC,BR,2/1/2022,6600
como criar site de vendas,DTC,BR,3/1/2022,6600
como criar site de vendas,DTC,BR,4/1/2022,5400
como criar site de vendas,DTC,BR,5/1/2022,5400
como criar site de vendas,DTC,BR,6/1/2022,5400
como criar site de vendas,DTC,BR,7/1/2022,5400
como criar site de vendas,DTC,BR,8/1/2022,5400
como criar site de vendas,DTC,BR,9/1/2022,5400
como criar site de vendas,DTC,BR,10/1/2022,4400
como criar site de vendas,DTC,BR,11/1/2022,5400
como criar site de vendas,DTC,BR,12/1/2022,4400
como criar site de vendas,DTC,BR,1/1/2023,6600
como criar site de vendas,DTC,BR,2/1/2023,6600
como criar site de vendas,DTC,BR,3/1/2023,6600
como criar site de vendas,DTC,BR,4/1/2023,6600
como criar site de vendas,DTC,BR,5/1/2023,6600
como criar site de vendas,DTC,BR,6/1/2023,6600
como criar site de vendas,DTC,BR,7/1/2023,8100
como criar site de vendas,DTC,BR,8/1/2023,6600
como criar site de vendas,DTC,BR,9/1/2023,6600
como criar site de vendas,DTC,BR,10/1/2023,6600
como criar site de vendas,DTC,BR,11/1/2023,5400
como criar site de vendas,DTC,BR,12/1/2023,4400
como criar site de vendas,DTC,BR,1/1/2024,8100
como criar site de vendas,DTC,BR,2/1/2024,6600
como criar site de vendas,DTC,BR,3/1/2024,6600
como criar site de vendas,DTC,BR,4/1/2024,6600
como criar site de vendas,DTC,BR,5/1/2024,6600
como criar site de vendas,DTC,BR,6/1/2024,5400
como criar site de vendas,DTC,BR,7/1/2024,6600
como criar site de vendas,DTC,BR,8/1/2024,5400
como criar site de vendas,DTC,BR,9/1/2024,5400
como criar site de vendas,DTC,BR,10/1/2024,5400
como criar site de vendas,DTC,BR,11/1/2024,5400
como criar site de vendas,DTC,BR,12/1/2024,4400
como criar site de vendas,DTC,BR,1/1/2025,6600
como criar site de vendas,DTC,BR,2/1/2025,5400
como criar site de vendas,DTC,BR,3/1/2025,5400
como criar site de vendas,DTC,BR,4/1/2025,5400
como criar site de vendas,DTC,BR,5/1/2025,5400
como criar site de vendas,DTC,BR,6/1/2025,4400
como criar site de vendas,DTC,BR,7/1/2025,5400
como criar site de vendas,DTC,BR,8/1/2025,4400
como criar site de vendas,DTC,BR,9/1/2025,4400
como criar site de vendas,DTC,BR,10/1/2025,4400
como criar um e commerce,DTC,BR,8/1/2021,720
como criar um e commerce,DTC,BR,9/1/2021,480
como criar um e commerce,DTC,BR,10/1/2021,590
como criar um e commerce,DTC,BR,11/1/2021,590
como criar um e commerce,DTC,BR,12/1/2021,480
como criar um e commerce,DTC,BR,1/1/2022,720
como criar um e commerce,DTC,BR,2/1/2022,590
como criar um e commerce,DTC,BR,3/1/2022,720
como criar um e commerce,DTC,BR,4/1/2022,390
como criar um e commerce,DTC,BR,5/1/2022,480
como criar um e commerce,DTC,BR,6/1/2022,480
como criar um e commerce,DTC,BR,7/1/2022,480
como criar um e commerce,DTC,BR,8/1/2022,480
como criar um e commerce,DTC,BR,9/1/2022,590
como criar um e commerce,DTC,BR,10/1/2022,390
como criar um e commerce,DTC,BR,11/1/2022,480
como criar um e commerce,DTC,BR,12/1/2022,320
como criar um e commerce,DTC,BR,1/1/2023,590
como criar um e commerce,DTC,BR,2/1/2023,390
como criar um e commerce,DTC,BR,3/1/2023,590
como criar um e commerce,DTC,BR,4/1/2023,480
como criar um e commerce,DTC,BR,5/1/2023,480
como criar um e commerce,DTC,BR,6/1/2023,480
como criar um e commerce,DTC,BR,7/1/2023,480
como criar um e commerce,DTC,BR,8/1/2023,590
como criar um e commerce,DTC,BR,9/1/2023,590
como criar um e commerce,DTC,BR,10/1/2023,390
como criar um e commerce,DTC,BR,11/1/2023,480
como criar um e commerce,DTC,BR,12/1/2023,390
como criar um e commerce,DTC,BR,1/1/2024,590
como criar um e commerce,DTC,BR,2/1/2024,590
como criar um e commerce,DTC,BR,3/1/2024,720
como criar um e commerce,DTC,BR,4/1/2024,720
como criar um e commerce,DTC,BR,5/1/2024,590
como criar um e commerce,DTC,BR,6/1/2024,590
como criar um e commerce,DTC,BR,7/1/2024,590
como criar um e commerce,DTC,BR,8/1/2024,480
como criar um e commerce,DTC,BR,9/1/2024,480
como criar um e commerce,DTC,BR,10/1/2024,480
como criar um e commerce,DTC,BR,11/1/2024,320
como criar um e commerce,DTC,BR,12/1/2024,260
como criar um e commerce,DTC,BR,1/1/2025,480
como criar um e commerce,DTC,BR,2/1/2025,390
como criar um e commerce,DTC,BR,3/1/2025,480
como criar um e commerce,DTC,BR,4/1/2025,390
como criar um e commerce,DTC,BR,5/1/2025,320
como criar um e commerce,DTC,BR,6/1/2025,260
como criar um e commerce,DTC,BR,7/1/2025,260
como criar um e commerce,DTC,BR,8/1/2025,260
como criar um e commerce,DTC,BR,9/1/2025,390
como criar um e commerce,DTC,BR,10/1/2025,320
como criar um site de vendas,DTC,BR,8/1/2021,8100
como criar um site de vendas,DTC,BR,9/1/2021,6600
como criar um site de vendas,DTC,BR,10/1/2021,6600
como criar um site de vendas,DTC,BR,11/1/2021,6600
como criar um site de vendas,DTC,BR,12/1/2021,4400
como criar um site de vendas,DTC,BR,1/1/2022,6600
como criar um site de vendas,DTC,BR,2/1/2022,6600
como criar um site de vendas,DTC,BR,3/1/2022,6600
como criar um site de vendas,DTC,BR,4/1/2022,5400
como criar um site de vendas,DTC,BR,5/1/2022,5400
como criar um site de vendas,DTC,BR,6/1/2022,5400
como criar um site de vendas,DTC,BR,7/1/2022,5400
como criar um site de vendas,DTC,BR,8/1/2022,5400
como criar um site de vendas,DTC,BR,9/1/2022,5400
como criar um site de vendas,DTC,BR,10/1/2022,4400
como criar um site de vendas,DTC,BR,11/1/2022,5400
como criar um site de vendas,DTC,BR,12/1/2022,4400
como criar um site de vendas,DTC,BR,1/1/2023,6600
como criar um site de vendas,DTC,BR,2/1/2023,6600
como criar um site de vendas,DTC,BR,3/1/2023,6600
como criar um site de vendas,DTC,BR,4/1/2023,6600
como criar um site de vendas,DTC,BR,5/1/2023,6600
como criar um site de vendas,DTC,BR,6/1/2023,6600
como criar um site de vendas,DTC,BR,7/1/2023,8100
como criar um site de vendas,DTC,BR,8/1/2023,6600
como criar um site de vendas,DTC,BR,9/1/2023,6600
como criar um site de vendas,DTC,BR,10/1/2023,6600
como criar um site de vendas,DTC,BR,11/1/2023,5400
como criar um site de vendas,DTC,BR,12/1/2023,4400
como criar um site de vendas,DTC,BR,1/1/2024,8100
como criar um site de vendas,DTC,BR,2/1/2024,6600
como criar um site de vendas,DTC,BR,3/1/2024,6600
como criar um site de vendas,DTC,BR,4/1/2024,6600
como criar um site de vendas,DTC,BR,5/1/2024,6600
como criar um site de vendas,DTC,BR,6/1/2024,5400
como criar um site de vendas,DTC,BR,7/1/2024,6600
como criar um site de vendas,DTC,BR,8/1/2024,5400
como criar um site de vendas,DTC,BR,9/1/2024,5400
como criar um site de vendas,DTC,BR,10/1/2024,5400
como criar um site de vendas,DTC,BR,11/1/2024,5400
como criar um site de vendas,DTC,BR,12/1/2024,4400
como criar um site de vendas,DTC,BR,1/1/2025,6600
como criar um site de vendas,DTC,BR,2/1/2025,5400
como criar um site de vendas,DTC,BR,3/1/2025,5400
como criar um site de vendas,DTC,BR,4/1/2025,5400
como criar um site de vendas,DTC,BR,5/1/2025,5400
como criar um site de vendas,DTC,BR,6/1/2025,4400
como criar um site de vendas,DTC,BR,7/1/2025,5400
como criar um site de vendas,DTC,BR,8/1/2025,4400
como criar um site de vendas,DTC,BR,9/1/2025,4400
como criar um site de vendas,DTC,BR,10/1/2025,4400
como enviar produtos pelo correio,Envios,BR,8/1/2021,1300
como enviar produtos pelo correio,Envios,BR,9/1/2021,1300
como enviar produtos pelo correio,Envios,BR,10/1/2021,1300
como enviar produtos pelo correio,Envios,BR,11/1/2021,1000
como enviar produtos pelo correio,Envios,BR,12/1/2021,880
como enviar produtos pelo correio,Envios,BR,1/1/2022,1000
como enviar produtos pelo correio,Envios,BR,2/1/2022,1000
como enviar produtos pelo correio,Envios,BR,3/1/2022,1000
como enviar produtos pelo correio,Envios,BR,4/1/2022,880
como enviar produtos pelo correio,Envios,BR,5/1/2022,1000
como enviar produtos pelo correio,Envios,BR,6/1/2022,880
como enviar produtos pelo correio,Envios,BR,7/1/2022,880
como enviar produtos pelo correio,Envios,BR,8/1/2022,1000
como enviar produtos pelo correio,Envios,BR,9/1/2022,720
como enviar produtos pelo correio,Envios,BR,10/1/2022,880
como enviar produtos pelo correio,Envios,BR,11/1/2022,880
como enviar produtos pelo correio,Envios,BR,12/1/2022,720
como enviar produtos pelo correio,Envios,BR,1/1/2023,880
como enviar produtos pelo correio,Envios,BR,2/1/2023,720
como enviar produtos pelo correio,Envios,BR,3/1/2023,880
como enviar produtos pelo correio,Envios,BR,4/1/2023,880
como enviar produtos pelo correio,Envios,BR,5/1/2023,880
como enviar produtos pelo correio,Envios,BR,6/1/2023,880
como enviar produtos pelo correio,Envios,BR,7/1/2023,880
como enviar produtos pelo correio,Envios,BR,8/1/2023,880
como enviar produtos pelo correio,Envios,BR,9/1/2023,720
como enviar produtos pelo correio,Envios,BR,10/1/2023,720
como enviar produtos pelo correio,Envios,BR,11/1/2023,720
como enviar produtos pelo correio,Envios,BR,12/1/2023,720
como enviar produtos pelo correio,Envios,BR,1/1/2024,880
como enviar produtos pelo correio,Envios,BR,2/1/2024,720
como enviar produtos pelo correio,Envios,BR,3/1/2024,720
como enviar produtos pelo correio,Envios,BR,4/1/2024,720
como enviar produtos pelo correio,Envios,BR,5/1/2024,720
como enviar produtos pelo correio,Envios,BR,6/1/2024,720
como enviar produtos pelo correio,Envios,BR,7/1/2024,720
como enviar produtos pelo correio,Envios,BR,8/1/2024,720
como enviar produtos pelo correio,Envios,BR,9/1/2024,590
como enviar produtos pelo correio,Envios,BR,10/1/2024,720
como enviar produtos pelo correio,Envios,BR,11/1/2024,590
como enviar produtos pelo correio,Envios,BR,12/1/2024,590
como enviar produtos pelo correio,Envios,BR,1/1/2025,720
como enviar produtos pelo correio,Envios,BR,2/1/2025,590
como enviar produtos pelo correio,Envios,BR,3/1/2025,590
como enviar produtos pelo correio,Envios,BR,4/1/2025,720
como enviar produtos pelo correio,Envios,BR,5/1/2025,590
como enviar produtos pelo correio,Envios,BR,6/1/2025,590
como enviar produtos pelo correio,Envios,BR,7/1/2025,590
como enviar produtos pelo correio,Envios,BR,8/1/2025,590
como enviar produtos pelo correio,Envios,BR,9/1/2025,590
como enviar produtos pelo correio,Envios,BR,10/1/2025,480
como fazer loja no instagram,Canais,BR,8/1/2021,1000
como fazer loja no instagram,Canais,BR,9/1/2021,880
como fazer loja no instagram,Canais,BR,10/1/2021,880
como fazer loja no instagram,Canais,BR,11/1/2021,720
como fazer loja no instagram,Canais,BR,12/1/2021,590
como fazer loja no instagram,Canais,BR,1/1/2022,880
como fazer loja no instagram,Canais,BR,2/1/2022,720
como fazer loja no instagram,Canais,BR,3/1/2022,880
como fazer loja no instagram,Canais,BR,4/1/2022,720
como fazer loja no instagram,Canais,BR,5/1/2022,720
como fazer loja no instagram,Canais,BR,6/1/2022,720
como fazer loja no instagram,Canais,BR,7/1/2022,590
como fazer loja no instagram,Canais,BR,8/1/2022,590
como fazer loja no instagram,Canais,BR,9/1/2022,720
como fazer loja no instagram,Canais,BR,10/1/2022,590
como fazer loja no instagram,Canais,BR,11/1/2022,720
como fazer loja no instagram,Canais,BR,12/1/2022,590
como fazer loja no instagram,Canais,BR,1/1/2023,720
como fazer loja no instagram,Canais,BR,2/1/2023,590
como fazer loja no instagram,Canais,BR,3/1/2023,720
como fazer loja no instagram,Canais,BR,4/1/2023,720
como fazer loja no instagram,Canais,BR,5/1/2023,720
como fazer loja no instagram,Canais,BR,6/1/2023,720
como fazer loja no instagram,Canais,BR,7/1/2023,720
como fazer loja no instagram,Canais,BR,8/1/2023,720
como fazer loja no instagram,Canais,BR,9/1/2023,590
como fazer loja no instagram,Canais,BR,10/1/2023,590
como fazer loja no instagram,Canais,BR,11/1/2023,480
como fazer loja no instagram,Canais,BR,12/1/2023,320
como fazer loja no instagram,Canais,BR,1/1/2024,590
como fazer loja no instagram,Canais,BR,2/1/2024,390
como fazer loja no instagram,Canais,BR,3/1/2024,480
como fazer loja no instagram,Canais,BR,4/1/2024,480
como fazer loja no instagram,Canais,BR,5/1/2024,390
como fazer loja no instagram,Canais,BR,6/1/2024,320
como fazer loja no instagram,Canais,BR,7/1/2024,390
como fazer loja no instagram,Canais,BR,8/1/2024,260
como fazer loja no instagram,Canais,BR,9/1/2024,260
como fazer loja no instagram,Canais,BR,10/1/2024,320
como fazer loja no instagram,Canais,BR,11/1/2024,320
como fazer loja no instagram,Canais,BR,12/1/2024,210
como fazer loja no instagram,Canais,BR,1/1/2025,260
como fazer loja no instagram,Canais,BR,2/1/2025,210
como fazer loja no instagram,Canais,BR,3/1/2025,260
como fazer loja no instagram,Canais,BR,4/1/2025,210
como fazer loja no instagram,Canais,BR,5/1/2025,260
como fazer loja no instagram,Canais,BR,6/1/2025,210
como fazer loja no instagram,Canais,BR,7/1/2025,210
como fazer loja no instagram,Canais,BR,8/1/2025,210
como fazer loja no instagram,Canais,BR,9/1/2025,170
como fazer loja no instagram,Canais,BR,10/1/2025,210
como fazer um site de vendas,DTC,BR,8/1/2021,4400
como fazer um site de vendas,DTC,BR,9/1/2021,3600
como fazer um site de vendas,DTC,BR,10/1/2021,3600
como fazer um site de vendas,DTC,BR,11/1/2021,2900
como fazer um site de vendas,DTC,BR,12/1/2021,2400
como fazer um site de vendas,DTC,BR,1/1/2022,3600
como fazer um site de vendas,DTC,BR,2/1/2022,2900
como fazer um site de vendas,DTC,BR,3/1/2022,3600
como fazer um site de vendas,DTC,BR,4/1/2022,2900
como fazer um site de vendas,DTC,BR,5/1/2022,2900
como fazer um site de vendas,DTC,BR,6/1/2022,2900
como fazer um site de vendas,DTC,BR,7/1/2022,2900
como fazer um site de vendas,DTC,BR,8/1/2022,2900
como fazer um site de vendas,DTC,BR,9/1/2022,2900
como fazer um site de vendas,DTC,BR,10/1/2022,2400
como fazer um site de vendas,DTC,BR,11/1/2022,2400
como fazer um site de vendas,DTC,BR,12/1/2022,1900
como fazer um site de vendas,DTC,BR,1/1/2023,2900
como fazer um site de vendas,DTC,BR,2/1/2023,2400
como fazer um site de vendas,DTC,BR,3/1/2023,2900
como fazer um site de vendas,DTC,BR,4/1/2023,2900
como fazer um site de vendas,DTC,BR,5/1/2023,2900
como fazer um site de vendas,DTC,BR,6/1/2023,2900
como fazer um site de vendas,DTC,BR,7/1/2023,2900
como fazer um site de vendas,DTC,BR,8/1/2023,2900
como fazer um site de vendas,DTC,BR,9/1/2023,2900
como fazer um site de vendas,DTC,BR,10/1/2023,2900
como fazer um site de vendas,DTC,BR,11/1/2023,2400
como fazer um site de vendas,DTC,BR,12/1/2023,1900
como fazer um site de vendas,DTC,BR,1/1/2024,3600
como fazer um site de vendas,DTC,BR,2/1/2024,2900
como fazer um site de vendas,DTC,BR,3/1/2024,2900
como fazer um site de vendas,DTC,BR,4/1/2024,2900
como fazer um site de vendas,DTC,BR,5/1/2024,2900
como fazer um site de vendas,DTC,BR,6/1/2024,2400
como fazer um site de vendas,DTC,BR,7/1/2024,2900
como fazer um site de vendas,DTC,BR,8/1/2024,2400
como fazer um site de vendas,DTC,BR,9/1/2024,2400
como fazer um site de vendas,DTC,BR,10/1/2024,2400
como fazer um site de vendas,DTC,BR,11/1/2024,1900
como fazer um site de vendas,DTC,BR,12/1/2024,1600
como fazer um site de vendas,DTC,BR,1/1/2025,2400
como fazer um site de vendas,DTC,BR,2/1/2025,1900
como fazer um site de vendas,DTC,BR,3/1/2025,2400
como fazer um site de vendas,DTC,BR,4/1/2025,1900
como fazer um site de vendas,DTC,BR,5/1/2025,1900
como fazer um site de vendas,DTC,BR,6/1/2025,1600
como fazer um site de vendas,DTC,BR,7/1/2025,1900
como fazer um site de vendas,DTC,BR,8/1/2025,1600
como fazer um site de vendas,DTC,BR,9/1/2025,1600
como fazer um site de vendas,DTC,BR,10/1/2025,1600
como fazer vendas online,Vendas,BR,8/1/2021,880
como fazer vendas online,Vendas,BR,9/1/2021,880
como fazer vendas online,Vendas,BR,10/1/2021,880
como fazer vendas online,Vendas,BR,11/1/2021,720
como fazer vendas online,Vendas,BR,12/1/2021,590
como fazer vendas online,Vendas,BR,1/1/2022,880
como fazer vendas online,Vendas,BR,2/1/2022,720
como fazer vendas online,Vendas,BR,3/1/2022,720
como fazer vendas online,Vendas,BR,4/1/2022,720
como fazer vendas online,Vendas,BR,5/1/2022,720
como fazer vendas online,Vendas,BR,6/1/2022,720
como fazer vendas online,Vendas,BR,7/1/2022,590
como fazer vendas online,Vendas,BR,8/1/2022,720
como fazer vendas online,Vendas,BR,9/1/2022,720
como fazer vendas online,Vendas,BR,10/1/2022,590
como fazer vendas online,Vendas,BR,11/1/2022,590
como fazer vendas online,Vendas,BR,12/1/2022,590
como fazer vendas online,Vendas,BR,1/1/2023,880
como fazer vendas online,Vendas,BR,2/1/2023,720
como fazer vendas online,Vendas,BR,3/1/2023,720
como fazer vendas online,Vendas,BR,4/1/2023,720
como fazer vendas online,Vendas,BR,5/1/2023,720
como fazer vendas online,Vendas,BR,6/1/2023,720
como fazer vendas online,Vendas,BR,7/1/2023,880
como fazer vendas online,Vendas,BR,8/1/2023,1000
como fazer vendas online,Vendas,BR,9/1/2023,880
como fazer vendas online,Vendas,BR,10/1/2023,880
como fazer vendas online,Vendas,BR,11/1/2023,880
como fazer vendas online,Vendas,BR,12/1/2023,720
como fazer vendas online,Vendas,BR,1/1/2024,1600
como fazer vendas online,Vendas,BR,2/1/2024,1000
como fazer vendas online,Vendas,BR,3/1/2024,1000
como fazer vendas online,Vendas,BR,4/1/2024,1000
como fazer vendas online,Vendas,BR,5/1/2024,1000
como fazer vendas online,Vendas,BR,6/1/2024,880
como fazer vendas online,Vendas,BR,7/1/2024,880
como fazer vendas online,Vendas,BR,8/1/2024,880
como fazer vendas online,Vendas,BR,9/1/2024,880
como fazer vendas online,Vendas,BR,10/1/2024,1000
como fazer vendas online,Vendas,BR,11/1/2024,720
como fazer vendas online,Vendas,BR,12/1/2024,590
como fazer vendas online,Vendas,BR,1/1/2025,1000
como fazer vendas online,Vendas,BR,2/1/2025,720
como fazer vendas online,Vendas,BR,3/1/2025,880
como fazer vendas online,Vendas,BR,4/1/2025,880
como fazer vendas online,Vendas,BR,5/1/2025,880
como fazer vendas online,Vendas,BR,6/1/2025,720
como fazer vendas online,Vendas,BR,7/1/2025,720
como fazer vendas online,Vendas,BR,8/1/2025,720
como fazer vendas online,Vendas,BR,9/1/2025,590
como fazer vendas online,Vendas,BR,10/1/2025,720
como montar loja virtual,DTC,BR,8/1/2021,9900
como montar loja virtual,DTC,BR,9/1/2021,9900
como montar loja virtual,DTC,BR,10/1/2021,9900
como montar loja virtual,DTC,BR,11/1/2021,8100
como montar loja virtual,DTC,BR,12/1/2021,6600
como montar loja virtual,DTC,BR,1/1/2022,9900
como montar loja virtual,DTC,BR,2/1/2022,6600
como montar loja virtual,DTC,BR,3/1/2022,8100
como montar loja virtual,DTC,BR,4/1/2022,6600
como montar loja virtual,DTC,BR,5/1/2022,8100
como montar loja virtual,DTC,BR,6/1/2022,6600
como montar loja virtual,DTC,BR,7/1/2022,6600
como montar loja virtual,DTC,BR,8/1/2022,8100
como montar loja virtual,DTC,BR,9/1/2022,6600
como montar loja virtual,DTC,BR,10/1/2022,6600
como montar loja virtual,DTC,BR,11/1/2022,6600
como montar loja virtual,DTC,BR,12/1/2022,5400
como montar loja virtual,DTC,BR,1/1/2023,8100
como montar loja virtual,DTC,BR,2/1/2023,6600
como montar loja virtual,DTC,BR,3/1/2023,8100
como montar loja virtual,DTC,BR,4/1/2023,8100
como montar loja virtual,DTC,BR,5/1/2023,8100
como montar loja virtual,DTC,BR,6/1/2023,8100
como montar loja virtual,DTC,BR,7/1/2023,8100
como montar loja virtual,DTC,BR,8/1/2023,8100
como montar loja virtual,DTC,BR,9/1/2023,8100
como montar loja virtual,DTC,BR,10/1/2023,8100
como montar loja virtual,DTC,BR,11/1/2023,6600
como montar loja virtual,DTC,BR,12/1/2023,5400
como montar loja virtual,DTC,BR,1/1/2024,8100
como montar loja virtual,DTC,BR,2/1/2024,6600
como montar loja virtual,DTC,BR,3/1/2024,6600
como montar loja virtual,DTC,BR,4/1/2024,6600
como montar loja virtual,DTC,BR,5/1/2024,6600
como montar loja virtual,DTC,BR,6/1/2024,6600
como montar loja virtual,DTC,BR,7/1/2024,6600
como montar loja virtual,DTC,BR,8/1/2024,5400
como montar loja virtual,DTC,BR,9/1/2024,5400
como montar loja virtual,DTC,BR,10/1/2024,5400
como montar loja virtual,DTC,BR,11/1/2024,4400
como montar loja virtual,DTC,BR,12/1/2024,3600
como montar loja virtual,DTC,BR,1/1/2025,5400
como montar loja virtual,DTC,BR,2/1/2025,3600
como montar loja virtual,DTC,BR,3/1/2025,5400
como montar loja virtual,DTC,BR,4/1/2025,4400
como montar loja virtual,DTC,BR,5/1/2025,4400
como montar loja virtual,DTC,BR,6/1/2025,3600
como montar loja virtual,DTC,BR,7/1/2025,4400
como montar loja virtual,DTC,BR,8/1/2025,3600
como montar loja virtual,DTC,BR,9/1/2025,3600
como montar loja virtual,DTC,BR,10/1/2025,2900
como montar um ecommerce,DTC,BR,8/1/2021,1000
como montar um ecommerce,DTC,BR,9/1/2021,1000
como montar um ecommerce,DTC,BR,10/1/2021,1000
como montar um ecommerce,DTC,BR,11/1/2021,880
como montar um ecommerce,DTC,BR,12/1/2021,720
como montar um ecommerce,DTC,BR,1/1/2022,1000
como montar um ecommerce,DTC,BR,2/1/2022,880
como montar um ecommerce,DTC,BR,3/1/2022,880
como montar um ecommerce,DTC,BR,4/1/2022,720
como montar um ecommerce,DTC,BR,5/1/2022,720
como montar um ecommerce,DTC,BR,6/1/2022,720
como montar um ecommerce,DTC,BR,7/1/2022,720
como montar um ecommerce,DTC,BR,8/1/2022,720
como montar um ecommerce,DTC,BR,9/1/2022,720
como montar um ecommerce,DTC,BR,10/1/2022,720
como montar um ecommerce,DTC,BR,11/1/2022,720
como montar um ecommerce,DTC,BR,12/1/2022,590
como montar um ecommerce,DTC,BR,1/1/2023,1000
como montar um ecommerce,DTC,BR,2/1/2023,720
como montar um ecommerce,DTC,BR,3/1/2023,880
como montar um ecommerce,DTC,BR,4/1/2023,590
como montar um ecommerce,DTC,BR,5/1/2023,880
como montar um ecommerce,DTC,BR,6/1/2023,720
como montar um ecommerce,DTC,BR,7/1/2023,720
como montar um ecommerce,DTC,BR,8/1/2023,720
como montar um ecommerce,DTC,BR,9/1/2023,720
como montar um ecommerce,DTC,BR,10/1/2023,720
como montar um ecommerce,DTC,BR,11/1/2023,720
como montar um ecommerce,DTC,BR,12/1/2023,720
como montar um ecommerce,DTC,BR,1/1/2024,880
como montar um ecommerce,DTC,BR,2/1/2024,720
como montar um ecommerce,DTC,BR,3/1/2024,720
como montar um ecommerce,DTC,BR,4/1/2024,720
como montar um ecommerce,DTC,BR,5/1/2024,720
como montar um ecommerce,DTC,BR,6/1/2024,720
como montar um ecommerce,DTC,BR,7/1/2024,590
como montar um ecommerce,DTC,BR,8/1/2024,590
como montar um ecommerce,DTC,BR,9/1/2024,720
como montar um ecommerce,DTC,BR,10/1/2024,590
como montar um ecommerce,DTC,BR,11/1/2024,480
como montar um ecommerce,DTC,BR,12/1/2024,480
como montar um ecommerce,DTC,BR,1/1/2025,590
como montar um ecommerce,DTC,BR,2/1/2025,480
como montar um ecommerce,DTC,BR,3/1/2025,590
como montar um ecommerce,DTC,BR,4/1/2025,590
como montar um ecommerce,DTC,BR,5/1/2025,480
como montar um ecommerce,DTC,BR,6/1/2025,390
como montar um ecommerce,DTC,BR,7/1/2025,480
como montar um ecommerce,DTC,BR,8/1/2025,390
como montar um ecommerce,DTC,BR,9/1/2025,390
como montar um ecommerce,DTC,BR,10/1/2025,390
como montar um site de vendas,DTC,BR,8/1/2021,1600
como montar um site de vendas,DTC,BR,9/1/2021,1600
como montar um site de vendas,DTC,BR,10/1/2021,1600
como montar um site de vendas,DTC,BR,11/1/2021,1300
como montar um site de vendas,DTC,BR,12/1/2021,1300
como montar um site de vendas,DTC,BR,1/1/2022,1900
como montar um site de vendas,DTC,BR,2/1/2022,1600
como montar um site de vendas,DTC,BR,3/1/2022,1600
como montar um site de vendas,DTC,BR,4/1/2022,1300
como montar um site de vendas,DTC,BR,5/1/2022,1600
como montar um site de vendas,DTC,BR,6/1/2022,1600
como montar um site de vendas,DTC,BR,7/1/2022,1600
como montar um site de vendas,DTC,BR,8/1/2022,1600
como montar um site de vendas,DTC,BR,9/1/2022,1600
como montar um site de vendas,DTC,BR,10/1/2022,1300
como montar um site de vendas,DTC,BR,11/1/2022,1300
como montar um site de vendas,DTC,BR,12/1/2022,1000
como montar um site de vendas,DTC,BR,1/1/2023,1900
como montar um site de vendas,DTC,BR,2/1/2023,1600
como montar um site de vendas,DTC,BR,3/1/2023,1600
como montar um site de vendas,DTC,BR,4/1/2023,1600
como montar um site de vendas,DTC,BR,5/1/2023,1600
como montar um site de vendas,DTC,BR,6/1/2023,1600
como montar um site de vendas,DTC,BR,7/1/2023,1600
como montar um site de vendas,DTC,BR,8/1/2023,1900
como montar um site de vendas,DTC,BR,9/1/2023,1600
como montar um site de vendas,DTC,BR,10/1/2023,1600
como montar um site de vendas,DTC,BR,11/1/2023,1300
como montar um site de vendas,DTC,BR,12/1/2023,1000
como montar um site de vendas,DTC,BR,1/1/2024,1900
como montar um site de vendas,DTC,BR,2/1/2024,1300
como montar um site de vendas,DTC,BR,3/1/2024,1600
como montar um site de vendas,DTC,BR,4/1/2024,1600
como montar um site de vendas,DTC,BR,5/1/2024,1600
como montar um site de vendas,DTC,BR,6/1/2024,1300
como montar um site de vendas,DTC,BR,7/1/2024,1300
como montar um site de vendas,DTC,BR,8/1/2024,1300
como montar um site de vendas,DTC,BR,9/1/2024,1000
como montar um site de vendas,DTC,BR,10/1/2024,1000
como montar um site de vendas,DTC,BR,11/1/2024,880
como montar um site de vendas,DTC,BR,12/1/2024,720
como montar um site de vendas,DTC,BR,1/1/2025,1300
como montar um site de vendas,DTC,BR,2/1/2025,1000
como montar um site de vendas,DTC,BR,3/1/2025,1000
como montar um site de vendas,DTC,BR,4/1/2025,880
como montar um site de vendas,DTC,BR,5/1/2025,880
como montar um site de vendas,DTC,BR,6/1/2025,880
como montar um site de vendas,DTC,BR,7/1/2025,880
como montar um site de vendas,DTC,BR,8/1/2025,720
como montar um site de vendas,DTC,BR,9/1/2025,720
como montar um site de vendas,DTC,BR,10/1/2025,720
como trabalhar com vendas online,Vendas,BR,8/1/2021,880
como trabalhar com vendas online,Vendas,BR,9/1/2021,590
como trabalhar com vendas online,Vendas,BR,10/1/2021,720
como trabalhar com vendas online,Vendas,BR,11/1/2021,480
como trabalhar com vendas online,Vendas,BR,12/1/2021,480
como trabalhar com vendas online,Vendas,BR,1/1/2022,590
como trabalhar com vendas online,Vendas,BR,2/1/2022,480
como trabalhar com vendas online,Vendas,BR,3/1/2022,480
como trabalhar com vendas online,Vendas,BR,4/1/2022,480
como trabalhar com vendas online,Vendas,BR,5/1/2022,480
como trabalhar com vendas online,Vendas,BR,6/1/2022,390
como trabalhar com vendas online,Vendas,BR,7/1/2022,320
como trabalhar com vendas online,Vendas,BR,8/1/2022,390
como trabalhar com vendas online,Vendas,BR,9/1/2022,390
como trabalhar com vendas online,Vendas,BR,10/1/2022,390
como trabalhar com vendas online,Vendas,BR,11/1/2022,390
como trabalhar com vendas online,Vendas,BR,12/1/2022,320
como trabalhar com vendas online,Vendas,BR,1/1/2023,590
como trabalhar com vendas online,Vendas,BR,2/1/2023,480
como trabalhar com vendas online,Vendas,BR,3/1/2023,590
como trabalhar com vendas online,Vendas,BR,4/1/2023,480
como trabalhar com vendas online,Vendas,BR,5/1/2023,590
como trabalhar com vendas online,Vendas,BR,6/1/2023,480
como trabalhar com vendas online,Vendas,BR,7/1/2023,590
como trabalhar com vendas online,Vendas,BR,8/1/2023,590
como trabalhar com vendas online,Vendas,BR,9/1/2023,590
como trabalhar com vendas online,Vendas,BR,10/1/2023,480
como trabalhar com vendas online,Vendas,BR,11/1/2023,590
como trabalhar com vendas online,Vendas,BR,12/1/2023,480
como trabalhar com vendas online,Vendas,BR,1/1/2024,880
como trabalhar com vendas online,Vendas,BR,2/1/2024,590
como trabalhar com vendas online,Vendas,BR,3/1/2024,590
como trabalhar com vendas online,Vendas,BR,4/1/2024,590
como trabalhar com vendas online,Vendas,BR,5/1/2024,590
como trabalhar com vendas online,Vendas,BR,6/1/2024,590
como trabalhar com vendas online,Vendas,BR,7/1/2024,480
como trabalhar com vendas online,Vendas,BR,8/1/2024,480
como trabalhar com vendas online,Vendas,BR,9/1/2024,480
como trabalhar com vendas online,Vendas,BR,10/1/2024,590
como trabalhar com vendas online,Vendas,BR,11/1/2024,480
como trabalhar com vendas online,Vendas,BR,12/1/2024,390
como trabalhar com vendas online,Vendas,BR,1/1/2025,720
como trabalhar com vendas online,Vendas,BR,2/1/2025,480
como trabalhar com vendas online,Vendas,BR,3/1/2025,590
como trabalhar com vendas online,Vendas,BR,4/1/2025,480
como trabalhar com vendas online,Vendas,BR,5/1/2025,480
como trabalhar com vendas online,Vendas,BR,6/1/2025,390
como trabalhar com vendas online,Vendas,BR,7/1/2025,480
como trabalhar com vendas online,Vendas,BR,8/1/2025,480
como trabalhar com vendas online,Vendas,BR,9/1/2025,390
como trabalhar com vendas online,Vendas,BR,10/1/2025,480
como vender na internet,Canais,BR,8/1/2021,5400
como vender na internet,Canais,BR,9/1/2021,5400
como vender na internet,Canais,BR,10/1/2021,5400
como vender na internet,Canais,BR,11/1/2021,5400
como vender na internet,Canais,BR,12/1/2021,4400
como vender na internet,Canais,BR,1/1/2022,6600
como vender na internet,Canais,BR,2/1/2022,5400
como vender na internet,Canais,BR,3/1/2022,6600
como vender na internet,Canais,BR,4/1/2022,5400
como vender na internet,Canais,BR,5/1/2022,5400
como vender na internet,Canais,BR,6/1/2022,5400
como vender na internet,Canais,BR,7/1/2022,5400
como vender na internet,Canais,BR,8/1/2022,5400
como vender na internet,Canais,BR,9/1/2022,5400
como vender na internet,Canais,BR,10/1/2022,4400
como vender na internet,Canais,BR,11/1/2022,4400
como vender na internet,Canais,BR,12/1/2022,4400
como vender na internet,Canais,BR,1/1/2023,6600
como vender na internet,Canais,BR,2/1/2023,5400
como vender na internet,Canais,BR,3/1/2023,5400
como vender na internet,Canais,BR,4/1/2023,5400
como vender na internet,Canais,BR,5/1/2023,6600
como vender na internet,Canais,BR,6/1/2023,5400
como vender na internet,Canais,BR,7/1/2023,6600
como vender na internet,Canais,BR,8/1/2023,6600
como vender na internet,Canais,BR,9/1/2023,6600
como vender na internet,Canais,BR,10/1/2023,6600
como vender na internet,Canais,BR,11/1/2023,6600
como vender na internet,Canais,BR,12/1/2023,5400
como vender na internet,Canais,BR,1/1/2024,9900
como vender na internet,Canais,BR,2/1/2024,8100
como vender na internet,Canais,BR,3/1/2024,8100
como vender na internet,Canais,BR,4/1/2024,8100
como vender na internet,Canais,BR,5/1/2024,8100
como vender na internet,Canais,BR,6/1/2024,8100
como vender na internet,Canais,BR,7/1/2024,6600
como vender na internet,Canais,BR,8/1/2024,6600
como vender na internet,Canais,BR,9/1/2024,6600
como vender na internet,Canais,BR,10/1/2024,6600
como vender na internet,Canais,BR,11/1/2024,5400
como vender na internet,Canais,BR,12/1/2024,5400
como vender na internet,Canais,BR,1/1/2025,8100
como vender na internet,Canais,BR,2/1/2025,5400
como vender na internet,Canais,BR,3/1/2025,6600
como vender na internet,Canais,BR,4/1/2025,5400
como vender na internet,Canais,BR,5/1/2025,5400
como vender na internet,Canais,BR,6/1/2025,4400
como vender na internet,Canais,BR,7/1/2025,4400
como vender na internet,Canais,BR,8/1/2025,4400
como vender na internet,Canais,BR,9/1/2025,4400
como vender na internet,Canais,BR,10/1/2025,4400
como vender no facebook,Canais,BR,8/1/2021,880
como vender no facebook,Canais,BR,9/1/2021,720
como vender no facebook,Canais,BR,10/1/2021,880
como vender no facebook,Canais,BR,11/1/2021,720
como vender no facebook,Canais,BR,12/1/2021,720
como vender no facebook,Canais,BR,1/1/2022,880
como vender no facebook,Canais,BR,2/1/2022,720
como vender no facebook,Canais,BR,3/1/2022,880
como vender no facebook,Canais,BR,4/1/2022,720
como vender no facebook,Canais,BR,5/1/2022,720
como vender no facebook,Canais,BR,6/1/2022,720
como vender no facebook,Canais,BR,7/1/2022,590
como vender no facebook,Canais,BR,8/1/2022,720
como vender no facebook,Canais,BR,9/1/2022,720
como vender no facebook,Canais,BR,10/1/2022,590
como vender no facebook,Canais,BR,11/1/2022,590
como vender no facebook,Canais,BR,12/1/2022,590
como vender no facebook,Canais,BR,1/1/2023,720
como vender no facebook,Canais,BR,2/1/2023,720
como vender no facebook,Canais,BR,3/1/2023,720
como vender no facebook,Canais,BR,4/1/2023,720
como vender no facebook,Canais,BR,5/1/2023,720
como vender no facebook,Canais,BR,6/1/2023,590
como vender no facebook,Canais,BR,7/1/2023,720
como vender no facebook,Canais,BR,8/1/2023,590
como vender no facebook,Canais,BR,9/1/2023,590
como vender no facebook,Canais,BR,10/1/2023,590
como vender no facebook,Canais,BR,11/1/2023,590
como vender no facebook,Canais,BR,12/1/2023,590
como vender no facebook,Canais,BR,1/1/2024,880
como vender no facebook,Canais,BR,2/1/2024,720
como vender no facebook,Canais,BR,3/1/2024,720
como vender no facebook,Canais,BR,4/1/2024,720
como vender no facebook,Canais,BR,5/1/2024,590
como vender no facebook,Canais,BR,6/1/2024,590
como vender no facebook,Canais,BR,7/1/2024,590
como vender no facebook,Canais,BR,8/1/2024,480
como vender no facebook,Canais,BR,9/1/2024,480
como vender no facebook,Canais,BR,10/1/2024,480
como vender no facebook,Canais,BR,11/1/2024,390
como vender no facebook,Canais,BR,12/1/2024,390
como vender no facebook,Canais,BR,1/1/2025,480
como vender no facebook,Canais,BR,2/1/2025,480
como vender no facebook,Canais,BR,3/1/2025,480
como vender no facebook,Canais,BR,4/1/2025,480
como vender no facebook,Canais,BR,5/1/2025,390
como vender no facebook,Canais,BR,6/1/2025,390
como vender no facebook,Canais,BR,7/1/2025,390
como vender no facebook,Canais,BR,8/1/2025,390
como vender no facebook,Canais,BR,9/1/2025,320
como vender no facebook,Canais,BR,10/1/2025,390
como vender no instagram,Canais,BR,8/1/2021,3600
como vender no instagram,Canais,BR,9/1/2021,3600
como vender no instagram,Canais,BR,10/1/2021,2900
como vender no instagram,Canais,BR,11/1/2021,2900
como vender no instagram,Canais,BR,12/1/2021,2400
como vender no instagram,Canais,BR,1/1/2022,2900
como vender no instagram,Canais,BR,2/1/2022,2900
como vender no instagram,Canais,BR,3/1/2022,2900
como vender no instagram,Canais,BR,4/1/2022,2400
como vender no instagram,Canais,BR,5/1/2022,2400
como vender no instagram,Canais,BR,6/1/2022,2400
como vender no instagram,Canais,BR,7/1/2022,2400
como vender no instagram,Canais,BR,8/1/2022,2400
como vender no instagram,Canais,BR,9/1/2022,2400
como vender no instagram,Canais,BR,10/1/2022,1900
como vender no instagram,Canais,BR,11/1/2022,1900
como vender no instagram,Canais,BR,12/1/2022,1600
como vender no instagram,Canais,BR,1/1/2023,2900
como vender no instagram,Canais,BR,2/1/2023,1900
como vender no instagram,Canais,BR,3/1/2023,2400
como vender no instagram,Canais,BR,4/1/2023,1900
como vender no instagram,Canais,BR,5/1/2023,2400
como vender no instagram,Canais,BR,6/1/2023,1900
como vender no instagram,Canais,BR,7/1/2023,1900
como vender no instagram,Canais,BR,8/1/2023,1900
como vender no instagram,Canais,BR,9/1/2023,1900
como vender no instagram,Canais,BR,10/1/2023,1900
como vender no instagram,Canais,BR,11/1/2023,1600
como vender no instagram,Canais,BR,12/1/2023,1300
como vender no instagram,Canais,BR,1/1/2024,1900
como vender no instagram,Canais,BR,2/1/2024,1900
como vender no instagram,Canais,BR,3/1/2024,1600
como vender no instagram,Canais,BR,4/1/2024,1600
como vender no instagram,Canais,BR,5/1/2024,1600
como vender no instagram,Canais,BR,6/1/2024,1600
como vender no instagram,Canais,BR,7/1/2024,1600
como vender no instagram,Canais,BR,8/1/2024,1300
como vender no instagram,Canais,BR,9/1/2024,1300
como vender no instagram,Canais,BR,10/1/2024,1300
como vender no instagram,Canais,BR,11/1/2024,1000
como vender no instagram,Canais,BR,12/1/2024,880
como vender no instagram,Canais,BR,1/1/2025,1300
como vender no instagram,Canais,BR,2/1/2025,1000
como vender no instagram,Canais,BR,3/1/2025,1300
como vender no instagram,Canais,BR,4/1/2025,1000
como vender no instagram,Canais,BR,5/1/2025,1000
como vender no instagram,Canais,BR,6/1/2025,880
como vender no instagram,Canais,BR,7/1/2025,1000
como vender no instagram,Canais,BR,8/1/2025,1000
como vender no instagram,Canais,BR,9/1/2025,1000
como vender no instagram,Canais,BR,10/1/2025,880
como vender online,Vendas,BR,8/1/2021,2900
como vender online,Vendas,BR,9/1/2021,2400
como vender online,Vendas,BR,10/1/2021,2400
como vender online,Vendas,BR,11/1/2021,1900
como vender online,Vendas,BR,12/1/2021,1600
como vender online,Vendas,BR,1/1/2022,2400
como vender online,Vendas,BR,2/1/2022,1900
como vender online,Vendas,BR,3/1/2022,2400
como vender online,Vendas,BR,4/1/2022,1900
como vender online,Vendas,BR,5/1/2022,1900
como vender online,Vendas,BR,6/1/2022,1600
como vender online,Vendas,BR,7/1/2022,1900
como vender online,Vendas,BR,8/1/2022,1900
como vender online,Vendas,BR,9/1/2022,1900
como vender online,Vendas,BR,10/1/2022,1900
como vender online,Vendas,BR,11/1/2022,1900
como vender online,Vendas,BR,12/1/2022,1600
como vender online,Vendas,BR,1/1/2023,2400
como vender online,Vendas,BR,2/1/2023,1900
como vender online,Vendas,BR,3/1/2023,1900
como vender online,Vendas,BR,4/1/2023,1900
como vender online,Vendas,BR,5/1/2023,1900
como vender online,Vendas,BR,6/1/2023,1900
como vender online,Vendas,BR,7/1/2023,2400
como vender online,Vendas,BR,8/1/2023,2400
como vender online,Vendas,BR,9/1/2023,2400
como vender online,Vendas,BR,10/1/2023,1900
como vender online,Vendas,BR,11/1/2023,1900
como vender online,Vendas,BR,12/1/2023,1900
como vender online,Vendas,BR,1/1/2024,2900
como vender online,Vendas,BR,2/1/2024,2400
como vender online,Vendas,BR,3/1/2024,1900
como vender online,Vendas,BR,4/1/2024,2400
como vender online,Vendas,BR,5/1/2024,2400
como vender online,Vendas,BR,6/1/2024,1900
como vender online,Vendas,BR,7/1/2024,1900
como vender online,Vendas,BR,8/1/2024,1600
como vender online,Vendas,BR,9/1/2024,1600
como vender online,Vendas,BR,10/1/2024,1900
como vender online,Vendas,BR,11/1/2024,1600
como vender online,Vendas,BR,12/1/2024,1300
como vender online,Vendas,BR,1/1/2025,1900
como vender online,Vendas,BR,2/1/2025,1600
como vender online,Vendas,BR,3/1/2025,1900
como vender online,Vendas,BR,4/1/2025,1900
como vender online,Vendas,BR,5/1/2025,1600
como vender online,Vendas,BR,6/1/2025,1300
como vender online,Vendas,BR,7/1/2025,1600
como vender online,Vendas,BR,8/1/2025,1300
como vender online,Vendas,BR,9/1/2025,1300
como vender online,Vendas,BR,10/1/2025,1600
como vender pela internet,Vendas,BR,8/1/2021,5400
como vender pela internet,Vendas,BR,9/1/2021,5400
como vender pela internet,Vendas,BR,10/1/2021,5400
como vender pela internet,Vendas,BR,11/1/2021,5400
como vender pela internet,Vendas,BR,12/1/2021,4400
como vender pela internet,Vendas,BR,1/1/2022,6600
como vender pela internet,Vendas,BR,2/1/2022,5400
como vender pela internet,Vendas,BR,3/1/2022,6600
como vender pela internet,Vendas,BR,4/1/2022,5400
como vender pela internet,Vendas,BR,5/1/2022,5400
como vender pela internet,Vendas,BR,6/1/2022,5400
como vender pela internet,Vendas,BR,7/1/2022,5400
como vender pela internet,Vendas,BR,8/1/2022,5400
como vender pela internet,Vendas,BR,9/1/2022,5400
como vender pela internet,Vendas,BR,10/1/2022,4400
como vender pela internet,Vendas,BR,11/1/2022,4400
como vender pela internet,Vendas,BR,12/1/2022,4400
como vender pela internet,Vendas,BR,1/1/2023,6600
como vender pela internet,Vendas,BR,2/1/2023,5400
como vender pela internet,Vendas,BR,3/1/2023,5400
como vender pela internet,Vendas,BR,4/1/2023,5400
como vender pela internet,Vendas,BR,5/1/2023,6600
como vender pela internet,Vendas,BR,6/1/2023,5400
como vender pela internet,Vendas,BR,7/1/2023,6600
como vender pela internet,Vendas,BR,8/1/2023,6600
como vender pela internet,Vendas,BR,9/1/2023,6600
como vender pela internet,Vendas,BR,10/1/2023,6600
como vender pela internet,Vendas,BR,11/1/2023,6600
como vender pela internet,Vendas,BR,12/1/2023,5400
como vender pela internet,Vendas,BR,1/1/2024,9900
como vender pela internet,Vendas,BR,2/1/2024,8100
como vender pela internet,Vendas,BR,3/1/2024,8100
como vender pela internet,Vendas,BR,4/1/2024,8100
como vender pela internet,Vendas,BR,5/1/2024,8100
como vender pela internet,Vendas,BR,6/1/2024,8100
como vender pela internet,Vendas,BR,7/1/2024,6600
como vender pela internet,Vendas,BR,8/1/2024,6600
como vender pela internet,Vendas,BR,9/1/2024,6600
como vender pela internet,Vendas,BR,10/1/2024,6600
como vender pela internet,Vendas,BR,11/1/2024,5400
como vender pela internet,Vendas,BR,12/1/2024,5400
como vender pela internet,Vendas,BR,1/1/2025,8100
como vender pela internet,Vendas,BR,2/1/2025,5400
como vender pela internet,Vendas,BR,3/1/2025,6600
como vender pela internet,Vendas,BR,4/1/2025,5400
como vender pela internet,Vendas,BR,5/1/2025,5400
como vender pela internet,Vendas,BR,6/1/2025,4400
como vender pela internet,Vendas,BR,7/1/2025,4400
como vender pela internet,Vendas,BR,8/1/2025,4400
como vender pela internet,Vendas,BR,9/1/2025,4400
como vender pela internet,Vendas,BR,10/1/2025,4400
como vender pelo facebook,Canais,BR,8/1/2021,720
como vender pelo facebook,Canais,BR,9/1/2021,720
como vender pelo facebook,Canais,BR,10/1/2021,720
como vender pelo facebook,Canais,BR,11/1/2021,480
como vender pelo facebook,Canais,BR,12/1/2021,480
como vender pelo facebook,Canais,BR,1/1/2022,720
como vender pelo facebook,Canais,BR,2/1/2022,480
como vender pelo facebook,Canais,BR,3/1/2022,590
como vender pelo facebook,Canais,BR,4/1/2022,480
como vender pelo facebook,Canais,BR,5/1/2022,480
como vender pelo facebook,Canais,BR,6/1/2022,480
como vender pelo facebook,Canais,BR,7/1/2022,390
como vender pelo facebook,Canais,BR,8/1/2022,390
como vender pelo facebook,Canais,BR,9/1/2022,390
como vender pelo facebook,Canais,BR,10/1/2022,390
como vender pelo facebook,Canais,BR,11/1/2022,320
como vender pelo facebook,Canais,BR,12/1/2022,320
como vender pelo facebook,Canais,BR,1/1/2023,480
como vender pelo facebook,Canais,BR,2/1/2023,390
como vender pelo facebook,Canais,BR,3/1/2023,390
como vender pelo facebook,Canais,BR,4/1/2023,320
como vender pelo facebook,Canais,BR,5/1/2023,390
como vender pelo facebook,Canais,BR,6/1/2023,320
como vender pelo facebook,Canais,BR,7/1/2023,390
como vender pelo facebook,Canais,BR,8/1/2023,320
como vender pelo facebook,Canais,BR,9/1/2023,390
como vender pelo facebook,Canais,BR,10/1/2023,320
como vender pelo facebook,Canais,BR,11/1/2023,320
como vender pelo facebook,Canais,BR,12/1/2023,320
como vender pelo facebook,Canais,BR,1/1/2024,480
como vender pelo facebook,Canais,BR,2/1/2024,390
como vender pelo facebook,Canais,BR,3/1/2024,390
como vender pelo facebook,Canais,BR,4/1/2024,390
como vender pelo facebook,Canais,BR,5/1/2024,320
como vender pelo facebook,Canais,BR,6/1/2024,320
como vender pelo facebook,Canais,BR,7/1/2024,320
como vender pelo facebook,Canais,BR,8/1/2024,320
como vender pelo facebook,Canais,BR,9/1/2024,260
como vender pelo facebook,Canais,BR,10/1/2024,320
como vender pelo facebook,Canais,BR,11/1/2024,260
como vender pelo facebook,Canais,BR,12/1/2024,210
como vender pelo facebook,Canais,BR,1/1/2025,260
como vender pelo facebook,Canais,BR,2/1/2025,210
como vender pelo facebook,Canais,BR,3/1/2025,210
como vender pelo facebook,Canais,BR,4/1/2025,210
como vender pelo facebook,Canais,BR,5/1/2025,210
como vender pelo facebook,Canais,BR,6/1/2025,170
como vender pelo facebook,Canais,BR,7/1/2025,210
como vender pelo facebook,Canais,BR,8/1/2025,170
como vender pelo facebook,Canais,BR,9/1/2025,170
como vender pelo facebook,Canais,BR,10/1/2025,170
como vender pelo instagram,Canais,BR,8/1/2021,5400
como vender pelo instagram,Canais,BR,9/1/2021,4400
como vender pelo instagram,Canais,BR,10/1/2021,4400
como vender pelo instagram,Canais,BR,11/1/2021,4400
como vender pelo instagram,Canais,BR,12/1/2021,3600
como vender pelo instagram,Canais,BR,1/1/2022,5400
como vender pelo instagram,Canais,BR,2/1/2022,4400
como vender pelo instagram,Canais,BR,3/1/2022,4400
como vender pelo instagram,Canais,BR,4/1/2022,3600
como vender pelo instagram,Canais,BR,5/1/2022,3600
como vender pelo instagram,Canais,BR,6/1/2022,3600
como vender pelo instagram,Canais,BR,7/1/2022,3600
como vender pelo instagram,Canais,BR,8/1/2022,3600
como vender pelo instagram,Canais,BR,9/1/2022,3600
como vender pelo instagram,Canais,BR,10/1/2022,2900
como vender pelo instagram,Canais,BR,11/1/2022,2900
como vender pelo instagram,Canais,BR,12/1/2022,1900
como vender pelo instagram,Canais,BR,1/1/2023,2900
como vender pelo instagram,Canais,BR,2/1/2023,2400
como vender pelo instagram,Canais,BR,3/1/2023,2400
como vender pelo instagram,Canais,BR,4/1/2023,2400
como vender pelo instagram,Canais,BR,5/1/2023,2400
como vender pelo instagram,Canais,BR,6/1/2023,1900
como vender pelo instagram,Canais,BR,7/1/2023,1900
como vender pelo instagram,Canais,BR,8/1/2023,1900
como vender pelo instagram,Canais,BR,9/1/2023,1600
como vender pelo instagram,Canais,BR,10/1/2023,1900
como vender pelo instagram,Canais,BR,11/1/2023,1600
como vender pelo instagram,Canais,BR,12/1/2023,1300
como vender pelo instagram,Canais,BR,1/1/2024,1900
como vender pelo instagram,Canais,BR,2/1/2024,1600
como vender pelo instagram,Canais,BR,3/1/2024,1600
como vender pelo instagram,Canais,BR,4/1/2024,1900
como vender pelo instagram,Canais,BR,5/1/2024,1600
como vender pelo instagram,Canais,BR,6/1/2024,1600
como vender pelo instagram,Canais,BR,7/1/2024,1300
como vender pelo instagram,Canais,BR,8/1/2024,1300
como vender pelo instagram,Canais,BR,9/1/2024,1300
como vender pelo instagram,Canais,BR,10/1/2024,1300
como vender pelo instagram,Canais,BR,11/1/2024,1300
como vender pelo instagram,Canais,BR,12/1/2024,880
como vender pelo instagram,Canais,BR,1/1/2025,1300
como vender pelo instagram,Canais,BR,2/1/2025,1000
como vender pelo instagram,Canais,BR,3/1/2025,1300
como vender pelo instagram,Canais,BR,4/1/2025,1000
como vender pelo instagram,Canais,BR,5/1/2025,1000
como vender pelo instagram,Canais,BR,6/1/2025,880
como vender pelo instagram,Canais,BR,7/1/2025,1000
como vender pelo instagram,Canais,BR,8/1/2025,880
como vender pelo instagram,Canais,BR,9/1/2025,880
como vender pelo instagram,Canais,BR,10/1/2025,880
como vender pelo whatsapp,Canais,BR,8/1/2021,1300
como vender pelo whatsapp,Canais,BR,9/1/2021,1000
como vender pelo whatsapp,Canais,BR,10/1/2021,1000
como vender pelo whatsapp,Canais,BR,11/1/2021,1000
como vender pelo whatsapp,Canais,BR,12/1/2021,880
como vender pelo whatsapp,Canais,BR,1/1/2022,1000
como vender pelo whatsapp,Canais,BR,2/1/2022,1000
como vender pelo whatsapp,Canais,BR,3/1/2022,1000
como vender pelo whatsapp,Canais,BR,4/1/2022,880
como vender pelo whatsapp,Canais,BR,5/1/2022,1000
como vender pelo whatsapp,Canais,BR,6/1/2022,1000
como vender pelo whatsapp,Canais,BR,7/1/2022,1000
como vender pelo whatsapp,Canais,BR,8/1/2022,1300
como vender pelo whatsapp,Canais,BR,9/1/2022,1300
como vender pelo whatsapp,Canais,BR,10/1/2022,1000
como vender pelo whatsapp,Canais,BR,11/1/2022,1000
como vender pelo whatsapp,Canais,BR,12/1/2022,720
como vender pelo whatsapp,Canais,BR,1/1/2023,1300
como vender pelo whatsapp,Canais,BR,2/1/2023,1000
como vender pelo whatsapp,Canais,BR,3/1/2023,1300
como vender pelo whatsapp,Canais,BR,4/1/2023,1000
como vender pelo whatsapp,Canais,BR,5/1/2023,1000
como vender pelo whatsapp,Canais,BR,6/1/2023,1000
como vender pelo whatsapp,Canais,BR,7/1/2023,1000
como vender pelo whatsapp,Canais,BR,8/1/2023,1000
como vender pelo whatsapp,Canais,BR,9/1/2023,1000
como vender pelo whatsapp,Canais,BR,10/1/2023,1300
como vender pelo whatsapp,Canais,BR,11/1/2023,880
como vender pelo whatsapp,Canais,BR,12/1/2023,880
como vender pelo whatsapp,Canais,BR,1/1/2024,1000
como vender pelo whatsapp,Canais,BR,2/1/2024,1000
como vender pelo whatsapp,Canais,BR,3/1/2024,1000
como vender pelo whatsapp,Canais,BR,4/1/2024,1000
como vender pelo whatsapp,Canais,BR,5/1/2024,1000
como vender pelo whatsapp,Canais,BR,6/1/2024,1000
como vender pelo whatsapp,Canais,BR,7/1/2024,1000
como vender pelo whatsapp,Canais,BR,8/1/2024,880
como vender pelo whatsapp,Canais,BR,9/1/2024,880
como vender pelo whatsapp,Canais,BR,10/1/2024,880
como vender pelo whatsapp,Canais,BR,11/1/2024,720
como vender pelo whatsapp,Canais,BR,12/1/2024,480
como vender pelo whatsapp,Canais,BR,1/1/2025,720
como vender pelo whatsapp,Canais,BR,2/1/2025,590
como vender pelo whatsapp,Canais,BR,3/1/2025,720
como vender pelo whatsapp,Canais,BR,4/1/2025,720
como vender pelo whatsapp,Canais,BR,5/1/2025,590
como vender pelo whatsapp,Canais,BR,6/1/2025,590
como vender pelo whatsapp,Canais,BR,7/1/2025,480
como vender pelo whatsapp,Canais,BR,8/1/2025,480
como vender pelo whatsapp,Canais,BR,9/1/2025,480
como vender pelo whatsapp,Canais,BR,10/1/2025,480
como vender roupas pela internet,Vendas,BR,8/1/2021,1900
como vender roupas pela internet,Vendas,BR,9/1/2021,1600
como vender roupas pela internet,Vendas,BR,10/1/2021,1600
como vender roupas pela internet,Vendas,BR,11/1/2021,1300
como vender roupas pela internet,Vendas,BR,12/1/2021,1000
como vender roupas pela internet,Vendas,BR,1/1/2022,1600
como vender roupas pela internet,Vendas,BR,2/1/2022,1300
como vender roupas pela internet,Vendas,BR,3/1/2022,1300
como vender roupas pela internet,Vendas,BR,4/1/2022,1300
como vender roupas pela internet,Vendas,BR,5/1/2022,1300
como vender roupas pela internet,Vendas,BR,6/1/2022,1000
como vender roupas pela internet,Vendas,BR,7/1/2022,1300
como vender roupas pela internet,Vendas,BR,8/1/2022,1300
como vender roupas pela internet,Vendas,BR,9/1/2022,1000
como vender roupas pela internet,Vendas,BR,10/1/2022,1000
como vender roupas pela internet,Vendas,BR,11/1/2022,1000
como vender roupas pela internet,Vendas,BR,12/1/2022,880
como vender roupas pela internet,Vendas,BR,1/1/2023,1300
como vender roupas pela internet,Vendas,BR,2/1/2023,1000
como vender roupas pela internet,Vendas,BR,3/1/2023,1000
como vender roupas pela internet,Vendas,BR,4/1/2023,1000
como vender roupas pela internet,Vendas,BR,5/1/2023,1300
como vender roupas pela internet,Vendas,BR,6/1/2023,1000
como vender roupas pela internet,Vendas,BR,7/1/2023,1300
como vender roupas pela internet,Vendas,BR,8/1/2023,1300
como vender roupas pela internet,Vendas,BR,9/1/2023,1000
como vender roupas pela internet,Vendas,BR,10/1/2023,1000
como vender roupas pela internet,Vendas,BR,11/1/2023,1000
como vender roupas pela internet,Vendas,BR,12/1/2023,880
como vender roupas pela internet,Vendas,BR,1/1/2024,1300
como vender roupas pela internet,Vendas,BR,2/1/2024,1000
como vender roupas pela internet,Vendas,BR,3/1/2024,1000
como vender roupas pela internet,Vendas,BR,4/1/2024,880
como vender roupas pela internet,Vendas,BR,5/1/2024,880
como vender roupas pela internet,Vendas,BR,6/1/2024,880
como vender roupas pela internet,Vendas,BR,7/1/2024,880
como vender roupas pela internet,Vendas,BR,8/1/2024,880
como vender roupas pela internet,Vendas,BR,9/1/2024,880
como vender roupas pela internet,Vendas,BR,10/1/2024,880
como vender roupas pela internet,Vendas,BR,11/1/2024,720
como vender roupas pela internet,Vendas,BR,12/1/2024,480
como vender roupas pela internet,Vendas,BR,1/1/2025,880
como vender roupas pela internet,Vendas,BR,2/1/2025,590
como vender roupas pela internet,Vendas,BR,3/1/2025,720
como vender roupas pela internet,Vendas,BR,4/1/2025,720
como vender roupas pela internet,Vendas,BR,5/1/2025,720
como vender roupas pela internet,Vendas,BR,6/1/2025,480
como vender roupas pela internet,Vendas,BR,7/1/2025,480
como vender roupas pela internet,Vendas,BR,8/1/2025,480
como vender roupas pela internet,Vendas,BR,9/1/2025,480
como vender roupas pela internet,Vendas,BR,10/1/2025,480
criar loja no instagram,Canais,BR,8/1/2021,1000
criar loja no instagram,Canais,BR,9/1/2021,880
criar loja no instagram,Canais,BR,10/1/2021,1000
criar loja no instagram,Canais,BR,11/1/2021,880
criar loja no instagram,Canais,BR,12/1/2021,720
criar loja no instagram,Canais,BR,1/1/2022,880
criar loja no instagram,Canais,BR,2/1/2022,880
criar loja no instagram,Canais,BR,3/1/2022,880
criar loja no instagram,Canais,BR,4/1/2022,880
criar loja no instagram,Canais,BR,5/1/2022,880
criar loja no instagram,Canais,BR,6/1/2022,880
criar loja no instagram,Canais,BR,7/1/2022,720
criar loja no instagram,Canais,BR,8/1/2022,880
criar loja no instagram,Canais,BR,9/1/2022,880
criar loja no instagram,Canais,BR,10/1/2022,720
criar loja no instagram,Canais,BR,11/1/2022,880
criar loja no instagram,Canais,BR,12/1/2022,590
criar loja no instagram,Canais,BR,1/1/2023,880
criar loja no instagram,Canais,BR,2/1/2023,720
criar loja no instagram,Canais,BR,3/1/2023,880
criar loja no instagram,Canais,BR,4/1/2023,720
criar loja no instagram,Canais,BR,5/1/2023,720
criar loja no instagram,Canais,BR,6/1/2023,720
criar loja no instagram,Canais,BR,7/1/2023,720
criar loja no instagram,Canais,BR,8/1/2023,880
criar loja no instagram,Canais,BR,9/1/2023,720
criar loja no instagram,Canais,BR,10/1/2023,590
criar loja no instagram,Canais,BR,11/1/2023,590
criar loja no instagram,Canais,BR,12/1/2023,480
criar loja no instagram,Canais,BR,1/1/2024,590
criar loja no instagram,Canais,BR,2/1/2024,590
criar loja no instagram,Canais,BR,3/1/2024,590
criar loja no instagram,Canais,BR,4/1/2024,590
criar loja no instagram,Canais,BR,5/1/2024,590
criar loja no instagram,Canais,BR,6/1/2024,480
criar loja no instagram,Canais,BR,7/1/2024,390
criar loja no instagram,Canais,BR,8/1/2024,390
criar loja no instagram,Canais,BR,9/1/2024,320
criar loja no instagram,Canais,BR,10/1/2024,390
criar loja no instagram,Canais,BR,11/1/2024,390
criar loja no instagram,Canais,BR,12/1/2024,320
criar loja no instagram,Canais,BR,1/1/2025,390
criar loja no instagram,Canais,BR,2/1/2025,320
criar loja no instagram,Canais,BR,3/1/2025,390
criar loja no instagram,Canais,BR,4/1/2025,320
criar loja no instagram,Canais,BR,5/1/2025,320
criar loja no instagram,Canais,BR,6/1/2025,260
criar loja no instagram,Canais,BR,7/1/2025,260
criar loja no instagram,Canais,BR,8/1/2025,170
criar loja no instagram,Canais,BR,9/1/2025,170
criar loja no instagram,Canais,BR,10/1/2025,170
criar loja online,DTC,BR,8/1/2021,1000
criar loja online,DTC,BR,9/1/2021,1000
criar loja online,DTC,BR,10/1/2021,1300
criar loja online,DTC,BR,11/1/2021,1000
criar loja online,DTC,BR,12/1/2021,1000
criar loja online,DTC,BR,1/1/2022,1300
criar loja online,DTC,BR,2/1/2022,1000
criar loja online,DTC,BR,3/1/2022,1300
criar loja online,DTC,BR,4/1/2022,880
criar loja online,DTC,BR,5/1/2022,880
criar loja online,DTC,BR,6/1/2022,1000
criar loja online,DTC,BR,7/1/2022,880
criar loja online,DTC,BR,8/1/2022,1000
criar loja online,DTC,BR,9/1/2022,1000
criar loja online,DTC,BR,10/1/2022,1000
criar loja online,DTC,BR,11/1/2022,1000
criar loja online,DTC,BR,12/1/2022,1000
criar loja online,DTC,BR,1/1/2023,1600
criar loja online,DTC,BR,2/1/2023,1000
criar loja online,DTC,BR,3/1/2023,1300
criar loja online,DTC,BR,4/1/2023,1300
criar loja online,DTC,BR,5/1/2023,1600
criar loja online,DTC,BR,6/1/2023,1300
criar loja online,DTC,BR,7/1/2023,1600
criar loja online,DTC,BR,8/1/2023,1600
criar loja online,DTC,BR,9/1/2023,1300
criar loja online,DTC,BR,10/1/2023,1300
criar loja online,DTC,BR,11/1/2023,1300
criar loja online,DTC,BR,12/1/2023,1300
criar loja online,DTC,BR,1/1/2024,1900
criar loja online,DTC,BR,2/1/2024,1600
criar loja online,DTC,BR,3/1/2024,1300
criar loja online,DTC,BR,4/1/2024,1300
criar loja online,DTC,BR,5/1/2024,1600
criar loja online,DTC,BR,6/1/2024,1300
criar loja online,DTC,BR,7/1/2024,1300
criar loja online,DTC,BR,8/1/2024,1000
criar loja online,DTC,BR,9/1/2024,1000
criar loja online,DTC,BR,10/1/2024,1000
criar loja online,DTC,BR,11/1/2024,1000
criar loja online,DTC,BR,12/1/2024,1000
criar loja online,DTC,BR,1/1/2025,1600
criar loja online,DTC,BR,2/1/2025,1300
criar loja online,DTC,BR,3/1/2025,1300
criar loja online,DTC,BR,4/1/2025,1300
criar loja online,DTC,BR,5/1/2025,1300
criar loja online,DTC,BR,6/1/2025,1000
criar loja online,DTC,BR,7/1/2025,1000
criar loja online,DTC,BR,8/1/2025,880
criar loja online,DTC,BR,9/1/2025,880
criar loja online,DTC,BR,10/1/2025,1300
criar loja virtual,DTC,BR,8/1/2021,3600
criar loja virtual,DTC,BR,9/1/2021,2900
criar loja virtual,DTC,BR,10/1/2021,2900
criar loja virtual,DTC,BR,11/1/2021,2900
criar loja virtual,DTC,BR,12/1/2021,2400
criar loja virtual,DTC,BR,1/1/2022,3600
criar loja virtual,DTC,BR,2/1/2022,2900
criar loja virtual,DTC,BR,3/1/2022,2900
criar loja virtual,DTC,BR,4/1/2022,2400
criar loja virtual,DTC,BR,5/1/2022,2400
criar loja virtual,DTC,BR,6/1/2022,2400
criar loja virtual,DTC,BR,7/1/2022,2400
criar loja virtual,DTC,BR,8/1/2022,2900
criar loja virtual,DTC,BR,9/1/2022,2900
criar loja virtual,DTC,BR,10/1/2022,2400
criar loja virtual,DTC,BR,11/1/2022,2900
criar loja virtual,DTC,BR,12/1/2022,2400
criar loja virtual,DTC,BR,1/1/2023,3600
criar loja virtual,DTC,BR,2/1/2023,3600
criar loja virtual,DTC,BR,3/1/2023,3600
criar loja virtual,DTC,BR,4/1/2023,3600
criar loja virtual,DTC,BR,5/1/2023,3600
criar loja virtual,DTC,BR,6/1/2023,2900
criar loja virtual,DTC,BR,7/1/2023,3600
criar loja virtual,DTC,BR,8/1/2023,3600
criar loja virtual,DTC,BR,9/1/2023,2900
criar loja virtual,DTC,BR,10/1/2023,2900
criar loja virtual,DTC,BR,11/1/2023,2900
criar loja virtual,DTC,BR,12/1/2023,2900
criar loja virtual,DTC,BR,1/1/2024,4400
criar loja virtual,DTC,BR,2/1/2024,2900
criar loja virtual,DTC,BR,3/1/2024,2900
criar loja virtual,DTC,BR,4/1/2024,2900
criar loja virtual,DTC,BR,5/1/2024,2900
criar loja virtual,DTC,BR,6/1/2024,2400
criar loja virtual,DTC,BR,7/1/2024,2400
criar loja virtual,DTC,BR,8/1/2024,2400
criar loja virtual,DTC,BR,9/1/2024,2400
criar loja virtual,DTC,BR,10/1/2024,2400
criar loja virtual,DTC,BR,11/1/2024,2400
criar loja virtual,DTC,BR,12/1/2024,1900
criar loja virtual,DTC,BR,1/1/2025,1900
criar loja virtual,DTC,BR,2/1/2025,1600
criar loja virtual,DTC,BR,3/1/2025,2400
criar loja virtual,DTC,BR,4/1/2025,2400
criar loja virtual,DTC,BR,5/1/2025,1900
criar loja virtual,DTC,BR,6/1/2025,1300
criar loja virtual,DTC,BR,7/1/2025,1600
criar loja virtual,DTC,BR,8/1/2025,1300
criar loja virtual,DTC,BR,9/1/2025,1600
criar loja virtual,DTC,BR,10/1/2025,1600
criar site de vendas,DTC,BR,8/1/2021,8100
criar site de vendas,DTC,BR,9/1/2021,6600
criar site de vendas,DTC,BR,10/1/2021,6600
criar site de vendas,DTC,BR,11/1/2021,5400
criar site de vendas,DTC,BR,12/1/2021,4400
criar site de vendas,DTC,BR,1/1/2022,5400
criar site de vendas,DTC,BR,2/1/2022,4400
criar site de vendas,DTC,BR,3/1/2022,5400
criar site de vendas,DTC,BR,4/1/2022,4400
criar site de vendas,DTC,BR,5/1/2022,4400
criar site de vendas,DTC,BR,6/1/2022,4400
criar site de vendas,DTC,BR,7/1/2022,4400
criar site de vendas,DTC,BR,8/1/2022,4400
criar site de vendas,DTC,BR,9/1/2022,4400
criar site de vendas,DTC,BR,10/1/2022,3600
criar site de vendas,DTC,BR,11/1/2022,3600
criar site de vendas,DTC,BR,12/1/2022,2900
criar site de vendas,DTC,BR,1/1/2023,5400
criar site de vendas,DTC,BR,2/1/2023,4400
criar site de vendas,DTC,BR,3/1/2023,4400
criar site de vendas,DTC,BR,4/1/2023,4400
criar site de vendas,DTC,BR,5/1/2023,4400
criar site de vendas,DTC,BR,6/1/2023,4400
criar site de vendas,DTC,BR,7/1/2023,4400
criar site de vendas,DTC,BR,8/1/2023,4400
criar site de vendas,DTC,BR,9/1/2023,4400
criar site de vendas,DTC,BR,10/1/2023,4400
criar site de vendas,DTC,BR,11/1/2023,4400
criar site de vendas,DTC,BR,12/1/2023,3600
criar site de vendas,DTC,BR,1/1/2024,5400
criar site de vendas,DTC,BR,2/1/2024,3600
criar site de vendas,DTC,BR,3/1/2024,3600
criar site de vendas,DTC,BR,4/1/2024,3600
criar site de vendas,DTC,BR,5/1/2024,3600
criar site de vendas,DTC,BR,6/1/2024,3600
criar site de vendas,DTC,BR,7/1/2024,3600
criar site de vendas,DTC,BR,8/1/2024,3600
criar site de vendas,DTC,BR,9/1/2024,3600
criar site de vendas,DTC,BR,10/1/2024,3600
criar site de vendas,DTC,BR,11/1/2024,2900
criar site de vendas,DTC,BR,12/1/2024,2900
criar site de vendas,DTC,BR,1/1/2025,3600
criar site de vendas,DTC,BR,2/1/2025,2900
criar site de vendas,DTC,BR,3/1/2025,3600
criar site de vendas,DTC,BR,4/1/2025,2900
criar site de vendas,DTC,BR,5/1/2025,2900
criar site de vendas,DTC,BR,6/1/2025,2400
criar site de vendas,DTC,BR,7/1/2025,2900
criar site de vendas,DTC,BR,8/1/2025,2400
criar site de vendas,DTC,BR,9/1/2025,2400
criar site de vendas,DTC,BR,10/1/2025,2900
criar um site de vendas,DTC,BR,8/1/2021,8100
criar um site de vendas,DTC,BR,9/1/2021,6600
criar um site de vendas,DTC,BR,10/1/2021,6600
criar um site de vendas,DTC,BR,11/1/2021,5400
criar um site de vendas,DTC,BR,12/1/2021,4400
criar um site de vendas,DTC,BR,1/1/2022,5400
criar um site de vendas,DTC,BR,2/1/2022,4400
criar um site de vendas,DTC,BR,3/1/2022,5400
criar um site de vendas,DTC,BR,4/1/2022,4400
criar um site de vendas,DTC,BR,5/1/2022,4400
criar um site de vendas,DTC,BR,6/1/2022,4400
criar um site de vendas,DTC,BR,7/1/2022,4400
criar um site de vendas,DTC,BR,8/1/2022,4400
criar um site de vendas,DTC,BR,9/1/2022,4400
criar um site de vendas,DTC,BR,10/1/2022,3600
criar um site de vendas,DTC,BR,11/1/2022,3600
criar um site de vendas,DTC,BR,12/1/2022,2900
criar um site de vendas,DTC,BR,1/1/2023,5400
criar um site de vendas,DTC,BR,2/1/2023,4400
criar um site de vendas,DTC,BR,3/1/2023,4400
criar um site de vendas,DTC,BR,4/1/2023,4400
criar um site de vendas,DTC,BR,5/1/2023,4400
criar um site de vendas,DTC,BR,6/1/2023,4400
criar um site de vendas,DTC,BR,7/1/2023,4400
criar um site de vendas,DTC,BR,8/1/2023,4400
criar um site de vendas,DTC,BR,9/1/2023,4400
criar um site de vendas,DTC,BR,10/1/2023,4400
criar um site de vendas,DTC,BR,11/1/2023,4400
criar um site de vendas,DTC,BR,12/1/2023,3600
criar um site de vendas,DTC,BR,1/1/2024,5400
criar um site de vendas,DTC,BR,2/1/2024,3600
criar um site de vendas,DTC,BR,3/1/2024,3600
criar um site de vendas,DTC,BR,4/1/2024,3600
criar um site de vendas,DTC,BR,5/1/2024,3600
criar um site de vendas,DTC,BR,6/1/2024,3600
criar um site de vendas,DTC,BR,7/1/2024,3600
criar um site de vendas,DTC,BR,8/1/2024,3600
criar um site de vendas,DTC,BR,9/1/2024,3600
criar um site de vendas,DTC,BR,10/1/2024,3600
criar um site de vendas,DTC,BR,11/1/2024,2900
criar um site de vendas,DTC,BR,12/1/2024,2900
criar um site de vendas,DTC,BR,1/1/2025,3600
criar um site de vendas,DTC,BR,2/1/2025,2900
criar um site de vendas,DTC,BR,3/1/2025,3600
criar um site de vendas,DTC,BR,4/1/2025,2900
criar um site de vendas,DTC,BR,5/1/2025,2900
criar um site de vendas,DTC,BR,6/1/2025,2400
criar um site de vendas,DTC,BR,7/1/2025,2900
criar um site de vendas,DTC,BR,8/1/2025,2400
criar um site de vendas,DTC,BR,9/1/2025,2400
criar um site de vendas,DTC,BR,10/1/2025,2900
dropshipping,Drop,BR,8/1/2021,165000
dropshipping,Drop,BR,9/1/2021,135000
dropshipping,Drop,BR,10/1/2021,165000
dropshipping,Drop,BR,11/1/2021,135000
dropshipping,Drop,BR,12/1/2021,110000
dropshipping,Drop,BR,1/1/2022,165000
dropshipping,Drop,BR,2/1/2022,135000
dropshipping,Drop,BR,3/1/2022,165000
dropshipping,Drop,BR,4/1/2022,135000
dropshipping,Drop,BR,5/1/2022,135000
dropshipping,Drop,BR,6/1/2022,135000
dropshipping,Drop,BR,7/1/2022,165000
dropshipping,Drop,BR,8/1/2022,201000
dropshipping,Drop,BR,9/1/2022,301000
dropshipping,Drop,BR,10/1/2022,201000
dropshipping,Drop,BR,11/1/2022,246000
dropshipping,Drop,BR,12/1/2022,246000
dropshipping,Drop,BR,1/1/2023,368000
dropshipping,Drop,BR,2/1/2023,201000
dropshipping,Drop,BR,3/1/2023,246000
dropshipping,Drop,BR,4/1/2023,201000
dropshipping,Drop,BR,5/1/2023,201000
dropshipping,Drop,BR,6/1/2023,201000
dropshipping,Drop,BR,7/1/2023,201000
dropshipping,Drop,BR,8/1/2023,201000
dropshipping,Drop,BR,9/1/2023,165000
dropshipping,Drop,BR,10/1/2023,135000
dropshipping,Drop,BR,11/1/2023,135000
dropshipping,Drop,BR,12/1/2023,110000
dropshipping,Drop,BR,1/1/2024,201000
dropshipping,Drop,BR,2/1/2024,165000
dropshipping,Drop,BR,3/1/2024,135000
dropshipping,Drop,BR,4/1/2024,165000
dropshipping,Drop,BR,5/1/2024,165000
dropshipping,Drop,BR,6/1/2024,135000
dropshipping,Drop,BR,7/1/2024,135000
dropshipping,Drop,BR,8/1/2024,110000
dropshipping,Drop,BR,9/1/2024,110000
dropshipping,Drop,BR,10/1/2024,110000
dropshipping,Drop,BR,11/1/2024,110000
dropshipping,Drop,BR,12/1/2024,90500
dropshipping,Drop,BR,1/1/2025,110000
dropshipping,Drop,BR,2/1/2025,90500
dropshipping,Drop,BR,3/1/2025,90500
dropshipping,Drop,BR,4/1/2025,90500
dropshipping,Drop,BR,5/1/2025,74000
dropshipping,Drop,BR,6/1/2025,60500
dropshipping,Drop,BR,7/1/2025,74000
dropshipping,Drop,BR,8/1/2025,90500
dropshipping,Drop,BR,9/1/2025,74000
dropshipping,Drop,BR,10/1/2025,74000
dropshipping brasileiro,Drop,BR,8/1/2021,1300
dropshipping brasileiro,Drop,BR,9/1/2021,1300
dropshipping brasileiro,Drop,BR,10/1/2021,1300
dropshipping brasileiro,Drop,BR,11/1/2021,1300
dropshipping brasileiro,Drop,BR,12/1/2021,880
dropshipping brasileiro,Drop,BR,1/1/2022,1300
dropshipping brasileiro,Drop,BR,2/1/2022,1000
dropshipping brasileiro,Drop,BR,3/1/2022,880
dropshipping brasileiro,Drop,BR,4/1/2022,880
dropshipping brasileiro,Drop,BR,5/1/2022,880
dropshipping brasileiro,Drop,BR,6/1/2022,1000
dropshipping brasileiro,Drop,BR,7/1/2022,1000
dropshipping brasileiro,Drop,BR,8/1/2022,1300
dropshipping brasileiro,Drop,BR,9/1/2022,1600
dropshipping brasileiro,Drop,BR,10/1/2022,1000
dropshipping brasileiro,Drop,BR,11/1/2022,1300
dropshipping brasileiro,Drop,BR,12/1/2022,1300
dropshipping brasileiro,Drop,BR,1/1/2023,1900
dropshipping brasileiro,Drop,BR,2/1/2023,1000
dropshipping brasileiro,Drop,BR,3/1/2023,1300
dropshipping brasileiro,Drop,BR,4/1/2023,1000
dropshipping brasileiro,Drop,BR,5/1/2023,1000
dropshipping brasileiro,Drop,BR,6/1/2023,880
dropshipping brasileiro,Drop,BR,7/1/2023,880
dropshipping brasileiro,Drop,BR,8/1/2023,880
dropshipping brasileiro,Drop,BR,9/1/2023,880
dropshipping brasileiro,Drop,BR,10/1/2023,880
dropshipping brasileiro,Drop,BR,11/1/2023,880
dropshipping brasileiro,Drop,BR,12/1/2023,880
dropshipping brasileiro,Drop,BR,1/1/2024,1300
dropshipping brasileiro,Drop,BR,2/1/2024,1000
dropshipping brasileiro,Drop,BR,3/1/2024,880
dropshipping brasileiro,Drop,BR,4/1/2024,880
dropshipping brasileiro,Drop,BR,5/1/2024,880
dropshipping brasileiro,Drop,BR,6/1/2024,880
dropshipping brasileiro,Drop,BR,7/1/2024,720
dropshipping brasileiro,Drop,BR,8/1/2024,720
dropshipping brasileiro,Drop,BR,9/1/2024,880
dropshipping brasileiro,Drop,BR,10/1/2024,880
dropshipping brasileiro,Drop,BR,11/1/2024,720
dropshipping brasileiro,Drop,BR,12/1/2024,590
dropshipping brasileiro,Drop,BR,1/1/2025,880
dropshipping brasileiro,Drop,BR,2/1/2025,720
dropshipping brasileiro,Drop,BR,3/1/2025,720
dropshipping brasileiro,Drop,BR,4/1/2025,590
dropshipping brasileiro,Drop,BR,5/1/2025,480
dropshipping brasileiro,Drop,BR,6/1/2025,480
dropshipping brasileiro,Drop,BR,7/1/2025,590
dropshipping brasileiro,Drop,BR,8/1/2025,480
dropshipping brasileiro,Drop,BR,9/1/2025,480
dropshipping brasileiro,Drop,BR,10/1/2025,590
dropshipping nacional,Drop,BR,8/1/2021,8100
dropshipping nacional,Drop,BR,9/1/2021,8100
dropshipping nacional,Drop,BR,10/1/2021,8100
dropshipping nacional,Drop,BR,11/1/2021,6600
dropshipping nacional,Drop,BR,12/1/2021,5400
dropshipping nacional,Drop,BR,1/1/2022,8100
dropshipping nacional,Drop,BR,2/1/2022,5400
dropshipping nacional,Drop,BR,3/1/2022,5400
dropshipping nacional,Drop,BR,4/1/2022,4400
dropshipping nacional,Drop,BR,5/1/2022,4400
dropshipping nacional,Drop,BR,6/1/2022,6600
dropshipping nacional,Drop,BR,7/1/2022,8100
dropshipping nacional,Drop,BR,8/1/2022,8100
dropshipping nacional,Drop,BR,9/1/2022,8100
dropshipping nacional,Drop,BR,10/1/2022,6600
dropshipping nacional,Drop,BR,11/1/2022,6600
dropshipping nacional,Drop,BR,12/1/2022,5400
dropshipping nacional,Drop,BR,1/1/2023,5400
dropshipping nacional,Drop,BR,2/1/2023,3600
dropshipping nacional,Drop,BR,3/1/2023,3600
dropshipping nacional,Drop,BR,4/1/2023,4400
dropshipping nacional,Drop,BR,5/1/2023,4400
dropshipping nacional,Drop,BR,6/1/2023,3600
dropshipping nacional,Drop,BR,7/1/2023,3600
dropshipping nacional,Drop,BR,8/1/2023,4400
dropshipping nacional,Drop,BR,9/1/2023,4400
dropshipping nacional,Drop,BR,10/1/2023,3600
dropshipping nacional,Drop,BR,11/1/2023,3600
dropshipping nacional,Drop,BR,12/1/2023,3600
dropshipping nacional,Drop,BR,1/1/2024,5400
dropshipping nacional,Drop,BR,2/1/2024,3600
dropshipping nacional,Drop,BR,3/1/2024,3600
dropshipping nacional,Drop,BR,4/1/2024,3600
dropshipping nacional,Drop,BR,5/1/2024,4400
dropshipping nacional,Drop,BR,6/1/2024,3600
dropshipping nacional,Drop,BR,7/1/2024,3600
dropshipping nacional,Drop,BR,8/1/2024,4400
dropshipping nacional,Drop,BR,9/1/2024,3600
dropshipping nacional,Drop,BR,10/1/2024,3600
dropshipping nacional,Drop,BR,11/1/2024,2400
dropshipping nacional,Drop,BR,12/1/2024,1900
dropshipping nacional,Drop,BR,1/1/2025,2900
dropshipping nacional,Drop,BR,2/1/2025,1900
dropshipping nacional,Drop,BR,3/1/2025,2400
dropshipping nacional,Drop,BR,4/1/2025,1900
dropshipping nacional,Drop,BR,5/1/2025,1900
dropshipping nacional,Drop,BR,6/1/2025,1600
dropshipping nacional,Drop,BR,7/1/2025,1900
dropshipping nacional,Drop,BR,8/1/2025,1900
dropshipping nacional,Drop,BR,9/1/2025,1900
dropshipping nacional,Drop,BR,10/1/2025,1900
iluria,Branded,BR,8/1/2021,14800
iluria,Branded,BR,9/1/2021,12100
iluria,Branded,BR,10/1/2021,12100
iluria,Branded,BR,11/1/2021,9900
iluria,Branded,BR,12/1/2021,8100
iluria,Branded,BR,1/1/2022,9900
iluria,Branded,BR,2/1/2022,8100
iluria,Branded,BR,3/1/2022,8100
iluria,Branded,BR,4/1/2022,6600
iluria,Branded,BR,5/1/2022,6600
iluria,Branded,BR,6/1/2022,6600
iluria,Branded,BR,7/1/2022,6600
iluria,Branded,BR,8/1/2022,6600
iluria,Branded,BR,9/1/2022,5400
iluria,Branded,BR,10/1/2022,5400
iluria,Branded,BR,11/1/2022,5400
iluria,Branded,BR,12/1/2022,4400
iluria,Branded,BR,1/1/2023,5400
iluria,Branded,BR,2/1/2023,4400
iluria,Branded,BR,3/1/2023,5400
iluria,Branded,BR,4/1/2023,3600
iluria,Branded,BR,5/1/2023,4400
iluria,Branded,BR,6/1/2023,3600
iluria,Branded,BR,7/1/2023,4400
iluria,Branded,BR,8/1/2023,4400
iluria,Branded,BR,9/1/2023,3600
iluria,Branded,BR,10/1/2023,3600
iluria,Branded,BR,11/1/2023,3600
iluria,Branded,BR,12/1/2023,4400
iluria,Branded,BR,1/1/2024,4400
iluria,Branded,BR,2/1/2024,2900
iluria,Branded,BR,3/1/2024,2900
iluria,Branded,BR,4/1/2024,2900
iluria,Branded,BR,5/1/2024,2900
iluria,Branded,BR,6/1/2024,2400
iluria,Branded,BR,7/1/2024,1900
iluria,Branded,BR,8/1/2024,1900
iluria,Branded,BR,9/1/2024,1900
iluria,Branded,BR,10/1/2024,1600
iluria,Branded,BR,11/1/2024,1600
iluria,Branded,BR,12/1/2024,1600
iluria,Branded,BR,1/1/2025,1600
iluria,Branded,BR,2/1/2025,1300
iluria,Branded,BR,3/1/2025,1300
iluria,Branded,BR,4/1/2025,1300
iluria,Branded,BR,5/1/2025,1300
iluria,Branded,BR,6/1/2025,1000
iluria,Branded,BR,7/1/2025,1000
iluria,Branded,BR,8/1/2025,1300
iluria,Branded,BR,9/1/2025,1000
iluria,Branded,BR,10/1/2025,1000
instagram shopping,Canais,BR,8/1/2021,3600
instagram shopping,Canais,BR,9/1/2021,3600
instagram shopping,Canais,BR,10/1/2021,2900
instagram shopping,Canais,BR,11/1/2021,3600
instagram shopping,Canais,BR,12/1/2021,4400
instagram shopping,Canais,BR,1/1/2022,3600
instagram shopping,Canais,BR,2/1/2022,2900
instagram shopping,Canais,BR,3/1/2022,3600
instagram shopping,Canais,BR,4/1/2022,2900
instagram shopping,Canais,BR,5/1/2022,3600
instagram shopping,Canais,BR,6/1/2022,2900
instagram shopping,Canais,BR,7/1/2022,3600
instagram shopping,Canais,BR,8/1/2022,2900
instagram shopping,Canais,BR,9/1/2022,3600
instagram shopping,Canais,BR,10/1/2022,3600
instagram shopping,Canais,BR,11/1/2022,4400
instagram shopping,Canais,BR,12/1/2022,3600
instagram shopping,Canais,BR,1/1/2023,4400
instagram shopping,Canais,BR,2/1/2023,4400
instagram shopping,Canais,BR,3/1/2023,4400
instagram shopping,Canais,BR,4/1/2023,4400
instagram shopping,Canais,BR,5/1/2023,5400
instagram shopping,Canais,BR,6/1/2023,4400
instagram shopping,Canais,BR,7/1/2023,6600
instagram shopping,Canais,BR,8/1/2023,4400
instagram shopping,Canais,BR,9/1/2023,4400
instagram shopping,Canais,BR,10/1/2023,5400
instagram shopping,Canais,BR,11/1/2023,4400
instagram shopping,Canais,BR,12/1/2023,4400
instagram shopping,Canais,BR,1/1/2024,5400
instagram shopping,Canais,BR,2/1/2024,3600
instagram shopping,Canais,BR,3/1/2024,5400
instagram shopping,Canais,BR,4/1/2024,4400
instagram shopping,Canais,BR,5/1/2024,5400
instagram shopping,Canais,BR,6/1/2024,5400
instagram shopping,Canais,BR,7/1/2024,5400
instagram shopping,Canais,BR,8/1/2024,4400
instagram shopping,Canais,BR,9/1/2024,4400
instagram shopping,Canais,BR,10/1/2024,4400
instagram shopping,Canais,BR,11/1/2024,4400
instagram shopping,Canais,BR,12/1/2024,5400
instagram shopping,Canais,BR,1/1/2025,4400
instagram shopping,Canais,BR,2/1/2025,4400
instagram shopping,Canais,BR,3/1/2025,5400
instagram shopping,Canais,BR,4/1/2025,5400
instagram shopping,Canais,BR,5/1/2025,5400
instagram shopping,Canais,BR,6/1/2025,4400
instagram shopping,Canais,BR,7/1/2025,5400
instagram shopping,Canais,BR,8/1/2025,5400
instagram shopping,Canais,BR,9/1/2025,5400
instagram shopping,Canais,BR,10/1/2025,5400
loja insta,Canais,BR,8/1/2021,1900
loja insta,Canais,BR,9/1/2021,1900
loja insta,Canais,BR,10/1/2021,1900
loja insta,Canais,BR,11/1/2021,1600
loja insta,Canais,BR,12/1/2021,1300
loja insta,Canais,BR,1/1/2022,1600
loja insta,Canais,BR,2/1/2022,1600
loja insta,Canais,BR,3/1/2022,1600
loja insta,Canais,BR,4/1/2022,1300
loja insta,Canais,BR,5/1/2022,1300
loja insta,Canais,BR,6/1/2022,1300
loja insta,Canais,BR,7/1/2022,1300
loja insta,Canais,BR,8/1/2022,1300
loja insta,Canais,BR,9/1/2022,1300
loja insta,Canais,BR,10/1/2022,1300
loja insta,Canais,BR,11/1/2022,1300
loja insta,Canais,BR,12/1/2022,1000
loja insta,Canais,BR,1/1/2023,1300
loja insta,Canais,BR,2/1/2023,2900
loja insta,Canais,BR,3/1/2023,2900
loja insta,Canais,BR,4/1/2023,1900
loja insta,Canais,BR,5/1/2023,1900
loja insta,Canais,BR,6/1/2023,1600
loja insta,Canais,BR,7/1/2023,1900
loja insta,Canais,BR,8/1/2023,1600
loja insta,Canais,BR,9/1/2023,1600
loja insta,Canais,BR,10/1/2023,1300
loja insta,Canais,BR,11/1/2023,1300
loja insta,Canais,BR,12/1/2023,1000
loja insta,Canais,BR,1/1/2024,1300
loja insta,Canais,BR,2/1/2024,1000
loja insta,Canais,BR,3/1/2024,1000
loja insta,Canais,BR,4/1/2024,1000
loja insta,Canais,BR,5/1/2024,1000
loja insta,Canais,BR,6/1/2024,1000
loja insta,Canais,BR,7/1/2024,1000
loja insta,Canais,BR,8/1/2024,880
loja insta,Canais,BR,9/1/2024,880
loja insta,Canais,BR,10/1/2024,880
loja insta,Canais,BR,11/1/2024,880
loja insta,Canais,BR,12/1/2024,880
loja insta,Canais,BR,1/1/2025,720
loja insta,Canais,BR,2/1/2025,720
loja insta,Canais,BR,3/1/2025,720
loja insta,Canais,BR,4/1/2025,720
loja insta,Canais,BR,5/1/2025,720
loja insta,Canais,BR,6/1/2025,720
loja insta,Canais,BR,7/1/2025,720
loja insta,Canais,BR,8/1/2025,590
loja insta,Canais,BR,9/1/2025,590
loja insta,Canais,BR,10/1/2025,720
loja integrada,Branded,BR,8/1/2021,165000
loja integrada,Branded,BR,9/1/2021,135000
loja integrada,Branded,BR,10/1/2021,135000
loja integrada,Branded,BR,11/1/2021,135000
loja integrada,Branded,BR,12/1/2021,110000
loja integrada,Branded,BR,1/1/2022,110000
loja integrada,Branded,BR,2/1/2022,110000
loja integrada,Branded,BR,3/1/2022,110000
loja integrada,Branded,BR,4/1/2022,90500
loja integrada,Branded,BR,5/1/2022,110000
loja integrada,Branded,BR,6/1/2022,90500
loja integrada,Branded,BR,7/1/2022,90500
loja integrada,Branded,BR,8/1/2022,90500
loja integrada,Branded,BR,9/1/2022,74000
loja integrada,Branded,BR,10/1/2022,74000
loja integrada,Branded,BR,11/1/2022,74000
loja integrada,Branded,BR,12/1/2022,60500
loja integrada,Branded,BR,1/1/2023,74000
loja integrada,Branded,BR,2/1/2023,60500
loja integrada,Branded,BR,3/1/2023,74000
loja integrada,Branded,BR,4/1/2023,60500
loja integrada,Branded,BR,5/1/2023,74000
loja integrada,Branded,BR,6/1/2023,74000
loja integrada,Branded,BR,7/1/2023,74000
loja integrada,Branded,BR,8/1/2023,74000
loja integrada,Branded,BR,9/1/2023,60500
loja integrada,Branded,BR,10/1/2023,60500
loja integrada,Branded,BR,11/1/2023,60500
loja integrada,Branded,BR,12/1/2023,49500
loja integrada,Branded,BR,1/1/2024,60500
loja integrada,Branded,BR,2/1/2024,60500
loja integrada,Branded,BR,3/1/2024,60500
loja integrada,Branded,BR,4/1/2024,60500
loja integrada,Branded,BR,5/1/2024,60500
loja integrada,Branded,BR,6/1/2024,49500
loja integrada,Branded,BR,7/1/2024,60500
loja integrada,Branded,BR,8/1/2024,49500
loja integrada,Branded,BR,9/1/2024,49500
loja integrada,Branded,BR,10/1/2024,49500
loja integrada,Branded,BR,11/1/2024,49500
loja integrada,Branded,BR,12/1/2024,40500
loja integrada,Branded,BR,1/1/2025,49500
loja integrada,Branded,BR,2/1/2025,40500
loja integrada,Branded,BR,3/1/2025,40500
loja integrada,Branded,BR,4/1/2025,40500
loja integrada,Branded,BR,5/1/2025,49500
loja integrada,Branded,BR,6/1/2025,40500
loja integrada,Branded,BR,7/1/2025,40500
loja integrada,Branded,BR,8/1/2025,40500
loja integrada,Branded,BR,9/1/2025,40500
loja integrada,Branded,BR,10/1/2025,40500
loja no instagram,Canais,BR,8/1/2021,1900
loja no instagram,Canais,BR,9/1/2021,1600
loja no instagram,Canais,BR,10/1/2021,1900
loja no instagram,Canais,BR,11/1/2021,1600
loja no instagram,Canais,BR,12/1/2021,1300
loja no instagram,Canais,BR,1/1/2022,1600
loja no instagram,Canais,BR,2/1/2022,1600
loja no instagram,Canais,BR,3/1/2022,1600
loja no instagram,Canais,BR,4/1/2022,1300
loja no instagram,Canais,BR,5/1/2022,1300
loja no instagram,Canais,BR,6/1/2022,1300
loja no instagram,Canais,BR,7/1/2022,1300
loja no instagram,Canais,BR,8/1/2022,1300
loja no instagram,Canais,BR,9/1/2022,1300
loja no instagram,Canais,BR,10/1/2022,1300
loja no instagram,Canais,BR,11/1/2022,1000
loja no instagram,Canais,BR,12/1/2022,1000
loja no instagram,Canais,BR,1/1/2023,1600
loja no instagram,Canais,BR,2/1/2023,1900
loja no instagram,Canais,BR,3/1/2023,1900
loja no instagram,Canais,BR,4/1/2023,1600
loja no instagram,Canais,BR,5/1/2023,1600
loja no instagram,Canais,BR,6/1/2023,1600
loja no instagram,Canais,BR,7/1/2023,1600
loja no instagram,Canais,BR,8/1/2023,1300
loja no instagram,Canais,BR,9/1/2023,1000
loja no instagram,Canais,BR,10/1/2023,1000
loja no instagram,Canais,BR,11/1/2023,1000
loja no instagram,Canais,BR,12/1/2023,880
loja no instagram,Canais,BR,1/1/2024,1000
loja no instagram,Canais,BR,2/1/2024,880
loja no instagram,Canais,BR,3/1/2024,880
loja no instagram,Canais,BR,4/1/2024,880
loja no instagram,Canais,BR,5/1/2024,880
loja no instagram,Canais,BR,6/1/2024,880
loja no instagram,Canais,BR,7/1/2024,880
loja no instagram,Canais,BR,8/1/2024,720
loja no instagram,Canais,BR,9/1/2024,720
loja no instagram,Canais,BR,10/1/2024,720
loja no instagram,Canais,BR,11/1/2024,590
loja no instagram,Canais,BR,12/1/2024,480
loja no instagram,Canais,BR,1/1/2025,590
loja no instagram,Canais,BR,2/1/2025,590
loja no instagram,Canais,BR,3/1/2025,590
loja no instagram,Canais,BR,4/1/2025,590
loja no instagram,Canais,BR,5/1/2025,480
loja no instagram,Canais,BR,6/1/2025,480
loja no instagram,Canais,BR,7/1/2025,480
loja no instagram,Canais,BR,8/1/2025,480
loja no instagram,Canais,BR,9/1/2025,390
loja no instagram,Canais,BR,10/1/2025,480
loja online,DTC,BR,8/1/2021,27100
loja online,DTC,BR,9/1/2021,27100
loja online,DTC,BR,10/1/2021,22200
loja online,DTC,BR,11/1/2021,22200
loja online,DTC,BR,12/1/2021,22200
loja online,DTC,BR,1/1/2022,22200
loja online,DTC,BR,2/1/2022,18100
loja online,DTC,BR,3/1/2022,22200
loja online,DTC,BR,4/1/2022,18100
loja online,DTC,BR,5/1/2022,22200
loja online,DTC,BR,6/1/2022,18100
loja online,DTC,BR,7/1/2022,18100
loja online,DTC,BR,8/1/2022,22200
loja online,DTC,BR,9/1/2022,22200
loja online,DTC,BR,10/1/2022,18100
loja online,DTC,BR,11/1/2022,22200
loja online,DTC,BR,12/1/2022,18100
loja online,DTC,BR,1/1/2023,22200
loja online,DTC,BR,2/1/2023,18100
loja online,DTC,BR,3/1/2023,22200
loja online,DTC,BR,4/1/2023,18100
loja online,DTC,BR,5/1/2023,22200
loja online,DTC,BR,6/1/2023,18100
loja online,DTC,BR,7/1/2023,22200
loja online,DTC,BR,8/1/2023,22200
loja online,DTC,BR,9/1/2023,22200
loja online,DTC,BR,10/1/2023,22200
loja online,DTC,BR,11/1/2023,22200
loja online,DTC,BR,12/1/2023,18100
loja online,DTC,BR,1/1/2024,22200
loja online,DTC,BR,2/1/2024,18100
loja online,DTC,BR,3/1/2024,22200
loja online,DTC,BR,4/1/2024,22200
loja online,DTC,BR,5/1/2024,22200
loja online,DTC,BR,6/1/2024,22200
loja online,DTC,BR,7/1/2024,18100
loja online,DTC,BR,8/1/2024,18100
loja online,DTC,BR,9/1/2024,18100
loja online,DTC,BR,10/1/2024,18100
loja online,DTC,BR,11/1/2024,18100
loja online,DTC,BR,12/1/2024,18100
loja online,DTC,BR,1/1/2025,18100
loja online,DTC,BR,2/1/2025,14800
loja online,DTC,BR,3/1/2025,14800
loja online,DTC,BR,4/1/2025,14800
loja online,DTC,BR,5/1/2025,14800
loja online,DTC,BR,6/1/2025,14800
loja online,DTC,BR,7/1/2025,14800
loja online,DTC,BR,8/1/2025,14800
loja online,DTC,BR,9/1/2025,12100
loja online,DTC,BR,10/1/2025,12100
loja virtual,DTC,BR,8/1/2021,33100
loja virtual,DTC,BR,9/1/2021,27100
loja virtual,DTC,BR,10/1/2021,27100
loja virtual,DTC,BR,11/1/2021,27100
loja virtual,DTC,BR,12/1/2021,22200
loja virtual,DTC,BR,1/1/2022,27100
loja virtual,DTC,BR,2/1/2022,22200
loja virtual,DTC,BR,3/1/2022,27100
loja virtual,DTC,BR,4/1/2022,22200
loja virtual,DTC,BR,5/1/2022,22200
loja virtual,DTC,BR,6/1/2022,22200
loja virtual,DTC,BR,7/1/2022,22200
loja virtual,DTC,BR,8/1/2022,22200
loja virtual,DTC,BR,9/1/2022,22200
loja virtual,DTC,BR,10/1/2022,22200
loja virtual,DTC,BR,11/1/2022,22200
loja virtual,DTC,BR,12/1/2022,18100
loja virtual,DTC,BR,1/1/2023,27100
loja virtual,DTC,BR,2/1/2023,22200
loja virtual,DTC,BR,3/1/2023,22200
loja virtual,DTC,BR,4/1/2023,22200
loja virtual,DTC,BR,5/1/2023,22200
loja virtual,DTC,BR,6/1/2023,22200
loja virtual,DTC,BR,7/1/2023,22200
loja virtual,DTC,BR,8/1/2023,22200
loja virtual,DTC,BR,9/1/2023,22200
loja virtual,DTC,BR,10/1/2023,22200
loja virtual,DTC,BR,11/1/2023,22200
loja virtual,DTC,BR,12/1/2023,18100
loja virtual,DTC,BR,1/1/2024,27100
loja virtual,DTC,BR,2/1/2024,22200
loja virtual,DTC,BR,3/1/2024,22200
loja virtual,DTC,BR,4/1/2024,22200
loja virtual,DTC,BR,5/1/2024,22200
loja virtual,DTC,BR,6/1/2024,18100
loja virtual,DTC,BR,7/1/2024,18100
loja virtual,DTC,BR,8/1/2024,18100
loja virtual,DTC,BR,9/1/2024,18100
loja virtual,DTC,BR,10/1/2024,18100
loja virtual,DTC,BR,11/1/2024,18100
loja virtual,DTC,BR,12/1/2024,14800
loja virtual,DTC,BR,1/1/2025,18100
loja virtual,DTC,BR,2/1/2025,14800
loja virtual,DTC,BR,3/1/2025,18100
loja virtual,DTC,BR,4/1/2025,18100
loja virtual,DTC,BR,5/1/2025,14800
loja virtual,DTC,BR,6/1/2025,14800
loja virtual,DTC,BR,7/1/2025,14800
loja virtual,DTC,BR,8/1/2025,12100
loja virtual,DTC,BR,9/1/2025,12100
loja virtual,DTC,BR,10/1/2025,12100
lojas virtuais,DTC,BR,8/1/2021,2900
lojas virtuais,DTC,BR,9/1/2021,2900
lojas virtuais,DTC,BR,10/1/2021,2900
lojas virtuais,DTC,BR,11/1/2021,2900
lojas virtuais,DTC,BR,12/1/2021,1900
lojas virtuais,DTC,BR,1/1/2022,2400
lojas virtuais,DTC,BR,2/1/2022,2400
lojas virtuais,DTC,BR,3/1/2022,2400
lojas virtuais,DTC,BR,4/1/2022,2900
lojas virtuais,DTC,BR,5/1/2022,2400
lojas virtuais,DTC,BR,6/1/2022,2400
lojas virtuais,DTC,BR,7/1/2022,1900
lojas virtuais,DTC,BR,8/1/2022,2400
lojas virtuais,DTC,BR,9/1/2022,2400
lojas virtuais,DTC,BR,10/1/2022,2400
lojas virtuais,DTC,BR,11/1/2022,2400
lojas virtuais,DTC,BR,12/1/2022,1900
lojas virtuais,DTC,BR,1/1/2023,2900
lojas virtuais,DTC,BR,2/1/2023,1900
lojas virtuais,DTC,BR,3/1/2023,2400
lojas virtuais,DTC,BR,4/1/2023,2400
lojas virtuais,DTC,BR,5/1/2023,2400
lojas virtuais,DTC,BR,6/1/2023,1900
lojas virtuais,DTC,BR,7/1/2023,2400
lojas virtuais,DTC,BR,8/1/2023,2400
lojas virtuais,DTC,BR,9/1/2023,2400
lojas virtuais,DTC,BR,10/1/2023,2400
lojas virtuais,DTC,BR,11/1/2023,2400
lojas virtuais,DTC,BR,12/1/2023,1900
lojas virtuais,DTC,BR,1/1/2024,2400
lojas virtuais,DTC,BR,2/1/2024,1900
lojas virtuais,DTC,BR,3/1/2024,1900
lojas virtuais,DTC,BR,4/1/2024,1900
lojas virtuais,DTC,BR,5/1/2024,1900
lojas virtuais,DTC,BR,6/1/2024,1600
lojas virtuais,DTC,BR,7/1/2024,1600
lojas virtuais,DTC,BR,8/1/2024,1600
lojas virtuais,DTC,BR,9/1/2024,1300
lojas virtuais,DTC,BR,10/1/2024,1600
lojas virtuais,DTC,BR,11/1/2024,1300
lojas virtuais,DTC,BR,12/1/2024,1000
lojas virtuais,DTC,BR,1/1/2025,1300
lojas virtuais,DTC,BR,2/1/2025,1000
lojas virtuais,DTC,BR,3/1/2025,1300
lojas virtuais,DTC,BR,4/1/2025,1300
lojas virtuais,DTC,BR,5/1/2025,1000
lojas virtuais,DTC,BR,6/1/2025,1000
lojas virtuais,DTC,BR,7/1/2025,880
lojas virtuais,DTC,BR,8/1/2025,880
lojas virtuais,DTC,BR,9/1/2025,880
lojas virtuais,DTC,BR,10/1/2025,720
magalu,Marketplace,BR,8/1/2021,1830000
magalu,Marketplace,BR,9/1/2021,1830000
magalu,Marketplace,BR,10/1/2021,1830000
magalu,Marketplace,BR,11/1/2021,3350000
magalu,Marketplace,BR,12/1/2021,1830000
magalu,Marketplace,BR,1/1/2022,2240000
magalu,Marketplace,BR,2/1/2022,1830000
magalu,Marketplace,BR,3/1/2022,2240000
magalu,Marketplace,BR,4/1/2022,1830000
magalu,Marketplace,BR,5/1/2022,1830000
magalu,Marketplace,BR,6/1/2022,1830000
magalu,Marketplace,BR,7/1/2022,1830000
magalu,Marketplace,BR,8/1/2022,1830000
magalu,Marketplace,BR,9/1/2022,1830000
magalu,Marketplace,BR,10/1/2022,1830000
magalu,Marketplace,BR,11/1/2022,2740000
magalu,Marketplace,BR,12/1/2022,2240000
magalu,Marketplace,BR,1/1/2023,2240000
magalu,Marketplace,BR,2/1/2023,1500000
magalu,Marketplace,BR,3/1/2023,1830000
magalu,Marketplace,BR,4/1/2023,1500000
magalu,Marketplace,BR,5/1/2023,1830000
magalu,Marketplace,BR,6/1/2023,1830000
magalu,Marketplace,BR,7/1/2023,1830000
magalu,Marketplace,BR,8/1/2023,1830000
magalu,Marketplace,BR,9/1/2023,1830000
magalu,Marketplace,BR,10/1/2023,1830000
magalu,Marketplace,BR,11/1/2023,3350000
magalu,Marketplace,BR,12/1/2023,2240000
magalu,Marketplace,BR,1/1/2024,2740000
magalu,Marketplace,BR,2/1/2024,1500000
magalu,Marketplace,BR,3/1/2024,1830000
magalu,Marketplace,BR,4/1/2024,1500000
magalu,Marketplace,BR,5/1/2024,1500000
magalu,Marketplace,BR,6/1/2024,1500000
magalu,Marketplace,BR,7/1/2024,1500000
magalu,Marketplace,BR,8/1/2024,1500000
magalu,Marketplace,BR,9/1/2024,1500000
magalu,Marketplace,BR,10/1/2024,1500000
magalu,Marketplace,BR,11/1/2024,2240000
magalu,Marketplace,BR,12/1/2024,1830000
magalu,Marketplace,BR,1/1/2025,1830000
magalu,Marketplace,BR,2/1/2025,1220000
magalu,Marketplace,BR,3/1/2025,1500000
magalu,Marketplace,BR,4/1/2025,1220000
magalu,Marketplace,BR,5/1/2025,1500000
magalu,Marketplace,BR,6/1/2025,1220000
magalu,Marketplace,BR,7/1/2025,1220000
magalu,Marketplace,BR,8/1/2025,1220000
magalu,Marketplace,BR,9/1/2025,1220000
magalu,Marketplace,BR,10/1/2025,1220000
magento,Branded,BR,8/1/2021,12100
magento,Branded,BR,9/1/2021,12100
magento,Branded,BR,10/1/2021,12100
magento,Branded,BR,11/1/2021,9900
magento,Branded,BR,12/1/2021,8100
magento,Branded,BR,1/1/2022,9900
magento,Branded,BR,2/1/2022,9900
magento,Branded,BR,3/1/2022,9900
magento,Branded,BR,4/1/2022,9900
magento,Branded,BR,5/1/2022,9900
magento,Branded,BR,6/1/2022,8100
magento,Branded,BR,7/1/2022,8100
magento,Branded,BR,8/1/2022,9900
magento,Branded,BR,9/1/2022,9900
magento,Branded,BR,10/1/2022,8100
magento,Branded,BR,11/1/2022,6600
magento,Branded,BR,12/1/2022,6600
magento,Branded,BR,1/1/2023,8100
magento,Branded,BR,2/1/2023,8100
magento,Branded,BR,3/1/2023,8100
magento,Branded,BR,4/1/2023,6600
magento,Branded,BR,5/1/2023,8100
magento,Branded,BR,6/1/2023,8100
magento,Branded,BR,7/1/2023,8100
magento,Branded,BR,8/1/2023,8100
magento,Branded,BR,9/1/2023,6600
magento,Branded,BR,10/1/2023,6600
magento,Branded,BR,11/1/2023,6600
magento,Branded,BR,12/1/2023,5400
magento,Branded,BR,1/1/2024,6600
magento,Branded,BR,2/1/2024,5400
magento,Branded,BR,3/1/2024,6600
magento,Branded,BR,4/1/2024,6600
magento,Branded,BR,5/1/2024,5400
magento,Branded,BR,6/1/2024,5400
magento,Branded,BR,7/1/2024,5400
magento,Branded,BR,8/1/2024,5400
magento,Branded,BR,9/1/2024,5400
magento,Branded,BR,10/1/2024,5400
magento,Branded,BR,11/1/2024,4400
magento,Branded,BR,12/1/2024,3600
magento,Branded,BR,1/1/2025,4400
magento,Branded,BR,2/1/2025,4400
magento,Branded,BR,3/1/2025,4400
magento,Branded,BR,4/1/2025,4400
magento,Branded,BR,5/1/2025,4400
magento,Branded,BR,6/1/2025,3600
magento,Branded,BR,7/1/2025,3600
magento,Branded,BR,8/1/2025,3600
magento,Branded,BR,9/1/2025,3600
magento,Branded,BR,10/1/2025,2900
mercado livre,Marketplace,BR,8/1/2021,37200000
mercado livre,Marketplace,BR,9/1/2021,30400000
mercado livre,Marketplace,BR,10/1/2021,30400000
mercado livre,Marketplace,BR,11/1/2021,30400000
mercado livre,Marketplace,BR,12/1/2021,30400000
mercado livre,Marketplace,BR,1/1/2022,30400000
mercado livre,Marketplace,BR,2/1/2022,24900000
mercado livre,Marketplace,BR,3/1/2022,30400000
mercado livre,Marketplace,BR,4/1/2022,24900000
mercado livre,Marketplace,BR,5/1/2022,24900000
mercado livre,Marketplace,BR,6/1/2022,24900000
mercado livre,Marketplace,BR,7/1/2022,24900000
mercado livre,Marketplace,BR,8/1/2022,24900000
mercado livre,Marketplace,BR,9/1/2022,24900000
mercado livre,Marketplace,BR,10/1/2022,24900000
mercado livre,Marketplace,BR,11/1/2022,24900000
mercado livre,Marketplace,BR,12/1/2022,24900000
mercado livre,Marketplace,BR,1/1/2023,24900000
mercado livre,Marketplace,BR,2/1/2023,20400000
mercado livre,Marketplace,BR,3/1/2023,24900000
mercado livre,Marketplace,BR,4/1/2023,20400000
mercado livre,Marketplace,BR,5/1/2023,24900000
mercado livre,Marketplace,BR,6/1/2023,20400000
mercado livre,Marketplace,BR,7/1/2023,24900000
mercado livre,Marketplace,BR,8/1/2023,24900000
mercado livre,Marketplace,BR,9/1/2023,20400000
mercado livre,Marketplace,BR,10/1/2023,24900000
mercado livre,Marketplace,BR,11/1/2023,24900000
mercado livre,Marketplace,BR,12/1/2023,20400000
mercado livre,Marketplace,BR,1/1/2024,24900000
mercado livre,Marketplace,BR,2/1/2024,20400000
mercado livre,Marketplace,BR,3/1/2024,20400000
mercado livre,Marketplace,BR,4/1/2024,20400000
mercado livre,Marketplace,BR,5/1/2024,20400000
mercado livre,Marketplace,BR,6/1/2024,20400000
mercado livre,Marketplace,BR,7/1/2024,20400000
mercado livre,Marketplace,BR,8/1/2024,20400000
mercado livre,Marketplace,BR,9/1/2024,20400000
mercado livre,Marketplace,BR,10/1/2024,20400000
mercado livre,Marketplace,BR,11/1/2024,20400000
mercado livre,Marketplace,BR,12/1/2024,20400000
mercado livre,Marketplace,BR,1/1/2025,16600000
mercado livre,Marketplace,BR,2/1/2025,16600000
mercado livre,Marketplace,BR,3/1/2025,16600000
mercado livre,Marketplace,BR,4/1/2025,16600000
mercado livre,Marketplace,BR,5/1/2025,20400000
mercado livre,Marketplace,BR,6/1/2025,20400000
mercado livre,Marketplace,BR,7/1/2025,20400000
mercado livre,Marketplace,BR,8/1/2025,20400000
mercado livre,Marketplace,BR,9/1/2025,20400000
mercado livre,Marketplace,BR,10/1/2025,20400000
mercadoshops,Branded,BR,8/1/2021,5400
mercadoshops,Branded,BR,9/1/2021,5400
mercadoshops,Branded,BR,10/1/2021,9900
mercadoshops,Branded,BR,11/1/2021,9900
mercadoshops,Branded,BR,12/1/2021,8100
mercadoshops,Branded,BR,1/1/2022,9900
mercadoshops,Branded,BR,2/1/2022,8100
mercadoshops,Branded,BR,3/1/2022,6600
mercadoshops,Branded,BR,4/1/2022,6600
mercadoshops,Branded,BR,5/1/2022,6600
mercadoshops,Branded,BR,6/1/2022,8100
mercadoshops,Branded,BR,7/1/2022,8100
mercadoshops,Branded,BR,8/1/2022,8100
mercadoshops,Branded,BR,9/1/2022,8100
mercadoshops,Branded,BR,10/1/2022,8100
mercadoshops,Branded,BR,11/1/2022,8100
mercadoshops,Branded,BR,12/1/2022,6600
mercadoshops,Branded,BR,1/1/2023,8100
mercadoshops,Branded,BR,2/1/2023,6600
mercadoshops,Branded,BR,3/1/2023,8100
mercadoshops,Branded,BR,4/1/2023,6600
mercadoshops,Branded,BR,5/1/2023,6600
mercadoshops,Branded,BR,6/1/2023,6600
mercadoshops,Branded,BR,7/1/2023,8100
mercadoshops,Branded,BR,8/1/2023,6600
mercadoshops,Branded,BR,9/1/2023,6600
mercadoshops,Branded,BR,10/1/2023,6600
mercadoshops,Branded,BR,11/1/2023,5400
mercadoshops,Branded,BR,12/1/2023,5400
mercadoshops,Branded,BR,1/1/2024,6600
mercadoshops,Branded,BR,2/1/2024,5400
mercadoshops,Branded,BR,3/1/2024,5400
mercadoshops,Branded,BR,4/1/2024,5400
mercadoshops,Branded,BR,5/1/2024,4400
mercadoshops,Branded,BR,6/1/2024,4400
mercadoshops,Branded,BR,7/1/2024,4400
mercadoshops,Branded,BR,8/1/2024,4400
mercadoshops,Branded,BR,9/1/2024,3600
mercadoshops,Branded,BR,10/1/2024,3600
mercadoshops,Branded,BR,11/1/2024,2900
mercadoshops,Branded,BR,12/1/2024,2400
mercadoshops,Branded,BR,1/1/2025,2900
mercadoshops,Branded,BR,2/1/2025,2400
mercadoshops,Branded,BR,3/1/2025,1900
mercadoshops,Branded,BR,4/1/2025,1900
mercadoshops,Branded,BR,5/1/2025,1600
mercadoshops,Branded,BR,6/1/2025,1300
mercadoshops,Branded,BR,7/1/2025,1300
mercadoshops,Branded,BR,8/1/2025,1300
mercadoshops,Branded,BR,9/1/2025,1000
mercadoshops,Branded,BR,10/1/2025,1000
montar loja virtual,DTC,BR,8/1/2021,1900
montar loja virtual,DTC,BR,9/1/2021,1600
montar loja virtual,DTC,BR,10/1/2021,1900
montar loja virtual,DTC,BR,11/1/2021,1600
montar loja virtual,DTC,BR,12/1/2021,1300
montar loja virtual,DTC,BR,1/1/2022,1900
montar loja virtual,DTC,BR,2/1/2022,1300
montar loja virtual,DTC,BR,3/1/2022,1600
montar loja virtual,DTC,BR,4/1/2022,1300
montar loja virtual,DTC,BR,5/1/2022,1300
montar loja virtual,DTC,BR,6/1/2022,1300
montar loja virtual,DTC,BR,7/1/2022,1300
montar loja virtual,DTC,BR,8/1/2022,1300
montar loja virtual,DTC,BR,9/1/2022,1300
montar loja virtual,DTC,BR,10/1/2022,1300
montar loja virtual,DTC,BR,11/1/2022,1300
montar loja virtual,DTC,BR,12/1/2022,1000
montar loja virtual,DTC,BR,1/1/2023,1600
montar loja virtual,DTC,BR,2/1/2023,1600
montar loja virtual,DTC,BR,3/1/2023,1600
montar loja virtual,DTC,BR,4/1/2023,1600
montar loja virtual,DTC,BR,5/1/2023,1600
montar loja virtual,DTC,BR,6/1/2023,1600
montar loja virtual,DTC,BR,7/1/2023,1600
montar loja virtual,DTC,BR,8/1/2023,1600
montar loja virtual,DTC,BR,9/1/2023,1600
montar loja virtual,DTC,BR,10/1/2023,1600
montar loja virtual,DTC,BR,11/1/2023,1300
montar loja virtual,DTC,BR,12/1/2023,1000
montar loja virtual,DTC,BR,1/1/2024,1600
montar loja virtual,DTC,BR,2/1/2024,1900
montar loja virtual,DTC,BR,3/1/2024,1900
montar loja virtual,DTC,BR,4/1/2024,1900
montar loja virtual,DTC,BR,5/1/2024,1600
montar loja virtual,DTC,BR,6/1/2024,1300
montar loja virtual,DTC,BR,7/1/2024,1300
montar loja virtual,DTC,BR,8/1/2024,1000
montar loja virtual,DTC,BR,9/1/2024,1000
montar loja virtual,DTC,BR,10/1/2024,1000
montar loja virtual,DTC,BR,11/1/2024,880
montar loja virtual,DTC,BR,12/1/2024,720
montar loja virtual,DTC,BR,1/1/2025,1000
montar loja virtual,DTC,BR,2/1/2025,880
montar loja virtual,DTC,BR,3/1/2025,1000
montar loja virtual,DTC,BR,4/1/2025,880
montar loja virtual,DTC,BR,5/1/2025,880
montar loja virtual,DTC,BR,6/1/2025,720
montar loja virtual,DTC,BR,7/1/2025,880
montar loja virtual,DTC,BR,8/1/2025,720
montar loja virtual,DTC,BR,9/1/2025,590
montar loja virtual,DTC,BR,10/1/2025,590
negocios on line,Vendas,BR,8/1/2021,110
negocios on line,Vendas,BR,9/1/2021,90
negocios on line,Vendas,BR,10/1/2021,90
negocios on line,Vendas,BR,11/1/2021,110
negocios on line,Vendas,BR,12/1/2021,170
negocios on line,Vendas,BR,1/1/2022,170
negocios on line,Vendas,BR,2/1/2022,110
negocios on line,Vendas,BR,3/1/2022,110
negocios on line,Vendas,BR,4/1/2022,110
negocios on line,Vendas,BR,5/1/2022,110
negocios on line,Vendas,BR,6/1/2022,110
negocios on line,Vendas,BR,7/1/2022,110
negocios on line,Vendas,BR,8/1/2022,110
negocios on line,Vendas,BR,9/1/2022,90
negocios on line,Vendas,BR,10/1/2022,70
negocios on line,Vendas,BR,11/1/2022,90
negocios on line,Vendas,BR,12/1/2022,70
negocios on line,Vendas,BR,1/1/2023,110
negocios on line,Vendas,BR,2/1/2023,70
negocios on line,Vendas,BR,3/1/2023,90
negocios on line,Vendas,BR,4/1/2023,70
negocios on line,Vendas,BR,5/1/2023,90
negocios on line,Vendas,BR,6/1/2023,90
negocios on line,Vendas,BR,7/1/2023,50
negocios on line,Vendas,BR,8/1/2023,90
negocios on line,Vendas,BR,9/1/2023,70
negocios on line,Vendas,BR,10/1/2023,140
negocios on line,Vendas,BR,11/1/2023,70
negocios on line,Vendas,BR,12/1/2023,90
negocios on line,Vendas,BR,1/1/2024,110
negocios on line,Vendas,BR,2/1/2024,50
negocios on line,Vendas,BR,3/1/2024,50
negocios on line,Vendas,BR,4/1/2024,70
negocios on line,Vendas,BR,5/1/2024,50
negocios on line,Vendas,BR,6/1/2024,50
negocios on line,Vendas,BR,7/1/2024,40
negocios on line,Vendas,BR,8/1/2024,40
negocios on line,Vendas,BR,9/1/2024,50
negocios on line,Vendas,BR,10/1/2024,30
negocios on line,Vendas,BR,11/1/2024,30
negocios on line,Vendas,BR,12/1/2024,10
negocios on line,Vendas,BR,1/1/2025,30
negocios on line,Vendas,BR,2/1/2025,40
negocios on line,Vendas,BR,3/1/2025,50
negocios on line,Vendas,BR,4/1/2025,30
negocios on line,Vendas,BR,5/1/2025,70
negocios on line,Vendas,BR,6/1/2025,30
negocios on line,Vendas,BR,7/1/2025,40
negocios on line,Vendas,BR,8/1/2025,20
negocios on line,Vendas,BR,9/1/2025,30
negocios on line,Vendas,BR,10/1/2025,20
nuvem shop,Branded,BR,8/1/2021,27100
nuvem shop,Branded,BR,9/1/2021,22200
nuvem shop,Branded,BR,10/1/2021,22200
nuvem shop,Branded,BR,11/1/2021,22200
nuvem shop,Branded,BR,12/1/2021,18100
nuvem shop,Branded,BR,1/1/2022,22200
nuvem shop,Branded,BR,2/1/2022,22200
nuvem shop,Branded,BR,3/1/2022,27100
nuvem shop,Branded,BR,4/1/2022,27100
nuvem shop,Branded,BR,5/1/2022,27100
nuvem shop,Branded,BR,6/1/2022,33100
nuvem shop,Branded,BR,7/1/2022,40500
nuvem shop,Branded,BR,8/1/2022,40500
nuvem shop,Branded,BR,9/1/2022,49500
nuvem shop,Branded,BR,10/1/2022,49500
nuvem shop,Branded,BR,11/1/2022,49500
nuvem shop,Branded,BR,12/1/2022,49500
nuvem shop,Branded,BR,1/1/2023,60500
nuvem shop,Branded,BR,2/1/2023,49500
nuvem shop,Branded,BR,3/1/2023,60500
nuvem shop,Branded,BR,4/1/2023,60500
nuvem shop,Branded,BR,5/1/2023,60500
nuvem shop,Branded,BR,6/1/2023,60500
nuvem shop,Branded,BR,7/1/2023,60500
nuvem shop,Branded,BR,8/1/2023,60500
nuvem shop,Branded,BR,9/1/2023,60500
nuvem shop,Branded,BR,10/1/2023,60500
nuvem shop,Branded,BR,11/1/2023,60500
nuvem shop,Branded,BR,12/1/2023,49500
nuvem shop,Branded,BR,1/1/2024,60500
nuvem shop,Branded,BR,2/1/2024,60500
nuvem shop,Branded,BR,3/1/2024,60500
nuvem shop,Branded,BR,4/1/2024,60500
nuvem shop,Branded,BR,5/1/2024,60500
nuvem shop,Branded,BR,6/1/2024,49500
nuvem shop,Branded,BR,7/1/2024,49500
nuvem shop,Branded,BR,8/1/2024,49500
nuvem shop,Branded,BR,9/1/2024,49500
nuvem shop,Branded,BR,10/1/2024,49500
nuvem shop,Branded,BR,11/1/2024,49500
nuvem shop,Branded,BR,12/1/2024,40500
nuvem shop,Branded,BR,1/1/2025,60500
nuvem shop,Branded,BR,2/1/2025,49500
nuvem shop,Branded,BR,3/1/2025,49500
nuvem shop,Branded,BR,4/1/2025,49500
nuvem shop,Branded,BR,5/1/2025,49500
nuvem shop,Branded,BR,6/1/2025,49500
nuvem shop,Branded,BR,7/1/2025,49500
nuvem shop,Branded,BR,8/1/2025,40500
nuvem shop,Branded,BR,9/1/2025,49500
nuvem shop,Branded,BR,10/1/2025,49500
nuvemshop,Branded,BR,8/1/2021,201000
nuvemshop,Branded,BR,9/1/2021,165000
nuvemshop,Branded,BR,10/1/2021,165000
nuvemshop,Branded,BR,11/1/2021,165000
nuvemshop,Branded,BR,12/1/2021,165000
nuvemshop,Branded,BR,1/1/2022,201000
nuvemshop,Branded,BR,2/1/2022,165000
nuvemshop,Branded,BR,3/1/2022,201000
nuvemshop,Branded,BR,4/1/2022,201000
nuvemshop,Branded,BR,5/1/2022,201000
nuvemshop,Branded,BR,6/1/2022,201000
nuvemshop,Branded,BR,7/1/2022,201000
nuvemshop,Branded,BR,8/1/2022,246000
nuvemshop,Branded,BR,9/1/2022,246000
nuvemshop,Branded,BR,10/1/2022,246000
nuvemshop,Branded,BR,11/1/2022,246000
nuvemshop,Branded,BR,12/1/2022,246000
nuvemshop,Branded,BR,1/1/2023,301000
nuvemshop,Branded,BR,2/1/2023,246000
nuvemshop,Branded,BR,3/1/2023,301000
nuvemshop,Branded,BR,4/1/2023,301000
nuvemshop,Branded,BR,5/1/2023,301000
nuvemshop,Branded,BR,6/1/2023,301000
nuvemshop,Branded,BR,7/1/2023,301000
nuvemshop,Branded,BR,8/1/2023,301000
nuvemshop,Branded,BR,9/1/2023,246000
nuvemshop,Branded,BR,10/1/2023,301000
nuvemshop,Branded,BR,11/1/2023,246000
nuvemshop,Branded,BR,12/1/2023,201000
nuvemshop,Branded,BR,1/1/2024,301000
nuvemshop,Branded,BR,2/1/2024,246000
nuvemshop,Branded,BR,3/1/2024,246000
nuvemshop,Branded,BR,4/1/2024,246000
nuvemshop,Branded,BR,5/1/2024,246000
nuvemshop,Branded,BR,6/1/2024,201000
nuvemshop,Branded,BR,7/1/2024,246000
nuvemshop,Branded,BR,8/1/2024,201000
nuvemshop,Branded,BR,9/1/2024,246000
nuvemshop,Branded,BR,10/1/2024,246000
nuvemshop,Branded,BR,11/1/2024,246000
nuvemshop,Branded,BR,12/1/2024,165000
nuvemshop,Branded,BR,1/1/2025,201000
nuvemshop,Branded,BR,2/1/2025,201000
nuvemshop,Branded,BR,3/1/2025,201000
nuvemshop,Branded,BR,4/1/2025,201000
nuvemshop,Branded,BR,5/1/2025,201000
nuvemshop,Branded,BR,6/1/2025,201000
nuvemshop,Branded,BR,7/1/2025,201000
nuvemshop,Branded,BR,8/1/2025,201000
nuvemshop,Branded,BR,9/1/2025,201000
nuvemshop,Branded,BR,10/1/2025,246000
olx,Marketplace,BR,8/1/2021,9140000
olx,Marketplace,BR,9/1/2021,9140000
olx,Marketplace,BR,10/1/2021,9140000
olx,Marketplace,BR,11/1/2021,9140000
olx,Marketplace,BR,12/1/2021,7480000
olx,Marketplace,BR,1/1/2022,9140000
olx,Marketplace,BR,2/1/2022,7480000
olx,Marketplace,BR,3/1/2022,9140000
olx,Marketplace,BR,4/1/2022,7480000
olx,Marketplace,BR,5/1/2022,7480000
olx,Marketplace,BR,6/1/2022,7480000
olx,Marketplace,BR,7/1/2022,7480000
olx,Marketplace,BR,8/1/2022,7480000
olx,Marketplace,BR,9/1/2022,7480000
olx,Marketplace,BR,10/1/2022,7480000
olx,Marketplace,BR,11/1/2022,7480000
olx,Marketplace,BR,12/1/2022,6120000
olx,Marketplace,BR,1/1/2023,7480000
olx,Marketplace,BR,2/1/2023,7480000
olx,Marketplace,BR,3/1/2023,7480000
olx,Marketplace,BR,4/1/2023,7480000
olx,Marketplace,BR,5/1/2023,7480000
olx,Marketplace,BR,6/1/2023,6120000
olx,Marketplace,BR,7/1/2023,6120000
olx,Marketplace,BR,8/1/2023,6120000
olx,Marketplace,BR,9/1/2023,6120000
olx,Marketplace,BR,10/1/2023,6120000
olx,Marketplace,BR,11/1/2023,5000000
olx,Marketplace,BR,12/1/2023,5000000
olx,Marketplace,BR,1/1/2024,6120000
olx,Marketplace,BR,2/1/2024,5000000
olx,Marketplace,BR,3/1/2024,5000000
olx,Marketplace,BR,4/1/2024,5000000
olx,Marketplace,BR,5/1/2024,5000000
olx,Marketplace,BR,6/1/2024,5000000
olx,Marketplace,BR,7/1/2024,5000000
olx,Marketplace,BR,8/1/2024,5000000
olx,Marketplace,BR,9/1/2024,5000000
olx,Marketplace,BR,10/1/2024,5000000
olx,Marketplace,BR,11/1/2024,5000000
olx,Marketplace,BR,12/1/2024,5000000
olx,Marketplace,BR,1/1/2025,5000000
olx,Marketplace,BR,2/1/2025,5000000
olx,Marketplace,BR,3/1/2025,5000000
olx,Marketplace,BR,4/1/2025,5000000
olx,Marketplace,BR,5/1/2025,5000000
olx,Marketplace,BR,6/1/2025,5000000
olx,Marketplace,BR,7/1/2025,5000000
olx,Marketplace,BR,8/1/2025,5000000
olx,Marketplace,BR,9/1/2025,5000000
olx,Marketplace,BR,10/1/2025,5000000
pagina de vendas,DTC,BR,8/1/2021,3600
pagina de vendas,DTC,BR,9/1/2021,3600
pagina de vendas,DTC,BR,10/1/2021,3600
pagina de vendas,DTC,BR,11/1/2021,3600
pagina de vendas,DTC,BR,12/1/2021,2900
pagina de vendas,DTC,BR,1/1/2022,4400
pagina de vendas,DTC,BR,2/1/2022,3600
pagina de vendas,DTC,BR,3/1/2022,4400
pagina de vendas,DTC,BR,4/1/2022,3600
pagina de vendas,DTC,BR,5/1/2022,3600
pagina de vendas,DTC,BR,6/1/2022,3600
pagina de vendas,DTC,BR,7/1/2022,4400
pagina de vendas,DTC,BR,8/1/2022,4400
pagina de vendas,DTC,BR,9/1/2022,4400
pagina de vendas,DTC,BR,10/1/2022,4400
pagina de vendas,DTC,BR,11/1/2022,4400
pagina de vendas,DTC,BR,12/1/2022,4400
pagina de vendas,DTC,BR,1/1/2023,6600
pagina de vendas,DTC,BR,2/1/2023,5400
pagina de vendas,DTC,BR,3/1/2023,6600
pagina de vendas,DTC,BR,4/1/2023,5400
pagina de vendas,DTC,BR,5/1/2023,6600
pagina de vendas,DTC,BR,6/1/2023,6600
pagina de vendas,DTC,BR,7/1/2023,6600
pagina de vendas,DTC,BR,8/1/2023,6600
pagina de vendas,DTC,BR,9/1/2023,5400
pagina de vendas,DTC,BR,10/1/2023,5400
pagina de vendas,DTC,BR,11/1/2023,5400
pagina de vendas,DTC,BR,12/1/2023,5400
pagina de vendas,DTC,BR,1/1/2024,8100
pagina de vendas,DTC,BR,2/1/2024,6600
pagina de vendas,DTC,BR,3/1/2024,6600
pagina de vendas,DTC,BR,4/1/2024,6600
pagina de vendas,DTC,BR,5/1/2024,6600
pagina de vendas,DTC,BR,6/1/2024,5400
pagina de vendas,DTC,BR,7/1/2024,6600
pagina de vendas,DTC,BR,8/1/2024,5400
pagina de vendas,DTC,BR,9/1/2024,5400
pagina de vendas,DTC,BR,10/1/2024,5400
pagina de vendas,DTC,BR,11/1/2024,5400
pagina de vendas,DTC,BR,12/1/2024,4400
pagina de vendas,DTC,BR,1/1/2025,5400
pagina de vendas,DTC,BR,2/1/2025,4400
pagina de vendas,DTC,BR,3/1/2025,5400
pagina de vendas,DTC,BR,4/1/2025,5400
pagina de vendas,DTC,BR,5/1/2025,5400
pagina de vendas,DTC,BR,6/1/2025,4400
pagina de vendas,DTC,BR,7/1/2025,4400
pagina de vendas,DTC,BR,8/1/2025,4400
pagina de vendas,DTC,BR,9/1/2025,4400
pagina de vendas,DTC,BR,10/1/2025,4400
plataforma de ecommerce,Ecommerce,BR,8/1/2021,3600
plataforma de ecommerce,Ecommerce,BR,9/1/2021,2900
plataforma de ecommerce,Ecommerce,BR,10/1/2021,2400
plataforma de ecommerce,Ecommerce,BR,11/1/2021,2400
plataforma de ecommerce,Ecommerce,BR,12/1/2021,2400
plataforma de ecommerce,Ecommerce,BR,1/1/2022,2900
plataforma de ecommerce,Ecommerce,BR,2/1/2022,2400
plataforma de ecommerce,Ecommerce,BR,3/1/2022,2900
plataforma de ecommerce,Ecommerce,BR,4/1/2022,2400
plataforma de ecommerce,Ecommerce,BR,5/1/2022,2400
plataforma de ecommerce,Ecommerce,BR,6/1/2022,2400
plataforma de ecommerce,Ecommerce,BR,7/1/2022,2400
plataforma de ecommerce,Ecommerce,BR,8/1/2022,2900
plataforma de ecommerce,Ecommerce,BR,9/1/2022,2900
plataforma de ecommerce,Ecommerce,BR,10/1/2022,2400
plataforma de ecommerce,Ecommerce,BR,11/1/2022,2400
plataforma de ecommerce,Ecommerce,BR,12/1/2022,1900
plataforma de ecommerce,Ecommerce,BR,1/1/2023,2900
plataforma de ecommerce,Ecommerce,BR,2/1/2023,2400
plataforma de ecommerce,Ecommerce,BR,3/1/2023,2900
plataforma de ecommerce,Ecommerce,BR,4/1/2023,2900
plataforma de ecommerce,Ecommerce,BR,5/1/2023,2900
plataforma de ecommerce,Ecommerce,BR,6/1/2023,2900
plataforma de ecommerce,Ecommerce,BR,7/1/2023,2400
plataforma de ecommerce,Ecommerce,BR,8/1/2023,2900
plataforma de ecommerce,Ecommerce,BR,9/1/2023,2900
plataforma de ecommerce,Ecommerce,BR,10/1/2023,2900
plataforma de ecommerce,Ecommerce,BR,11/1/2023,2400
plataforma de ecommerce,Ecommerce,BR,12/1/2023,1900
plataforma de ecommerce,Ecommerce,BR,1/1/2024,2900
plataforma de ecommerce,Ecommerce,BR,2/1/2024,2900
plataforma de ecommerce,Ecommerce,BR,3/1/2024,2900
plataforma de ecommerce,Ecommerce,BR,4/1/2024,3600
plataforma de ecommerce,Ecommerce,BR,5/1/2024,2900
plataforma de ecommerce,Ecommerce,BR,6/1/2024,2900
plataforma de ecommerce,Ecommerce,BR,7/1/2024,2900
plataforma de ecommerce,Ecommerce,BR,8/1/2024,2900
plataforma de ecommerce,Ecommerce,BR,9/1/2024,2900
plataforma de ecommerce,Ecommerce,BR,10/1/2024,2900
plataforma de ecommerce,Ecommerce,BR,11/1/2024,2400
plataforma de ecommerce,Ecommerce,BR,12/1/2024,1900
plataforma de ecommerce,Ecommerce,BR,1/1/2025,2400
plataforma de ecommerce,Ecommerce,BR,2/1/2025,2400
plataforma de ecommerce,Ecommerce,BR,3/1/2025,2900
plataforma de ecommerce,Ecommerce,BR,4/1/2025,2900
plataforma de ecommerce,Ecommerce,BR,5/1/2025,2400
plataforma de ecommerce,Ecommerce,BR,6/1/2025,2400
plataforma de ecommerce,Ecommerce,BR,7/1/2025,1900
plataforma de ecommerce,Ecommerce,BR,8/1/2025,1900
plataforma de ecommerce,Ecommerce,BR,9/1/2025,2400
plataforma de ecommerce,Ecommerce,BR,10/1/2025,1900
plataforma de vendas,DTC,BR,8/1/2021,1900
plataforma de vendas,DTC,BR,9/1/2021,1900
plataforma de vendas,DTC,BR,10/1/2021,1600
plataforma de vendas,DTC,BR,11/1/2021,1600
plataforma de vendas,DTC,BR,12/1/2021,1300
plataforma de vendas,DTC,BR,1/1/2022,1900
plataforma de vendas,DTC,BR,2/1/2022,1900
plataforma de vendas,DTC,BR,3/1/2022,1900
plataforma de vendas,DTC,BR,4/1/2022,1900
plataforma de vendas,DTC,BR,5/1/2022,1900
plataforma de vendas,DTC,BR,6/1/2022,1600
plataforma de vendas,DTC,BR,7/1/2022,1600
plataforma de vendas,DTC,BR,8/1/2022,1900
plataforma de vendas,DTC,BR,9/1/2022,1900
plataforma de vendas,DTC,BR,10/1/2022,1600
plataforma de vendas,DTC,BR,11/1/2022,1600
plataforma de vendas,DTC,BR,12/1/2022,1600
plataforma de vendas,DTC,BR,1/1/2023,2400
plataforma de vendas,DTC,BR,2/1/2023,1900
plataforma de vendas,DTC,BR,3/1/2023,1900
plataforma de vendas,DTC,BR,4/1/2023,1900
plataforma de vendas,DTC,BR,5/1/2023,1900
plataforma de vendas,DTC,BR,6/1/2023,1900
plataforma de vendas,DTC,BR,7/1/2023,2400
plataforma de vendas,DTC,BR,8/1/2023,2900
plataforma de vendas,DTC,BR,9/1/2023,2400
plataforma de vendas,DTC,BR,10/1/2023,2400
plataforma de vendas,DTC,BR,11/1/2023,2400
plataforma de vendas,DTC,BR,12/1/2023,2400
plataforma de vendas,DTC,BR,1/1/2024,3600
plataforma de vendas,DTC,BR,2/1/2024,2900
plataforma de vendas,DTC,BR,3/1/2024,2900
plataforma de vendas,DTC,BR,4/1/2024,2900
plataforma de vendas,DTC,BR,5/1/2024,2900
plataforma de vendas,DTC,BR,6/1/2024,2900
plataforma de vendas,DTC,BR,7/1/2024,2900
plataforma de vendas,DTC,BR,8/1/2024,2400
plataforma de vendas,DTC,BR,9/1/2024,2400
plataforma de vendas,DTC,BR,10/1/2024,2400
plataforma de vendas,DTC,BR,11/1/2024,1900
plataforma de vendas,DTC,BR,12/1/2024,1900
plataforma de vendas,DTC,BR,1/1/2025,2400
plataforma de vendas,DTC,BR,2/1/2025,1900
plataforma de vendas,DTC,BR,3/1/2025,1900
plataforma de vendas,DTC,BR,4/1/2025,1900
plataforma de vendas,DTC,BR,5/1/2025,2400
plataforma de vendas,DTC,BR,6/1/2025,1600
plataforma de vendas,DTC,BR,7/1/2025,1900
plataforma de vendas,DTC,BR,8/1/2025,1600
plataforma de vendas,DTC,BR,9/1/2025,1600
plataforma de vendas,DTC,BR,10/1/2025,1900
plataforma e commerce,E-commerce,BR,8/1/2021,2400
plataforma e commerce,E-commerce,BR,9/1/2021,2400
plataforma e commerce,E-commerce,BR,10/1/2021,1900
plataforma e commerce,E-commerce,BR,11/1/2021,1900
plataforma e commerce,E-commerce,BR,12/1/2021,1600
plataforma e commerce,E-commerce,BR,1/1/2022,2400
plataforma e commerce,E-commerce,BR,2/1/2022,1900
plataforma e commerce,E-commerce,BR,3/1/2022,1900
plataforma e commerce,E-commerce,BR,4/1/2022,1600
plataforma e commerce,E-commerce,BR,5/1/2022,1900
plataforma e commerce,E-commerce,BR,6/1/2022,1900
plataforma e commerce,E-commerce,BR,7/1/2022,1900
plataforma e commerce,E-commerce,BR,8/1/2022,1900
plataforma e commerce,E-commerce,BR,9/1/2022,1900
plataforma e commerce,E-commerce,BR,10/1/2022,1600
plataforma e commerce,E-commerce,BR,11/1/2022,1600
plataforma e commerce,E-commerce,BR,12/1/2022,1300
plataforma e commerce,E-commerce,BR,1/1/2023,1900
plataforma e commerce,E-commerce,BR,2/1/2023,1600
plataforma e commerce,E-commerce,BR,3/1/2023,1900
plataforma e commerce,E-commerce,BR,4/1/2023,1600
plataforma e commerce,E-commerce,BR,5/1/2023,1600
plataforma e commerce,E-commerce,BR,6/1/2023,1600
plataforma e commerce,E-commerce,BR,7/1/2023,1600
plataforma e commerce,E-commerce,BR,8/1/2023,1600
plataforma e commerce,E-commerce,BR,9/1/2023,1600
plataforma e commerce,E-commerce,BR,10/1/2023,1600
plataforma e commerce,E-commerce,BR,11/1/2023,1600
plataforma e commerce,E-commerce,BR,12/1/2023,1300
plataforma e commerce,E-commerce,BR,1/1/2024,1900
plataforma e commerce,E-commerce,BR,2/1/2024,1600
plataforma e commerce,E-commerce,BR,3/1/2024,1900
plataforma e commerce,E-commerce,BR,4/1/2024,1600
plataforma e commerce,E-commerce,BR,5/1/2024,1600
plataforma e commerce,E-commerce,BR,6/1/2024,1600
plataforma e commerce,E-commerce,BR,7/1/2024,1600
plataforma e commerce,E-commerce,BR,8/1/2024,1300
plataforma e commerce,E-commerce,BR,9/1/2024,1300
plataforma e commerce,E-commerce,BR,10/1/2024,1300
plataforma e commerce,E-commerce,BR,11/1/2024,1300
plataforma e commerce,E-commerce,BR,12/1/2024,1000
plataforma e commerce,E-commerce,BR,1/1/2025,1300
plataforma e commerce,E-commerce,BR,2/1/2025,1300
plataforma e commerce,E-commerce,BR,3/1/2025,1600
plataforma e commerce,E-commerce,BR,4/1/2025,1300
plataforma e commerce,E-commerce,BR,5/1/2025,1300
plataforma e commerce,E-commerce,BR,6/1/2025,1000
plataforma e commerce,E-commerce,BR,7/1/2025,1000
plataforma e commerce,E-commerce,BR,8/1/2025,1000
plataforma e commerce,E-commerce,BR,9/1/2025,1000
plataforma e commerce,E-commerce,BR,10/1/2025,1000
plataformas de venda online,Vendas,BR,8/1/2021,5400
plataformas de venda online,Vendas,BR,9/1/2021,5400
plataformas de venda online,Vendas,BR,10/1/2021,4400
plataformas de venda online,Vendas,BR,11/1/2021,4400
plataformas de venda online,Vendas,BR,12/1/2021,3600
plataformas de venda online,Vendas,BR,1/1/2022,5400
plataformas de venda online,Vendas,BR,2/1/2022,4400
plataformas de venda online,Vendas,BR,3/1/2022,4400
plataformas de venda online,Vendas,BR,4/1/2022,4400
plataformas de venda online,Vendas,BR,5/1/2022,4400
plataformas de venda online,Vendas,BR,6/1/2022,3600
plataformas de venda online,Vendas,BR,7/1/2022,3600
plataformas de venda online,Vendas,BR,8/1/2022,4400
plataformas de venda online,Vendas,BR,9/1/2022,3600
plataformas de venda online,Vendas,BR,10/1/2022,3600
plataformas de venda online,Vendas,BR,11/1/2022,3600
plataformas de venda online,Vendas,BR,12/1/2022,3600
plataformas de venda online,Vendas,BR,1/1/2023,5400
plataformas de venda online,Vendas,BR,2/1/2023,4400
plataformas de venda online,Vendas,BR,3/1/2023,4400
plataformas de venda online,Vendas,BR,4/1/2023,4400
plataformas de venda online,Vendas,BR,5/1/2023,4400
plataformas de venda online,Vendas,BR,6/1/2023,4400
plataformas de venda online,Vendas,BR,7/1/2023,4400
plataformas de venda online,Vendas,BR,8/1/2023,5400
plataformas de venda online,Vendas,BR,9/1/2023,4400
plataformas de venda online,Vendas,BR,10/1/2023,4400
plataformas de venda online,Vendas,BR,11/1/2023,4400
plataformas de venda online,Vendas,BR,12/1/2023,3600
plataformas de venda online,Vendas,BR,1/1/2024,6600
plataformas de venda online,Vendas,BR,2/1/2024,5400
plataformas de venda online,Vendas,BR,3/1/2024,5400
plataformas de venda online,Vendas,BR,4/1/2024,5400
plataformas de venda online,Vendas,BR,5/1/2024,5400
plataformas de venda online,Vendas,BR,6/1/2024,4400
plataformas de venda online,Vendas,BR,7/1/2024,4400
plataformas de venda online,Vendas,BR,8/1/2024,3600
plataformas de venda online,Vendas,BR,9/1/2024,2900
plataformas de venda online,Vendas,BR,10/1/2024,3600
plataformas de venda online,Vendas,BR,11/1/2024,2900
plataformas de venda online,Vendas,BR,12/1/2024,2400
plataformas de venda online,Vendas,BR,1/1/2025,4400
plataformas de venda online,Vendas,BR,2/1/2025,2900
plataformas de venda online,Vendas,BR,3/1/2025,3600
plataformas de venda online,Vendas,BR,4/1/2025,3600
plataformas de venda online,Vendas,BR,5/1/2025,2900
plataformas de venda online,Vendas,BR,6/1/2025,2900
plataformas de venda online,Vendas,BR,7/1/2025,2900
plataformas de venda online,Vendas,BR,8/1/2025,2900
plataformas de venda online,Vendas,BR,9/1/2025,2900
plataformas de venda online,Vendas,BR,10/1/2025,2400
quero trabalhar com entrega de produtos da internet,Envios,BR,8/1/2021,720
quero trabalhar com entrega de produtos da internet,Envios,BR,9/1/2021,590
quero trabalhar com entrega de produtos da internet,Envios,BR,10/1/2021,720
quero trabalhar com entrega de produtos da internet,Envios,BR,11/1/2021,590
quero trabalhar com entrega de produtos da internet,Envios,BR,12/1/2021,390
quero trabalhar com entrega de produtos da internet,Envios,BR,1/1/2022,590
quero trabalhar com entrega de produtos da internet,Envios,BR,2/1/2022,590
quero trabalhar com entrega de produtos da internet,Envios,BR,3/1/2022,590
quero trabalhar com entrega de produtos da internet,Envios,BR,4/1/2022,480
quero trabalhar com entrega de produtos da internet,Envios,BR,5/1/2022,480
quero trabalhar com entrega de produtos da internet,Envios,BR,6/1/2022,480
quero trabalhar com entrega de produtos da internet,Envios,BR,7/1/2022,480
quero trabalhar com entrega de produtos da internet,Envios,BR,8/1/2022,390
quero trabalhar com entrega de produtos da internet,Envios,BR,9/1/2022,480
quero trabalhar com entrega de produtos da internet,Envios,BR,10/1/2022,320
quero trabalhar com entrega de produtos da internet,Envios,BR,11/1/2022,480
quero trabalhar com entrega de produtos da internet,Envios,BR,12/1/2022,480
quero trabalhar com entrega de produtos da internet,Envios,BR,1/1/2023,390
quero trabalhar com entrega de produtos da internet,Envios,BR,2/1/2023,390
quero trabalhar com entrega de produtos da internet,Envios,BR,3/1/2023,480
quero trabalhar com entrega de produtos da internet,Envios,BR,4/1/2023,480
quero trabalhar com entrega de produtos da internet,Envios,BR,5/1/2023,480
quero trabalhar com entrega de produtos da internet,Envios,BR,6/1/2023,390
quero trabalhar com entrega de produtos da internet,Envios,BR,7/1/2023,390
quero trabalhar com entrega de produtos da internet,Envios,BR,8/1/2023,390
quero trabalhar com entrega de produtos da internet,Envios,BR,9/1/2023,320
quero trabalhar com entrega de produtos da internet,Envios,BR,10/1/2023,390
quero trabalhar com entrega de produtos da internet,Envios,BR,11/1/2023,390
quero trabalhar com entrega de produtos da internet,Envios,BR,12/1/2023,260
quero trabalhar com entrega de produtos da internet,Envios,BR,1/1/2024,390
quero trabalhar com entrega de produtos da internet,Envios,BR,2/1/2024,210
quero trabalhar com entrega de produtos da internet,Envios,BR,3/1/2024,260
quero trabalhar com entrega de produtos da internet,Envios,BR,4/1/2024,170
quero trabalhar com entrega de produtos da internet,Envios,BR,5/1/2024,170
quero trabalhar com entrega de produtos da internet,Envios,BR,6/1/2024,140
quero trabalhar com entrega de produtos da internet,Envios,BR,7/1/2024,140
quero trabalhar com entrega de produtos da internet,Envios,BR,8/1/2024,170
quero trabalhar com entrega de produtos da internet,Envios,BR,9/1/2024,110
quero trabalhar com entrega de produtos da internet,Envios,BR,10/1/2024,110
quero trabalhar com entrega de produtos da internet,Envios,BR,11/1/2024,70
quero trabalhar com entrega de produtos da internet,Envios,BR,12/1/2024,40
quero trabalhar com entrega de produtos da internet,Envios,BR,1/1/2025,50
quero trabalhar com entrega de produtos da internet,Envios,BR,2/1/2025,50
quero trabalhar com entrega de produtos da internet,Envios,BR,3/1/2025,40
quero trabalhar com entrega de produtos da internet,Envios,BR,4/1/2025,50
quero trabalhar com entrega de produtos da internet,Envios,BR,5/1/2025,40
quero trabalhar com entrega de produtos da internet,Envios,BR,6/1/2025,50
quero trabalhar com entrega de produtos da internet,Envios,BR,7/1/2025,30
quero trabalhar com entrega de produtos da internet,Envios,BR,8/1/2025,40
quero trabalhar com entrega de produtos da internet,Envios,BR,9/1/2025,20
quero trabalhar com entrega de produtos da internet,Envios,BR,10/1/2025,30
shopee,Marketplace,BR,8/1/2021,11100000
shopee,Marketplace,BR,9/1/2021,11100000
shopee,Marketplace,BR,10/1/2021,11100000
shopee,Marketplace,BR,11/1/2021,11100000
shopee,Marketplace,BR,12/1/2021,9140000
shopee,Marketplace,BR,1/1/2022,9140000
shopee,Marketplace,BR,2/1/2022,9140000
shopee,Marketplace,BR,3/1/2022,11100000
shopee,Marketplace,BR,4/1/2022,9140000
shopee,Marketplace,BR,5/1/2022,11100000
shopee,Marketplace,BR,6/1/2022,9140000
shopee,Marketplace,BR,7/1/2022,11100000
shopee,Marketplace,BR,8/1/2022,11100000
shopee,Marketplace,BR,9/1/2022,11100000
shopee,Marketplace,BR,10/1/2022,11100000
shopee,Marketplace,BR,11/1/2022,11100000
shopee,Marketplace,BR,12/1/2022,9140000
shopee,Marketplace,BR,1/1/2023,11100000
shopee,Marketplace,BR,2/1/2023,7480000
shopee,Marketplace,BR,3/1/2023,9140000
shopee,Marketplace,BR,4/1/2023,7480000
shopee,Marketplace,BR,5/1/2023,9140000
shopee,Marketplace,BR,6/1/2023,9140000
shopee,Marketplace,BR,7/1/2023,9140000
shopee,Marketplace,BR,8/1/2023,9140000
shopee,Marketplace,BR,9/1/2023,9140000
shopee,Marketplace,BR,10/1/2023,9140000
shopee,Marketplace,BR,11/1/2023,9140000
shopee,Marketplace,BR,12/1/2023,9140000
shopee,Marketplace,BR,1/1/2024,11100000
shopee,Marketplace,BR,2/1/2024,9140000
shopee,Marketplace,BR,3/1/2024,9140000
shopee,Marketplace,BR,4/1/2024,9140000
shopee,Marketplace,BR,5/1/2024,9140000
shopee,Marketplace,BR,6/1/2024,9140000
shopee,Marketplace,BR,7/1/2024,9140000
shopee,Marketplace,BR,8/1/2024,9140000
shopee,Marketplace,BR,9/1/2024,9140000
shopee,Marketplace,BR,10/1/2024,9140000
shopee,Marketplace,BR,11/1/2024,11100000
shopee,Marketplace,BR,12/1/2024,9140000
shopee,Marketplace,BR,1/1/2025,11100000
shopee,Marketplace,BR,2/1/2025,9140000
shopee,Marketplace,BR,3/1/2025,9140000
shopee,Marketplace,BR,4/1/2025,9140000
shopee,Marketplace,BR,5/1/2025,11100000
shopee,Marketplace,BR,6/1/2025,11100000
shopee,Marketplace,BR,7/1/2025,11100000
shopee,Marketplace,BR,8/1/2025,9140000
shopee,Marketplace,BR,9/1/2025,9140000
shopee,Marketplace,BR,10/1/2025,11100000
shopify,Branded,BR,8/1/2021,165000
shopify,Branded,BR,9/1/2021,165000
shopify,Branded,BR,10/1/2021,201000
shopify,Branded,BR,11/1/2021,246000
shopify,Branded,BR,12/1/2021,201000
shopify,Branded,BR,1/1/2022,201000
shopify,Branded,BR,2/1/2022,201000
shopify,Branded,BR,3/1/2022,201000
shopify,Branded,BR,4/1/2022,201000
shopify,Branded,BR,5/1/2022,201000
shopify,Branded,BR,6/1/2022,201000
shopify,Branded,BR,7/1/2022,246000
shopify,Branded,BR,8/1/2022,246000
shopify,Branded,BR,9/1/2022,368000
shopify,Branded,BR,10/1/2022,368000
shopify,Branded,BR,11/1/2022,450000
shopify,Branded,BR,12/1/2022,450000
shopify,Branded,BR,1/1/2023,550000
shopify,Branded,BR,2/1/2023,368000
shopify,Branded,BR,3/1/2023,368000
shopify,Branded,BR,4/1/2023,246000
shopify,Branded,BR,5/1/2023,246000
shopify,Branded,BR,6/1/2023,246000
shopify,Branded,BR,7/1/2023,301000
shopify,Branded,BR,8/1/2023,368000
shopify,Branded,BR,9/1/2023,246000
shopify,Branded,BR,10/1/2023,246000
shopify,Branded,BR,11/1/2023,246000
shopify,Branded,BR,12/1/2023,201000
shopify,Branded,BR,1/1/2024,301000
shopify,Branded,BR,2/1/2024,246000
shopify,Branded,BR,3/1/2024,246000
shopify,Branded,BR,4/1/2024,246000
shopify,Branded,BR,5/1/2024,301000
shopify,Branded,BR,6/1/2024,246000
shopify,Branded,BR,7/1/2024,246000
shopify,Branded,BR,8/1/2024,201000
shopify,Branded,BR,9/1/2024,201000
shopify,Branded,BR,10/1/2024,201000
shopify,Branded,BR,11/1/2024,201000
shopify,Branded,BR,12/1/2024,135000
shopify,Branded,BR,1/1/2025,165000
shopify,Branded,BR,2/1/2025,165000
shopify,Branded,BR,3/1/2025,165000
shopify,Branded,BR,4/1/2025,165000
shopify,Branded,BR,5/1/2025,165000
shopify,Branded,BR,6/1/2025,135000
shopify,Branded,BR,7/1/2025,135000
shopify,Branded,BR,8/1/2025,135000
shopify,Branded,BR,9/1/2025,135000
shopify,Branded,BR,10/1/2025,135000
site de venda,Vendas,BR,8/1/2021,8100
site de venda,Vendas,BR,9/1/2021,8100
site de venda,Vendas,BR,10/1/2021,6600
site de venda,Vendas,BR,11/1/2021,6600
site de venda,Vendas,BR,12/1/2021,5400
site de venda,Vendas,BR,1/1/2022,8100
site de venda,Vendas,BR,2/1/2022,6600
site de venda,Vendas,BR,3/1/2022,6600
site de venda,Vendas,BR,4/1/2022,6600
site de venda,Vendas,BR,5/1/2022,6600
site de venda,Vendas,BR,6/1/2022,6600
site de venda,Vendas,BR,7/1/2022,6600
site de venda,Vendas,BR,8/1/2022,6600
site de venda,Vendas,BR,9/1/2022,6600
site de venda,Vendas,BR,10/1/2022,6600
site de venda,Vendas,BR,11/1/2022,6600
site de venda,Vendas,BR,12/1/2022,5400
site de venda,Vendas,BR,1/1/2023,8100
site de venda,Vendas,BR,2/1/2023,6600
site de venda,Vendas,BR,3/1/2023,8100
site de venda,Vendas,BR,4/1/2023,6600
site de venda,Vendas,BR,5/1/2023,6600
site de venda,Vendas,BR,6/1/2023,6600
site de venda,Vendas,BR,7/1/2023,6600
site de venda,Vendas,BR,8/1/2023,6600
site de venda,Vendas,BR,9/1/2023,6600
site de venda,Vendas,BR,10/1/2023,6600
site de venda,Vendas,BR,11/1/2023,6600
site de venda,Vendas,BR,12/1/2023,5400
site de venda,Vendas,BR,1/1/2024,8100
site de venda,Vendas,BR,2/1/2024,6600
site de venda,Vendas,BR,3/1/2024,6600
site de venda,Vendas,BR,4/1/2024,6600
site de venda,Vendas,BR,5/1/2024,6600
site de venda,Vendas,BR,6/1/2024,5400
site de venda,Vendas,BR,7/1/2024,5400
site de venda,Vendas,BR,8/1/2024,5400
site de venda,Vendas,BR,9/1/2024,4400
site de venda,Vendas,BR,10/1/2024,5400
site de venda,Vendas,BR,11/1/2024,4400
site de venda,Vendas,BR,12/1/2024,4400
site de venda,Vendas,BR,1/1/2025,5400
site de venda,Vendas,BR,2/1/2025,4400
site de venda,Vendas,BR,3/1/2025,5400
site de venda,Vendas,BR,4/1/2025,4400
site de venda,Vendas,BR,5/1/2025,4400
site de venda,Vendas,BR,6/1/2025,4400
site de venda,Vendas,BR,7/1/2025,4400
site de venda,Vendas,BR,8/1/2025,5400
site de venda,Vendas,BR,9/1/2025,4400
site de venda,Vendas,BR,10/1/2025,4400
site de venda online,Vendas,BR,8/1/2021,4400
site de venda online,Vendas,BR,9/1/2021,4400
site de venda online,Vendas,BR,10/1/2021,3600
site de venda online,Vendas,BR,11/1/2021,3600
site de venda online,Vendas,BR,12/1/2021,2400
site de venda online,Vendas,BR,1/1/2022,3600
site de venda online,Vendas,BR,2/1/2022,3600
site de venda online,Vendas,BR,3/1/2022,3600
site de venda online,Vendas,BR,4/1/2022,3600
site de venda online,Vendas,BR,5/1/2022,3600
site de venda online,Vendas,BR,6/1/2022,2900
site de venda online,Vendas,BR,7/1/2022,3600
site de venda online,Vendas,BR,8/1/2022,3600
site de venda online,Vendas,BR,9/1/2022,2900
site de venda online,Vendas,BR,10/1/2022,2400
site de venda online,Vendas,BR,11/1/2022,2400
site de venda online,Vendas,BR,12/1/2022,2400
site de venda online,Vendas,BR,1/1/2023,3600
site de venda online,Vendas,BR,2/1/2023,2900
site de venda online,Vendas,BR,3/1/2023,3600
site de venda online,Vendas,BR,4/1/2023,2900
site de venda online,Vendas,BR,5/1/2023,2900
site de venda online,Vendas,BR,6/1/2023,2900
site de venda online,Vendas,BR,7/1/2023,2900
site de venda online,Vendas,BR,8/1/2023,3600
site de venda online,Vendas,BR,9/1/2023,2900
site de venda online,Vendas,BR,10/1/2023,2900
site de venda online,Vendas,BR,11/1/2023,2900
site de venda online,Vendas,BR,12/1/2023,2400
site de venda online,Vendas,BR,1/1/2024,3600
site de venda online,Vendas,BR,2/1/2024,2900
site de venda online,Vendas,BR,3/1/2024,2900
site de venda online,Vendas,BR,4/1/2024,2900
site de venda online,Vendas,BR,5/1/2024,2900
site de venda online,Vendas,BR,6/1/2024,2900
site de venda online,Vendas,BR,7/1/2024,2900
site de venda online,Vendas,BR,8/1/2024,2400
site de venda online,Vendas,BR,9/1/2024,2400
site de venda online,Vendas,BR,10/1/2024,2400
site de venda online,Vendas,BR,11/1/2024,1900
site de venda online,Vendas,BR,12/1/2024,1900
site de venda online,Vendas,BR,1/1/2025,2400
site de venda online,Vendas,BR,2/1/2025,1900
site de venda online,Vendas,BR,3/1/2025,1900
site de venda online,Vendas,BR,4/1/2025,1900
site de venda online,Vendas,BR,5/1/2025,1900
site de venda online,Vendas,BR,6/1/2025,1600
site de venda online,Vendas,BR,7/1/2025,1900
site de venda online,Vendas,BR,8/1/2025,1600
site de venda online,Vendas,BR,9/1/2025,1000
site de venda online,Vendas,BR,10/1/2025,1300
site de vendas,Vendas,BR,8/1/2021,8100
site de vendas,Vendas,BR,9/1/2021,8100
site de vendas,Vendas,BR,10/1/2021,6600
site de vendas,Vendas,BR,11/1/2021,6600
site de vendas,Vendas,BR,12/1/2021,5400
site de vendas,Vendas,BR,1/1/2022,8100
site de vendas,Vendas,BR,2/1/2022,6600
site de vendas,Vendas,BR,3/1/2022,6600
site de vendas,Vendas,BR,4/1/2022,6600
site de vendas,Vendas,BR,5/1/2022,6600
site de vendas,Vendas,BR,6/1/2022,6600
site de vendas,Vendas,BR,7/1/2022,6600
site de vendas,Vendas,BR,8/1/2022,6600
site de vendas,Vendas,BR,9/1/2022,6600
site de vendas,Vendas,BR,10/1/2022,6600
site de vendas,Vendas,BR,11/1/2022,6600
site de vendas,Vendas,BR,12/1/2022,5400
site de vendas,Vendas,BR,1/1/2023,8100
site de vendas,Vendas,BR,2/1/2023,6600
site de vendas,Vendas,BR,3/1/2023,8100
site de vendas,Vendas,BR,4/1/2023,6600
site de vendas,Vendas,BR,5/1/2023,6600
site de vendas,Vendas,BR,6/1/2023,6600
site de vendas,Vendas,BR,7/1/2023,6600
site de vendas,Vendas,BR,8/1/2023,6600
site de vendas,Vendas,BR,9/1/2023,6600
site de vendas,Vendas,BR,10/1/2023,6600
site de vendas,Vendas,BR,11/1/2023,6600
site de vendas,Vendas,BR,12/1/2023,5400
site de vendas,Vendas,BR,1/1/2024,8100
site de vendas,Vendas,BR,2/1/2024,6600
site de vendas,Vendas,BR,3/1/2024,6600
site de vendas,Vendas,BR,4/1/2024,6600
site de vendas,Vendas,BR,5/1/2024,6600
site de vendas,Vendas,BR,6/1/2024,5400
site de vendas,Vendas,BR,7/1/2024,5400
site de vendas,Vendas,BR,8/1/2024,5400
site de vendas,Vendas,BR,9/1/2024,4400
site de vendas,Vendas,BR,10/1/2024,5400
site de vendas,Vendas,BR,11/1/2024,4400
site de vendas,Vendas,BR,12/1/2024,4400
site de vendas,Vendas,BR,1/1/2025,5400
site de vendas,Vendas,BR,2/1/2025,4400
site de vendas,Vendas,BR,3/1/2025,5400
site de vendas,Vendas,BR,4/1/2025,4400
site de vendas,Vendas,BR,5/1/2025,4400
site de vendas,Vendas,BR,6/1/2025,4400
site de vendas,Vendas,BR,7/1/2025,4400
site de vendas,Vendas,BR,8/1/2025,5400
site de vendas,Vendas,BR,9/1/2025,4400
site de vendas,Vendas,BR,10/1/2025,4400
squarespace,Branded,BR,8/1/2021,8100
squarespace,Branded,BR,9/1/2021,6600
squarespace,Branded,BR,10/1/2021,6600
squarespace,Branded,BR,11/1/2021,5400
squarespace,Branded,BR,12/1/2021,5400
squarespace,Branded,BR,1/1/2022,6600
squarespace,Branded,BR,2/1/2022,8100
squarespace,Branded,BR,3/1/2022,6600
squarespace,Branded,BR,4/1/2022,6600
squarespace,Branded,BR,5/1/2022,6600
squarespace,Branded,BR,6/1/2022,6600
squarespace,Branded,BR,7/1/2022,5400
squarespace,Branded,BR,8/1/2022,6600
squarespace,Branded,BR,9/1/2022,6600
squarespace,Branded,BR,10/1/2022,5400
squarespace,Branded,BR,11/1/2022,5400
squarespace,Branded,BR,12/1/2022,5400
squarespace,Branded,BR,1/1/2023,8100
squarespace,Branded,BR,2/1/2023,8100
squarespace,Branded,BR,3/1/2023,8100
squarespace,Branded,BR,4/1/2023,8100
squarespace,Branded,BR,5/1/2023,8100
squarespace,Branded,BR,6/1/2023,9900
squarespace,Branded,BR,7/1/2023,8100
squarespace,Branded,BR,8/1/2023,9900
squarespace,Branded,BR,9/1/2023,9900
squarespace,Branded,BR,10/1/2023,9900
squarespace,Branded,BR,11/1/2023,8100
squarespace,Branded,BR,12/1/2023,8100
squarespace,Branded,BR,1/1/2024,12100
squarespace,Branded,BR,2/1/2024,12100
squarespace,Branded,BR,3/1/2024,9900
squarespace,Branded,BR,4/1/2024,12100
squarespace,Branded,BR,5/1/2024,12100
squarespace,Branded,BR,6/1/2024,12100
squarespace,Branded,BR,7/1/2024,14800
squarespace,Branded,BR,8/1/2024,14800
squarespace,Branded,BR,9/1/2024,14800
squarespace,Branded,BR,10/1/2024,18100
squarespace,Branded,BR,11/1/2024,14800
squarespace,Branded,BR,12/1/2024,12100
squarespace,Branded,BR,1/1/2025,14800
squarespace,Branded,BR,2/1/2025,14800
squarespace,Branded,BR,3/1/2025,14800
squarespace,Branded,BR,4/1/2025,14800
squarespace,Branded,BR,5/1/2025,14800
squarespace,Branded,BR,6/1/2025,14800
squarespace,Branded,BR,7/1/2025,14800
squarespace,Branded,BR,8/1/2025,14800
squarespace,Branded,BR,9/1/2025,14800
squarespace,Branded,BR,10/1/2025,14800
submarino,Marketplace,BR,8/1/2021,1000000
submarino,Marketplace,BR,9/1/2021,1220000
submarino,Marketplace,BR,10/1/2021,1000000
submarino,Marketplace,BR,11/1/2021,1500000
submarino,Marketplace,BR,12/1/2021,1000000
submarino,Marketplace,BR,1/1/2022,1000000
submarino,Marketplace,BR,2/1/2022,1220000
submarino,Marketplace,BR,3/1/2022,823000
submarino,Marketplace,BR,4/1/2022,673000
submarino,Marketplace,BR,5/1/2022,673000
submarino,Marketplace,BR,6/1/2022,673000
submarino,Marketplace,BR,7/1/2022,673000
submarino,Marketplace,BR,8/1/2022,550000
submarino,Marketplace,BR,9/1/2022,550000
submarino,Marketplace,BR,10/1/2022,450000
submarino,Marketplace,BR,11/1/2022,823000
submarino,Marketplace,BR,12/1/2022,673000
submarino,Marketplace,BR,1/1/2023,550000
submarino,Marketplace,BR,2/1/2023,301000
submarino,Marketplace,BR,3/1/2023,301000
submarino,Marketplace,BR,4/1/2023,246000
submarino,Marketplace,BR,5/1/2023,246000
submarino,Marketplace,BR,6/1/2023,4090000
submarino,Marketplace,BR,7/1/2023,301000
submarino,Marketplace,BR,8/1/2023,368000
submarino,Marketplace,BR,9/1/2023,201000
submarino,Marketplace,BR,10/1/2023,246000
submarino,Marketplace,BR,11/1/2023,301000
submarino,Marketplace,BR,12/1/2023,201000
submarino,Marketplace,BR,1/1/2024,201000
submarino,Marketplace,BR,2/1/2024,165000
submarino,Marketplace,BR,3/1/2024,165000
submarino,Marketplace,BR,4/1/2024,135000
submarino,Marketplace,BR,5/1/2024,135000
submarino,Marketplace,BR,6/1/2024,135000
submarino,Marketplace,BR,7/1/2024,165000
submarino,Marketplace,BR,8/1/2024,110000
submarino,Marketplace,BR,9/1/2024,110000
submarino,Marketplace,BR,10/1/2024,110000
submarino,Marketplace,BR,11/1/2024,110000
submarino,Marketplace,BR,12/1/2024,110000
submarino,Marketplace,BR,1/1/2025,90500
submarino,Marketplace,BR,2/1/2025,74000
submarino,Marketplace,BR,3/1/2025,90500
submarino,Marketplace,BR,4/1/2025,74000
submarino,Marketplace,BR,5/1/2025,60500
submarino,Marketplace,BR,6/1/2025,60500
submarino,Marketplace,BR,7/1/2025,60500
submarino,Marketplace,BR,8/1/2025,246000
submarino,Marketplace,BR,9/1/2025,60500
submarino,Marketplace,BR,10/1/2025,60500
tray,Branded,BR,8/1/2021,74000
tray,Branded,BR,9/1/2021,74000
tray,Branded,BR,10/1/2021,74000
tray,Branded,BR,11/1/2021,60500
tray,Branded,BR,12/1/2021,49500
tray,Branded,BR,1/1/2022,60500
tray,Branded,BR,2/1/2022,60500
tray,Branded,BR,3/1/2022,60500
tray,Branded,BR,4/1/2022,60500
tray,Branded,BR,5/1/2022,60500
tray,Branded,BR,6/1/2022,60500
tray,Branded,BR,7/1/2022,60500
tray,Branded,BR,8/1/2022,60500
tray,Branded,BR,9/1/2022,60500
tray,Branded,BR,10/1/2022,49500
tray,Branded,BR,11/1/2022,60500
tray,Branded,BR,12/1/2022,49500
tray,Branded,BR,1/1/2023,60500
tray,Branded,BR,2/1/2023,49500
tray,Branded,BR,3/1/2023,60500
tray,Branded,BR,4/1/2023,49500
tray,Branded,BR,5/1/2023,60500
tray,Branded,BR,6/1/2023,49500
tray,Branded,BR,7/1/2023,60500
tray,Branded,BR,8/1/2023,49500
tray,Branded,BR,9/1/2023,49500
tray,Branded,BR,10/1/2023,49500
tray,Branded,BR,11/1/2023,49500
tray,Branded,BR,12/1/2023,40500
tray,Branded,BR,1/1/2024,49500
tray,Branded,BR,2/1/2024,49500
tray,Branded,BR,3/1/2024,49500
tray,Branded,BR,4/1/2024,40500
tray,Branded,BR,5/1/2024,40500
tray,Branded,BR,6/1/2024,40500
tray,Branded,BR,7/1/2024,40500
tray,Branded,BR,8/1/2024,40500
tray,Branded,BR,9/1/2024,40500
tray,Branded,BR,10/1/2024,40500
tray,Branded,BR,11/1/2024,40500
tray,Branded,BR,12/1/2024,33100
tray,Branded,BR,1/1/2025,40500
tray,Branded,BR,2/1/2025,40500
tray,Branded,BR,3/1/2025,40500
tray,Branded,BR,4/1/2025,40500
tray,Branded,BR,5/1/2025,40500
tray,Branded,BR,6/1/2025,40500
tray,Branded,BR,7/1/2025,49500
tray,Branded,BR,8/1/2025,40500
tray,Branded,BR,9/1/2025,40500
tray,Branded,BR,10/1/2025,40500
venda pela internet,Vendas,BR,8/1/2021,6600
venda pela internet,Vendas,BR,9/1/2021,6600
venda pela internet,Vendas,BR,10/1/2021,6600
venda pela internet,Vendas,BR,11/1/2021,5400
venda pela internet,Vendas,BR,12/1/2021,4400
venda pela internet,Vendas,BR,1/1/2022,8100
venda pela internet,Vendas,BR,2/1/2022,6600
venda pela internet,Vendas,BR,3/1/2022,6600
venda pela internet,Vendas,BR,4/1/2022,5400
venda pela internet,Vendas,BR,5/1/2022,5400
venda pela internet,Vendas,BR,6/1/2022,5400
venda pela internet,Vendas,BR,7/1/2022,5400
venda pela internet,Vendas,BR,8/1/2022,5400
venda pela internet,Vendas,BR,9/1/2022,5400
venda pela internet,Vendas,BR,10/1/2022,4400
venda pela internet,Vendas,BR,11/1/2022,5400
venda pela internet,Vendas,BR,12/1/2022,4400
venda pela internet,Vendas,BR,1/1/2023,6600
venda pela internet,Vendas,BR,2/1/2023,5400
venda pela internet,Vendas,BR,3/1/2023,6600
venda pela internet,Vendas,BR,4/1/2023,5400
venda pela internet,Vendas,BR,5/1/2023,5400
venda pela internet,Vendas,BR,6/1/2023,5400
venda pela internet,Vendas,BR,7/1/2023,5400
venda pela internet,Vendas,BR,8/1/2023,5400
venda pela internet,Vendas,BR,9/1/2023,5400
venda pela internet,Vendas,BR,10/1/2023,5400
venda pela internet,Vendas,BR,11/1/2023,4400
venda pela internet,Vendas,BR,12/1/2023,4400
venda pela internet,Vendas,BR,1/1/2024,6600
venda pela internet,Vendas,BR,2/1/2024,5400
venda pela internet,Vendas,BR,3/1/2024,5400
venda pela internet,Vendas,BR,4/1/2024,5400
venda pela internet,Vendas,BR,5/1/2024,5400
venda pela internet,Vendas,BR,6/1/2024,4400
venda pela internet,Vendas,BR,7/1/2024,4400
venda pela internet,Vendas,BR,8/1/2024,4400
venda pela internet,Vendas,BR,9/1/2024,4400
venda pela internet,Vendas,BR,10/1/2024,5400
venda pela internet,Vendas,BR,11/1/2024,4400
venda pela internet,Vendas,BR,12/1/2024,3600
venda pela internet,Vendas,BR,1/1/2025,5400
venda pela internet,Vendas,BR,2/1/2025,3600
venda pela internet,Vendas,BR,3/1/2025,4400
venda pela internet,Vendas,BR,4/1/2025,3600
venda pela internet,Vendas,BR,5/1/2025,3600
venda pela internet,Vendas,BR,6/1/2025,2900
venda pela internet,Vendas,BR,7/1/2025,2900
venda pela internet,Vendas,BR,8/1/2025,2400
venda pela internet,Vendas,BR,9/1/2025,2400
venda pela internet,Vendas,BR,10/1/2025,2400
venda pelo instagram,Canais,BR,8/1/2021,880
venda pelo instagram,Canais,BR,9/1/2021,720
venda pelo instagram,Canais,BR,10/1/2021,720
venda pelo instagram,Canais,BR,11/1/2021,720
venda pelo instagram,Canais,BR,12/1/2021,590
venda pelo instagram,Canais,BR,1/1/2022,720
venda pelo instagram,Canais,BR,2/1/2022,590
venda pelo instagram,Canais,BR,3/1/2022,590
venda pelo instagram,Canais,BR,4/1/2022,480
venda pelo instagram,Canais,BR,5/1/2022,590
venda pelo instagram,Canais,BR,6/1/2022,480
venda pelo instagram,Canais,BR,7/1/2022,480
venda pelo instagram,Canais,BR,8/1/2022,480
venda pelo instagram,Canais,BR,9/1/2022,480
venda pelo instagram,Canais,BR,10/1/2022,390
venda pelo instagram,Canais,BR,11/1/2022,390
venda pelo instagram,Canais,BR,12/1/2022,320
venda pelo instagram,Canais,BR,1/1/2023,480
venda pelo instagram,Canais,BR,2/1/2023,480
venda pelo instagram,Canais,BR,3/1/2023,480
venda pelo instagram,Canais,BR,4/1/2023,390
venda pelo instagram,Canais,BR,5/1/2023,390
venda pelo instagram,Canais,BR,6/1/2023,390
venda pelo instagram,Canais,BR,7/1/2023,390
venda pelo instagram,Canais,BR,8/1/2023,320
venda pelo instagram,Canais,BR,9/1/2023,320
venda pelo instagram,Canais,BR,10/1/2023,320
venda pelo instagram,Canais,BR,11/1/2023,260
venda pelo instagram,Canais,BR,12/1/2023,210
venda pelo instagram,Canais,BR,1/1/2024,320
venda pelo instagram,Canais,BR,2/1/2024,260
venda pelo instagram,Canais,BR,3/1/2024,320
venda pelo instagram,Canais,BR,4/1/2024,390
venda pelo instagram,Canais,BR,5/1/2024,260
venda pelo instagram,Canais,BR,6/1/2024,260
venda pelo instagram,Canais,BR,7/1/2024,210
venda pelo instagram,Canais,BR,8/1/2024,210
venda pelo instagram,Canais,BR,9/1/2024,210
venda pelo instagram,Canais,BR,10/1/2024,210
venda pelo instagram,Canais,BR,11/1/2024,210
venda pelo instagram,Canais,BR,12/1/2024,140
venda pelo instagram,Canais,BR,1/1/2025,210
venda pelo instagram,Canais,BR,2/1/2025,140
venda pelo instagram,Canais,BR,3/1/2025,210
venda pelo instagram,Canais,BR,4/1/2025,170
venda pelo instagram,Canais,BR,5/1/2025,170
venda pelo instagram,Canais,BR,6/1/2025,140
venda pelo instagram,Canais,BR,7/1/2025,170
venda pelo instagram,Canais,BR,8/1/2025,140
venda pelo instagram,Canais,BR,9/1/2025,110
venda pelo instagram,Canais,BR,10/1/2025,140
vendas no instagram,Canais,BR,8/1/2021,1000
vendas no instagram,Canais,BR,9/1/2021,1000
vendas no instagram,Canais,BR,10/1/2021,880
vendas no instagram,Canais,BR,11/1/2021,720
vendas no instagram,Canais,BR,12/1/2021,590
vendas no instagram,Canais,BR,1/1/2022,880
vendas no instagram,Canais,BR,2/1/2022,720
vendas no instagram,Canais,BR,3/1/2022,880
vendas no instagram,Canais,BR,4/1/2022,720
vendas no instagram,Canais,BR,5/1/2022,720
vendas no instagram,Canais,BR,6/1/2022,720
vendas no instagram,Canais,BR,7/1/2022,590
vendas no instagram,Canais,BR,8/1/2022,590
vendas no instagram,Canais,BR,9/1/2022,590
vendas no instagram,Canais,BR,10/1/2022,590
vendas no instagram,Canais,BR,11/1/2022,480
vendas no instagram,Canais,BR,12/1/2022,480
vendas no instagram,Canais,BR,1/1/2023,590
vendas no instagram,Canais,BR,2/1/2023,590
vendas no instagram,Canais,BR,3/1/2023,590
vendas no instagram,Canais,BR,4/1/2023,590
vendas no instagram,Canais,BR,5/1/2023,590
vendas no instagram,Canais,BR,6/1/2023,480
vendas no instagram,Canais,BR,7/1/2023,480
vendas no instagram,Canais,BR,8/1/2023,480
vendas no instagram,Canais,BR,9/1/2023,390
vendas no instagram,Canais,BR,10/1/2023,390
vendas no instagram,Canais,BR,11/1/2023,390
vendas no instagram,Canais,BR,12/1/2023,320
vendas no instagram,Canais,BR,1/1/2024,480
vendas no instagram,Canais,BR,2/1/2024,390
vendas no instagram,Canais,BR,3/1/2024,480
vendas no instagram,Canais,BR,4/1/2024,480
vendas no instagram,Canais,BR,5/1/2024,480
vendas no instagram,Canais,BR,6/1/2024,390
vendas no instagram,Canais,BR,7/1/2024,390
vendas no instagram,Canais,BR,8/1/2024,390
vendas no instagram,Canais,BR,9/1/2024,320
vendas no instagram,Canais,BR,10/1/2024,320
vendas no instagram,Canais,BR,11/1/2024,320
vendas no instagram,Canais,BR,12/1/2024,260
vendas no instagram,Canais,BR,1/1/2025,390
vendas no instagram,Canais,BR,2/1/2025,260
vendas no instagram,Canais,BR,3/1/2025,260
vendas no instagram,Canais,BR,4/1/2025,260
vendas no instagram,Canais,BR,5/1/2025,260
vendas no instagram,Canais,BR,6/1/2025,210
vendas no instagram,Canais,BR,7/1/2025,260
vendas no instagram,Canais,BR,8/1/2025,140
vendas no instagram,Canais,BR,9/1/2025,110
vendas no instagram,Canais,BR,10/1/2025,110
vendas online,Vendas,BR,8/1/2021,22200
vendas online,Vendas,BR,9/1/2021,18100
vendas online,Vendas,BR,10/1/2021,18100
vendas online,Vendas,BR,11/1/2021,18100
vendas online,Vendas,BR,12/1/2021,14800
vendas online,Vendas,BR,1/1/2022,22200
vendas online,Vendas,BR,2/1/2022,18100
vendas online,Vendas,BR,3/1/2022,22200
vendas online,Vendas,BR,4/1/2022,18100
vendas online,Vendas,BR,5/1/2022,18100
vendas online,Vendas,BR,6/1/2022,14800
vendas online,Vendas,BR,7/1/2022,14800
vendas online,Vendas,BR,8/1/2022,14800
vendas online,Vendas,BR,9/1/2022,14800
vendas online,Vendas,BR,10/1/2022,14800
vendas online,Vendas,BR,11/1/2022,14800
vendas online,Vendas,BR,12/1/2022,12100
vendas online,Vendas,BR,1/1/2023,18100
vendas online,Vendas,BR,2/1/2023,14800
vendas online,Vendas,BR,3/1/2023,18100
vendas online,Vendas,BR,4/1/2023,14800
vendas online,Vendas,BR,5/1/2023,18100
vendas online,Vendas,BR,6/1/2023,14800
vendas online,Vendas,BR,7/1/2023,18100
vendas online,Vendas,BR,8/1/2023,18100
vendas online,Vendas,BR,9/1/2023,18100
vendas online,Vendas,BR,10/1/2023,18100
vendas online,Vendas,BR,11/1/2023,18100
vendas online,Vendas,BR,12/1/2023,14800
vendas online,Vendas,BR,1/1/2024,27100
vendas online,Vendas,BR,2/1/2024,18100
vendas online,Vendas,BR,3/1/2024,18100
vendas online,Vendas,BR,4/1/2024,18100
vendas online,Vendas,BR,5/1/2024,18100
vendas online,Vendas,BR,6/1/2024,18100
vendas online,Vendas,BR,7/1/2024,14800
vendas online,Vendas,BR,8/1/2024,14800
vendas online,Vendas,BR,9/1/2024,12100
vendas online,Vendas,BR,10/1/2024,14800
vendas online,Vendas,BR,11/1/2024,12100
vendas online,Vendas,BR,12/1/2024,9900
vendas online,Vendas,BR,1/1/2025,14800
vendas online,Vendas,BR,2/1/2025,12100
vendas online,Vendas,BR,3/1/2025,12100
vendas online,Vendas,BR,4/1/2025,12100
vendas online,Vendas,BR,5/1/2025,12100
vendas online,Vendas,BR,6/1/2025,9900
vendas online,Vendas,BR,7/1/2025,9900
vendas online,Vendas,BR,8/1/2025,9900
vendas online,Vendas,BR,9/1/2025,9900
vendas online,Vendas,BR,10/1/2025,9900
vendas pelo whatsapp,Canais,BR,8/1/2021,1600
vendas pelo whatsapp,Canais,BR,9/1/2021,1300
vendas pelo whatsapp,Canais,BR,10/1/2021,1300
vendas pelo whatsapp,Canais,BR,11/1/2021,1300
vendas pelo whatsapp,Canais,BR,12/1/2021,1000
vendas pelo whatsapp,Canais,BR,1/1/2022,1300
vendas pelo whatsapp,Canais,BR,2/1/2022,1300
vendas pelo whatsapp,Canais,BR,3/1/2022,1300
vendas pelo whatsapp,Canais,BR,4/1/2022,1300
vendas pelo whatsapp,Canais,BR,5/1/2022,1300
vendas pelo whatsapp,Canais,BR,6/1/2022,1300
vendas pelo whatsapp,Canais,BR,7/1/2022,1300
vendas pelo whatsapp,Canais,BR,8/1/2022,1300
vendas pelo whatsapp,Canais,BR,9/1/2022,1300
vendas pelo whatsapp,Canais,BR,10/1/2022,1300
vendas pelo whatsapp,Canais,BR,11/1/2022,1000
vendas pelo whatsapp,Canais,BR,12/1/2022,880
vendas pelo whatsapp,Canais,BR,1/1/2023,1300
vendas pelo whatsapp,Canais,BR,2/1/2023,1300
vendas pelo whatsapp,Canais,BR,3/1/2023,1300
vendas pelo whatsapp,Canais,BR,4/1/2023,1300
vendas pelo whatsapp,Canais,BR,5/1/2023,1300
vendas pelo whatsapp,Canais,BR,6/1/2023,1300
vendas pelo whatsapp,Canais,BR,7/1/2023,1300
vendas pelo whatsapp,Canais,BR,8/1/2023,1300
vendas pelo whatsapp,Canais,BR,9/1/2023,1300
vendas pelo whatsapp,Canais,BR,10/1/2023,1300
vendas pelo whatsapp,Canais,BR,11/1/2023,1000
vendas pelo whatsapp,Canais,BR,12/1/2023,880
vendas pelo whatsapp,Canais,BR,1/1/2024,1300
vendas pelo whatsapp,Canais,BR,2/1/2024,1000
vendas pelo whatsapp,Canais,BR,3/1/2024,1300
vendas pelo whatsapp,Canais,BR,4/1/2024,1000
vendas pelo whatsapp,Canais,BR,5/1/2024,1000
vendas pelo whatsapp,Canais,BR,6/1/2024,1000
vendas pelo whatsapp,Canais,BR,7/1/2024,880
vendas pelo whatsapp,Canais,BR,8/1/2024,880
vendas pelo whatsapp,Canais,BR,9/1/2024,880
vendas pelo whatsapp,Canais,BR,10/1/2024,880
vendas pelo whatsapp,Canais,BR,11/1/2024,720
vendas pelo whatsapp,Canais,BR,12/1/2024,480
vendas pelo whatsapp,Canais,BR,1/1/2025,720
vendas pelo whatsapp,Canais,BR,2/1/2025,720
vendas pelo whatsapp,Canais,BR,3/1/2025,720
vendas pelo whatsapp,Canais,BR,4/1/2025,590
vendas pelo whatsapp,Canais,BR,5/1/2025,590
vendas pelo whatsapp,Canais,BR,6/1/2025,590
vendas pelo whatsapp,Canais,BR,7/1/2025,480
vendas pelo whatsapp,Canais,BR,8/1/2025,480
vendas pelo whatsapp,Canais,BR,9/1/2025,480
vendas pelo whatsapp,Canais,BR,10/1/2025,390
vender na internet,Vendas,BR,8/1/2021,6600
vender na internet,Vendas,BR,9/1/2021,6600
vender na internet,Vendas,BR,10/1/2021,6600
vender na internet,Vendas,BR,11/1/2021,5400
vender na internet,Vendas,BR,12/1/2021,4400
vender na internet,Vendas,BR,1/1/2022,8100
vender na internet,Vendas,BR,2/1/2022,6600
vender na internet,Vendas,BR,3/1/2022,6600
vender na internet,Vendas,BR,4/1/2022,5400
vender na internet,Vendas,BR,5/1/2022,5400
vender na internet,Vendas,BR,6/1/2022,5400
vender na internet,Vendas,BR,7/1/2022,5400
vender na internet,Vendas,BR,8/1/2022,5400
vender na internet,Vendas,BR,9/1/2022,5400
vender na internet,Vendas,BR,10/1/2022,4400
vender na internet,Vendas,BR,11/1/2022,5400
vender na internet,Vendas,BR,12/1/2022,4400
vender na internet,Vendas,BR,1/1/2023,6600
vender na internet,Vendas,BR,2/1/2023,5400
vender na internet,Vendas,BR,3/1/2023,6600
vender na internet,Vendas,BR,4/1/2023,5400
vender na internet,Vendas,BR,5/1/2023,5400
vender na internet,Vendas,BR,6/1/2023,5400
vender na internet,Vendas,BR,7/1/2023,5400
vender na internet,Vendas,BR,8/1/2023,5400
vender na internet,Vendas,BR,9/1/2023,5400
vender na internet,Vendas,BR,10/1/2023,5400
vender na internet,Vendas,BR,11/1/2023,4400
vender na internet,Vendas,BR,12/1/2023,4400
vender na internet,Vendas,BR,1/1/2024,6600
vender na internet,Vendas,BR,2/1/2024,5400
vender na internet,Vendas,BR,3/1/2024,5400
vender na internet,Vendas,BR,4/1/2024,5400
vender na internet,Vendas,BR,5/1/2024,5400
vender na internet,Vendas,BR,6/1/2024,4400
vender na internet,Vendas,BR,7/1/2024,4400
vender na internet,Vendas,BR,8/1/2024,4400
vender na internet,Vendas,BR,9/1/2024,4400
vender na internet,Vendas,BR,10/1/2024,5400
vender na internet,Vendas,BR,11/1/2024,4400
vender na internet,Vendas,BR,12/1/2024,3600
vender na internet,Vendas,BR,1/1/2025,5400
vender na internet,Vendas,BR,2/1/2025,3600
vender na internet,Vendas,BR,3/1/2025,4400
vender na internet,Vendas,BR,4/1/2025,3600
vender na internet,Vendas,BR,5/1/2025,3600
vender na internet,Vendas,BR,6/1/2025,2900
vender na internet,Vendas,BR,7/1/2025,2900
vender na internet,Vendas,BR,8/1/2025,2400
vender na internet,Vendas,BR,9/1/2025,2400
vender na internet,Vendas,BR,10/1/2025,2400
vender no instagram,Canais,BR,8/1/2021,720
vender no instagram,Canais,BR,9/1/2021,720
vender no instagram,Canais,BR,10/1/2021,590
vender no instagram,Canais,BR,11/1/2021,590
vender no instagram,Canais,BR,12/1/2021,480
vender no instagram,Canais,BR,1/1/2022,720
vender no instagram,Canais,BR,2/1/2022,480
vender no instagram,Canais,BR,3/1/2022,590
vender no instagram,Canais,BR,4/1/2022,480
vender no instagram,Canais,BR,5/1/2022,480
vender no instagram,Canais,BR,6/1/2022,480
vender no instagram,Canais,BR,7/1/2022,480
vender no instagram,Canais,BR,8/1/2022,480
vender no instagram,Canais,BR,9/1/2022,480
vender no instagram,Canais,BR,10/1/2022,590
vender no instagram,Canais,BR,11/1/2022,390
vender no instagram,Canais,BR,12/1/2022,320
vender no instagram,Canais,BR,1/1/2023,480
vender no instagram,Canais,BR,2/1/2023,390
vender no instagram,Canais,BR,3/1/2023,390
vender no instagram,Canais,BR,4/1/2023,390
vender no instagram,Canais,BR,5/1/2023,390
vender no instagram,Canais,BR,6/1/2023,390
vender no instagram,Canais,BR,7/1/2023,390
vender no instagram,Canais,BR,8/1/2023,320
vender no instagram,Canais,BR,9/1/2023,260
vender no instagram,Canais,BR,10/1/2023,260
vender no instagram,Canais,BR,11/1/2023,320
vender no instagram,Canais,BR,12/1/2023,210
vender no instagram,Canais,BR,1/1/2024,390
vender no instagram,Canais,BR,2/1/2024,260
vender no instagram,Canais,BR,3/1/2024,260
vender no instagram,Canais,BR,4/1/2024,260
vender no instagram,Canais,BR,5/1/2024,320
vender no instagram,Canais,BR,6/1/2024,320
vender no instagram,Canais,BR,7/1/2024,260
vender no instagram,Canais,BR,8/1/2024,260
vender no instagram,Canais,BR,9/1/2024,210
vender no instagram,Canais,BR,10/1/2024,260
vender no instagram,Canais,BR,11/1/2024,210
vender no instagram,Canais,BR,12/1/2024,140
vender no instagram,Canais,BR,1/1/2025,210
vender no instagram,Canais,BR,2/1/2025,210
vender no instagram,Canais,BR,3/1/2025,210
vender no instagram,Canais,BR,4/1/2025,210
vender no instagram,Canais,BR,5/1/2025,170
vender no instagram,Canais,BR,6/1/2025,170
vender no instagram,Canais,BR,7/1/2025,140
vender no instagram,Canais,BR,8/1/2025,140
vender no instagram,Canais,BR,9/1/2025,170
vender no instagram,Canais,BR,10/1/2025,140
vender on line,Vendas,BR,8/1/2021,1600
vender on line,Vendas,BR,9/1/2021,1900
vender on line,Vendas,BR,10/1/2021,1900
vender on line,Vendas,BR,11/1/2021,1600
vender on line,Vendas,BR,12/1/2021,1300
vender on line,Vendas,BR,1/1/2022,1900
vender on line,Vendas,BR,2/1/2022,1300
vender on line,Vendas,BR,3/1/2022,1600
vender on line,Vendas,BR,4/1/2022,1300
vender on line,Vendas,BR,5/1/2022,1600
vender on line,Vendas,BR,6/1/2022,1300
vender on line,Vendas,BR,7/1/2022,1300
vender on line,Vendas,BR,8/1/2022,1600
vender on line,Vendas,BR,9/1/2022,1300
vender on line,Vendas,BR,10/1/2022,1300
vender on line,Vendas,BR,11/1/2022,1300
vender on line,Vendas,BR,12/1/2022,1300
vender on line,Vendas,BR,1/1/2023,1900
vender on line,Vendas,BR,2/1/2023,1600
vender on line,Vendas,BR,3/1/2023,1600
vender on line,Vendas,BR,4/1/2023,1600
vender on line,Vendas,BR,5/1/2023,1600
vender on line,Vendas,BR,6/1/2023,1300
vender on line,Vendas,BR,7/1/2023,1600
vender on line,Vendas,BR,8/1/2023,1600
vender on line,Vendas,BR,9/1/2023,1600
vender on line,Vendas,BR,10/1/2023,1600
vender on line,Vendas,BR,11/1/2023,1300
vender on line,Vendas,BR,12/1/2023,1600
vender on line,Vendas,BR,1/1/2024,2400
vender on line,Vendas,BR,2/1/2024,1600
vender on line,Vendas,BR,3/1/2024,1600
vender on line,Vendas,BR,4/1/2024,1600
vender on line,Vendas,BR,5/1/2024,1600
vender on line,Vendas,BR,6/1/2024,1300
vender on line,Vendas,BR,7/1/2024,1300
vender on line,Vendas,BR,8/1/2024,1300
vender on line,Vendas,BR,9/1/2024,1300
vender on line,Vendas,BR,10/1/2024,1300
vender on line,Vendas,BR,11/1/2024,1000
vender on line,Vendas,BR,12/1/2024,1000
vender on line,Vendas,BR,1/1/2025,1300
vender on line,Vendas,BR,2/1/2025,1000
vender on line,Vendas,BR,3/1/2025,1300
vender on line,Vendas,BR,4/1/2025,1000
vender on line,Vendas,BR,5/1/2025,1000
vender on line,Vendas,BR,6/1/2025,880
vender on line,Vendas,BR,7/1/2025,880
vender on line,Vendas,BR,8/1/2025,880
vender on line,Vendas,BR,9/1/2025,880
vender on line,Vendas,BR,10/1/2025,40
vender pela internet,Vendas,BR,8/1/2021,6600
vender pela internet,Vendas,BR,9/1/2021,6600
vender pela internet,Vendas,BR,10/1/2021,6600
vender pela internet,Vendas,BR,11/1/2021,5400
vender pela internet,Vendas,BR,12/1/2021,4400
vender pela internet,Vendas,BR,1/1/2022,8100
vender pela internet,Vendas,BR,2/1/2022,6600
vender pela internet,Vendas,BR,3/1/2022,6600
vender pela internet,Vendas,BR,4/1/2022,5400
vender pela internet,Vendas,BR,5/1/2022,5400
vender pela internet,Vendas,BR,6/1/2022,5400
vender pela internet,Vendas,BR,7/1/2022,5400
vender pela internet,Vendas,BR,8/1/2022,5400
vender pela internet,Vendas,BR,9/1/2022,5400
vender pela internet,Vendas,BR,10/1/2022,4400
vender pela internet,Vendas,BR,11/1/2022,5400
vender pela internet,Vendas,BR,12/1/2022,4400
vender pela internet,Vendas,BR,1/1/2023,6600
vender pela internet,Vendas,BR,2/1/2023,5400
vender pela internet,Vendas,BR,3/1/2023,6600
vender pela internet,Vendas,BR,4/1/2023,5400
vender pela internet,Vendas,BR,5/1/2023,5400
vender pela internet,Vendas,BR,6/1/2023,5400
vender pela internet,Vendas,BR,7/1/2023,5400
vender pela internet,Vendas,BR,8/1/2023,5400
vender pela internet,Vendas,BR,9/1/2023,5400
vender pela internet,Vendas,BR,10/1/2023,5400
vender pela internet,Vendas,BR,11/1/2023,4400
vender pela internet,Vendas,BR,12/1/2023,4400
vender pela internet,Vendas,BR,1/1/2024,6600
vender pela internet,Vendas,BR,2/1/2024,5400
vender pela internet,Vendas,BR,3/1/2024,5400
vender pela internet,Vendas,BR,4/1/2024,5400
vender pela internet,Vendas,BR,5/1/2024,5400
vender pela internet,Vendas,BR,6/1/2024,4400
vender pela internet,Vendas,BR,7/1/2024,4400
vender pela internet,Vendas,BR,8/1/2024,4400
vender pela internet,Vendas,BR,9/1/2024,4400
vender pela internet,Vendas,BR,10/1/2024,5400
vender pela internet,Vendas,BR,11/1/2024,4400
vender pela internet,Vendas,BR,12/1/2024,3600
vender pela internet,Vendas,BR,1/1/2025,5400
vender pela internet,Vendas,BR,2/1/2025,3600
vender pela internet,Vendas,BR,3/1/2025,4400
vender pela internet,Vendas,BR,4/1/2025,3600
vender pela internet,Vendas,BR,5/1/2025,3600
vender pela internet,Vendas,BR,6/1/2025,2900
vender pela internet,Vendas,BR,7/1/2025,2900
vender pela internet,Vendas,BR,8/1/2025,2400
vender pela internet,Vendas,BR,9/1/2025,2400
vender pela internet,Vendas,BR,10/1/2025,2400
vender pelo instagram,Canais,BR,8/1/2021,720
vender pelo instagram,Canais,BR,9/1/2021,720
vender pelo instagram,Canais,BR,10/1/2021,590
vender pelo instagram,Canais,BR,11/1/2021,590
vender pelo instagram,Canais,BR,12/1/2021,390
vender pelo instagram,Canais,BR,1/1/2022,590
vender pelo instagram,Canais,BR,2/1/2022,480
vender pelo instagram,Canais,BR,3/1/2022,590
vender pelo instagram,Canais,BR,4/1/2022,480
vender pelo instagram,Canais,BR,5/1/2022,480
vender pelo instagram,Canais,BR,6/1/2022,390
vender pelo instagram,Canais,BR,7/1/2022,480
vender pelo instagram,Canais,BR,8/1/2022,480
vender pelo instagram,Canais,BR,9/1/2022,390
vender pelo instagram,Canais,BR,10/1/2022,320
vender pelo instagram,Canais,BR,11/1/2022,390
vender pelo instagram,Canais,BR,12/1/2022,320
vender pelo instagram,Canais,BR,1/1/2023,480
vender pelo instagram,Canais,BR,2/1/2023,390
vender pelo instagram,Canais,BR,3/1/2023,480
vender pelo instagram,Canais,BR,4/1/2023,390
vender pelo instagram,Canais,BR,5/1/2023,390
vender pelo instagram,Canais,BR,6/1/2023,320
vender pelo instagram,Canais,BR,7/1/2023,320
vender pelo instagram,Canais,BR,8/1/2023,320
vender pelo instagram,Canais,BR,9/1/2023,320
vender pelo instagram,Canais,BR,10/1/2023,320
vender pelo instagram,Canais,BR,11/1/2023,320
vender pelo instagram,Canais,BR,12/1/2023,260
vender pelo instagram,Canais,BR,1/1/2024,320
vender pelo instagram,Canais,BR,2/1/2024,320
vender pelo instagram,Canais,BR,3/1/2024,320
vender pelo instagram,Canais,BR,4/1/2024,320
vender pelo instagram,Canais,BR,5/1/2024,320
vender pelo instagram,Canais,BR,6/1/2024,260
vender pelo instagram,Canais,BR,7/1/2024,260
vender pelo instagram,Canais,BR,8/1/2024,210
vender pelo instagram,Canais,BR,9/1/2024,210
vender pelo instagram,Canais,BR,10/1/2024,210
vender pelo instagram,Canais,BR,11/1/2024,260
vender pelo instagram,Canais,BR,12/1/2024,170
vender pelo instagram,Canais,BR,1/1/2025,210
vender pelo instagram,Canais,BR,2/1/2025,170
vender pelo instagram,Canais,BR,3/1/2025,210
vender pelo instagram,Canais,BR,4/1/2025,170
vender pelo instagram,Canais,BR,5/1/2025,170
vender pelo instagram,Canais,BR,6/1/2025,110
vender pelo instagram,Canais,BR,7/1/2025,110
vender pelo instagram,Canais,BR,8/1/2025,140
vender pelo instagram,Canais,BR,9/1/2025,110
vender pelo instagram,Canais,BR,10/1/2025,140
vender pelo whatsapp,Canais,BR,8/1/2021,1600
vender pelo whatsapp,Canais,BR,9/1/2021,1300
vender pelo whatsapp,Canais,BR,10/1/2021,1300
vender pelo whatsapp,Canais,BR,11/1/2021,1300
vender pelo whatsapp,Canais,BR,12/1/2021,1000
vender pelo whatsapp,Canais,BR,1/1/2022,1300
vender pelo whatsapp,Canais,BR,2/1/2022,1300
vender pelo whatsapp,Canais,BR,3/1/2022,1300
vender pelo whatsapp,Canais,BR,4/1/2022,1300
vender pelo whatsapp,Canais,BR,5/1/2022,1300
vender pelo whatsapp,Canais,BR,6/1/2022,1300
vender pelo whatsapp,Canais,BR,7/1/2022,1300
vender pelo whatsapp,Canais,BR,8/1/2022,1300
vender pelo whatsapp,Canais,BR,9/1/2022,1300
vender pelo whatsapp,Canais,BR,10/1/2022,1300
vender pelo whatsapp,Canais,BR,11/1/2022,1000
vender pelo whatsapp,Canais,BR,12/1/2022,880
vender pelo whatsapp,Canais,BR,1/1/2023,1300
vender pelo whatsapp,Canais,BR,2/1/2023,1300
vender pelo whatsapp,Canais,BR,3/1/2023,1300
vender pelo whatsapp,Canais,BR,4/1/2023,1300
vender pelo whatsapp,Canais,BR,5/1/2023,1300
vender pelo whatsapp,Canais,BR,6/1/2023,1300
vender pelo whatsapp,Canais,BR,7/1/2023,1300
vender pelo whatsapp,Canais,BR,8/1/2023,1300
vender pelo whatsapp,Canais,BR,9/1/2023,1300
vender pelo whatsapp,Canais,BR,10/1/2023,1300
vender pelo whatsapp,Canais,BR,11/1/2023,1000
vender pelo whatsapp,Canais,BR,12/1/2023,880
vender pelo whatsapp,Canais,BR,1/1/2024,1300
vender pelo whatsapp,Canais,BR,2/1/2024,1000
vender pelo whatsapp,Canais,BR,3/1/2024,1300
vender pelo whatsapp,Canais,BR,4/1/2024,1000
vender pelo whatsapp,Canais,BR,5/1/2024,1000
vender pelo whatsapp,Canais,BR,6/1/2024,1000
vender pelo whatsapp,Canais,BR,7/1/2024,880
vender pelo whatsapp,Canais,BR,8/1/2024,880
vender pelo whatsapp,Canais,BR,9/1/2024,880
vender pelo whatsapp,Canais,BR,10/1/2024,880
vender pelo whatsapp,Canais,BR,11/1/2024,720
vender pelo whatsapp,Canais,BR,12/1/2024,480
vender pelo whatsapp,Canais,BR,1/1/2025,720
vender pelo whatsapp,Canais,BR,2/1/2025,720
vender pelo whatsapp,Canais,BR,3/1/2025,720
vender pelo whatsapp,Canais,BR,4/1/2025,590
vender pelo whatsapp,Canais,BR,5/1/2025,590
vender pelo whatsapp,Canais,BR,6/1/2025,590
vender pelo whatsapp,Canais,BR,7/1/2025,480
vender pelo whatsapp,Canais,BR,8/1/2025,480
vender pelo whatsapp,Canais,BR,9/1/2025,480
vender pelo whatsapp,Canais,BR,10/1/2025,390
vender produtos online,Vendas,BR,8/1/2021,1000
vender produtos online,Vendas,BR,9/1/2021,1000
vender produtos online,Vendas,BR,10/1/2021,1000
vender produtos online,Vendas,BR,11/1/2021,1000
vender produtos online,Vendas,BR,12/1/2021,880
vender produtos online,Vendas,BR,1/1/2022,1000
vender produtos online,Vendas,BR,2/1/2022,880
vender produtos online,Vendas,BR,3/1/2022,1300
vender produtos online,Vendas,BR,4/1/2022,880
vender produtos online,Vendas,BR,5/1/2022,880
vender produtos online,Vendas,BR,6/1/2022,720
vender produtos online,Vendas,BR,7/1/2022,880
vender produtos online,Vendas,BR,8/1/2022,880
vender produtos online,Vendas,BR,9/1/2022,1000
vender produtos online,Vendas,BR,10/1/2022,880
vender produtos online,Vendas,BR,11/1/2022,880
vender produtos online,Vendas,BR,12/1/2022,880
vender produtos online,Vendas,BR,1/1/2023,1300
vender produtos online,Vendas,BR,2/1/2023,1000
vender produtos online,Vendas,BR,3/1/2023,1300
vender produtos online,Vendas,BR,4/1/2023,1000
vender produtos online,Vendas,BR,5/1/2023,1300
vender produtos online,Vendas,BR,6/1/2023,1000
vender produtos online,Vendas,BR,7/1/2023,1300
vender produtos online,Vendas,BR,8/1/2023,1600
vender produtos online,Vendas,BR,9/1/2023,1300
vender produtos online,Vendas,BR,10/1/2023,1300
vender produtos online,Vendas,BR,11/1/2023,1300
vender produtos online,Vendas,BR,12/1/2023,1000
vender produtos online,Vendas,BR,1/1/2024,1900
vender produtos online,Vendas,BR,2/1/2024,1600
vender produtos online,Vendas,BR,3/1/2024,1600
vender produtos online,Vendas,BR,4/1/2024,1600
vender produtos online,Vendas,BR,5/1/2024,1600
vender produtos online,Vendas,BR,6/1/2024,1300
vender produtos online,Vendas,BR,7/1/2024,1300
vender produtos online,Vendas,BR,8/1/2024,1300
vender produtos online,Vendas,BR,9/1/2024,1300
vender produtos online,Vendas,BR,10/1/2024,1300
vender produtos online,Vendas,BR,11/1/2024,1300
vender produtos online,Vendas,BR,12/1/2024,1000
vender produtos online,Vendas,BR,1/1/2025,1600
vender produtos online,Vendas,BR,2/1/2025,1300
vender produtos online,Vendas,BR,3/1/2025,1300
vender produtos online,Vendas,BR,4/1/2025,1000
vender produtos online,Vendas,BR,5/1/2025,880
vender produtos online,Vendas,BR,6/1/2025,880
vender produtos online,Vendas,BR,7/1/2025,880
vender produtos online,Vendas,BR,8/1/2025,720
vender produtos online,Vendas,BR,9/1/2025,720
vender produtos online,Vendas,BR,10/1/2025,880
vender roupas online,Vendas,BR,8/1/2021,1000
vender roupas online,Vendas,BR,9/1/2021,880
vender roupas online,Vendas,BR,10/1/2021,720
vender roupas online,Vendas,BR,11/1/2021,720
vender roupas online,Vendas,BR,12/1/2021,590
vender roupas online,Vendas,BR,1/1/2022,880
vender roupas online,Vendas,BR,2/1/2022,590
vender roupas online,Vendas,BR,3/1/2022,720
vender roupas online,Vendas,BR,4/1/2022,590
vender roupas online,Vendas,BR,5/1/2022,590
vender roupas online,Vendas,BR,6/1/2022,480
vender roupas online,Vendas,BR,7/1/2022,480
vender roupas online,Vendas,BR,8/1/2022,390
vender roupas online,Vendas,BR,9/1/2022,390
vender roupas online,Vendas,BR,10/1/2022,260
vender roupas online,Vendas,BR,11/1/2022,260
vender roupas online,Vendas,BR,12/1/2022,210
vender roupas online,Vendas,BR,1/1/2023,480
vender roupas online,Vendas,BR,2/1/2023,320
vender roupas online,Vendas,BR,3/1/2023,390
vender roupas online,Vendas,BR,4/1/2023,390
vender roupas online,Vendas,BR,5/1/2023,390
vender roupas online,Vendas,BR,6/1/2023,390
vender roupas online,Vendas,BR,7/1/2023,390
vender roupas online,Vendas,BR,8/1/2023,480
vender roupas online,Vendas,BR,9/1/2023,390
vender roupas online,Vendas,BR,10/1/2023,390
vender roupas online,Vendas,BR,11/1/2023,320
vender roupas online,Vendas,BR,12/1/2023,320
vender roupas online,Vendas,BR,1/1/2024,480
vender roupas online,Vendas,BR,2/1/2024,320
vender roupas online,Vendas,BR,3/1/2024,260
vender roupas online,Vendas,BR,4/1/2024,320
vender roupas online,Vendas,BR,5/1/2024,260
vender roupas online,Vendas,BR,6/1/2024,390
vender roupas online,Vendas,BR,7/1/2024,260
vender roupas online,Vendas,BR,8/1/2024,260
vender roupas online,Vendas,BR,9/1/2024,260
vender roupas online,Vendas,BR,10/1/2024,260
vender roupas online,Vendas,BR,11/1/2024,260
vender roupas online,Vendas,BR,12/1/2024,210
vender roupas online,Vendas,BR,1/1/2025,260
vender roupas online,Vendas,BR,2/1/2025,170
vender roupas online,Vendas,BR,3/1/2025,90
vender roupas online,Vendas,BR,4/1/2025,110
vender roupas online,Vendas,BR,5/1/2025,110
vender roupas online,Vendas,BR,6/1/2025,70
vender roupas online,Vendas,BR,7/1/2025,70
vender roupas online,Vendas,BR,8/1/2025,70
vender roupas online,Vendas,BR,9/1/2025,70
vender roupas online,Vendas,BR,10/1/2025,70
vtex,Branded,BR,8/1/2021,40500
vtex,Branded,BR,9/1/2021,33100
vtex,Branded,BR,10/1/2021,33100
vtex,Branded,BR,11/1/2021,33100
vtex,Branded,BR,12/1/2021,27100
vtex,Branded,BR,1/1/2022,33100
vtex,Branded,BR,2/1/2022,27100
vtex,Branded,BR,3/1/2022,33100
vtex,Branded,BR,4/1/2022,49500
vtex,Branded,BR,5/1/2022,40500
vtex,Branded,BR,6/1/2022,27100
vtex,Branded,BR,7/1/2022,27100
vtex,Branded,BR,8/1/2022,27100
vtex,Branded,BR,9/1/2022,27100
vtex,Branded,BR,10/1/2022,22200
vtex,Branded,BR,11/1/2022,27100
vtex,Branded,BR,12/1/2022,22200
vtex,Branded,BR,1/1/2023,27100
vtex,Branded,BR,2/1/2023,22200
vtex,Branded,BR,3/1/2023,27100
vtex,Branded,BR,4/1/2023,27100
vtex,Branded,BR,5/1/2023,33100
vtex,Branded,BR,6/1/2023,33100
vtex,Branded,BR,7/1/2023,27100
vtex,Branded,BR,8/1/2023,27100
vtex,Branded,BR,9/1/2023,22200
vtex,Branded,BR,10/1/2023,22200
vtex,Branded,BR,11/1/2023,27100
vtex,Branded,BR,12/1/2023,22200
vtex,Branded,BR,1/1/2024,27100
vtex,Branded,BR,2/1/2024,27100
vtex,Branded,BR,3/1/2024,33100
vtex,Branded,BR,4/1/2024,40500
vtex,Branded,BR,5/1/2024,33100
vtex,Branded,BR,6/1/2024,27100
vtex,Branded,BR,7/1/2024,27100
vtex,Branded,BR,8/1/2024,27100
vtex,Branded,BR,9/1/2024,22200
vtex,Branded,BR,10/1/2024,27100
vtex,Branded,BR,11/1/2024,22200
vtex,Branded,BR,12/1/2024,18100
vtex,Branded,BR,1/1/2025,22200
vtex,Branded,BR,2/1/2025,22200
vtex,Branded,BR,3/1/2025,22200
vtex,Branded,BR,4/1/2025,22200
vtex,Branded,BR,5/1/2025,33100
vtex,Branded,BR,6/1/2025,33100
vtex,Branded,BR,7/1/2025,22200
vtex,Branded,BR,8/1/2025,27100
vtex,Branded,BR,9/1/2025,22200
vtex,Branded,BR,10/1/2025,22200
wix,Branded,BR,8/1/2021,301000
wix,Branded,BR,9/1/2021,301000
wix,Branded,BR,10/1/2021,301000
wix,Branded,BR,11/1/2021,301000
wix,Branded,BR,12/1/2021,246000
wix,Branded,BR,1/1/2022,301000
wix,Branded,BR,2/1/2022,301000
wix,Branded,BR,3/1/2022,301000
wix,Branded,BR,4/1/2022,301000
wix,Branded,BR,5/1/2022,301000
wix,Branded,BR,6/1/2022,301000
wix,Branded,BR,7/1/2022,301000
wix,Branded,BR,8/1/2022,301000
wix,Branded,BR,9/1/2022,301000
wix,Branded,BR,10/1/2022,301000
wix,Branded,BR,11/1/2022,246000
wix,Branded,BR,12/1/2022,201000
wix,Branded,BR,1/1/2023,246000
wix,Branded,BR,2/1/2023,246000
wix,Branded,BR,3/1/2023,301000
wix,Branded,BR,4/1/2023,246000
wix,Branded,BR,5/1/2023,301000
wix,Branded,BR,6/1/2023,246000
wix,Branded,BR,7/1/2023,246000
wix,Branded,BR,8/1/2023,246000
wix,Branded,BR,9/1/2023,246000
wix,Branded,BR,10/1/2023,246000
wix,Branded,BR,11/1/2023,246000
wix,Branded,BR,12/1/2023,165000
wix,Branded,BR,1/1/2024,246000
wix,Branded,BR,2/1/2024,201000
wix,Branded,BR,3/1/2024,246000
wix,Branded,BR,4/1/2024,246000
wix,Branded,BR,5/1/2024,246000
wix,Branded,BR,6/1/2024,201000
wix,Branded,BR,7/1/2024,201000
wix,Branded,BR,8/1/2024,246000
wix,Branded,BR,9/1/2024,246000
wix,Branded,BR,10/1/2024,246000
wix,Branded,BR,11/1/2024,201000
wix,Branded,BR,12/1/2024,165000
wix,Branded,BR,1/1/2025,246000
wix,Branded,BR,2/1/2025,201000
wix,Branded,BR,3/1/2025,201000
wix,Branded,BR,4/1/2025,201000
wix,Branded,BR,5/1/2025,246000
wix,Branded,BR,6/1/2025,201000
wix,Branded,BR,7/1/2025,201000
wix,Branded,BR,8/1/2025,246000
wix,Branded,BR,9/1/2025,201000
wix,Branded,BR,10/1/2025,201000
wix loja virtual,Branded,BR,8/1/2021,2400
wix loja virtual,Branded,BR,9/1/2021,2400
wix loja virtual,Branded,BR,10/1/2021,2400
wix loja virtual,Branded,BR,11/1/2021,1600
wix loja virtual,Branded,BR,12/1/2021,1300
wix loja virtual,Branded,BR,1/1/2022,1900
wix loja virtual,Branded,BR,2/1/2022,1300
wix loja virtual,Branded,BR,3/1/2022,1600
wix loja virtual,Branded,BR,4/1/2022,1000
wix loja virtual,Branded,BR,5/1/2022,1000
wix loja virtual,Branded,BR,6/1/2022,1000
wix loja virtual,Branded,BR,7/1/2022,880
wix loja virtual,Branded,BR,8/1/2022,880
wix loja virtual,Branded,BR,9/1/2022,880
wix loja virtual,Branded,BR,10/1/2022,590
wix loja virtual,Branded,BR,11/1/2022,480
wix loja virtual,Branded,BR,12/1/2022,480
wix loja virtual,Branded,BR,1/1/2023,590
wix loja virtual,Branded,BR,2/1/2023,590
wix loja virtual,Branded,BR,3/1/2023,590
wix loja virtual,Branded,BR,4/1/2023,590
wix loja virtual,Branded,BR,5/1/2023,480
wix loja virtual,Branded,BR,6/1/2023,390
wix loja virtual,Branded,BR,7/1/2023,480
wix loja virtual,Branded,BR,8/1/2023,480
wix loja virtual,Branded,BR,9/1/2023,480
wix loja virtual,Branded,BR,10/1/2023,480
wix loja virtual,Branded,BR,11/1/2023,390
wix loja virtual,Branded,BR,12/1/2023,260
wix loja virtual,Branded,BR,1/1/2024,480
wix loja virtual,Branded,BR,2/1/2024,320
wix loja virtual,Branded,BR,3/1/2024,260
wix loja virtual,Branded,BR,4/1/2024,320
wix loja virtual,Branded,BR,5/1/2024,320
wix loja virtual,Branded,BR,6/1/2024,320
wix loja virtual,Branded,BR,7/1/2024,260
wix loja virtual,Branded,BR,8/1/2024,260
wix loja virtual,Branded,BR,9/1/2024,210
wix loja virtual,Branded,BR,10/1/2024,260
wix loja virtual,Branded,BR,11/1/2024,320
wix loja virtual,Branded,BR,12/1/2024,260
wix loja virtual,Branded,BR,1/1/2025,320
wix loja virtual,Branded,BR,2/1/2025,320
wix loja virtual,Branded,BR,3/1/2025,390
wix loja virtual,Branded,BR,4/1/2025,320
wix loja virtual,Branded,BR,5/1/2025,260
wix loja virtual,Branded,BR,6/1/2025,260
wix loja virtual,Branded,BR,7/1/2025,320
wix loja virtual,Branded,BR,8/1/2025,320
wix loja virtual,Branded,BR,9/1/2025,390
wix loja virtual,Branded,BR,10/1/2025,260
woo commerce,Branded,BR,8/1/2021,18100
woo commerce,Branded,BR,9/1/2021,18100
woo commerce,Branded,BR,10/1/2021,18100
woo commerce,Branded,BR,11/1/2021,14800
woo commerce,Branded,BR,12/1/2021,12100
woo commerce,Branded,BR,1/1/2022,18100
woo commerce,Branded,BR,2/1/2022,18100
woo commerce,Branded,BR,3/1/2022,14800
woo commerce,Branded,BR,4/1/2022,14800
woo commerce,Branded,BR,5/1/2022,14800
woo commerce,Branded,BR,6/1/2022,12100
woo commerce,Branded,BR,7/1/2022,12100
woo commerce,Branded,BR,8/1/2022,14800
woo commerce,Branded,BR,9/1/2022,14800
woo commerce,Branded,BR,10/1/2022,12100
woo commerce,Branded,BR,11/1/2022,12100
woo commerce,Branded,BR,12/1/2022,12100
woo commerce,Branded,BR,1/1/2023,18100
woo commerce,Branded,BR,2/1/2023,14800
woo commerce,Branded,BR,3/1/2023,18100
woo commerce,Branded,BR,4/1/2023,14800
woo commerce,Branded,BR,5/1/2023,14800
woo commerce,Branded,BR,6/1/2023,14800
woo commerce,Branded,BR,7/1/2023,14800
woo commerce,Branded,BR,8/1/2023,14800
woo commerce,Branded,BR,9/1/2023,12100
woo commerce,Branded,BR,10/1/2023,12100
woo commerce,Branded,BR,11/1/2023,12100
woo commerce,Branded,BR,12/1/2023,9900
woo commerce,Branded,BR,1/1/2024,14800
woo commerce,Branded,BR,2/1/2024,12100
woo commerce,Branded,BR,3/1/2024,12100
woo commerce,Branded,BR,4/1/2024,14800
woo commerce,Branded,BR,5/1/2024,12100
woo commerce,Branded,BR,6/1/2024,12100
woo commerce,Branded,BR,7/1/2024,12100
woo commerce,Branded,BR,8/1/2024,12100
woo commerce,Branded,BR,9/1/2024,12100
woo commerce,Branded,BR,10/1/2024,12100
woo commerce,Branded,BR,11/1/2024,9900
woo commerce,Branded,BR,12/1/2024,8100
woo commerce,Branded,BR,1/1/2025,12100
woo commerce,Branded,BR,2/1/2025,12100
woo commerce,Branded,BR,3/1/2025,12100
woo commerce,Branded,BR,4/1/2025,9900
woo commerce,Branded,BR,5/1/2025,9900
woo commerce,Branded,BR,6/1/2025,8100
woo commerce,Branded,BR,7/1/2025,9900
woo commerce,Branded,BR,8/1/2025,9900
woo commerce,Branded,BR,9/1/2025,8100
woo commerce,Branded,BR,10/1/2025,8100
enjoei,Marketplace,BR,8/1/2021,823000
enjoei,Marketplace,BR,9/1/2021,823000
enjoei,Marketplace,BR,10/1/2021,823000
enjoei,Marketplace,BR,11/1/2021,1000000
enjoei,Marketplace,BR,12/1/2021,823000
enjoei,Marketplace,BR,1/1/2022,823000
enjoei,Marketplace,BR,2/1/2022,823000
enjoei,Marketplace,BR,3/1/2022,823000
enjoei,Marketplace,BR,4/1/2022,823000
enjoei,Marketplace,BR,5/1/2022,823000
enjoei,Marketplace,BR,6/1/2022,823000
enjoei,Marketplace,BR,7/1/2022,823000
enjoei,Marketplace,BR,8/1/2022,823000
enjoei,Marketplace,BR,9/1/2022,673000
enjoei,Marketplace,BR,10/1/2022,673000
enjoei,Marketplace,BR,11/1/2022,673000
enjoei,Marketplace,BR,12/1/2022,673000
enjoei,Marketplace,BR,1/1/2023,823000
enjoei,Marketplace,BR,2/1/2023,673000
enjoei,Marketplace,BR,3/1/2023,823000
enjoei,Marketplace,BR,4/1/2023,673000
enjoei,Marketplace,BR,5/1/2023,823000
enjoei,Marketplace,BR,6/1/2023,673000
enjoei,Marketplace,BR,7/1/2023,823000
enjoei,Marketplace,BR,8/1/2023,673000
enjoei,Marketplace,BR,9/1/2023,673000
enjoei,Marketplace,BR,10/1/2023,673000
enjoei,Marketplace,BR,11/1/2023,673000
enjoei,Marketplace,BR,12/1/2023,673000
enjoei,Marketplace,BR,1/1/2024,823000
enjoei,Marketplace,BR,2/1/2024,673000
enjoei,Marketplace,BR,3/1/2024,673000
enjoei,Marketplace,BR,4/1/2024,823000
enjoei,Marketplace,BR,5/1/2024,823000
enjoei,Marketplace,BR,6/1/2024,673000
enjoei,Marketplace,BR,7/1/2024,823000
enjoei,Marketplace,BR,8/1/2024,673000
enjoei,Marketplace,BR,9/1/2024,673000
enjoei,Marketplace,BR,10/1/2024,673000
enjoei,Marketplace,BR,11/1/2024,673000
enjoei,Marketplace,BR,12/1/2024,673000
enjoei,Marketplace,BR,1/1/2025,823000
enjoei,Marketplace,BR,2/1/2025,673000
enjoei,Marketplace,BR,3/1/2025,673000
enjoei,Marketplace,BR,4/1/2025,673000
enjoei,Marketplace,BR,5/1/2025,823000
enjoei,Marketplace,BR,6/1/2025,673000
enjoei,Marketplace,BR,7/1/2025,673000
enjoei,Marketplace,BR,8/1/2025,673000
enjoei,Marketplace,BR,9/1/2025,673000
enjoei,Marketplace,BR,10/1/2025,673000
shein,Marketplace,BR,8/1/2021,4090000
shein,Marketplace,BR,9/1/2021,4090000
shein,Marketplace,BR,10/1/2021,4090000
shein,Marketplace,BR,11/1/2021,4090000
shein,Marketplace,BR,12/1/2021,3350000
shein,Marketplace,BR,1/1/2022,4090000
shein,Marketplace,BR,2/1/2022,4090000
shein,Marketplace,BR,3/1/2022,5000000
shein,Marketplace,BR,4/1/2022,5000000
shein,Marketplace,BR,5/1/2022,6120000
shein,Marketplace,BR,6/1/2022,5000000
shein,Marketplace,BR,7/1/2022,6120000
shein,Marketplace,BR,8/1/2022,6120000
shein,Marketplace,BR,9/1/2022,6120000
shein,Marketplace,BR,10/1/2022,6120000
shein,Marketplace,BR,11/1/2022,7480000
shein,Marketplace,BR,12/1/2022,7480000
shein,Marketplace,BR,1/1/2023,7480000
shein,Marketplace,BR,2/1/2023,6120000
shein,Marketplace,BR,3/1/2023,7480000
shein,Marketplace,BR,4/1/2023,7480000
shein,Marketplace,BR,5/1/2023,7480000
shein,Marketplace,BR,6/1/2023,7480000
shein,Marketplace,BR,7/1/2023,6120000
shein,Marketplace,BR,8/1/2023,6120000
shein,Marketplace,BR,9/1/2023,5000000
shein,Marketplace,BR,10/1/2023,5000000
shein,Marketplace,BR,11/1/2023,5000000
shein,Marketplace,BR,12/1/2023,4090000
shein,Marketplace,BR,1/1/2024,5000000
shein,Marketplace,BR,2/1/2024,4090000
shein,Marketplace,BR,3/1/2024,4090000
shein,Marketplace,BR,4/1/2024,5000000
shein,Marketplace,BR,5/1/2024,5000000
shein,Marketplace,BR,6/1/2024,4090000
shein,Marketplace,BR,7/1/2024,4090000
shein,Marketplace,BR,8/1/2024,3350000
shein,Marketplace,BR,9/1/2024,4090000
shein,Marketplace,BR,10/1/2024,4090000
shein,Marketplace,BR,11/1/2024,5000000
shein,Marketplace,BR,12/1/2024,3350000
shein,Marketplace,BR,1/1/2025,4090000
shein,Marketplace,BR,2/1/2025,3350000
shein,Marketplace,BR,3/1/2025,3350000
shein,Marketplace,BR,4/1/2025,3350000
shein,Marketplace,BR,5/1/2025,4090000
shein,Marketplace,BR,6/1/2025,4090000
shein,Marketplace,BR,7/1/2025,3350000
shein,Marketplace,BR,8/1/2025,3350000
shein,Marketplace,BR,9/1/2025,3350000
shein,Marketplace,BR,10/1/2025,4090000
temu,Marketplace,BR,8/1/2021,210
temu,Marketplace,BR,9/1/2021,210
temu,Marketplace,BR,10/1/2021,210
temu,Marketplace,BR,11/1/2021,170
temu,Marketplace,BR,12/1/2021,210
temu,Marketplace,BR,1/1/2022,210
temu,Marketplace,BR,2/1/2022,170
temu,Marketplace,BR,3/1/2022,210
temu,Marketplace,BR,4/1/2022,170
temu,Marketplace,BR,5/1/2022,210
temu,Marketplace,BR,6/1/2022,210
temu,Marketplace,BR,7/1/2022,170
temu,Marketplace,BR,8/1/2022,210
temu,Marketplace,BR,9/1/2022,320
temu,Marketplace,BR,10/1/2022,1300
temu,Marketplace,BR,11/1/2022,1000
temu,Marketplace,BR,12/1/2022,880
temu,Marketplace,BR,1/1/2023,1900
temu,Marketplace,BR,2/1/2023,5400
temu,Marketplace,BR,3/1/2023,6600
temu,Marketplace,BR,4/1/2023,5400
temu,Marketplace,BR,5/1/2023,6600
temu,Marketplace,BR,6/1/2023,60500
temu,Marketplace,BR,7/1/2023,40500
temu,Marketplace,BR,8/1/2023,33100
temu,Marketplace,BR,9/1/2023,40500
temu,Marketplace,BR,10/1/2023,33100
temu,Marketplace,BR,11/1/2023,33100
temu,Marketplace,BR,12/1/2023,40500
temu,Marketplace,BR,1/1/2024,49500
temu,Marketplace,BR,2/1/2024,40500
temu,Marketplace,BR,3/1/2024,135000
temu,Marketplace,BR,4/1/2024,40500
temu,Marketplace,BR,5/1/2024,201000
temu,Marketplace,BR,6/1/2024,550000
temu,Marketplace,BR,7/1/2024,550000
temu,Marketplace,BR,8/1/2024,450000
temu,Marketplace,BR,9/1/2024,450000
temu,Marketplace,BR,10/1/2024,673000
temu,Marketplace,BR,11/1/2024,550000
temu,Marketplace,BR,12/1/2024,550000
temu,Marketplace,BR,1/1/2025,673000
temu,Marketplace,BR,2/1/2025,673000
temu,Marketplace,BR,3/1/2025,1000000
temu,Marketplace,BR,4/1/2025,1000000
temu,Marketplace,BR,5/1/2025,1000000
temu,Marketplace,BR,6/1/2025,673000
temu,Marketplace,BR,7/1/2025,1000000
temu,Marketplace,BR,8/1/2025,823000
temu,Marketplace,BR,9/1/2025,550000
temu,Marketplace,BR,10/1/2025,550000
amazon,Marketplace,MX,8/1/2021,6120000
amazon,Marketplace,MX,9/1/2021,6120000
amazon,Marketplace,MX,10/1/2021,6120000
amazon,Marketplace,MX,11/1/2021,9140000
amazon,Marketplace,MX,12/1/2021,7480000
amazon,Marketplace,MX,1/1/2022,7480000
amazon,Marketplace,MX,2/1/2022,6120000
amazon,Marketplace,MX,3/1/2022,6120000
amazon,Marketplace,MX,4/1/2022,5000000
amazon,Marketplace,MX,5/1/2022,7480000
amazon,Marketplace,MX,6/1/2022,6120000
amazon,Marketplace,MX,7/1/2022,7480000
amazon,Marketplace,MX,8/1/2022,6120000
amazon,Marketplace,MX,9/1/2022,6120000
amazon,Marketplace,MX,10/1/2022,6120000
amazon,Marketplace,MX,11/1/2022,7480000
amazon,Marketplace,MX,12/1/2022,7480000
amazon,Marketplace,MX,1/1/2023,7480000
amazon,Marketplace,MX,2/1/2023,6120000
amazon,Marketplace,MX,3/1/2023,6120000
amazon,Marketplace,MX,4/1/2023,6120000
amazon,Marketplace,MX,5/1/2023,7480000
amazon,Marketplace,MX,6/1/2023,7480000
amazon,Marketplace,MX,7/1/2023,7480000
amazon,Marketplace,MX,8/1/2023,7480000
amazon,Marketplace,MX,9/1/2023,6120000
amazon,Marketplace,MX,10/1/2023,7480000
amazon,Marketplace,MX,11/1/2023,9140000
amazon,Marketplace,MX,12/1/2023,9140000
amazon,Marketplace,MX,1/1/2024,7480000
amazon,Marketplace,MX,2/1/2024,7480000
amazon,Marketplace,MX,3/1/2024,6120000
amazon,Marketplace,MX,4/1/2024,7480000
amazon,Marketplace,MX,5/1/2024,7480000
amazon,Marketplace,MX,6/1/2024,6120000
amazon,Marketplace,MX,7/1/2024,7480000
amazon,Marketplace,MX,8/1/2024,7480000
amazon,Marketplace,MX,9/1/2024,6120000
amazon,Marketplace,MX,10/1/2024,7480000
amazon,Marketplace,MX,11/1/2024,9140000
amazon,Marketplace,MX,12/1/2024,7480000
amazon,Marketplace,MX,1/1/2025,7480000
amazon,Marketplace,MX,2/1/2025,6120000
amazon,Marketplace,MX,3/1/2025,6120000
amazon,Marketplace,MX,4/1/2025,6120000
amazon,Marketplace,MX,5/1/2025,7480000
amazon,Marketplace,MX,6/1/2025,6120000
amazon,Marketplace,MX,7/1/2025,7480000
amazon,Marketplace,MX,8/1/2025,6120000
amazon,Marketplace,MX,9/1/2025,6120000
amazon,Marketplace,MX,10/1/2025,6120000
armar catalogo online,Catálogo,MX,8/1/2021,140
armar catalogo online,Catálogo,MX,9/1/2021,170
armar catalogo online,Catálogo,MX,10/1/2021,170
armar catalogo online,Catálogo,MX,11/1/2021,140
armar catalogo online,Catálogo,MX,12/1/2021,90
armar catalogo online,Catálogo,MX,1/1/2022,140
armar catalogo online,Catálogo,MX,2/1/2022,110
armar catalogo online,Catálogo,MX,3/1/2022,140
armar catalogo online,Catálogo,MX,4/1/2022,90
armar catalogo online,Catálogo,MX,5/1/2022,90
armar catalogo online,Catálogo,MX,6/1/2022,90
armar catalogo online,Catálogo,MX,7/1/2022,90
armar catalogo online,Catálogo,MX,8/1/2022,110
armar catalogo online,Catálogo,MX,9/1/2022,90
armar catalogo online,Catálogo,MX,10/1/2022,90
armar catalogo online,Catálogo,MX,11/1/2022,170
armar catalogo online,Catálogo,MX,12/1/2022,140
armar catalogo online,Catálogo,MX,1/1/2023,260
armar catalogo online,Catálogo,MX,2/1/2023,140
armar catalogo online,Catálogo,MX,3/1/2023,140
armar catalogo online,Catálogo,MX,4/1/2023,90
armar catalogo online,Catálogo,MX,5/1/2023,110
armar catalogo online,Catálogo,MX,6/1/2023,90
armar catalogo online,Catálogo,MX,7/1/2023,90
armar catalogo online,Catálogo,MX,8/1/2023,90
armar catalogo online,Catálogo,MX,9/1/2023,90
armar catalogo online,Catálogo,MX,10/1/2023,90
armar catalogo online,Catálogo,MX,11/1/2023,90
armar catalogo online,Catálogo,MX,12/1/2023,50
armar catalogo online,Catálogo,MX,1/1/2024,90
armar catalogo online,Catálogo,MX,2/1/2024,70
armar catalogo online,Catálogo,MX,3/1/2024,70
armar catalogo online,Catálogo,MX,4/1/2024,70
armar catalogo online,Catálogo,MX,5/1/2024,50
armar catalogo online,Catálogo,MX,6/1/2024,50
armar catalogo online,Catálogo,MX,7/1/2024,70
armar catalogo online,Catálogo,MX,8/1/2024,50
armar catalogo online,Catálogo,MX,9/1/2024,50
armar catalogo online,Catálogo,MX,10/1/2024,70
armar catalogo online,Catálogo,MX,11/1/2024,70
armar catalogo online,Catálogo,MX,12/1/2024,50
armar catalogo online,Catálogo,MX,1/1/2025,40
armar catalogo online,Catálogo,MX,2/1/2025,70
armar catalogo online,Catálogo,MX,3/1/2025,90
armar catalogo online,Catálogo,MX,4/1/2025,70
armar catalogo online,Catálogo,MX,5/1/2025,40
armar catalogo online,Catálogo,MX,6/1/2025,50
armar catalogo online,Catálogo,MX,7/1/2025,40
armar catalogo online,Catálogo,MX,8/1/2025,40
armar catalogo online,Catálogo,MX,9/1/2025,70
armar catalogo online,Catálogo,MX,10/1/2025,40
como crear pagina web de ventas,Página web,MX,8/1/2021,10
como crear pagina web de ventas,Página web,MX,9/1/2021,10
como crear pagina web de ventas,Página web,MX,10/1/2021,10
como crear pagina web de ventas,Página web,MX,11/1/2021,0
como crear pagina web de ventas,Página web,MX,12/1/2021,10
como crear pagina web de ventas,Página web,MX,1/1/2022,10
como crear pagina web de ventas,Página web,MX,2/1/2022,10
como crear pagina web de ventas,Página web,MX,3/1/2022,10
como crear pagina web de ventas,Página web,MX,4/1/2022,10
como crear pagina web de ventas,Página web,MX,5/1/2022,10
como crear pagina web de ventas,Página web,MX,6/1/2022,10
como crear pagina web de ventas,Página web,MX,7/1/2022,10
como crear pagina web de ventas,Página web,MX,8/1/2022,10
como crear pagina web de ventas,Página web,MX,9/1/2022,10
como crear pagina web de ventas,Página web,MX,10/1/2022,10
como crear pagina web de ventas,Página web,MX,11/1/2022,10
como crear pagina web de ventas,Página web,MX,12/1/2022,10
como crear pagina web de ventas,Página web,MX,1/1/2023,10
como crear pagina web de ventas,Página web,MX,2/1/2023,10
como crear pagina web de ventas,Página web,MX,3/1/2023,10
como crear pagina web de ventas,Página web,MX,4/1/2023,10
como crear pagina web de ventas,Página web,MX,5/1/2023,10
como crear pagina web de ventas,Página web,MX,6/1/2023,10
como crear pagina web de ventas,Página web,MX,7/1/2023,0
como crear pagina web de ventas,Página web,MX,8/1/2023,10
como crear pagina web de ventas,Página web,MX,9/1/2023,10
como crear pagina web de ventas,Página web,MX,10/1/2023,10
como crear pagina web de ventas,Página web,MX,11/1/2023,10
como crear pagina web de ventas,Página web,MX,12/1/2023,10
como crear pagina web de ventas,Página web,MX,1/1/2024,10
como crear pagina web de ventas,Página web,MX,2/1/2024,10
como crear pagina web de ventas,Página web,MX,3/1/2024,10
como crear pagina web de ventas,Página web,MX,4/1/2024,10
como crear pagina web de ventas,Página web,MX,5/1/2024,10
como crear pagina web de ventas,Página web,MX,6/1/2024,10
como crear pagina web de ventas,Página web,MX,7/1/2024,10
como crear pagina web de ventas,Página web,MX,8/1/2024,10
como crear pagina web de ventas,Página web,MX,9/1/2024,10
como crear pagina web de ventas,Página web,MX,10/1/2024,10
como crear pagina web de ventas,Página web,MX,11/1/2024,10
como crear pagina web de ventas,Página web,MX,12/1/2024,10
como crear pagina web de ventas,Página web,MX,1/1/2025,10
como crear pagina web de ventas,Página web,MX,2/1/2025,10
como crear pagina web de ventas,Página web,MX,3/1/2025,10
como crear pagina web de ventas,Página web,MX,4/1/2025,10
como crear pagina web de ventas,Página web,MX,5/1/2025,10
como crear pagina web de ventas,Página web,MX,6/1/2025,10
como crear pagina web de ventas,Página web,MX,7/1/2025,0
como crear pagina web de ventas,Página web,MX,8/1/2025,10
como crear pagina web de ventas,Página web,MX,9/1/2025,10
como crear pagina web de ventas,Página web,MX,10/1/2025,10
como crear un facebook comercial,Canales,MX,8/1/2021,20
como crear un facebook comercial,Canales,MX,9/1/2021,10
como crear un facebook comercial,Canales,MX,10/1/2021,10
como crear un facebook comercial,Canales,MX,11/1/2021,10
como crear un facebook comercial,Canales,MX,12/1/2021,10
como crear un facebook comercial,Canales,MX,1/1/2022,10
como crear un facebook comercial,Canales,MX,2/1/2022,10
como crear un facebook comercial,Canales,MX,3/1/2022,10
como crear un facebook comercial,Canales,MX,4/1/2022,10
como crear un facebook comercial,Canales,MX,5/1/2022,10
como crear un facebook comercial,Canales,MX,6/1/2022,20
como crear un facebook comercial,Canales,MX,7/1/2022,20
como crear un facebook comercial,Canales,MX,8/1/2022,10
como crear un facebook comercial,Canales,MX,9/1/2022,10
como crear un facebook comercial,Canales,MX,10/1/2022,10
como crear un facebook comercial,Canales,MX,11/1/2022,10
como crear un facebook comercial,Canales,MX,12/1/2022,10
como crear un facebook comercial,Canales,MX,1/1/2023,10
como crear un facebook comercial,Canales,MX,2/1/2023,10
como crear un facebook comercial,Canales,MX,3/1/2023,20
como crear un facebook comercial,Canales,MX,4/1/2023,10
como crear un facebook comercial,Canales,MX,5/1/2023,10
como crear un facebook comercial,Canales,MX,6/1/2023,10
como crear un facebook comercial,Canales,MX,7/1/2023,10
como crear un facebook comercial,Canales,MX,8/1/2023,10
como crear un facebook comercial,Canales,MX,9/1/2023,10
como crear un facebook comercial,Canales,MX,10/1/2023,10
como crear un facebook comercial,Canales,MX,11/1/2023,10
como crear un facebook comercial,Canales,MX,12/1/2023,10
como crear un facebook comercial,Canales,MX,1/1/2024,10
como crear un facebook comercial,Canales,MX,2/1/2024,10
como crear un facebook comercial,Canales,MX,3/1/2024,10
como crear un facebook comercial,Canales,MX,4/1/2024,10
como crear un facebook comercial,Canales,MX,5/1/2024,10
como crear un facebook comercial,Canales,MX,6/1/2024,10
como crear un facebook comercial,Canales,MX,7/1/2024,10
como crear un facebook comercial,Canales,MX,8/1/2024,10
como crear un facebook comercial,Canales,MX,9/1/2024,10
como crear un facebook comercial,Canales,MX,10/1/2024,10
como crear un facebook comercial,Canales,MX,11/1/2024,10
como crear un facebook comercial,Canales,MX,12/1/2024,10
como crear un facebook comercial,Canales,MX,1/1/2025,10
como crear un facebook comercial,Canales,MX,2/1/2025,10
como crear un facebook comercial,Canales,MX,3/1/2025,10
como crear un facebook comercial,Canales,MX,4/1/2025,10
como crear un facebook comercial,Canales,MX,5/1/2025,10
como crear un facebook comercial,Canales,MX,6/1/2025,10
como crear un facebook comercial,Canales,MX,7/1/2025,10
como crear un facebook comercial,Canales,MX,8/1/2025,10
como crear un facebook comercial,Canales,MX,9/1/2025,10
como crear un facebook comercial,Canales,MX,10/1/2025,10
como crear una cuenta en instagram para vender,Canales,MX,8/1/2021,10
como crear una cuenta en instagram para vender,Canales,MX,9/1/2021,10
como crear una cuenta en instagram para vender,Canales,MX,10/1/2021,10
como crear una cuenta en instagram para vender,Canales,MX,11/1/2021,10
como crear una cuenta en instagram para vender,Canales,MX,12/1/2021,10
como crear una cuenta en instagram para vender,Canales,MX,1/1/2022,10
como crear una cuenta en instagram para vender,Canales,MX,2/1/2022,10
como crear una cuenta en instagram para vender,Canales,MX,3/1/2022,20
como crear una cuenta en instagram para vender,Canales,MX,4/1/2022,10
como crear una cuenta en instagram para vender,Canales,MX,5/1/2022,10
como crear una cuenta en instagram para vender,Canales,MX,6/1/2022,10
como crear una cuenta en instagram para vender,Canales,MX,7/1/2022,10
como crear una cuenta en instagram para vender,Canales,MX,8/1/2022,10
como crear una cuenta en instagram para vender,Canales,MX,9/1/2022,10
como crear una cuenta en instagram para vender,Canales,MX,10/1/2022,10
como crear una cuenta en instagram para vender,Canales,MX,11/1/2022,10
como crear una cuenta en instagram para vender,Canales,MX,12/1/2022,10
como crear una cuenta en instagram para vender,Canales,MX,1/1/2023,10
como crear una cuenta en instagram para vender,Canales,MX,2/1/2023,10
como crear una cuenta en instagram para vender,Canales,MX,3/1/2023,10
como crear una cuenta en instagram para vender,Canales,MX,4/1/2023,20
como crear una cuenta en instagram para vender,Canales,MX,5/1/2023,10
como crear una cuenta en instagram para vender,Canales,MX,6/1/2023,10
como crear una cuenta en instagram para vender,Canales,MX,7/1/2023,10
como crear una cuenta en instagram para vender,Canales,MX,8/1/2023,10
como crear una cuenta en instagram para vender,Canales,MX,9/1/2023,10
como crear una cuenta en instagram para vender,Canales,MX,10/1/2023,10
como crear una cuenta en instagram para vender,Canales,MX,11/1/2023,10
como crear una cuenta en instagram para vender,Canales,MX,12/1/2023,10
como crear una cuenta en instagram para vender,Canales,MX,1/1/2024,10
como crear una cuenta en instagram para vender,Canales,MX,2/1/2024,10
como crear una cuenta en instagram para vender,Canales,MX,3/1/2024,10
como crear una cuenta en instagram para vender,Canales,MX,4/1/2024,0
como crear una cuenta en instagram para vender,Canales,MX,5/1/2024,10
como crear una cuenta en instagram para vender,Canales,MX,6/1/2024,10
como crear una cuenta en instagram para vender,Canales,MX,7/1/2024,10
como crear una cuenta en instagram para vender,Canales,MX,8/1/2024,10
como crear una cuenta en instagram para vender,Canales,MX,9/1/2024,0
como crear una cuenta en instagram para vender,Canales,MX,10/1/2024,0
como crear una cuenta en instagram para vender,Canales,MX,11/1/2024,0
como crear una cuenta en instagram para vender,Canales,MX,12/1/2024,0
como crear una cuenta en instagram para vender,Canales,MX,1/1/2025,0
como crear una cuenta en instagram para vender,Canales,MX,2/1/2025,0
como crear una cuenta en instagram para vender,Canales,MX,3/1/2025,0
como crear una cuenta en instagram para vender,Canales,MX,4/1/2025,0
como crear una cuenta en instagram para vender,Canales,MX,5/1/2025,0
como crear una cuenta en instagram para vender,Canales,MX,6/1/2025,0
como crear una cuenta en instagram para vender,Canales,MX,7/1/2025,0
como crear una cuenta en instagram para vender,Canales,MX,8/1/2025,10
como crear una cuenta en instagram para vender,Canales,MX,9/1/2025,0
como crear una cuenta en instagram para vender,Canales,MX,10/1/2025,0
como crear una pagina de ventas en instagram,Canales,MX,8/1/2021,70
como crear una pagina de ventas en instagram,Canales,MX,9/1/2021,50
como crear una pagina de ventas en instagram,Canales,MX,10/1/2021,70
como crear una pagina de ventas en instagram,Canales,MX,11/1/2021,50
como crear una pagina de ventas en instagram,Canales,MX,12/1/2021,30
como crear una pagina de ventas en instagram,Canales,MX,1/1/2022,50
como crear una pagina de ventas en instagram,Canales,MX,2/1/2022,50
como crear una pagina de ventas en instagram,Canales,MX,3/1/2022,40
como crear una pagina de ventas en instagram,Canales,MX,4/1/2022,30
como crear una pagina de ventas en instagram,Canales,MX,5/1/2022,50
como crear una pagina de ventas en instagram,Canales,MX,6/1/2022,40
como crear una pagina de ventas en instagram,Canales,MX,7/1/2022,40
como crear una pagina de ventas en instagram,Canales,MX,8/1/2022,40
como crear una pagina de ventas en instagram,Canales,MX,9/1/2022,50
como crear una pagina de ventas en instagram,Canales,MX,10/1/2022,50
como crear una pagina de ventas en instagram,Canales,MX,11/1/2022,50
como crear una pagina de ventas en instagram,Canales,MX,12/1/2022,40
como crear una pagina de ventas en instagram,Canales,MX,1/1/2023,50
como crear una pagina de ventas en instagram,Canales,MX,2/1/2023,40
como crear una pagina de ventas en instagram,Canales,MX,3/1/2023,50
como crear una pagina de ventas en instagram,Canales,MX,4/1/2023,50
como crear una pagina de ventas en instagram,Canales,MX,5/1/2023,50
como crear una pagina de ventas en instagram,Canales,MX,6/1/2023,40
como crear una pagina de ventas en instagram,Canales,MX,7/1/2023,70
como crear una pagina de ventas en instagram,Canales,MX,8/1/2023,50
como crear una pagina de ventas en instagram,Canales,MX,9/1/2023,70
como crear una pagina de ventas en instagram,Canales,MX,10/1/2023,50
como crear una pagina de ventas en instagram,Canales,MX,11/1/2023,40
como crear una pagina de ventas en instagram,Canales,MX,12/1/2023,40
como crear una pagina de ventas en instagram,Canales,MX,1/1/2024,30
como crear una pagina de ventas en instagram,Canales,MX,2/1/2024,50
como crear una pagina de ventas en instagram,Canales,MX,3/1/2024,40
como crear una pagina de ventas en instagram,Canales,MX,4/1/2024,30
como crear una pagina de ventas en instagram,Canales,MX,5/1/2024,30
como crear una pagina de ventas en instagram,Canales,MX,6/1/2024,20
como crear una pagina de ventas en instagram,Canales,MX,7/1/2024,20
como crear una pagina de ventas en instagram,Canales,MX,8/1/2024,30
como crear una pagina de ventas en instagram,Canales,MX,9/1/2024,20
como crear una pagina de ventas en instagram,Canales,MX,10/1/2024,20
como crear una pagina de ventas en instagram,Canales,MX,11/1/2024,20
como crear una pagina de ventas en instagram,Canales,MX,12/1/2024,10
como crear una pagina de ventas en instagram,Canales,MX,1/1/2025,20
como crear una pagina de ventas en instagram,Canales,MX,2/1/2025,20
como crear una pagina de ventas en instagram,Canales,MX,3/1/2025,20
como crear una pagina de ventas en instagram,Canales,MX,4/1/2025,30
como crear una pagina de ventas en instagram,Canales,MX,5/1/2025,30
como crear una pagina de ventas en instagram,Canales,MX,6/1/2025,20
como crear una pagina de ventas en instagram,Canales,MX,7/1/2025,30
como crear una pagina de ventas en instagram,Canales,MX,8/1/2025,20
como crear una pagina de ventas en instagram,Canales,MX,9/1/2025,10
como crear una pagina de ventas en instagram,Canales,MX,10/1/2025,10
como crear una pagina en instagram para vender,Canales,MX,8/1/2021,110
como crear una pagina en instagram para vender,Canales,MX,9/1/2021,90
como crear una pagina en instagram para vender,Canales,MX,10/1/2021,110
como crear una pagina en instagram para vender,Canales,MX,11/1/2021,70
como crear una pagina en instagram para vender,Canales,MX,12/1/2021,40
como crear una pagina en instagram para vender,Canales,MX,1/1/2022,70
como crear una pagina en instagram para vender,Canales,MX,2/1/2022,70
como crear una pagina en instagram para vender,Canales,MX,3/1/2022,110
como crear una pagina en instagram para vender,Canales,MX,4/1/2022,90
como crear una pagina en instagram para vender,Canales,MX,5/1/2022,90
como crear una pagina en instagram para vender,Canales,MX,6/1/2022,90
como crear una pagina en instagram para vender,Canales,MX,7/1/2022,70
como crear una pagina en instagram para vender,Canales,MX,8/1/2022,50
como crear una pagina en instagram para vender,Canales,MX,9/1/2022,50
como crear una pagina en instagram para vender,Canales,MX,10/1/2022,70
como crear una pagina en instagram para vender,Canales,MX,11/1/2022,70
como crear una pagina en instagram para vender,Canales,MX,12/1/2022,70
como crear una pagina en instagram para vender,Canales,MX,1/1/2023,70
como crear una pagina en instagram para vender,Canales,MX,2/1/2023,70
como crear una pagina en instagram para vender,Canales,MX,3/1/2023,90
como crear una pagina en instagram para vender,Canales,MX,4/1/2023,70
como crear una pagina en instagram para vender,Canales,MX,5/1/2023,90
como crear una pagina en instagram para vender,Canales,MX,6/1/2023,90
como crear una pagina en instagram para vender,Canales,MX,7/1/2023,110
como crear una pagina en instagram para vender,Canales,MX,8/1/2023,110
como crear una pagina en instagram para vender,Canales,MX,9/1/2023,110
como crear una pagina en instagram para vender,Canales,MX,10/1/2023,110
como crear una pagina en instagram para vender,Canales,MX,11/1/2023,90
como crear una pagina en instagram para vender,Canales,MX,12/1/2023,90
como crear una pagina en instagram para vender,Canales,MX,1/1/2024,10
como crear una pagina en instagram para vender,Canales,MX,2/1/2024,0
como crear una pagina en instagram para vender,Canales,MX,3/1/2024,10
como crear una pagina en instagram para vender,Canales,MX,4/1/2024,0
como crear una pagina en instagram para vender,Canales,MX,5/1/2024,10
como crear una pagina en instagram para vender,Canales,MX,6/1/2024,0
como crear una pagina en instagram para vender,Canales,MX,7/1/2024,10
como crear una pagina en instagram para vender,Canales,MX,8/1/2024,0
como crear una pagina en instagram para vender,Canales,MX,9/1/2024,10
como crear una pagina en instagram para vender,Canales,MX,10/1/2024,0
como crear una pagina en instagram para vender,Canales,MX,11/1/2024,0
como crear una pagina en instagram para vender,Canales,MX,12/1/2024,10
como crear una pagina en instagram para vender,Canales,MX,1/1/2025,10
como crear una pagina en instagram para vender,Canales,MX,2/1/2025,10
como crear una pagina en instagram para vender,Canales,MX,3/1/2025,10
como crear una pagina en instagram para vender,Canales,MX,4/1/2025,0
como crear una pagina en instagram para vender,Canales,MX,5/1/2025,0
como crear una pagina en instagram para vender,Canales,MX,6/1/2025,10
como crear una pagina en instagram para vender,Canales,MX,7/1/2025,10
como crear una pagina en instagram para vender,Canales,MX,8/1/2025,10
como crear una pagina en instagram para vender,Canales,MX,9/1/2025,0
como crear una pagina en instagram para vender,Canales,MX,10/1/2025,10
como crear una pagina para vender,Página web,MX,8/1/2021,50
como crear una pagina para vender,Página web,MX,9/1/2021,50
como crear una pagina para vender,Página web,MX,10/1/2021,50
como crear una pagina para vender,Página web,MX,11/1/2021,30
como crear una pagina para vender,Página web,MX,12/1/2021,30
como crear una pagina para vender,Página web,MX,1/1/2022,50
como crear una pagina para vender,Página web,MX,2/1/2022,40
como crear una pagina para vender,Página web,MX,3/1/2022,40
como crear una pagina para vender,Página web,MX,4/1/2022,50
como crear una pagina para vender,Página web,MX,5/1/2022,30
como crear una pagina para vender,Página web,MX,6/1/2022,50
como crear una pagina para vender,Página web,MX,7/1/2022,30
como crear una pagina para vender,Página web,MX,8/1/2022,40
como crear una pagina para vender,Página web,MX,9/1/2022,20
como crear una pagina para vender,Página web,MX,10/1/2022,30
como crear una pagina para vender,Página web,MX,11/1/2022,30
como crear una pagina para vender,Página web,MX,12/1/2022,20
como crear una pagina para vender,Página web,MX,1/1/2023,40
como crear una pagina para vender,Página web,MX,2/1/2023,40
como crear una pagina para vender,Página web,MX,3/1/2023,50
como crear una pagina para vender,Página web,MX,4/1/2023,50
como crear una pagina para vender,Página web,MX,5/1/2023,50
como crear una pagina para vender,Página web,MX,6/1/2023,50
como crear una pagina para vender,Página web,MX,7/1/2023,30
como crear una pagina para vender,Página web,MX,8/1/2023,40
como crear una pagina para vender,Página web,MX,9/1/2023,20
como crear una pagina para vender,Página web,MX,10/1/2023,30
como crear una pagina para vender,Página web,MX,11/1/2023,30
como crear una pagina para vender,Página web,MX,12/1/2023,10
como crear una pagina para vender,Página web,MX,1/1/2024,40
como crear una pagina para vender,Página web,MX,2/1/2024,30
como crear una pagina para vender,Página web,MX,3/1/2024,30
como crear una pagina para vender,Página web,MX,4/1/2024,20
como crear una pagina para vender,Página web,MX,5/1/2024,20
como crear una pagina para vender,Página web,MX,6/1/2024,30
como crear una pagina para vender,Página web,MX,7/1/2024,30
como crear una pagina para vender,Página web,MX,8/1/2024,20
como crear una pagina para vender,Página web,MX,9/1/2024,10
como crear una pagina para vender,Página web,MX,10/1/2024,20
como crear una pagina para vender,Página web,MX,11/1/2024,20
como crear una pagina para vender,Página web,MX,12/1/2024,20
como crear una pagina para vender,Página web,MX,1/1/2025,30
como crear una pagina para vender,Página web,MX,2/1/2025,30
como crear una pagina para vender,Página web,MX,3/1/2025,30
como crear una pagina para vender,Página web,MX,4/1/2025,20
como crear una pagina para vender,Página web,MX,5/1/2025,20
como crear una pagina para vender,Página web,MX,6/1/2025,20
como crear una pagina para vender,Página web,MX,7/1/2025,20
como crear una pagina para vender,Página web,MX,8/1/2025,10
como crear una pagina para vender,Página web,MX,9/1/2025,20
como crear una pagina para vender,Página web,MX,10/1/2025,10
como crear una pagina para vender por internet,Página web,MX,8/1/2021,10
como crear una pagina para vender por internet,Página web,MX,9/1/2021,10
como crear una pagina para vender por internet,Página web,MX,10/1/2021,10
como crear una pagina para vender por internet,Página web,MX,11/1/2021,10
como crear una pagina para vender por internet,Página web,MX,12/1/2021,10
como crear una pagina para vender por internet,Página web,MX,1/1/2022,10
como crear una pagina para vender por internet,Página web,MX,2/1/2022,10
como crear una pagina para vender por internet,Página web,MX,3/1/2022,10
como crear una pagina para vender por internet,Página web,MX,4/1/2022,10
como crear una pagina para vender por internet,Página web,MX,5/1/2022,10
como crear una pagina para vender por internet,Página web,MX,6/1/2022,10
como crear una pagina para vender por internet,Página web,MX,7/1/2022,0
como crear una pagina para vender por internet,Página web,MX,8/1/2022,10
como crear una pagina para vender por internet,Página web,MX,9/1/2022,10
como crear una pagina para vender por internet,Página web,MX,10/1/2022,10
como crear una pagina para vender por internet,Página web,MX,11/1/2022,10
como crear una pagina para vender por internet,Página web,MX,12/1/2022,10
como crear una pagina para vender por internet,Página web,MX,1/1/2023,10
como crear una pagina para vender por internet,Página web,MX,2/1/2023,10
como crear una pagina para vender por internet,Página web,MX,3/1/2023,10
como crear una pagina para vender por internet,Página web,MX,4/1/2023,10
como crear una pagina para vender por internet,Página web,MX,5/1/2023,10
como crear una pagina para vender por internet,Página web,MX,6/1/2023,10
como crear una pagina para vender por internet,Página web,MX,7/1/2023,10
como crear una pagina para vender por internet,Página web,MX,8/1/2023,10
como crear una pagina para vender por internet,Página web,MX,9/1/2023,10
como crear una pagina para vender por internet,Página web,MX,10/1/2023,10
como crear una pagina para vender por internet,Página web,MX,11/1/2023,10
como crear una pagina para vender por internet,Página web,MX,12/1/2023,0
como crear una pagina para vender por internet,Página web,MX,1/1/2024,10
como crear una pagina para vender por internet,Página web,MX,2/1/2024,0
como crear una pagina para vender por internet,Página web,MX,3/1/2024,10
como crear una pagina para vender por internet,Página web,MX,4/1/2024,10
como crear una pagina para vender por internet,Página web,MX,5/1/2024,10
como crear una pagina para vender por internet,Página web,MX,6/1/2024,10
como crear una pagina para vender por internet,Página web,MX,7/1/2024,0
como crear una pagina para vender por internet,Página web,MX,8/1/2024,10
como crear una pagina para vender por internet,Página web,MX,9/1/2024,10
como crear una pagina para vender por internet,Página web,MX,10/1/2024,10
como crear una pagina para vender por internet,Página web,MX,11/1/2024,10
como crear una pagina para vender por internet,Página web,MX,12/1/2024,10
como crear una pagina para vender por internet,Página web,MX,1/1/2025,10
como crear una pagina para vender por internet,Página web,MX,2/1/2025,10
como crear una pagina para vender por internet,Página web,MX,3/1/2025,10
como crear una pagina para vender por internet,Página web,MX,4/1/2025,10
como crear una pagina para vender por internet,Página web,MX,5/1/2025,10
como crear una pagina para vender por internet,Página web,MX,6/1/2025,10
como crear una pagina para vender por internet,Página web,MX,7/1/2025,0
como crear una pagina para vender por internet,Página web,MX,8/1/2025,0
como crear una pagina para vender por internet,Página web,MX,9/1/2025,10
como crear una pagina para vender por internet,Página web,MX,10/1/2025,10
como hacer envios,Envíos,MX,8/1/2021,320
como hacer envios,Envíos,MX,9/1/2021,320
como hacer envios,Envíos,MX,10/1/2021,320
como hacer envios,Envíos,MX,11/1/2021,210
como hacer envios,Envíos,MX,12/1/2021,260
como hacer envios,Envíos,MX,1/1/2022,320
como hacer envios,Envíos,MX,2/1/2022,260
como hacer envios,Envíos,MX,3/1/2022,260
como hacer envios,Envíos,MX,4/1/2022,210
como hacer envios,Envíos,MX,5/1/2022,210
como hacer envios,Envíos,MX,6/1/2022,210
como hacer envios,Envíos,MX,7/1/2022,210
como hacer envios,Envíos,MX,8/1/2022,260
como hacer envios,Envíos,MX,9/1/2022,260
como hacer envios,Envíos,MX,10/1/2022,210
como hacer envios,Envíos,MX,11/1/2022,260
como hacer envios,Envíos,MX,12/1/2022,210
como hacer envios,Envíos,MX,1/1/2023,260
como hacer envios,Envíos,MX,2/1/2023,260
como hacer envios,Envíos,MX,3/1/2023,260
como hacer envios,Envíos,MX,4/1/2023,210
como hacer envios,Envíos,MX,5/1/2023,210
como hacer envios,Envíos,MX,6/1/2023,210
como hacer envios,Envíos,MX,7/1/2023,260
como hacer envios,Envíos,MX,8/1/2023,260
como hacer envios,Envíos,MX,9/1/2023,210
como hacer envios,Envíos,MX,10/1/2023,260
como hacer envios,Envíos,MX,11/1/2023,170
como hacer envios,Envíos,MX,12/1/2023,210
como hacer envios,Envíos,MX,1/1/2024,320
como hacer envios,Envíos,MX,2/1/2024,210
como hacer envios,Envíos,MX,3/1/2024,260
como hacer envios,Envíos,MX,4/1/2024,170
como hacer envios,Envíos,MX,5/1/2024,210
como hacer envios,Envíos,MX,6/1/2024,210
como hacer envios,Envíos,MX,7/1/2024,210
como hacer envios,Envíos,MX,8/1/2024,210
como hacer envios,Envíos,MX,9/1/2024,210
como hacer envios,Envíos,MX,10/1/2024,210
como hacer envios,Envíos,MX,11/1/2024,210
como hacer envios,Envíos,MX,12/1/2024,210
como hacer envios,Envíos,MX,1/1/2025,210
como hacer envios,Envíos,MX,2/1/2025,210
como hacer envios,Envíos,MX,3/1/2025,210
como hacer envios,Envíos,MX,4/1/2025,210
como hacer envios,Envíos,MX,5/1/2025,210
como hacer envios,Envíos,MX,6/1/2025,210
como hacer envios,Envíos,MX,7/1/2025,210
como hacer envios,Envíos,MX,8/1/2025,170
como hacer envios,Envíos,MX,9/1/2025,170
como hacer envios,Envíos,MX,10/1/2025,170
como hacer paginas web,Página web,MX,8/1/2021,590
como hacer paginas web,Página web,MX,9/1/2021,720
como hacer paginas web,Página web,MX,10/1/2021,720
como hacer paginas web,Página web,MX,11/1/2021,720
como hacer paginas web,Página web,MX,12/1/2021,480
como hacer paginas web,Página web,MX,1/1/2022,590
como hacer paginas web,Página web,MX,2/1/2022,590
como hacer paginas web,Página web,MX,3/1/2022,720
como hacer paginas web,Página web,MX,4/1/2022,480
como hacer paginas web,Página web,MX,5/1/2022,720
como hacer paginas web,Página web,MX,6/1/2022,720
como hacer paginas web,Página web,MX,7/1/2022,480
como hacer paginas web,Página web,MX,8/1/2022,480
como hacer paginas web,Página web,MX,9/1/2022,480
como hacer paginas web,Página web,MX,10/1/2022,590
como hacer paginas web,Página web,MX,11/1/2022,720
como hacer paginas web,Página web,MX,12/1/2022,390
como hacer paginas web,Página web,MX,1/1/2023,590
como hacer paginas web,Página web,MX,2/1/2023,590
como hacer paginas web,Página web,MX,3/1/2023,720
como hacer paginas web,Página web,MX,4/1/2023,590
como hacer paginas web,Página web,MX,5/1/2023,720
como hacer paginas web,Página web,MX,6/1/2023,720
como hacer paginas web,Página web,MX,7/1/2023,590
como hacer paginas web,Página web,MX,8/1/2023,590
como hacer paginas web,Página web,MX,9/1/2023,590
como hacer paginas web,Página web,MX,10/1/2023,720
como hacer paginas web,Página web,MX,11/1/2023,720
como hacer paginas web,Página web,MX,12/1/2023,480
como hacer paginas web,Página web,MX,1/1/2024,720
como hacer paginas web,Página web,MX,2/1/2024,720
como hacer paginas web,Página web,MX,3/1/2024,720
como hacer paginas web,Página web,MX,4/1/2024,880
como hacer paginas web,Página web,MX,5/1/2024,880
como hacer paginas web,Página web,MX,6/1/2024,880
como hacer paginas web,Página web,MX,7/1/2024,590
como hacer paginas web,Página web,MX,8/1/2024,590
como hacer paginas web,Página web,MX,9/1/2024,480
como hacer paginas web,Página web,MX,10/1/2024,590
como hacer paginas web,Página web,MX,11/1/2024,590
como hacer paginas web,Página web,MX,12/1/2024,320
como hacer paginas web,Página web,MX,1/1/2025,590
como hacer paginas web,Página web,MX,2/1/2025,590
como hacer paginas web,Página web,MX,3/1/2025,720
como hacer paginas web,Página web,MX,4/1/2025,590
como hacer paginas web,Página web,MX,5/1/2025,720
como hacer paginas web,Página web,MX,6/1/2025,590
como hacer paginas web,Página web,MX,7/1/2025,390
como hacer paginas web,Página web,MX,8/1/2025,390
como hacer paginas web,Página web,MX,9/1/2025,590
como hacer paginas web,Página web,MX,10/1/2025,390
como hacer un facebook comercial,Canales,MX,8/1/2021,20
como hacer un facebook comercial,Canales,MX,9/1/2021,40
como hacer un facebook comercial,Canales,MX,10/1/2021,50
como hacer un facebook comercial,Canales,MX,11/1/2021,30
como hacer un facebook comercial,Canales,MX,12/1/2021,30
como hacer un facebook comercial,Canales,MX,1/1/2022,40
como hacer un facebook comercial,Canales,MX,2/1/2022,30
como hacer un facebook comercial,Canales,MX,3/1/2022,20
como hacer un facebook comercial,Canales,MX,4/1/2022,20
como hacer un facebook comercial,Canales,MX,5/1/2022,20
como hacer un facebook comercial,Canales,MX,6/1/2022,20
como hacer un facebook comercial,Canales,MX,7/1/2022,20
como hacer un facebook comercial,Canales,MX,8/1/2022,20
como hacer un facebook comercial,Canales,MX,9/1/2022,10
como hacer un facebook comercial,Canales,MX,10/1/2022,20
como hacer un facebook comercial,Canales,MX,11/1/2022,10
como hacer un facebook comercial,Canales,MX,12/1/2022,10
como hacer un facebook comercial,Canales,MX,1/1/2023,20
como hacer un facebook comercial,Canales,MX,2/1/2023,10
como hacer un facebook comercial,Canales,MX,3/1/2023,30
como hacer un facebook comercial,Canales,MX,4/1/2023,30
como hacer un facebook comercial,Canales,MX,5/1/2023,20
como hacer un facebook comercial,Canales,MX,6/1/2023,10
como hacer un facebook comercial,Canales,MX,7/1/2023,20
como hacer un facebook comercial,Canales,MX,8/1/2023,20
como hacer un facebook comercial,Canales,MX,9/1/2023,10
como hacer un facebook comercial,Canales,MX,10/1/2023,20
como hacer un facebook comercial,Canales,MX,11/1/2023,10
como hacer un facebook comercial,Canales,MX,12/1/2023,10
como hacer un facebook comercial,Canales,MX,1/1/2024,10
como hacer un facebook comercial,Canales,MX,2/1/2024,20
como hacer un facebook comercial,Canales,MX,3/1/2024,10
como hacer un facebook comercial,Canales,MX,4/1/2024,10
como hacer un facebook comercial,Canales,MX,5/1/2024,10
como hacer un facebook comercial,Canales,MX,6/1/2024,10
como hacer un facebook comercial,Canales,MX,7/1/2024,10
como hacer un facebook comercial,Canales,MX,8/1/2024,10
como hacer un facebook comercial,Canales,MX,9/1/2024,10
como hacer un facebook comercial,Canales,MX,10/1/2024,10
como hacer un facebook comercial,Canales,MX,11/1/2024,10
como hacer un facebook comercial,Canales,MX,12/1/2024,10
como hacer un facebook comercial,Canales,MX,1/1/2025,10
como hacer un facebook comercial,Canales,MX,2/1/2025,10
como hacer un facebook comercial,Canales,MX,3/1/2025,10
como hacer un facebook comercial,Canales,MX,4/1/2025,10
como hacer un facebook comercial,Canales,MX,5/1/2025,10
como hacer un facebook comercial,Canales,MX,6/1/2025,10
como hacer un facebook comercial,Canales,MX,7/1/2025,10
como hacer un facebook comercial,Canales,MX,8/1/2025,10
como hacer un facebook comercial,Canales,MX,9/1/2025,10
como hacer un facebook comercial,Canales,MX,10/1/2025,10
como hacer una tienda online,Tienda,MX,8/1/2021,90
como hacer una tienda online,Tienda,MX,9/1/2021,110
como hacer una tienda online,Tienda,MX,10/1/2021,110
como hacer una tienda online,Tienda,MX,11/1/2021,110
como hacer una tienda online,Tienda,MX,12/1/2021,110
como hacer una tienda online,Tienda,MX,1/1/2022,110
como hacer una tienda online,Tienda,MX,2/1/2022,110
como hacer una tienda online,Tienda,MX,3/1/2022,90
como hacer una tienda online,Tienda,MX,4/1/2022,70
como hacer una tienda online,Tienda,MX,5/1/2022,90
como hacer una tienda online,Tienda,MX,6/1/2022,90
como hacer una tienda online,Tienda,MX,7/1/2022,70
como hacer una tienda online,Tienda,MX,8/1/2022,110
como hacer una tienda online,Tienda,MX,9/1/2022,110
como hacer una tienda online,Tienda,MX,10/1/2022,110
como hacer una tienda online,Tienda,MX,11/1/2022,50
como hacer una tienda online,Tienda,MX,12/1/2022,70
como hacer una tienda online,Tienda,MX,1/1/2023,90
como hacer una tienda online,Tienda,MX,2/1/2023,90
como hacer una tienda online,Tienda,MX,3/1/2023,90
como hacer una tienda online,Tienda,MX,4/1/2023,90
como hacer una tienda online,Tienda,MX,5/1/2023,90
como hacer una tienda online,Tienda,MX,6/1/2023,90
como hacer una tienda online,Tienda,MX,7/1/2023,90
como hacer una tienda online,Tienda,MX,8/1/2023,140
como hacer una tienda online,Tienda,MX,9/1/2023,110
como hacer una tienda online,Tienda,MX,10/1/2023,110
como hacer una tienda online,Tienda,MX,11/1/2023,110
como hacer una tienda online,Tienda,MX,12/1/2023,70
como hacer una tienda online,Tienda,MX,1/1/2024,90
como hacer una tienda online,Tienda,MX,2/1/2024,90
como hacer una tienda online,Tienda,MX,3/1/2024,70
como hacer una tienda online,Tienda,MX,4/1/2024,90
como hacer una tienda online,Tienda,MX,5/1/2024,90
como hacer una tienda online,Tienda,MX,6/1/2024,90
como hacer una tienda online,Tienda,MX,7/1/2024,70
como hacer una tienda online,Tienda,MX,8/1/2024,90
como hacer una tienda online,Tienda,MX,9/1/2024,110
como hacer una tienda online,Tienda,MX,10/1/2024,110
como hacer una tienda online,Tienda,MX,11/1/2024,90
como hacer una tienda online,Tienda,MX,12/1/2024,70
como hacer una tienda online,Tienda,MX,1/1/2025,140
como hacer una tienda online,Tienda,MX,2/1/2025,140
como hacer una tienda online,Tienda,MX,3/1/2025,170
como hacer una tienda online,Tienda,MX,4/1/2025,210
como hacer una tienda online,Tienda,MX,5/1/2025,210
como hacer una tienda online,Tienda,MX,6/1/2025,170
como hacer una tienda online,Tienda,MX,7/1/2025,170
como hacer una tienda online,Tienda,MX,8/1/2025,140
como hacer una tienda online,Tienda,MX,9/1/2025,210
como hacer una tienda online,Tienda,MX,10/1/2025,110
como vender en instagram,Canales,MX,8/1/2021,880
como vender en instagram,Canales,MX,9/1/2021,880
como vender en instagram,Canales,MX,10/1/2021,720
como vender en instagram,Canales,MX,11/1/2021,720
como vender en instagram,Canales,MX,12/1/2021,480
como vender en instagram,Canales,MX,1/1/2022,720
como vender en instagram,Canales,MX,2/1/2022,720
como vender en instagram,Canales,MX,3/1/2022,720
como vender en instagram,Canales,MX,4/1/2022,590
como vender en instagram,Canales,MX,5/1/2022,590
como vender en instagram,Canales,MX,6/1/2022,590
como vender en instagram,Canales,MX,7/1/2022,590
como vender en instagram,Canales,MX,8/1/2022,590
como vender en instagram,Canales,MX,9/1/2022,480
como vender en instagram,Canales,MX,10/1/2022,590
como vender en instagram,Canales,MX,11/1/2022,590
como vender en instagram,Canales,MX,12/1/2022,390
como vender en instagram,Canales,MX,1/1/2023,590
como vender en instagram,Canales,MX,2/1/2023,590
como vender en instagram,Canales,MX,3/1/2023,480
como vender en instagram,Canales,MX,4/1/2023,390
como vender en instagram,Canales,MX,5/1/2023,390
como vender en instagram,Canales,MX,6/1/2023,390
como vender en instagram,Canales,MX,7/1/2023,390
como vender en instagram,Canales,MX,8/1/2023,390
como vender en instagram,Canales,MX,9/1/2023,390
como vender en instagram,Canales,MX,10/1/2023,390
como vender en instagram,Canales,MX,11/1/2023,320
como vender en instagram,Canales,MX,12/1/2023,260
como vender en instagram,Canales,MX,1/1/2024,320
como vender en instagram,Canales,MX,2/1/2024,320
como vender en instagram,Canales,MX,3/1/2024,320
como vender en instagram,Canales,MX,4/1/2024,390
como vender en instagram,Canales,MX,5/1/2024,320
como vender en instagram,Canales,MX,6/1/2024,260
como vender en instagram,Canales,MX,7/1/2024,260
como vender en instagram,Canales,MX,8/1/2024,260
como vender en instagram,Canales,MX,9/1/2024,320
como vender en instagram,Canales,MX,10/1/2024,260
como vender en instagram,Canales,MX,11/1/2024,170
como vender en instagram,Canales,MX,12/1/2024,110
como vender en instagram,Canales,MX,1/1/2025,210
como vender en instagram,Canales,MX,2/1/2025,210
como vender en instagram,Canales,MX,3/1/2025,260
como vender en instagram,Canales,MX,4/1/2025,260
como vender en instagram,Canales,MX,5/1/2025,210
como vender en instagram,Canales,MX,6/1/2025,210
como vender en instagram,Canales,MX,7/1/2025,210
como vender en instagram,Canales,MX,8/1/2025,210
como vender en instagram,Canales,MX,9/1/2025,210
como vender en instagram,Canales,MX,10/1/2025,260
como vender en linea,Vender,MX,8/1/2021,720
como vender en linea,Vender,MX,9/1/2021,590
como vender en linea,Vender,MX,10/1/2021,480
como vender en linea,Vender,MX,11/1/2021,480
como vender en linea,Vender,MX,12/1/2021,320
como vender en linea,Vender,MX,1/1/2022,590
como vender en linea,Vender,MX,2/1/2022,480
como vender en linea,Vender,MX,3/1/2022,480
como vender en linea,Vender,MX,4/1/2022,390
como vender en linea,Vender,MX,5/1/2022,480
como vender en linea,Vender,MX,6/1/2022,480
como vender en linea,Vender,MX,7/1/2022,480
como vender en linea,Vender,MX,8/1/2022,480
como vender en linea,Vender,MX,9/1/2022,480
como vender en linea,Vender,MX,10/1/2022,480
como vender en linea,Vender,MX,11/1/2022,480
como vender en linea,Vender,MX,12/1/2022,390
como vender en linea,Vender,MX,1/1/2023,590
como vender en linea,Vender,MX,2/1/2023,590
como vender en linea,Vender,MX,3/1/2023,590
como vender en linea,Vender,MX,4/1/2023,480
como vender en linea,Vender,MX,5/1/2023,590
como vender en linea,Vender,MX,6/1/2023,590
como vender en linea,Vender,MX,7/1/2023,590
como vender en linea,Vender,MX,8/1/2023,720
como vender en linea,Vender,MX,9/1/2023,720
como vender en linea,Vender,MX,10/1/2023,590
como vender en linea,Vender,MX,11/1/2023,480
como vender en linea,Vender,MX,12/1/2023,480
como vender en linea,Vender,MX,1/1/2024,720
como vender en linea,Vender,MX,2/1/2024,590
como vender en linea,Vender,MX,3/1/2024,590
como vender en linea,Vender,MX,4/1/2024,590
como vender en linea,Vender,MX,5/1/2024,590
como vender en linea,Vender,MX,6/1/2024,590
como vender en linea,Vender,MX,7/1/2024,590
como vender en linea,Vender,MX,8/1/2024,480
como vender en linea,Vender,MX,9/1/2024,480
como vender en linea,Vender,MX,10/1/2024,480
como vender en linea,Vender,MX,11/1/2024,390
como vender en linea,Vender,MX,12/1/2024,320
como vender en linea,Vender,MX,1/1/2025,480
como vender en linea,Vender,MX,2/1/2025,480
como vender en linea,Vender,MX,3/1/2025,480
como vender en linea,Vender,MX,4/1/2025,480
como vender en linea,Vender,MX,5/1/2025,390
como vender en linea,Vender,MX,6/1/2025,480
como vender en linea,Vender,MX,7/1/2025,480
como vender en linea,Vender,MX,8/1/2025,390
como vender en linea,Vender,MX,9/1/2025,390
como vender en linea,Vender,MX,10/1/2025,390
como vender por facebook,Canales,MX,8/1/2021,590
como vender por facebook,Canales,MX,9/1/2021,480
como vender por facebook,Canales,MX,10/1/2021,480
como vender por facebook,Canales,MX,11/1/2021,390
como vender por facebook,Canales,MX,12/1/2021,320
como vender por facebook,Canales,MX,1/1/2022,480
como vender por facebook,Canales,MX,2/1/2022,390
como vender por facebook,Canales,MX,3/1/2022,390
como vender por facebook,Canales,MX,4/1/2022,320
como vender por facebook,Canales,MX,5/1/2022,390
como vender por facebook,Canales,MX,6/1/2022,390
como vender por facebook,Canales,MX,7/1/2022,390
como vender por facebook,Canales,MX,8/1/2022,480
como vender por facebook,Canales,MX,9/1/2022,390
como vender por facebook,Canales,MX,10/1/2022,320
como vender por facebook,Canales,MX,11/1/2022,320
como vender por facebook,Canales,MX,12/1/2022,260
como vender por facebook,Canales,MX,1/1/2023,390
como vender por facebook,Canales,MX,2/1/2023,320
como vender por facebook,Canales,MX,3/1/2023,320
como vender por facebook,Canales,MX,4/1/2023,390
como vender por facebook,Canales,MX,5/1/2023,390
como vender por facebook,Canales,MX,6/1/2023,320
como vender por facebook,Canales,MX,7/1/2023,320
como vender por facebook,Canales,MX,8/1/2023,320
como vender por facebook,Canales,MX,9/1/2023,320
como vender por facebook,Canales,MX,10/1/2023,260
como vender por facebook,Canales,MX,11/1/2023,260
como vender por facebook,Canales,MX,12/1/2023,260
como vender por facebook,Canales,MX,1/1/2024,260
como vender por facebook,Canales,MX,2/1/2024,260
como vender por facebook,Canales,MX,3/1/2024,260
como vender por facebook,Canales,MX,4/1/2024,210
como vender por facebook,Canales,MX,5/1/2024,210
como vender por facebook,Canales,MX,6/1/2024,260
como vender por facebook,Canales,MX,7/1/2024,210
como vender por facebook,Canales,MX,8/1/2024,210
como vender por facebook,Canales,MX,9/1/2024,210
como vender por facebook,Canales,MX,10/1/2024,210
como vender por facebook,Canales,MX,11/1/2024,140
como vender por facebook,Canales,MX,12/1/2024,140
como vender por facebook,Canales,MX,1/1/2025,210
como vender por facebook,Canales,MX,2/1/2025,170
como vender por facebook,Canales,MX,3/1/2025,210
como vender por facebook,Canales,MX,4/1/2025,170
como vender por facebook,Canales,MX,5/1/2025,140
como vender por facebook,Canales,MX,6/1/2025,110
como vender por facebook,Canales,MX,7/1/2025,170
como vender por facebook,Canales,MX,8/1/2025,170
como vender por facebook,Canales,MX,9/1/2025,140
como vender por facebook,Canales,MX,10/1/2025,140
como vender por instagram,Canales,MX,8/1/2021,390
como vender por instagram,Canales,MX,9/1/2021,320
como vender por instagram,Canales,MX,10/1/2021,320
como vender por instagram,Canales,MX,11/1/2021,260
como vender por instagram,Canales,MX,12/1/2021,170
como vender por instagram,Canales,MX,1/1/2022,260
como vender por instagram,Canales,MX,2/1/2022,260
como vender por instagram,Canales,MX,3/1/2022,260
como vender por instagram,Canales,MX,4/1/2022,170
como vender por instagram,Canales,MX,5/1/2022,210
como vender por instagram,Canales,MX,6/1/2022,260
como vender por instagram,Canales,MX,7/1/2022,210
como vender por instagram,Canales,MX,8/1/2022,170
como vender por instagram,Canales,MX,9/1/2022,170
como vender por instagram,Canales,MX,10/1/2022,210
como vender por instagram,Canales,MX,11/1/2022,140
como vender por instagram,Canales,MX,12/1/2022,140
como vender por instagram,Canales,MX,1/1/2023,210
como vender por instagram,Canales,MX,2/1/2023,210
como vender por instagram,Canales,MX,3/1/2023,210
como vender por instagram,Canales,MX,4/1/2023,170
como vender por instagram,Canales,MX,5/1/2023,170
como vender por instagram,Canales,MX,6/1/2023,170
como vender por instagram,Canales,MX,7/1/2023,210
como vender por instagram,Canales,MX,8/1/2023,170
como vender por instagram,Canales,MX,9/1/2023,170
como vender por instagram,Canales,MX,10/1/2023,170
como vender por instagram,Canales,MX,11/1/2023,140
como vender por instagram,Canales,MX,12/1/2023,110
como vender por instagram,Canales,MX,1/1/2024,170
como vender por instagram,Canales,MX,2/1/2024,140
como vender por instagram,Canales,MX,3/1/2024,140
como vender por instagram,Canales,MX,4/1/2024,140
como vender por instagram,Canales,MX,5/1/2024,140
como vender por instagram,Canales,MX,6/1/2024,110
como vender por instagram,Canales,MX,7/1/2024,110
como vender por instagram,Canales,MX,8/1/2024,90
como vender por instagram,Canales,MX,9/1/2024,90
como vender por instagram,Canales,MX,10/1/2024,90
como vender por instagram,Canales,MX,11/1/2024,90
como vender por instagram,Canales,MX,12/1/2024,50
como vender por instagram,Canales,MX,1/1/2025,140
como vender por instagram,Canales,MX,2/1/2025,110
como vender por instagram,Canales,MX,3/1/2025,90
como vender por instagram,Canales,MX,4/1/2025,110
como vender por instagram,Canales,MX,5/1/2025,90
como vender por instagram,Canales,MX,6/1/2025,90
como vender por instagram,Canales,MX,7/1/2025,70
como vender por instagram,Canales,MX,8/1/2025,90
como vender por instagram,Canales,MX,9/1/2025,90
como vender por instagram,Canales,MX,10/1/2025,70
como vender por internet,Vender,MX,8/1/2021,1300
como vender por internet,Vender,MX,9/1/2021,1000
como vender por internet,Vender,MX,10/1/2021,1000
como vender por internet,Vender,MX,11/1/2021,1000
como vender por internet,Vender,MX,12/1/2021,880
como vender por internet,Vender,MX,1/1/2022,1000
como vender por internet,Vender,MX,2/1/2022,880
como vender por internet,Vender,MX,3/1/2022,880
como vender por internet,Vender,MX,4/1/2022,880
como vender por internet,Vender,MX,5/1/2022,880
como vender por internet,Vender,MX,6/1/2022,880
como vender por internet,Vender,MX,7/1/2022,880
como vender por internet,Vender,MX,8/1/2022,880
como vender por internet,Vender,MX,9/1/2022,880
como vender por internet,Vender,MX,10/1/2022,880
como vender por internet,Vender,MX,11/1/2022,720
como vender por internet,Vender,MX,12/1/2022,590
como vender por internet,Vender,MX,1/1/2023,880
como vender por internet,Vender,MX,2/1/2023,720
como vender por internet,Vender,MX,3/1/2023,720
como vender por internet,Vender,MX,4/1/2023,720
como vender por internet,Vender,MX,5/1/2023,880
como vender por internet,Vender,MX,6/1/2023,720
como vender por internet,Vender,MX,7/1/2023,880
como vender por internet,Vender,MX,8/1/2023,720
como vender por internet,Vender,MX,9/1/2023,720
como vender por internet,Vender,MX,10/1/2023,720
como vender por internet,Vender,MX,11/1/2023,720
como vender por internet,Vender,MX,12/1/2023,480
como vender por internet,Vender,MX,1/1/2024,880
como vender por internet,Vender,MX,2/1/2024,720
como vender por internet,Vender,MX,3/1/2024,720
como vender por internet,Vender,MX,4/1/2024,720
como vender por internet,Vender,MX,5/1/2024,590
como vender por internet,Vender,MX,6/1/2024,590
como vender por internet,Vender,MX,7/1/2024,590
como vender por internet,Vender,MX,8/1/2024,480
como vender por internet,Vender,MX,9/1/2024,480
como vender por internet,Vender,MX,10/1/2024,480
como vender por internet,Vender,MX,11/1/2024,390
como vender por internet,Vender,MX,12/1/2024,320
como vender por internet,Vender,MX,1/1/2025,390
como vender por internet,Vender,MX,2/1/2025,390
como vender por internet,Vender,MX,3/1/2025,480
como vender por internet,Vender,MX,4/1/2025,390
como vender por internet,Vender,MX,5/1/2025,390
como vender por internet,Vender,MX,6/1/2025,390
como vender por internet,Vender,MX,7/1/2025,320
como vender por internet,Vender,MX,8/1/2025,320
como vender por internet,Vender,MX,9/1/2025,320
como vender por internet,Vender,MX,10/1/2025,260
como vender por tiktok,Canales,MX,8/1/2021,20
como vender por tiktok,Canales,MX,9/1/2021,20
como vender por tiktok,Canales,MX,10/1/2021,20
como vender por tiktok,Canales,MX,11/1/2021,20
como vender por tiktok,Canales,MX,12/1/2021,20
como vender por tiktok,Canales,MX,1/1/2022,20
como vender por tiktok,Canales,MX,2/1/2022,30
como vender por tiktok,Canales,MX,3/1/2022,10
como vender por tiktok,Canales,MX,4/1/2022,20
como vender por tiktok,Canales,MX,5/1/2022,20
como vender por tiktok,Canales,MX,6/1/2022,20
como vender por tiktok,Canales,MX,7/1/2022,20
como vender por tiktok,Canales,MX,8/1/2022,40
como vender por tiktok,Canales,MX,9/1/2022,20
como vender por tiktok,Canales,MX,10/1/2022,20
como vender por tiktok,Canales,MX,11/1/2022,20
como vender por tiktok,Canales,MX,12/1/2022,20
como vender por tiktok,Canales,MX,1/1/2023,30
como vender por tiktok,Canales,MX,2/1/2023,20
como vender por tiktok,Canales,MX,3/1/2023,20
como vender por tiktok,Canales,MX,4/1/2023,30
como vender por tiktok,Canales,MX,5/1/2023,30
como vender por tiktok,Canales,MX,6/1/2023,40
como vender por tiktok,Canales,MX,7/1/2023,20
como vender por tiktok,Canales,MX,8/1/2023,30
como vender por tiktok,Canales,MX,9/1/2023,20
como vender por tiktok,Canales,MX,10/1/2023,40
como vender por tiktok,Canales,MX,11/1/2023,40
como vender por tiktok,Canales,MX,12/1/2023,40
como vender por tiktok,Canales,MX,1/1/2024,50
como vender por tiktok,Canales,MX,2/1/2024,30
como vender por tiktok,Canales,MX,3/1/2024,50
como vender por tiktok,Canales,MX,4/1/2024,40
como vender por tiktok,Canales,MX,5/1/2024,30
como vender por tiktok,Canales,MX,6/1/2024,30
como vender por tiktok,Canales,MX,7/1/2024,40
como vender por tiktok,Canales,MX,8/1/2024,40
como vender por tiktok,Canales,MX,9/1/2024,30
como vender por tiktok,Canales,MX,10/1/2024,30
como vender por tiktok,Canales,MX,11/1/2024,30
como vender por tiktok,Canales,MX,12/1/2024,20
como vender por tiktok,Canales,MX,1/1/2025,30
como vender por tiktok,Canales,MX,2/1/2025,50
como vender por tiktok,Canales,MX,3/1/2025,50
como vender por tiktok,Canales,MX,4/1/2025,70
como vender por tiktok,Canales,MX,5/1/2025,70
como vender por tiktok,Canales,MX,6/1/2025,90
como vender por tiktok,Canales,MX,7/1/2025,70
como vender por tiktok,Canales,MX,8/1/2025,90
como vender por tiktok,Canales,MX,9/1/2025,110
como vender por tiktok,Canales,MX,10/1/2025,110
como vender por whatsapp,Canales,MX,8/1/2021,210
como vender por whatsapp,Canales,MX,9/1/2021,210
como vender por whatsapp,Canales,MX,10/1/2021,210
como vender por whatsapp,Canales,MX,11/1/2021,170
como vender por whatsapp,Canales,MX,12/1/2021,170
como vender por whatsapp,Canales,MX,1/1/2022,170
como vender por whatsapp,Canales,MX,2/1/2022,170
como vender por whatsapp,Canales,MX,3/1/2022,170
como vender por whatsapp,Canales,MX,4/1/2022,140
como vender por whatsapp,Canales,MX,5/1/2022,140
como vender por whatsapp,Canales,MX,6/1/2022,170
como vender por whatsapp,Canales,MX,7/1/2022,170
como vender por whatsapp,Canales,MX,8/1/2022,210
como vender por whatsapp,Canales,MX,9/1/2022,140
como vender por whatsapp,Canales,MX,10/1/2022,210
como vender por whatsapp,Canales,MX,11/1/2022,210
como vender por whatsapp,Canales,MX,12/1/2022,140
como vender por whatsapp,Canales,MX,1/1/2023,140
como vender por whatsapp,Canales,MX,2/1/2023,170
como vender por whatsapp,Canales,MX,3/1/2023,210
como vender por whatsapp,Canales,MX,4/1/2023,170
como vender por whatsapp,Canales,MX,5/1/2023,210
como vender por whatsapp,Canales,MX,6/1/2023,170
como vender por whatsapp,Canales,MX,7/1/2023,170
como vender por whatsapp,Canales,MX,8/1/2023,140
como vender por whatsapp,Canales,MX,9/1/2023,170
como vender por whatsapp,Canales,MX,10/1/2023,170
como vender por whatsapp,Canales,MX,11/1/2023,140
como vender por whatsapp,Canales,MX,12/1/2023,110
como vender por whatsapp,Canales,MX,1/1/2024,110
como vender por whatsapp,Canales,MX,2/1/2024,170
como vender por whatsapp,Canales,MX,3/1/2024,170
como vender por whatsapp,Canales,MX,4/1/2024,210
como vender por whatsapp,Canales,MX,5/1/2024,170
como vender por whatsapp,Canales,MX,6/1/2024,140
como vender por whatsapp,Canales,MX,7/1/2024,140
como vender por whatsapp,Canales,MX,8/1/2024,110
como vender por whatsapp,Canales,MX,9/1/2024,110
como vender por whatsapp,Canales,MX,10/1/2024,170
como vender por whatsapp,Canales,MX,11/1/2024,110
como vender por whatsapp,Canales,MX,12/1/2024,90
como vender por whatsapp,Canales,MX,1/1/2025,90
como vender por whatsapp,Canales,MX,2/1/2025,110
como vender por whatsapp,Canales,MX,3/1/2025,170
como vender por whatsapp,Canales,MX,4/1/2025,140
como vender por whatsapp,Canales,MX,5/1/2025,110
como vender por whatsapp,Canales,MX,6/1/2025,110
como vender por whatsapp,Canales,MX,7/1/2025,90
como vender por whatsapp,Canales,MX,8/1/2025,110
como vender por whatsapp,Canales,MX,9/1/2025,90
como vender por whatsapp,Canales,MX,10/1/2025,70
coppel,Marketplace,MX,8/1/2021,5000000
coppel,Marketplace,MX,9/1/2021,5000000
coppel,Marketplace,MX,10/1/2021,5000000
coppel,Marketplace,MX,11/1/2021,7480000
coppel,Marketplace,MX,12/1/2021,6120000
coppel,Marketplace,MX,1/1/2022,5000000
coppel,Marketplace,MX,2/1/2022,4090000
coppel,Marketplace,MX,3/1/2022,4090000
coppel,Marketplace,MX,4/1/2022,4090000
coppel,Marketplace,MX,5/1/2022,5000000
coppel,Marketplace,MX,6/1/2022,4090000
coppel,Marketplace,MX,7/1/2022,4090000
coppel,Marketplace,MX,8/1/2022,5000000
coppel,Marketplace,MX,9/1/2022,4090000
coppel,Marketplace,MX,10/1/2022,5000000
coppel,Marketplace,MX,11/1/2022,6120000
coppel,Marketplace,MX,12/1/2022,6120000
coppel,Marketplace,MX,1/1/2023,5000000
coppel,Marketplace,MX,2/1/2023,4090000
coppel,Marketplace,MX,3/1/2023,4090000
coppel,Marketplace,MX,4/1/2023,4090000
coppel,Marketplace,MX,5/1/2023,5000000
coppel,Marketplace,MX,6/1/2023,5000000
coppel,Marketplace,MX,7/1/2023,4090000
coppel,Marketplace,MX,8/1/2023,5000000
coppel,Marketplace,MX,9/1/2023,4090000
coppel,Marketplace,MX,10/1/2023,4090000
coppel,Marketplace,MX,11/1/2023,6120000
coppel,Marketplace,MX,12/1/2023,6120000
coppel,Marketplace,MX,1/1/2024,5000000
coppel,Marketplace,MX,2/1/2024,4090000
coppel,Marketplace,MX,3/1/2024,4090000
coppel,Marketplace,MX,4/1/2024,7480000
coppel,Marketplace,MX,5/1/2024,6120000
coppel,Marketplace,MX,6/1/2024,4090000
coppel,Marketplace,MX,7/1/2024,4090000
coppel,Marketplace,MX,8/1/2024,4090000
coppel,Marketplace,MX,9/1/2024,4090000
coppel,Marketplace,MX,10/1/2024,4090000
coppel,Marketplace,MX,11/1/2024,6120000
coppel,Marketplace,MX,12/1/2024,6120000
coppel,Marketplace,MX,1/1/2025,5000000
coppel,Marketplace,MX,2/1/2025,4090000
coppel,Marketplace,MX,3/1/2025,4090000
coppel,Marketplace,MX,4/1/2025,4090000
coppel,Marketplace,MX,5/1/2025,5000000
coppel,Marketplace,MX,6/1/2025,4090000
coppel,Marketplace,MX,7/1/2025,4090000
coppel,Marketplace,MX,8/1/2025,4090000
coppel,Marketplace,MX,9/1/2025,4090000
coppel,Marketplace,MX,10/1/2025,4090000
crear catalogo de productos online,Catálogo,MX,8/1/2021,20
crear catalogo de productos online,Catálogo,MX,9/1/2021,40
crear catalogo de productos online,Catálogo,MX,10/1/2021,30
crear catalogo de productos online,Catálogo,MX,11/1/2021,30
crear catalogo de productos online,Catálogo,MX,12/1/2021,20
crear catalogo de productos online,Catálogo,MX,1/1/2022,40
crear catalogo de productos online,Catálogo,MX,2/1/2022,30
crear catalogo de productos online,Catálogo,MX,3/1/2022,30
crear catalogo de productos online,Catálogo,MX,4/1/2022,20
crear catalogo de productos online,Catálogo,MX,5/1/2022,10
crear catalogo de productos online,Catálogo,MX,6/1/2022,10
crear catalogo de productos online,Catálogo,MX,7/1/2022,10
crear catalogo de productos online,Catálogo,MX,8/1/2022,10
crear catalogo de productos online,Catálogo,MX,9/1/2022,10
crear catalogo de productos online,Catálogo,MX,10/1/2022,10
crear catalogo de productos online,Catálogo,MX,11/1/2022,10
crear catalogo de productos online,Catálogo,MX,12/1/2022,10
crear catalogo de productos online,Catálogo,MX,1/1/2023,10
crear catalogo de productos online,Catálogo,MX,2/1/2023,10
crear catalogo de productos online,Catálogo,MX,3/1/2023,10
crear catalogo de productos online,Catálogo,MX,4/1/2023,10
crear catalogo de productos online,Catálogo,MX,5/1/2023,10
crear catalogo de productos online,Catálogo,MX,6/1/2023,10
crear catalogo de productos online,Catálogo,MX,7/1/2023,10
crear catalogo de productos online,Catálogo,MX,8/1/2023,10
crear catalogo de productos online,Catálogo,MX,9/1/2023,10
crear catalogo de productos online,Catálogo,MX,10/1/2023,10
crear catalogo de productos online,Catálogo,MX,11/1/2023,10
crear catalogo de productos online,Catálogo,MX,12/1/2023,0
crear catalogo de productos online,Catálogo,MX,1/1/2024,10
crear catalogo de productos online,Catálogo,MX,2/1/2024,10
crear catalogo de productos online,Catálogo,MX,3/1/2024,10
crear catalogo de productos online,Catálogo,MX,4/1/2024,0
crear catalogo de productos online,Catálogo,MX,5/1/2024,10
crear catalogo de productos online,Catálogo,MX,6/1/2024,10
crear catalogo de productos online,Catálogo,MX,7/1/2024,10
crear catalogo de productos online,Catálogo,MX,8/1/2024,10
crear catalogo de productos online,Catálogo,MX,9/1/2024,10
crear catalogo de productos online,Catálogo,MX,10/1/2024,10
crear catalogo de productos online,Catálogo,MX,11/1/2024,10
crear catalogo de productos online,Catálogo,MX,12/1/2024,10
crear catalogo de productos online,Catálogo,MX,1/1/2025,10
crear catalogo de productos online,Catálogo,MX,2/1/2025,10
crear catalogo de productos online,Catálogo,MX,3/1/2025,0
crear catalogo de productos online,Catálogo,MX,4/1/2025,10
crear catalogo de productos online,Catálogo,MX,5/1/2025,10
crear catalogo de productos online,Catálogo,MX,6/1/2025,10
crear catalogo de productos online,Catálogo,MX,7/1/2025,10
crear catalogo de productos online,Catálogo,MX,8/1/2025,10
crear catalogo de productos online,Catálogo,MX,9/1/2025,10
crear catalogo de productos online,Catálogo,MX,10/1/2025,0
crear ecommerce,Ecommerce,MX,8/1/2021,30
crear ecommerce,Ecommerce,MX,9/1/2021,20
crear ecommerce,Ecommerce,MX,10/1/2021,40
crear ecommerce,Ecommerce,MX,11/1/2021,20
crear ecommerce,Ecommerce,MX,12/1/2021,20
crear ecommerce,Ecommerce,MX,1/1/2022,30
crear ecommerce,Ecommerce,MX,2/1/2022,30
crear ecommerce,Ecommerce,MX,3/1/2022,30
crear ecommerce,Ecommerce,MX,4/1/2022,20
crear ecommerce,Ecommerce,MX,5/1/2022,30
crear ecommerce,Ecommerce,MX,6/1/2022,20
crear ecommerce,Ecommerce,MX,7/1/2022,30
crear ecommerce,Ecommerce,MX,8/1/2022,20
crear ecommerce,Ecommerce,MX,9/1/2022,30
crear ecommerce,Ecommerce,MX,10/1/2022,30
crear ecommerce,Ecommerce,MX,11/1/2022,30
crear ecommerce,Ecommerce,MX,12/1/2022,20
crear ecommerce,Ecommerce,MX,1/1/2023,20
crear ecommerce,Ecommerce,MX,2/1/2023,20
crear ecommerce,Ecommerce,MX,3/1/2023,40
crear ecommerce,Ecommerce,MX,4/1/2023,30
crear ecommerce,Ecommerce,MX,5/1/2023,20
crear ecommerce,Ecommerce,MX,6/1/2023,30
crear ecommerce,Ecommerce,MX,7/1/2023,20
crear ecommerce,Ecommerce,MX,8/1/2023,30
crear ecommerce,Ecommerce,MX,9/1/2023,30
crear ecommerce,Ecommerce,MX,10/1/2023,40
crear ecommerce,Ecommerce,MX,11/1/2023,20
crear ecommerce,Ecommerce,MX,12/1/2023,30
crear ecommerce,Ecommerce,MX,1/1/2024,50
crear ecommerce,Ecommerce,MX,2/1/2024,20
crear ecommerce,Ecommerce,MX,3/1/2024,20
crear ecommerce,Ecommerce,MX,4/1/2024,40
crear ecommerce,Ecommerce,MX,5/1/2024,40
crear ecommerce,Ecommerce,MX,6/1/2024,20
crear ecommerce,Ecommerce,MX,7/1/2024,20
crear ecommerce,Ecommerce,MX,8/1/2024,20
crear ecommerce,Ecommerce,MX,9/1/2024,20
crear ecommerce,Ecommerce,MX,10/1/2024,10
crear ecommerce,Ecommerce,MX,11/1/2024,30
crear ecommerce,Ecommerce,MX,12/1/2024,10
crear ecommerce,Ecommerce,MX,1/1/2025,30
crear ecommerce,Ecommerce,MX,2/1/2025,40
crear ecommerce,Ecommerce,MX,3/1/2025,40
crear ecommerce,Ecommerce,MX,4/1/2025,70
crear ecommerce,Ecommerce,MX,5/1/2025,40
crear ecommerce,Ecommerce,MX,6/1/2025,30
crear ecommerce,Ecommerce,MX,7/1/2025,20
crear ecommerce,Ecommerce,MX,8/1/2025,30
crear ecommerce,Ecommerce,MX,9/1/2025,90
crear ecommerce,Ecommerce,MX,10/1/2025,50
crear facebook comercial,Canales,MX,8/1/2021,30
crear facebook comercial,Canales,MX,9/1/2021,40
crear facebook comercial,Canales,MX,10/1/2021,20
crear facebook comercial,Canales,MX,11/1/2021,10
crear facebook comercial,Canales,MX,12/1/2021,10
crear facebook comercial,Canales,MX,1/1/2022,20
crear facebook comercial,Canales,MX,2/1/2022,20
crear facebook comercial,Canales,MX,3/1/2022,30
crear facebook comercial,Canales,MX,4/1/2022,30
crear facebook comercial,Canales,MX,5/1/2022,30
crear facebook comercial,Canales,MX,6/1/2022,20
crear facebook comercial,Canales,MX,7/1/2022,10
crear facebook comercial,Canales,MX,8/1/2022,20
crear facebook comercial,Canales,MX,9/1/2022,30
crear facebook comercial,Canales,MX,10/1/2022,20
crear facebook comercial,Canales,MX,11/1/2022,20
crear facebook comercial,Canales,MX,12/1/2022,20
crear facebook comercial,Canales,MX,1/1/2023,20
crear facebook comercial,Canales,MX,2/1/2023,20
crear facebook comercial,Canales,MX,3/1/2023,20
crear facebook comercial,Canales,MX,4/1/2023,20
crear facebook comercial,Canales,MX,5/1/2023,20
crear facebook comercial,Canales,MX,6/1/2023,10
crear facebook comercial,Canales,MX,7/1/2023,10
crear facebook comercial,Canales,MX,8/1/2023,10
crear facebook comercial,Canales,MX,9/1/2023,20
crear facebook comercial,Canales,MX,10/1/2023,20
crear facebook comercial,Canales,MX,11/1/2023,10
crear facebook comercial,Canales,MX,12/1/2023,10
crear facebook comercial,Canales,MX,1/1/2024,10
crear facebook comercial,Canales,MX,2/1/2024,20
crear facebook comercial,Canales,MX,3/1/2024,10
crear facebook comercial,Canales,MX,4/1/2024,20
crear facebook comercial,Canales,MX,5/1/2024,20
crear facebook comercial,Canales,MX,6/1/2024,40
crear facebook comercial,Canales,MX,7/1/2024,20
crear facebook comercial,Canales,MX,8/1/2024,30
crear facebook comercial,Canales,MX,9/1/2024,20
crear facebook comercial,Canales,MX,10/1/2024,20
crear facebook comercial,Canales,MX,11/1/2024,10
crear facebook comercial,Canales,MX,12/1/2024,10
crear facebook comercial,Canales,MX,1/1/2025,10
crear facebook comercial,Canales,MX,2/1/2025,10
crear facebook comercial,Canales,MX,3/1/2025,10
crear facebook comercial,Canales,MX,4/1/2025,0
crear facebook comercial,Canales,MX,5/1/2025,10
crear facebook comercial,Canales,MX,6/1/2025,10
crear facebook comercial,Canales,MX,7/1/2025,10
crear facebook comercial,Canales,MX,8/1/2025,10
crear facebook comercial,Canales,MX,9/1/2025,10
crear facebook comercial,Canales,MX,10/1/2025,10
crear mi página web,Página web,MX,8/1/2021,10
crear mi página web,Página web,MX,9/1/2021,10
crear mi página web,Página web,MX,10/1/2021,20
crear mi página web,Página web,MX,11/1/2021,30
crear mi página web,Página web,MX,12/1/2021,20
crear mi página web,Página web,MX,1/1/2022,10
crear mi página web,Página web,MX,2/1/2022,10
crear mi página web,Página web,MX,3/1/2022,20
crear mi página web,Página web,MX,4/1/2022,10
crear mi página web,Página web,MX,5/1/2022,10
crear mi página web,Página web,MX,6/1/2022,30
crear mi página web,Página web,MX,7/1/2022,10
crear mi página web,Página web,MX,8/1/2022,20
crear mi página web,Página web,MX,9/1/2022,10
crear mi página web,Página web,MX,10/1/2022,10
crear mi página web,Página web,MX,11/1/2022,10
crear mi página web,Página web,MX,12/1/2022,20
crear mi página web,Página web,MX,1/1/2023,10
crear mi página web,Página web,MX,2/1/2023,10
crear mi página web,Página web,MX,3/1/2023,20
crear mi página web,Página web,MX,4/1/2023,10
crear mi página web,Página web,MX,5/1/2023,20
crear mi página web,Página web,MX,6/1/2023,20
crear mi página web,Página web,MX,7/1/2023,10
crear mi página web,Página web,MX,8/1/2023,10
crear mi página web,Página web,MX,9/1/2023,20
crear mi página web,Página web,MX,10/1/2023,20
crear mi página web,Página web,MX,11/1/2023,10
crear mi página web,Página web,MX,12/1/2023,10
crear mi página web,Página web,MX,1/1/2024,20
crear mi página web,Página web,MX,2/1/2024,20
crear mi página web,Página web,MX,3/1/2024,20
crear mi página web,Página web,MX,4/1/2024,20
crear mi página web,Página web,MX,5/1/2024,20
crear mi página web,Página web,MX,6/1/2024,20
crear mi página web,Página web,MX,7/1/2024,10
crear mi página web,Página web,MX,8/1/2024,10
crear mi página web,Página web,MX,9/1/2024,10
crear mi página web,Página web,MX,10/1/2024,10
crear mi página web,Página web,MX,11/1/2024,10
crear mi página web,Página web,MX,12/1/2024,20
crear mi página web,Página web,MX,1/1/2025,30
crear mi página web,Página web,MX,2/1/2025,20
crear mi página web,Página web,MX,3/1/2025,30
crear mi página web,Página web,MX,4/1/2025,50
crear mi página web,Página web,MX,5/1/2025,30
crear mi página web,Página web,MX,6/1/2025,20
crear mi página web,Página web,MX,7/1/2025,20
crear mi página web,Página web,MX,8/1/2025,20
crear mi página web,Página web,MX,9/1/2025,20
crear mi página web,Página web,MX,10/1/2025,10
crear pagina de facebook,Canales,MX,8/1/2021,5400
crear pagina de facebook,Canales,MX,9/1/2021,5400
crear pagina de facebook,Canales,MX,10/1/2021,4400
crear pagina de facebook,Canales,MX,11/1/2021,4400
crear pagina de facebook,Canales,MX,12/1/2021,2900
crear pagina de facebook,Canales,MX,1/1/2022,4400
crear pagina de facebook,Canales,MX,2/1/2022,4400
crear pagina de facebook,Canales,MX,3/1/2022,4400
crear pagina de facebook,Canales,MX,4/1/2022,3600
crear pagina de facebook,Canales,MX,5/1/2022,4400
crear pagina de facebook,Canales,MX,6/1/2022,3600
crear pagina de facebook,Canales,MX,7/1/2022,3600
crear pagina de facebook,Canales,MX,8/1/2022,4400
crear pagina de facebook,Canales,MX,9/1/2022,4400
crear pagina de facebook,Canales,MX,10/1/2022,4400
crear pagina de facebook,Canales,MX,11/1/2022,4400
crear pagina de facebook,Canales,MX,12/1/2022,2900
crear pagina de facebook,Canales,MX,1/1/2023,5400
crear pagina de facebook,Canales,MX,2/1/2023,4400
crear pagina de facebook,Canales,MX,3/1/2023,5400
crear pagina de facebook,Canales,MX,4/1/2023,4400
crear pagina de facebook,Canales,MX,5/1/2023,5400
crear pagina de facebook,Canales,MX,6/1/2023,5400
crear pagina de facebook,Canales,MX,7/1/2023,5400
crear pagina de facebook,Canales,MX,8/1/2023,5400
crear pagina de facebook,Canales,MX,9/1/2023,5400
crear pagina de facebook,Canales,MX,10/1/2023,6600
crear pagina de facebook,Canales,MX,11/1/2023,5400
crear pagina de facebook,Canales,MX,12/1/2023,4400
crear pagina de facebook,Canales,MX,1/1/2024,6600
crear pagina de facebook,Canales,MX,2/1/2024,6600
crear pagina de facebook,Canales,MX,3/1/2024,5400
crear pagina de facebook,Canales,MX,4/1/2024,5400
crear pagina de facebook,Canales,MX,5/1/2024,5400
crear pagina de facebook,Canales,MX,6/1/2024,4400
crear pagina de facebook,Canales,MX,7/1/2024,5400
crear pagina de facebook,Canales,MX,8/1/2024,4400
crear pagina de facebook,Canales,MX,9/1/2024,4400
crear pagina de facebook,Canales,MX,10/1/2024,4400
crear pagina de facebook,Canales,MX,11/1/2024,4400
crear pagina de facebook,Canales,MX,12/1/2024,3600
crear pagina de facebook,Canales,MX,1/1/2025,5400
crear pagina de facebook,Canales,MX,2/1/2025,5400
crear pagina de facebook,Canales,MX,3/1/2025,6600
crear pagina de facebook,Canales,MX,4/1/2025,5400
crear pagina de facebook,Canales,MX,5/1/2025,4400
crear pagina de facebook,Canales,MX,6/1/2025,4400
crear pagina de facebook,Canales,MX,7/1/2025,4400
crear pagina de facebook,Canales,MX,8/1/2025,4400
crear pagina de facebook,Canales,MX,9/1/2025,4400
crear pagina de facebook,Canales,MX,10/1/2025,4400
crear pagina web,Página web,MX,8/1/2021,5400
crear pagina web,Página web,MX,9/1/2021,6600
crear pagina web,Página web,MX,10/1/2021,6600
crear pagina web,Página web,MX,11/1/2021,6600
crear pagina web,Página web,MX,12/1/2021,4400
crear pagina web,Página web,MX,1/1/2022,5400
crear pagina web,Página web,MX,2/1/2022,5400
crear pagina web,Página web,MX,3/1/2022,6600
crear pagina web,Página web,MX,4/1/2022,4400
crear pagina web,Página web,MX,5/1/2022,6600
crear pagina web,Página web,MX,6/1/2022,6600
crear pagina web,Página web,MX,7/1/2022,5400
crear pagina web,Página web,MX,8/1/2022,4400
crear pagina web,Página web,MX,9/1/2022,5400
crear pagina web,Página web,MX,10/1/2022,5400
crear pagina web,Página web,MX,11/1/2022,6600
crear pagina web,Página web,MX,12/1/2022,4400
crear pagina web,Página web,MX,1/1/2023,5400
crear pagina web,Página web,MX,2/1/2023,5400
crear pagina web,Página web,MX,3/1/2023,6600
crear pagina web,Página web,MX,4/1/2023,5400
crear pagina web,Página web,MX,5/1/2023,8100
crear pagina web,Página web,MX,6/1/2023,6600
crear pagina web,Página web,MX,7/1/2023,5400
crear pagina web,Página web,MX,8/1/2023,5400
crear pagina web,Página web,MX,9/1/2023,5400
crear pagina web,Página web,MX,10/1/2023,6600
crear pagina web,Página web,MX,11/1/2023,6600
crear pagina web,Página web,MX,12/1/2023,4400
crear pagina web,Página web,MX,1/1/2024,5400
crear pagina web,Página web,MX,2/1/2024,5400
crear pagina web,Página web,MX,3/1/2024,5400
crear pagina web,Página web,MX,4/1/2024,6600
crear pagina web,Página web,MX,5/1/2024,8100
crear pagina web,Página web,MX,6/1/2024,6600
crear pagina web,Página web,MX,7/1/2024,5400
crear pagina web,Página web,MX,8/1/2024,4400
crear pagina web,Página web,MX,9/1/2024,5400
crear pagina web,Página web,MX,10/1/2024,5400
crear pagina web,Página web,MX,11/1/2024,5400
crear pagina web,Página web,MX,12/1/2024,3600
crear pagina web,Página web,MX,1/1/2025,5400
crear pagina web,Página web,MX,2/1/2025,5400
crear pagina web,Página web,MX,3/1/2025,6600
crear pagina web,Página web,MX,4/1/2025,5400
crear pagina web,Página web,MX,5/1/2025,6600
crear pagina web,Página web,MX,6/1/2025,6600
crear pagina web,Página web,MX,7/1/2025,4400
crear pagina web,Página web,MX,8/1/2025,3600
crear pagina web,Página web,MX,9/1/2025,4400
crear pagina web,Página web,MX,10/1/2025,4400
crear tienda en linea,Tienda,MX,8/1/2021,260
crear tienda en linea,Tienda,MX,9/1/2021,260
crear tienda en linea,Tienda,MX,10/1/2021,210
crear tienda en linea,Tienda,MX,11/1/2021,260
crear tienda en linea,Tienda,MX,12/1/2021,170
crear tienda en linea,Tienda,MX,1/1/2022,210
crear tienda en linea,Tienda,MX,2/1/2022,210
crear tienda en linea,Tienda,MX,3/1/2022,210
crear tienda en linea,Tienda,MX,4/1/2022,210
crear tienda en linea,Tienda,MX,5/1/2022,210
crear tienda en linea,Tienda,MX,6/1/2022,210
crear tienda en linea,Tienda,MX,7/1/2022,170
crear tienda en linea,Tienda,MX,8/1/2022,210
crear tienda en linea,Tienda,MX,9/1/2022,260
crear tienda en linea,Tienda,MX,10/1/2022,260
crear tienda en linea,Tienda,MX,11/1/2022,210
crear tienda en linea,Tienda,MX,12/1/2022,210
crear tienda en linea,Tienda,MX,1/1/2023,260
crear tienda en linea,Tienda,MX,2/1/2023,210
crear tienda en linea,Tienda,MX,3/1/2023,260
crear tienda en linea,Tienda,MX,4/1/2023,210
crear tienda en linea,Tienda,MX,5/1/2023,210
crear tienda en linea,Tienda,MX,6/1/2023,210
crear tienda en linea,Tienda,MX,7/1/2023,170
crear tienda en linea,Tienda,MX,8/1/2023,210
crear tienda en linea,Tienda,MX,9/1/2023,260
crear tienda en linea,Tienda,MX,10/1/2023,260
crear tienda en linea,Tienda,MX,11/1/2023,210
crear tienda en linea,Tienda,MX,12/1/2023,210
crear tienda en linea,Tienda,MX,1/1/2024,260
crear tienda en linea,Tienda,MX,2/1/2024,210
crear tienda en linea,Tienda,MX,3/1/2024,210
crear tienda en linea,Tienda,MX,4/1/2024,210
crear tienda en linea,Tienda,MX,5/1/2024,260
crear tienda en linea,Tienda,MX,6/1/2024,210
crear tienda en linea,Tienda,MX,7/1/2024,320
crear tienda en linea,Tienda,MX,8/1/2024,170
crear tienda en linea,Tienda,MX,9/1/2024,260
crear tienda en linea,Tienda,MX,10/1/2024,170
crear tienda en linea,Tienda,MX,11/1/2024,210
crear tienda en linea,Tienda,MX,12/1/2024,170
crear tienda en linea,Tienda,MX,1/1/2025,260
crear tienda en linea,Tienda,MX,2/1/2025,320
crear tienda en linea,Tienda,MX,3/1/2025,320
crear tienda en linea,Tienda,MX,4/1/2025,260
crear tienda en linea,Tienda,MX,5/1/2025,210
crear tienda en linea,Tienda,MX,6/1/2025,170
crear tienda en linea,Tienda,MX,7/1/2025,210
crear tienda en linea,Tienda,MX,8/1/2025,170
crear tienda en linea,Tienda,MX,9/1/2025,170
crear tienda en linea,Tienda,MX,10/1/2025,170
crear tienda facebook,Canales,MX,8/1/2021,260
crear tienda facebook,Canales,MX,9/1/2021,260
crear tienda facebook,Canales,MX,10/1/2021,260
crear tienda facebook,Canales,MX,11/1/2021,260
crear tienda facebook,Canales,MX,12/1/2021,170
crear tienda facebook,Canales,MX,1/1/2022,210
crear tienda facebook,Canales,MX,2/1/2022,260
crear tienda facebook,Canales,MX,3/1/2022,210
crear tienda facebook,Canales,MX,4/1/2022,140
crear tienda facebook,Canales,MX,5/1/2022,170
crear tienda facebook,Canales,MX,6/1/2022,170
crear tienda facebook,Canales,MX,7/1/2022,210
crear tienda facebook,Canales,MX,8/1/2022,210
crear tienda facebook,Canales,MX,9/1/2022,260
crear tienda facebook,Canales,MX,10/1/2022,260
crear tienda facebook,Canales,MX,11/1/2022,260
crear tienda facebook,Canales,MX,12/1/2022,210
crear tienda facebook,Canales,MX,1/1/2023,320
crear tienda facebook,Canales,MX,2/1/2023,320
crear tienda facebook,Canales,MX,3/1/2023,260
crear tienda facebook,Canales,MX,4/1/2023,260
crear tienda facebook,Canales,MX,5/1/2023,260
crear tienda facebook,Canales,MX,6/1/2023,210
crear tienda facebook,Canales,MX,7/1/2023,260
crear tienda facebook,Canales,MX,8/1/2023,260
crear tienda facebook,Canales,MX,9/1/2023,210
crear tienda facebook,Canales,MX,10/1/2023,170
crear tienda facebook,Canales,MX,11/1/2023,210
crear tienda facebook,Canales,MX,12/1/2023,140
crear tienda facebook,Canales,MX,1/1/2024,210
crear tienda facebook,Canales,MX,2/1/2024,170
crear tienda facebook,Canales,MX,3/1/2024,140
crear tienda facebook,Canales,MX,4/1/2024,170
crear tienda facebook,Canales,MX,5/1/2024,110
crear tienda facebook,Canales,MX,6/1/2024,140
crear tienda facebook,Canales,MX,7/1/2024,140
crear tienda facebook,Canales,MX,8/1/2024,110
crear tienda facebook,Canales,MX,9/1/2024,90
crear tienda facebook,Canales,MX,10/1/2024,90
crear tienda facebook,Canales,MX,11/1/2024,90
crear tienda facebook,Canales,MX,12/1/2024,70
crear tienda facebook,Canales,MX,1/1/2025,110
crear tienda facebook,Canales,MX,2/1/2025,70
crear tienda facebook,Canales,MX,3/1/2025,110
crear tienda facebook,Canales,MX,4/1/2025,70
crear tienda facebook,Canales,MX,5/1/2025,90
crear tienda facebook,Canales,MX,6/1/2025,70
crear tienda facebook,Canales,MX,7/1/2025,50
crear tienda facebook,Canales,MX,8/1/2025,40
crear tienda facebook,Canales,MX,9/1/2025,30
crear tienda facebook,Canales,MX,10/1/2025,50
crear tienda instagram,Canales,MX,8/1/2021,10
crear tienda instagram,Canales,MX,9/1/2021,10
crear tienda instagram,Canales,MX,10/1/2021,10
crear tienda instagram,Canales,MX,11/1/2021,20
crear tienda instagram,Canales,MX,12/1/2021,10
crear tienda instagram,Canales,MX,1/1/2022,20
crear tienda instagram,Canales,MX,2/1/2022,10
crear tienda instagram,Canales,MX,3/1/2022,10
crear tienda instagram,Canales,MX,4/1/2022,10
crear tienda instagram,Canales,MX,5/1/2022,10
crear tienda instagram,Canales,MX,6/1/2022,10
crear tienda instagram,Canales,MX,7/1/2022,20
crear tienda instagram,Canales,MX,8/1/2022,20
crear tienda instagram,Canales,MX,9/1/2022,10
crear tienda instagram,Canales,MX,10/1/2022,10
crear tienda instagram,Canales,MX,11/1/2022,20
crear tienda instagram,Canales,MX,12/1/2022,10
crear tienda instagram,Canales,MX,1/1/2023,20
crear tienda instagram,Canales,MX,2/1/2023,10
crear tienda instagram,Canales,MX,3/1/2023,10
crear tienda instagram,Canales,MX,4/1/2023,10
crear tienda instagram,Canales,MX,5/1/2023,10
crear tienda instagram,Canales,MX,6/1/2023,10
crear tienda instagram,Canales,MX,7/1/2023,10
crear tienda instagram,Canales,MX,8/1/2023,10
crear tienda instagram,Canales,MX,9/1/2023,10
crear tienda instagram,Canales,MX,10/1/2023,10
crear tienda instagram,Canales,MX,11/1/2023,10
crear tienda instagram,Canales,MX,12/1/2023,10
crear tienda instagram,Canales,MX,1/1/2024,10
crear tienda instagram,Canales,MX,2/1/2024,10
crear tienda instagram,Canales,MX,3/1/2024,10
crear tienda instagram,Canales,MX,4/1/2024,10
crear tienda instagram,Canales,MX,5/1/2024,10
crear tienda instagram,Canales,MX,6/1/2024,20
crear tienda instagram,Canales,MX,7/1/2024,10
crear tienda instagram,Canales,MX,8/1/2024,10
crear tienda instagram,Canales,MX,9/1/2024,10
crear tienda instagram,Canales,MX,10/1/2024,10
crear tienda instagram,Canales,MX,11/1/2024,10
crear tienda instagram,Canales,MX,12/1/2024,10
crear tienda instagram,Canales,MX,1/1/2025,10
crear tienda instagram,Canales,MX,2/1/2025,10
crear tienda instagram,Canales,MX,3/1/2025,10
crear tienda instagram,Canales,MX,4/1/2025,10
crear tienda instagram,Canales,MX,5/1/2025,10
crear tienda instagram,Canales,MX,6/1/2025,10
crear tienda instagram,Canales,MX,7/1/2025,0
crear tienda instagram,Canales,MX,8/1/2025,10
crear tienda instagram,Canales,MX,9/1/2025,10
crear tienda instagram,Canales,MX,10/1/2025,10
crear tienda online,Tienda,MX,8/1/2021,720
crear tienda online,Tienda,MX,9/1/2021,590
crear tienda online,Tienda,MX,10/1/2021,590
crear tienda online,Tienda,MX,11/1/2021,590
crear tienda online,Tienda,MX,12/1/2021,590
crear tienda online,Tienda,MX,1/1/2022,1000
crear tienda online,Tienda,MX,2/1/2022,720
crear tienda online,Tienda,MX,3/1/2022,590
crear tienda online,Tienda,MX,4/1/2022,390
crear tienda online,Tienda,MX,5/1/2022,390
crear tienda online,Tienda,MX,6/1/2022,480
crear tienda online,Tienda,MX,7/1/2022,480
crear tienda online,Tienda,MX,8/1/2022,590
crear tienda online,Tienda,MX,9/1/2022,590
crear tienda online,Tienda,MX,10/1/2022,590
crear tienda online,Tienda,MX,11/1/2022,590
crear tienda online,Tienda,MX,12/1/2022,590
crear tienda online,Tienda,MX,1/1/2023,720
crear tienda online,Tienda,MX,2/1/2023,480
crear tienda online,Tienda,MX,3/1/2023,480
crear tienda online,Tienda,MX,4/1/2023,480
crear tienda online,Tienda,MX,5/1/2023,480
crear tienda online,Tienda,MX,6/1/2023,480
crear tienda online,Tienda,MX,7/1/2023,480
crear tienda online,Tienda,MX,8/1/2023,480
crear tienda online,Tienda,MX,9/1/2023,480
crear tienda online,Tienda,MX,10/1/2023,590
crear tienda online,Tienda,MX,11/1/2023,590
crear tienda online,Tienda,MX,12/1/2023,480
crear tienda online,Tienda,MX,1/1/2024,480
crear tienda online,Tienda,MX,2/1/2024,480
crear tienda online,Tienda,MX,3/1/2024,480
crear tienda online,Tienda,MX,4/1/2024,390
crear tienda online,Tienda,MX,5/1/2024,390
crear tienda online,Tienda,MX,6/1/2024,390
crear tienda online,Tienda,MX,7/1/2024,390
crear tienda online,Tienda,MX,8/1/2024,320
crear tienda online,Tienda,MX,9/1/2024,320
crear tienda online,Tienda,MX,10/1/2024,320
crear tienda online,Tienda,MX,11/1/2024,260
crear tienda online,Tienda,MX,12/1/2024,260
crear tienda online,Tienda,MX,1/1/2025,390
crear tienda online,Tienda,MX,2/1/2025,390
crear tienda online,Tienda,MX,3/1/2025,480
crear tienda online,Tienda,MX,4/1/2025,590
crear tienda online,Tienda,MX,5/1/2025,590
crear tienda online,Tienda,MX,6/1/2025,390
crear tienda online,Tienda,MX,7/1/2025,390
crear tienda online,Tienda,MX,8/1/2025,390
crear tienda online,Tienda,MX,9/1/2025,480
crear tienda online,Tienda,MX,10/1/2025,390
dropshipping,Drop,MX,8/1/2021,18100
dropshipping,Drop,MX,9/1/2021,14800
dropshipping,Drop,MX,10/1/2021,14800
dropshipping,Drop,MX,11/1/2021,33100
dropshipping,Drop,MX,12/1/2021,14800
dropshipping,Drop,MX,1/1/2022,18100
dropshipping,Drop,MX,2/1/2022,18100
dropshipping,Drop,MX,3/1/2022,18100
dropshipping,Drop,MX,4/1/2022,14800
dropshipping,Drop,MX,5/1/2022,22200
dropshipping,Drop,MX,6/1/2022,22200
dropshipping,Drop,MX,7/1/2022,22200
dropshipping,Drop,MX,8/1/2022,18100
dropshipping,Drop,MX,9/1/2022,14800
dropshipping,Drop,MX,10/1/2022,18100
dropshipping,Drop,MX,11/1/2022,18100
dropshipping,Drop,MX,12/1/2022,18100
dropshipping,Drop,MX,1/1/2023,33100
dropshipping,Drop,MX,2/1/2023,22200
dropshipping,Drop,MX,3/1/2023,22200
dropshipping,Drop,MX,4/1/2023,27100
dropshipping,Drop,MX,5/1/2023,27100
dropshipping,Drop,MX,6/1/2023,27100
dropshipping,Drop,MX,7/1/2023,33100
dropshipping,Drop,MX,8/1/2023,40500
dropshipping,Drop,MX,9/1/2023,27100
dropshipping,Drop,MX,10/1/2023,33100
dropshipping,Drop,MX,11/1/2023,22200
dropshipping,Drop,MX,12/1/2023,22200
dropshipping,Drop,MX,1/1/2024,27100
dropshipping,Drop,MX,2/1/2024,27100
dropshipping,Drop,MX,3/1/2024,22200
dropshipping,Drop,MX,4/1/2024,22200
dropshipping,Drop,MX,5/1/2024,22200
dropshipping,Drop,MX,6/1/2024,22200
dropshipping,Drop,MX,7/1/2024,27100
dropshipping,Drop,MX,8/1/2024,18100
dropshipping,Drop,MX,9/1/2024,18100
dropshipping,Drop,MX,10/1/2024,18100
dropshipping,Drop,MX,11/1/2024,14800
dropshipping,Drop,MX,12/1/2024,14800
dropshipping,Drop,MX,1/1/2025,22200
dropshipping,Drop,MX,2/1/2025,18100
dropshipping,Drop,MX,3/1/2025,18100
dropshipping,Drop,MX,4/1/2025,18100
dropshipping,Drop,MX,5/1/2025,14800
dropshipping,Drop,MX,6/1/2025,14800
dropshipping,Drop,MX,7/1/2025,14800
dropshipping,Drop,MX,8/1/2025,14800
dropshipping,Drop,MX,9/1/2025,14800
dropshipping,Drop,MX,10/1/2025,14800
ecommerce,Ecommerce,MX,8/1/2021,49500
ecommerce,Ecommerce,MX,9/1/2021,60500
ecommerce,Ecommerce,MX,10/1/2021,60500
ecommerce,Ecommerce,MX,11/1/2021,49500
ecommerce,Ecommerce,MX,12/1/2021,33100
ecommerce,Ecommerce,MX,1/1/2022,40500
ecommerce,Ecommerce,MX,2/1/2022,49500
ecommerce,Ecommerce,MX,3/1/2022,49500
ecommerce,Ecommerce,MX,4/1/2022,40500
ecommerce,Ecommerce,MX,5/1/2022,49500
ecommerce,Ecommerce,MX,6/1/2022,40500
ecommerce,Ecommerce,MX,7/1/2022,33100
ecommerce,Ecommerce,MX,8/1/2022,49500
ecommerce,Ecommerce,MX,9/1/2022,49500
ecommerce,Ecommerce,MX,10/1/2022,49500
ecommerce,Ecommerce,MX,11/1/2022,40500
ecommerce,Ecommerce,MX,12/1/2022,27100
ecommerce,Ecommerce,MX,1/1/2023,40500
ecommerce,Ecommerce,MX,2/1/2023,40500
ecommerce,Ecommerce,MX,3/1/2023,49500
ecommerce,Ecommerce,MX,4/1/2023,33100
ecommerce,Ecommerce,MX,5/1/2023,49500
ecommerce,Ecommerce,MX,6/1/2023,40500
ecommerce,Ecommerce,MX,7/1/2023,33100
ecommerce,Ecommerce,MX,8/1/2023,40500
ecommerce,Ecommerce,MX,9/1/2023,49500
ecommerce,Ecommerce,MX,10/1/2023,40500
ecommerce,Ecommerce,MX,11/1/2023,40500
ecommerce,Ecommerce,MX,12/1/2023,27100
ecommerce,Ecommerce,MX,1/1/2024,40500
ecommerce,Ecommerce,MX,2/1/2024,40500
ecommerce,Ecommerce,MX,3/1/2024,40500
ecommerce,Ecommerce,MX,4/1/2024,40500
ecommerce,Ecommerce,MX,5/1/2024,49500
ecommerce,Ecommerce,MX,6/1/2024,40500
ecommerce,Ecommerce,MX,7/1/2024,40500
ecommerce,Ecommerce,MX,8/1/2024,40500
ecommerce,Ecommerce,MX,9/1/2024,40500
ecommerce,Ecommerce,MX,10/1/2024,40500
ecommerce,Ecommerce,MX,11/1/2024,40500
ecommerce,Ecommerce,MX,12/1/2024,22200
ecommerce,Ecommerce,MX,1/1/2025,33100
ecommerce,Ecommerce,MX,2/1/2025,33100
ecommerce,Ecommerce,MX,3/1/2025,33100
ecommerce,Ecommerce,MX,4/1/2025,33100
ecommerce,Ecommerce,MX,5/1/2025,33100
ecommerce,Ecommerce,MX,6/1/2025,33100
ecommerce,Ecommerce,MX,7/1/2025,27100
ecommerce,Ecommerce,MX,8/1/2025,33100
ecommerce,Ecommerce,MX,9/1/2025,40500
ecommerce,Ecommerce,MX,10/1/2025,49500
ecwid,Branded,MX,8/1/2021,2400
ecwid,Branded,MX,9/1/2021,2400
ecwid,Branded,MX,10/1/2021,2400
ecwid,Branded,MX,11/1/2021,2400
ecwid,Branded,MX,12/1/2021,1900
ecwid,Branded,MX,1/1/2022,1900
ecwid,Branded,MX,2/1/2022,2400
ecwid,Branded,MX,3/1/2022,2400
ecwid,Branded,MX,4/1/2022,1900
ecwid,Branded,MX,5/1/2022,2400
ecwid,Branded,MX,6/1/2022,1900
ecwid,Branded,MX,7/1/2022,1900
ecwid,Branded,MX,8/1/2022,1900
ecwid,Branded,MX,9/1/2022,1900
ecwid,Branded,MX,10/1/2022,1900
ecwid,Branded,MX,11/1/2022,1900
ecwid,Branded,MX,12/1/2022,1300
ecwid,Branded,MX,1/1/2023,1900
ecwid,Branded,MX,2/1/2023,1900
ecwid,Branded,MX,3/1/2023,2400
ecwid,Branded,MX,4/1/2023,1900
ecwid,Branded,MX,5/1/2023,2400
ecwid,Branded,MX,6/1/2023,1900
ecwid,Branded,MX,7/1/2023,1600
ecwid,Branded,MX,8/1/2023,1300
ecwid,Branded,MX,9/1/2023,1300
ecwid,Branded,MX,10/1/2023,1600
ecwid,Branded,MX,11/1/2023,1900
ecwid,Branded,MX,12/1/2023,1300
ecwid,Branded,MX,1/1/2024,1600
ecwid,Branded,MX,2/1/2024,1600
ecwid,Branded,MX,3/1/2024,1600
ecwid,Branded,MX,4/1/2024,1600
ecwid,Branded,MX,5/1/2024,1900
ecwid,Branded,MX,6/1/2024,1300
ecwid,Branded,MX,7/1/2024,1000
ecwid,Branded,MX,8/1/2024,1300
ecwid,Branded,MX,9/1/2024,1300
ecwid,Branded,MX,10/1/2024,1300
ecwid,Branded,MX,11/1/2024,1300
ecwid,Branded,MX,12/1/2024,1000
ecwid,Branded,MX,1/1/2025,1000
ecwid,Branded,MX,2/1/2025,1000
ecwid,Branded,MX,3/1/2025,1600
ecwid,Branded,MX,4/1/2025,1000
ecwid,Branded,MX,5/1/2025,1000
ecwid,Branded,MX,6/1/2025,1000
ecwid,Branded,MX,7/1/2025,880
ecwid,Branded,MX,8/1/2025,880
ecwid,Branded,MX,9/1/2025,880
ecwid,Branded,MX,10/1/2025,1000
elektra,Marketplace,MX,8/1/2021,1000000
elektra,Marketplace,MX,9/1/2021,1000000
elektra,Marketplace,MX,10/1/2021,1000000
elektra,Marketplace,MX,11/1/2021,1830000
elektra,Marketplace,MX,12/1/2021,1220000
elektra,Marketplace,MX,1/1/2022,1000000
elektra,Marketplace,MX,2/1/2022,823000
elektra,Marketplace,MX,3/1/2022,823000
elektra,Marketplace,MX,4/1/2022,823000
elektra,Marketplace,MX,5/1/2022,1220000
elektra,Marketplace,MX,6/1/2022,823000
elektra,Marketplace,MX,7/1/2022,1000000
elektra,Marketplace,MX,8/1/2022,1000000
elektra,Marketplace,MX,9/1/2022,1000000
elektra,Marketplace,MX,10/1/2022,1000000
elektra,Marketplace,MX,11/1/2022,1830000
elektra,Marketplace,MX,12/1/2022,1220000
elektra,Marketplace,MX,1/1/2023,1220000
elektra,Marketplace,MX,2/1/2023,1000000
elektra,Marketplace,MX,3/1/2023,1000000
elektra,Marketplace,MX,4/1/2023,1500000
elektra,Marketplace,MX,5/1/2023,1500000
elektra,Marketplace,MX,6/1/2023,1500000
elektra,Marketplace,MX,7/1/2023,1220000
elektra,Marketplace,MX,8/1/2023,1220000
elektra,Marketplace,MX,9/1/2023,1220000
elektra,Marketplace,MX,10/1/2023,1500000
elektra,Marketplace,MX,11/1/2023,2240000
elektra,Marketplace,MX,12/1/2023,2240000
elektra,Marketplace,MX,1/1/2024,1830000
elektra,Marketplace,MX,2/1/2024,1500000
elektra,Marketplace,MX,3/1/2024,1500000
elektra,Marketplace,MX,4/1/2024,1500000
elektra,Marketplace,MX,5/1/2024,1500000
elektra,Marketplace,MX,6/1/2024,1500000
elektra,Marketplace,MX,7/1/2024,1220000
elektra,Marketplace,MX,8/1/2024,1500000
elektra,Marketplace,MX,9/1/2024,1500000
elektra,Marketplace,MX,10/1/2024,1500000
elektra,Marketplace,MX,11/1/2024,2740000
elektra,Marketplace,MX,12/1/2024,1830000
elektra,Marketplace,MX,1/1/2025,1500000
elektra,Marketplace,MX,2/1/2025,1220000
elektra,Marketplace,MX,3/1/2025,1500000
elektra,Marketplace,MX,4/1/2025,1500000
elektra,Marketplace,MX,5/1/2025,2240000
elektra,Marketplace,MX,6/1/2025,1500000
elektra,Marketplace,MX,7/1/2025,1500000
elektra,Marketplace,MX,8/1/2025,1500000
elektra,Marketplace,MX,9/1/2025,1500000
elektra,Marketplace,MX,10/1/2025,1500000
hacer una pagina de ventas,Página web,MX,8/1/2021,10
hacer una pagina de ventas,Página web,MX,9/1/2021,10
hacer una pagina de ventas,Página web,MX,10/1/2021,10
hacer una pagina de ventas,Página web,MX,11/1/2021,10
hacer una pagina de ventas,Página web,MX,12/1/2021,10
hacer una pagina de ventas,Página web,MX,1/1/2022,10
hacer una pagina de ventas,Página web,MX,2/1/2022,10
hacer una pagina de ventas,Página web,MX,3/1/2022,10
hacer una pagina de ventas,Página web,MX,4/1/2022,10
hacer una pagina de ventas,Página web,MX,5/1/2022,10
hacer una pagina de ventas,Página web,MX,6/1/2022,10
hacer una pagina de ventas,Página web,MX,7/1/2022,10
hacer una pagina de ventas,Página web,MX,8/1/2022,10
hacer una pagina de ventas,Página web,MX,9/1/2022,10
hacer una pagina de ventas,Página web,MX,10/1/2022,10
hacer una pagina de ventas,Página web,MX,11/1/2022,10
hacer una pagina de ventas,Página web,MX,12/1/2022,10
hacer una pagina de ventas,Página web,MX,1/1/2023,10
hacer una pagina de ventas,Página web,MX,2/1/2023,10
hacer una pagina de ventas,Página web,MX,3/1/2023,10
hacer una pagina de ventas,Página web,MX,4/1/2023,10
hacer una pagina de ventas,Página web,MX,5/1/2023,10
hacer una pagina de ventas,Página web,MX,6/1/2023,10
hacer una pagina de ventas,Página web,MX,7/1/2023,10
hacer una pagina de ventas,Página web,MX,8/1/2023,10
hacer una pagina de ventas,Página web,MX,9/1/2023,10
hacer una pagina de ventas,Página web,MX,10/1/2023,10
hacer una pagina de ventas,Página web,MX,11/1/2023,10
hacer una pagina de ventas,Página web,MX,12/1/2023,10
hacer una pagina de ventas,Página web,MX,1/1/2024,10
hacer una pagina de ventas,Página web,MX,2/1/2024,0
hacer una pagina de ventas,Página web,MX,3/1/2024,10
hacer una pagina de ventas,Página web,MX,4/1/2024,10
hacer una pagina de ventas,Página web,MX,5/1/2024,10
hacer una pagina de ventas,Página web,MX,6/1/2024,10
hacer una pagina de ventas,Página web,MX,7/1/2024,10
hacer una pagina de ventas,Página web,MX,8/1/2024,10
hacer una pagina de ventas,Página web,MX,9/1/2024,10
hacer una pagina de ventas,Página web,MX,10/1/2024,10
hacer una pagina de ventas,Página web,MX,11/1/2024,10
hacer una pagina de ventas,Página web,MX,12/1/2024,10
hacer una pagina de ventas,Página web,MX,1/1/2025,10
hacer una pagina de ventas,Página web,MX,2/1/2025,10
hacer una pagina de ventas,Página web,MX,3/1/2025,10
hacer una pagina de ventas,Página web,MX,4/1/2025,10
hacer una pagina de ventas,Página web,MX,5/1/2025,10
hacer una pagina de ventas,Página web,MX,6/1/2025,10
hacer una pagina de ventas,Página web,MX,7/1/2025,10
hacer una pagina de ventas,Página web,MX,8/1/2025,10
hacer una pagina de ventas,Página web,MX,9/1/2025,10
hacer una pagina de ventas,Página web,MX,10/1/2025,10
kichink,Branded,MX,8/1/2021,4400
kichink,Branded,MX,9/1/2021,3600
kichink,Branded,MX,10/1/2021,4400
kichink,Branded,MX,11/1/2021,3600
kichink,Branded,MX,12/1/2021,2900
kichink,Branded,MX,1/1/2022,2400
kichink,Branded,MX,2/1/2022,2400
kichink,Branded,MX,3/1/2022,2400
kichink,Branded,MX,4/1/2022,1900
kichink,Branded,MX,5/1/2022,1900
kichink,Branded,MX,6/1/2022,1600
kichink,Branded,MX,7/1/2022,1600
kichink,Branded,MX,8/1/2022,1900
kichink,Branded,MX,9/1/2022,1600
kichink,Branded,MX,10/1/2022,1600
kichink,Branded,MX,11/1/2022,2400
kichink,Branded,MX,12/1/2022,1600
kichink,Branded,MX,1/1/2023,1600
kichink,Branded,MX,2/1/2023,1300
kichink,Branded,MX,3/1/2023,1300
kichink,Branded,MX,4/1/2023,1300
kichink,Branded,MX,5/1/2023,1300
kichink,Branded,MX,6/1/2023,1000
kichink,Branded,MX,7/1/2023,880
kichink,Branded,MX,8/1/2023,1000
kichink,Branded,MX,9/1/2023,1000
kichink,Branded,MX,10/1/2023,1000
kichink,Branded,MX,11/1/2023,1300
kichink,Branded,MX,12/1/2023,1300
kichink,Branded,MX,1/1/2024,1300
kichink,Branded,MX,2/1/2024,1300
kichink,Branded,MX,3/1/2024,1300
kichink,Branded,MX,4/1/2024,1300
kichink,Branded,MX,5/1/2024,1600
kichink,Branded,MX,6/1/2024,1300
kichink,Branded,MX,7/1/2024,1000
kichink,Branded,MX,8/1/2024,1300
kichink,Branded,MX,9/1/2024,1300
kichink,Branded,MX,10/1/2024,1300
kichink,Branded,MX,11/1/2024,1300
kichink,Branded,MX,12/1/2024,1000
kichink,Branded,MX,1/1/2025,1000
kichink,Branded,MX,2/1/2025,880
kichink,Branded,MX,3/1/2025,1300
kichink,Branded,MX,4/1/2025,1300
kichink,Branded,MX,5/1/2025,2400
kichink,Branded,MX,6/1/2025,2400
kichink,Branded,MX,7/1/2025,2900
kichink,Branded,MX,8/1/2025,1900
kichink,Branded,MX,9/1/2025,2900
kichink,Branded,MX,10/1/2025,1900
linio,Marketplace,MX,8/1/2021,110000
linio,Marketplace,MX,9/1/2021,110000
linio,Marketplace,MX,10/1/2021,110000
linio,Marketplace,MX,11/1/2021,201000
linio,Marketplace,MX,12/1/2021,135000
linio,Marketplace,MX,1/1/2022,110000
linio,Marketplace,MX,2/1/2022,74000
linio,Marketplace,MX,3/1/2022,90500
linio,Marketplace,MX,4/1/2022,90500
linio,Marketplace,MX,5/1/2022,246000
linio,Marketplace,MX,6/1/2022,110000
linio,Marketplace,MX,7/1/2022,90500
linio,Marketplace,MX,8/1/2022,110000
linio,Marketplace,MX,9/1/2022,90500
linio,Marketplace,MX,10/1/2022,90500
linio,Marketplace,MX,11/1/2022,246000
linio,Marketplace,MX,12/1/2022,135000
linio,Marketplace,MX,1/1/2023,110000
linio,Marketplace,MX,2/1/2023,90500
linio,Marketplace,MX,3/1/2023,110000
linio,Marketplace,MX,4/1/2023,90500
linio,Marketplace,MX,5/1/2023,135000
linio,Marketplace,MX,6/1/2023,135000
linio,Marketplace,MX,7/1/2023,74000
linio,Marketplace,MX,8/1/2023,60500
linio,Marketplace,MX,9/1/2023,60500
linio,Marketplace,MX,10/1/2023,74000
linio,Marketplace,MX,11/1/2023,135000
linio,Marketplace,MX,12/1/2023,90500
linio,Marketplace,MX,1/1/2024,60500
linio,Marketplace,MX,2/1/2024,49500
linio,Marketplace,MX,3/1/2024,60500
linio,Marketplace,MX,4/1/2024,60500
linio,Marketplace,MX,5/1/2024,40500
linio,Marketplace,MX,6/1/2024,22200
linio,Marketplace,MX,7/1/2024,22200
linio,Marketplace,MX,8/1/2024,14800
linio,Marketplace,MX,9/1/2024,14800
linio,Marketplace,MX,10/1/2024,12100
linio,Marketplace,MX,11/1/2024,14800
linio,Marketplace,MX,12/1/2024,9900
linio,Marketplace,MX,1/1/2025,9900
linio,Marketplace,MX,2/1/2025,8100
linio,Marketplace,MX,3/1/2025,8100
linio,Marketplace,MX,4/1/2025,6600
linio,Marketplace,MX,5/1/2025,8100
linio,Marketplace,MX,6/1/2025,6600
linio,Marketplace,MX,7/1/2025,6600
linio,Marketplace,MX,8/1/2025,5400
linio,Marketplace,MX,9/1/2025,5400
linio,Marketplace,MX,10/1/2025,4400
liverpool,Marketplace,MX,8/1/2021,4090000
liverpool,Marketplace,MX,9/1/2021,4090000
liverpool,Marketplace,MX,10/1/2021,5000000
liverpool,Marketplace,MX,11/1/2021,7480000
liverpool,Marketplace,MX,12/1/2021,6120000
liverpool,Marketplace,MX,1/1/2022,5000000
liverpool,Marketplace,MX,2/1/2022,3350000
liverpool,Marketplace,MX,3/1/2022,4090000
liverpool,Marketplace,MX,4/1/2022,4090000
liverpool,Marketplace,MX,5/1/2022,5000000
liverpool,Marketplace,MX,6/1/2022,4090000
liverpool,Marketplace,MX,7/1/2022,4090000
liverpool,Marketplace,MX,8/1/2022,4090000
liverpool,Marketplace,MX,9/1/2022,4090000
liverpool,Marketplace,MX,10/1/2022,5000000
liverpool,Marketplace,MX,11/1/2022,6120000
liverpool,Marketplace,MX,12/1/2022,6120000
liverpool,Marketplace,MX,1/1/2023,5000000
liverpool,Marketplace,MX,2/1/2023,3350000
liverpool,Marketplace,MX,3/1/2023,3350000
liverpool,Marketplace,MX,4/1/2023,3350000
liverpool,Marketplace,MX,5/1/2023,4090000
liverpool,Marketplace,MX,6/1/2023,4090000
liverpool,Marketplace,MX,7/1/2023,4090000
liverpool,Marketplace,MX,8/1/2023,3350000
liverpool,Marketplace,MX,9/1/2023,3350000
liverpool,Marketplace,MX,10/1/2023,4090000
liverpool,Marketplace,MX,11/1/2023,7480000
liverpool,Marketplace,MX,12/1/2023,7480000
liverpool,Marketplace,MX,1/1/2024,5000000
liverpool,Marketplace,MX,2/1/2024,4090000
liverpool,Marketplace,MX,3/1/2024,4090000
liverpool,Marketplace,MX,4/1/2024,4090000
liverpool,Marketplace,MX,5/1/2024,4090000
liverpool,Marketplace,MX,6/1/2024,4090000
liverpool,Marketplace,MX,7/1/2024,4090000
liverpool,Marketplace,MX,8/1/2024,4090000
liverpool,Marketplace,MX,9/1/2024,4090000
liverpool,Marketplace,MX,10/1/2024,5000000
liverpool,Marketplace,MX,11/1/2024,7480000
liverpool,Marketplace,MX,12/1/2024,6120000
liverpool,Marketplace,MX,1/1/2025,5000000
liverpool,Marketplace,MX,2/1/2025,3350000
liverpool,Marketplace,MX,3/1/2025,4090000
liverpool,Marketplace,MX,4/1/2025,4090000
liverpool,Marketplace,MX,5/1/2025,5000000
liverpool,Marketplace,MX,6/1/2025,4090000
liverpool,Marketplace,MX,7/1/2025,4090000
liverpool,Marketplace,MX,8/1/2025,4090000
liverpool,Marketplace,MX,9/1/2025,4090000
liverpool,Marketplace,MX,10/1/2025,4090000
magento,Branded,MX,8/1/2021,3600
magento,Branded,MX,9/1/2021,5400
magento,Branded,MX,10/1/2021,4400
magento,Branded,MX,11/1/2021,4400
magento,Branded,MX,12/1/2021,2900
magento,Branded,MX,1/1/2022,2900
magento,Branded,MX,2/1/2022,4400
magento,Branded,MX,3/1/2022,4400
magento,Branded,MX,4/1/2022,2900
magento,Branded,MX,5/1/2022,3600
magento,Branded,MX,6/1/2022,2900
magento,Branded,MX,7/1/2022,2900
magento,Branded,MX,8/1/2022,2900
magento,Branded,MX,9/1/2022,3600
magento,Branded,MX,10/1/2022,3600
magento,Branded,MX,11/1/2022,3600
magento,Branded,MX,12/1/2022,1900
magento,Branded,MX,1/1/2023,2400
magento,Branded,MX,2/1/2023,2900
magento,Branded,MX,3/1/2023,3600
magento,Branded,MX,4/1/2023,2400
magento,Branded,MX,5/1/2023,2900
magento,Branded,MX,6/1/2023,2900
magento,Branded,MX,7/1/2023,1900
magento,Branded,MX,8/1/2023,2400
magento,Branded,MX,9/1/2023,2900
magento,Branded,MX,10/1/2023,3600
magento,Branded,MX,11/1/2023,2900
magento,Branded,MX,12/1/2023,1600
magento,Branded,MX,1/1/2024,2400
magento,Branded,MX,2/1/2024,2900
magento,Branded,MX,3/1/2024,2400
magento,Branded,MX,4/1/2024,2400
magento,Branded,MX,5/1/2024,2900
magento,Branded,MX,6/1/2024,2400
magento,Branded,MX,7/1/2024,1900
magento,Branded,MX,8/1/2024,1900
magento,Branded,MX,9/1/2024,2900
magento,Branded,MX,10/1/2024,2900
magento,Branded,MX,11/1/2024,1900
magento,Branded,MX,12/1/2024,1300
magento,Branded,MX,1/1/2025,1600
magento,Branded,MX,2/1/2025,1900
magento,Branded,MX,3/1/2025,2400
magento,Branded,MX,4/1/2025,1600
magento,Branded,MX,5/1/2025,1600
magento,Branded,MX,6/1/2025,1600
magento,Branded,MX,7/1/2025,1300
magento,Branded,MX,8/1/2025,1300
magento,Branded,MX,9/1/2025,1600
magento,Branded,MX,10/1/2025,1600
mercado libre,Marketplace,MX,8/1/2021,13600000
mercado libre,Marketplace,MX,9/1/2021,13600000
mercado libre,Marketplace,MX,10/1/2021,13600000
mercado libre,Marketplace,MX,11/1/2021,13600000
mercado libre,Marketplace,MX,12/1/2021,13600000
mercado libre,Marketplace,MX,1/1/2022,13600000
mercado libre,Marketplace,MX,2/1/2022,11100000
mercado libre,Marketplace,MX,3/1/2022,13600000
mercado libre,Marketplace,MX,4/1/2022,11100000
mercado libre,Marketplace,MX,5/1/2022,11100000
mercado libre,Marketplace,MX,6/1/2022,11100000
mercado libre,Marketplace,MX,7/1/2022,11100000
mercado libre,Marketplace,MX,8/1/2022,13600000
mercado libre,Marketplace,MX,9/1/2022,11100000
mercado libre,Marketplace,MX,10/1/2022,11100000
mercado libre,Marketplace,MX,11/1/2022,13600000
mercado libre,Marketplace,MX,12/1/2022,13600000
mercado libre,Marketplace,MX,1/1/2023,13600000
mercado libre,Marketplace,MX,2/1/2023,11100000
mercado libre,Marketplace,MX,3/1/2023,11100000
mercado libre,Marketplace,MX,4/1/2023,11100000
mercado libre,Marketplace,MX,5/1/2023,13600000
mercado libre,Marketplace,MX,6/1/2023,11100000
mercado libre,Marketplace,MX,7/1/2023,11100000
mercado libre,Marketplace,MX,8/1/2023,11100000
mercado libre,Marketplace,MX,9/1/2023,11100000
mercado libre,Marketplace,MX,10/1/2023,11100000
mercado libre,Marketplace,MX,11/1/2023,13600000
mercado libre,Marketplace,MX,12/1/2023,13600000
mercado libre,Marketplace,MX,1/1/2024,13600000
mercado libre,Marketplace,MX,2/1/2024,11100000
mercado libre,Marketplace,MX,3/1/2024,11100000
mercado libre,Marketplace,MX,4/1/2024,11100000
mercado libre,Marketplace,MX,5/1/2024,11100000
mercado libre,Marketplace,MX,6/1/2024,11100000
mercado libre,Marketplace,MX,7/1/2024,11100000
mercado libre,Marketplace,MX,8/1/2024,11100000
mercado libre,Marketplace,MX,9/1/2024,11100000
mercado libre,Marketplace,MX,10/1/2024,11100000
mercado libre,Marketplace,MX,11/1/2024,13600000
mercado libre,Marketplace,MX,12/1/2024,13600000
mercado libre,Marketplace,MX,1/1/2025,13600000
mercado libre,Marketplace,MX,2/1/2025,11100000
mercado libre,Marketplace,MX,3/1/2025,11100000
mercado libre,Marketplace,MX,4/1/2025,11100000
mercado libre,Marketplace,MX,5/1/2025,13600000
mercado libre,Marketplace,MX,6/1/2025,11100000
mercado libre,Marketplace,MX,7/1/2025,11100000
mercado libre,Marketplace,MX,8/1/2025,11100000
mercado libre,Marketplace,MX,9/1/2025,11100000
mercado libre,Marketplace,MX,10/1/2025,11100000
mercadoshops,Branded,MX,8/1/2021,1900
mercadoshops,Branded,MX,9/1/2021,2400
mercadoshops,Branded,MX,10/1/2021,4400
mercadoshops,Branded,MX,11/1/2021,4400
mercadoshops,Branded,MX,12/1/2021,3600
mercadoshops,Branded,MX,1/1/2022,4400
mercadoshops,Branded,MX,2/1/2022,4400
mercadoshops,Branded,MX,3/1/2022,4400
mercadoshops,Branded,MX,4/1/2022,3600
mercadoshops,Branded,MX,5/1/2022,3600
mercadoshops,Branded,MX,6/1/2022,3600
mercadoshops,Branded,MX,7/1/2022,4400
mercadoshops,Branded,MX,8/1/2022,3600
mercadoshops,Branded,MX,9/1/2022,3600
mercadoshops,Branded,MX,10/1/2022,3600
mercadoshops,Branded,MX,11/1/2022,3600
mercadoshops,Branded,MX,12/1/2022,2900
mercadoshops,Branded,MX,1/1/2023,2900
mercadoshops,Branded,MX,2/1/2023,2900
mercadoshops,Branded,MX,3/1/2023,2900
mercadoshops,Branded,MX,4/1/2023,2400
mercadoshops,Branded,MX,5/1/2023,2400
mercadoshops,Branded,MX,6/1/2023,2400
mercadoshops,Branded,MX,7/1/2023,2400
mercadoshops,Branded,MX,8/1/2023,2400
mercadoshops,Branded,MX,9/1/2023,1900
mercadoshops,Branded,MX,10/1/2023,1900
mercadoshops,Branded,MX,11/1/2023,1900
mercadoshops,Branded,MX,12/1/2023,1900
mercadoshops,Branded,MX,1/1/2024,1900
mercadoshops,Branded,MX,2/1/2024,1900
mercadoshops,Branded,MX,3/1/2024,1900
mercadoshops,Branded,MX,4/1/2024,1600
mercadoshops,Branded,MX,5/1/2024,2400
mercadoshops,Branded,MX,6/1/2024,1600
mercadoshops,Branded,MX,7/1/2024,1600
mercadoshops,Branded,MX,8/1/2024,1600
mercadoshops,Branded,MX,9/1/2024,1300
mercadoshops,Branded,MX,10/1/2024,1300
mercadoshops,Branded,MX,11/1/2024,1000
mercadoshops,Branded,MX,12/1/2024,1000
mercadoshops,Branded,MX,1/1/2025,1300
mercadoshops,Branded,MX,2/1/2025,1000
mercadoshops,Branded,MX,3/1/2025,880
mercadoshops,Branded,MX,4/1/2025,880
mercadoshops,Branded,MX,5/1/2025,720
mercadoshops,Branded,MX,6/1/2025,720
mercadoshops,Branded,MX,7/1/2025,590
mercadoshops,Branded,MX,8/1/2025,480
mercadoshops,Branded,MX,9/1/2025,390
mercadoshops,Branded,MX,10/1/2025,320
plataforma de ecommerce,Ecommerce,MX,8/1/2021,320
plataforma de ecommerce,Ecommerce,MX,9/1/2021,480
plataforma de ecommerce,Ecommerce,MX,10/1/2021,590
plataforma de ecommerce,Ecommerce,MX,11/1/2021,390
plataforma de ecommerce,Ecommerce,MX,12/1/2021,260
plataforma de ecommerce,Ecommerce,MX,1/1/2022,320
plataforma de ecommerce,Ecommerce,MX,2/1/2022,390
plataforma de ecommerce,Ecommerce,MX,3/1/2022,720
plataforma de ecommerce,Ecommerce,MX,4/1/2022,480
plataforma de ecommerce,Ecommerce,MX,5/1/2022,590
plataforma de ecommerce,Ecommerce,MX,6/1/2022,480
plataforma de ecommerce,Ecommerce,MX,7/1/2022,320
plataforma de ecommerce,Ecommerce,MX,8/1/2022,320
plataforma de ecommerce,Ecommerce,MX,9/1/2022,480
plataforma de ecommerce,Ecommerce,MX,10/1/2022,390
plataforma de ecommerce,Ecommerce,MX,11/1/2022,320
plataforma de ecommerce,Ecommerce,MX,12/1/2022,140
plataforma de ecommerce,Ecommerce,MX,1/1/2023,260
plataforma de ecommerce,Ecommerce,MX,2/1/2023,480
plataforma de ecommerce,Ecommerce,MX,3/1/2023,720
plataforma de ecommerce,Ecommerce,MX,4/1/2023,480
plataforma de ecommerce,Ecommerce,MX,5/1/2023,590
plataforma de ecommerce,Ecommerce,MX,6/1/2023,480
plataforma de ecommerce,Ecommerce,MX,7/1/2023,210
plataforma de ecommerce,Ecommerce,MX,8/1/2023,320
plataforma de ecommerce,Ecommerce,MX,9/1/2023,590
plataforma de ecommerce,Ecommerce,MX,10/1/2023,590
plataforma de ecommerce,Ecommerce,MX,11/1/2023,480
plataforma de ecommerce,Ecommerce,MX,12/1/2023,210
plataforma de ecommerce,Ecommerce,MX,1/1/2024,320
plataforma de ecommerce,Ecommerce,MX,2/1/2024,590
plataforma de ecommerce,Ecommerce,MX,3/1/2024,590
plataforma de ecommerce,Ecommerce,MX,4/1/2024,590
plataforma de ecommerce,Ecommerce,MX,5/1/2024,720
plataforma de ecommerce,Ecommerce,MX,6/1/2024,590
plataforma de ecommerce,Ecommerce,MX,7/1/2024,320
plataforma de ecommerce,Ecommerce,MX,8/1/2024,390
plataforma de ecommerce,Ecommerce,MX,9/1/2024,590
plataforma de ecommerce,Ecommerce,MX,10/1/2024,880
plataforma de ecommerce,Ecommerce,MX,11/1/2024,480
plataforma de ecommerce,Ecommerce,MX,12/1/2024,320
plataforma de ecommerce,Ecommerce,MX,1/1/2025,390
plataforma de ecommerce,Ecommerce,MX,2/1/2025,720
plataforma de ecommerce,Ecommerce,MX,3/1/2025,720
plataforma de ecommerce,Ecommerce,MX,4/1/2025,480
plataforma de ecommerce,Ecommerce,MX,5/1/2025,590
plataforma de ecommerce,Ecommerce,MX,6/1/2025,480
plataforma de ecommerce,Ecommerce,MX,7/1/2025,320
plataforma de ecommerce,Ecommerce,MX,8/1/2025,320
plataforma de ecommerce,Ecommerce,MX,9/1/2025,390
plataforma de ecommerce,Ecommerce,MX,10/1/2025,390
prestashop,Branded,MX,8/1/2021,3600
prestashop,Branded,MX,9/1/2021,4400
prestashop,Branded,MX,10/1/2021,4400
prestashop,Branded,MX,11/1/2021,3600
prestashop,Branded,MX,12/1/2021,2900
prestashop,Branded,MX,1/1/2022,2900
prestashop,Branded,MX,2/1/2022,3600
prestashop,Branded,MX,3/1/2022,4400
prestashop,Branded,MX,4/1/2022,2900
prestashop,Branded,MX,5/1/2022,3600
prestashop,Branded,MX,6/1/2022,3600
prestashop,Branded,MX,7/1/2022,2400
prestashop,Branded,MX,8/1/2022,2900
prestashop,Branded,MX,9/1/2022,3600
prestashop,Branded,MX,10/1/2022,3600
prestashop,Branded,MX,11/1/2022,3600
prestashop,Branded,MX,12/1/2022,1900
prestashop,Branded,MX,1/1/2023,2400
prestashop,Branded,MX,2/1/2023,2900
prestashop,Branded,MX,3/1/2023,3600
prestashop,Branded,MX,4/1/2023,2400
prestashop,Branded,MX,5/1/2023,2900
prestashop,Branded,MX,6/1/2023,2900
prestashop,Branded,MX,7/1/2023,1900
prestashop,Branded,MX,8/1/2023,1900
prestashop,Branded,MX,9/1/2023,2900
prestashop,Branded,MX,10/1/2023,2900
prestashop,Branded,MX,11/1/2023,2900
prestashop,Branded,MX,12/1/2023,1600
prestashop,Branded,MX,1/1/2024,2400
prestashop,Branded,MX,2/1/2024,2900
prestashop,Branded,MX,3/1/2024,2900
prestashop,Branded,MX,4/1/2024,2900
prestashop,Branded,MX,5/1/2024,2900
prestashop,Branded,MX,6/1/2024,2400
prestashop,Branded,MX,7/1/2024,1900
prestashop,Branded,MX,8/1/2024,1900
prestashop,Branded,MX,9/1/2024,2900
prestashop,Branded,MX,10/1/2024,2400
prestashop,Branded,MX,11/1/2024,1900
prestashop,Branded,MX,12/1/2024,1300
prestashop,Branded,MX,1/1/2025,1600
prestashop,Branded,MX,2/1/2025,1900
prestashop,Branded,MX,3/1/2025,2400
prestashop,Branded,MX,4/1/2025,1900
prestashop,Branded,MX,5/1/2025,1900
prestashop,Branded,MX,6/1/2025,1600
prestashop,Branded,MX,7/1/2025,1300
prestashop,Branded,MX,8/1/2025,1000
prestashop,Branded,MX,9/1/2025,1600
prestashop,Branded,MX,10/1/2025,1900
shopify,Branded,MX,8/1/2021,60500
shopify,Branded,MX,9/1/2021,60500
shopify,Branded,MX,10/1/2021,60500
shopify,Branded,MX,11/1/2021,60500
shopify,Branded,MX,12/1/2021,49500
shopify,Branded,MX,1/1/2022,60500
shopify,Branded,MX,2/1/2022,60500
shopify,Branded,MX,3/1/2022,60500
shopify,Branded,MX,4/1/2022,49500
shopify,Branded,MX,5/1/2022,60500
shopify,Branded,MX,6/1/2022,49500
shopify,Branded,MX,7/1/2022,49500
shopify,Branded,MX,8/1/2022,60500
shopify,Branded,MX,9/1/2022,60500
shopify,Branded,MX,10/1/2022,60500
shopify,Branded,MX,11/1/2022,60500
shopify,Branded,MX,12/1/2022,49500
shopify,Branded,MX,1/1/2023,74000
shopify,Branded,MX,2/1/2023,60500
shopify,Branded,MX,3/1/2023,60500
shopify,Branded,MX,4/1/2023,60500
shopify,Branded,MX,5/1/2023,60500
shopify,Branded,MX,6/1/2023,60500
shopify,Branded,MX,7/1/2023,60500
shopify,Branded,MX,8/1/2023,74000
shopify,Branded,MX,9/1/2023,74000
shopify,Branded,MX,10/1/2023,90500
shopify,Branded,MX,11/1/2023,74000
shopify,Branded,MX,12/1/2023,60500
shopify,Branded,MX,1/1/2024,74000
shopify,Branded,MX,2/1/2024,74000
shopify,Branded,MX,3/1/2024,74000
shopify,Branded,MX,4/1/2024,74000
shopify,Branded,MX,5/1/2024,74000
shopify,Branded,MX,6/1/2024,60500
shopify,Branded,MX,7/1/2024,74000
shopify,Branded,MX,8/1/2024,74000
shopify,Branded,MX,9/1/2024,74000
shopify,Branded,MX,10/1/2024,74000
shopify,Branded,MX,11/1/2024,74000
shopify,Branded,MX,12/1/2024,60500
shopify,Branded,MX,1/1/2025,90500
shopify,Branded,MX,2/1/2025,74000
shopify,Branded,MX,3/1/2025,90500
shopify,Branded,MX,4/1/2025,90500
shopify,Branded,MX,5/1/2025,90500
shopify,Branded,MX,6/1/2025,90500
shopify,Branded,MX,7/1/2025,90500
shopify,Branded,MX,8/1/2025,90500
shopify,Branded,MX,9/1/2025,90500
shopify,Branded,MX,10/1/2025,90500
squarespace,Branded,MX,8/1/2021,9900
squarespace,Branded,MX,9/1/2021,9900
squarespace,Branded,MX,10/1/2021,9900
squarespace,Branded,MX,11/1/2021,9900
squarespace,Branded,MX,12/1/2021,8100
squarespace,Branded,MX,1/1/2022,12100
squarespace,Branded,MX,2/1/2022,12100
squarespace,Branded,MX,3/1/2022,12100
squarespace,Branded,MX,4/1/2022,9900
squarespace,Branded,MX,5/1/2022,9900
squarespace,Branded,MX,6/1/2022,9900
squarespace,Branded,MX,7/1/2022,8100
squarespace,Branded,MX,8/1/2022,9900
squarespace,Branded,MX,9/1/2022,9900
squarespace,Branded,MX,10/1/2022,9900
squarespace,Branded,MX,11/1/2022,9900
squarespace,Branded,MX,12/1/2022,6600
squarespace,Branded,MX,1/1/2023,9900
squarespace,Branded,MX,2/1/2023,12100
squarespace,Branded,MX,3/1/2023,12100
squarespace,Branded,MX,4/1/2023,9900
squarespace,Branded,MX,5/1/2023,12100
squarespace,Branded,MX,6/1/2023,9900
squarespace,Branded,MX,7/1/2023,9900
squarespace,Branded,MX,8/1/2023,9900
squarespace,Branded,MX,9/1/2023,12100
squarespace,Branded,MX,10/1/2023,12100
squarespace,Branded,MX,11/1/2023,12100
squarespace,Branded,MX,12/1/2023,9900
squarespace,Branded,MX,1/1/2024,14800
squarespace,Branded,MX,2/1/2024,18100
squarespace,Branded,MX,3/1/2024,18100
squarespace,Branded,MX,4/1/2024,18100
squarespace,Branded,MX,5/1/2024,22200
squarespace,Branded,MX,6/1/2024,22200
squarespace,Branded,MX,7/1/2024,18100
squarespace,Branded,MX,8/1/2024,18100
squarespace,Branded,MX,9/1/2024,18100
squarespace,Branded,MX,10/1/2024,22200
squarespace,Branded,MX,11/1/2024,18100
squarespace,Branded,MX,12/1/2024,14800
squarespace,Branded,MX,1/1/2025,22200
squarespace,Branded,MX,2/1/2025,22200
squarespace,Branded,MX,3/1/2025,27100
squarespace,Branded,MX,4/1/2025,22200
squarespace,Branded,MX,5/1/2025,27100
squarespace,Branded,MX,6/1/2025,22200
squarespace,Branded,MX,7/1/2025,22200
squarespace,Branded,MX,8/1/2025,22200
squarespace,Branded,MX,9/1/2025,18100
squarespace,Branded,MX,10/1/2025,22200
t1paginas,Branded,MX,8/1/2021,10
t1paginas,Branded,MX,9/1/2021,10
t1paginas,Branded,MX,10/1/2021,70
t1paginas,Branded,MX,11/1/2021,50
t1paginas,Branded,MX,12/1/2021,70
t1paginas,Branded,MX,1/1/2022,70
t1paginas,Branded,MX,2/1/2022,90
t1paginas,Branded,MX,3/1/2022,110
t1paginas,Branded,MX,4/1/2022,90
t1paginas,Branded,MX,5/1/2022,140
t1paginas,Branded,MX,6/1/2022,170
t1paginas,Branded,MX,7/1/2022,260
t1paginas,Branded,MX,8/1/2022,210
t1paginas,Branded,MX,9/1/2022,210
t1paginas,Branded,MX,10/1/2022,260
t1paginas,Branded,MX,11/1/2022,140
t1paginas,Branded,MX,12/1/2022,170
t1paginas,Branded,MX,1/1/2023,210
t1paginas,Branded,MX,2/1/2023,170
t1paginas,Branded,MX,3/1/2023,170
t1paginas,Branded,MX,4/1/2023,140
t1paginas,Branded,MX,5/1/2023,210
t1paginas,Branded,MX,6/1/2023,140
t1paginas,Branded,MX,7/1/2023,140
t1paginas,Branded,MX,8/1/2023,170
t1paginas,Branded,MX,9/1/2023,170
t1paginas,Branded,MX,10/1/2023,110
t1paginas,Branded,MX,11/1/2023,70
t1paginas,Branded,MX,12/1/2023,50
t1paginas,Branded,MX,1/1/2024,90
t1paginas,Branded,MX,2/1/2024,90
t1paginas,Branded,MX,3/1/2024,110
t1paginas,Branded,MX,4/1/2024,140
t1paginas,Branded,MX,5/1/2024,110
t1paginas,Branded,MX,6/1/2024,70
t1paginas,Branded,MX,7/1/2024,50
t1paginas,Branded,MX,8/1/2024,90
t1paginas,Branded,MX,9/1/2024,90
t1paginas,Branded,MX,10/1/2024,110
t1paginas,Branded,MX,11/1/2024,90
t1paginas,Branded,MX,12/1/2024,40
t1paginas,Branded,MX,1/1/2025,50
t1paginas,Branded,MX,2/1/2025,70
t1paginas,Branded,MX,3/1/2025,110
t1paginas,Branded,MX,4/1/2025,90
t1paginas,Branded,MX,5/1/2025,110
t1paginas,Branded,MX,6/1/2025,90
t1paginas,Branded,MX,7/1/2025,110
t1paginas,Branded,MX,8/1/2025,110
t1paginas,Branded,MX,9/1/2025,90
t1paginas,Branded,MX,10/1/2025,90
tienda en linea,Tienda,MX,8/1/2021,12100
tienda en linea,Tienda,MX,9/1/2021,12100
tienda en linea,Tienda,MX,10/1/2021,12100
tienda en linea,Tienda,MX,11/1/2021,12100
tienda en linea,Tienda,MX,12/1/2021,9900
tienda en linea,Tienda,MX,1/1/2022,9900
tienda en linea,Tienda,MX,2/1/2022,9900
tienda en linea,Tienda,MX,3/1/2022,9900
tienda en linea,Tienda,MX,4/1/2022,8100
tienda en linea,Tienda,MX,5/1/2022,9900
tienda en linea,Tienda,MX,6/1/2022,9900
tienda en linea,Tienda,MX,7/1/2022,8100
tienda en linea,Tienda,MX,8/1/2022,9900
tienda en linea,Tienda,MX,9/1/2022,9900
tienda en linea,Tienda,MX,10/1/2022,9900
tienda en linea,Tienda,MX,11/1/2022,12100
tienda en linea,Tienda,MX,12/1/2022,9900
tienda en linea,Tienda,MX,1/1/2023,9900
tienda en linea,Tienda,MX,2/1/2023,9900
tienda en linea,Tienda,MX,3/1/2023,9900
tienda en linea,Tienda,MX,4/1/2023,8100
tienda en linea,Tienda,MX,5/1/2023,9900
tienda en linea,Tienda,MX,6/1/2023,9900
tienda en linea,Tienda,MX,7/1/2023,9900
tienda en linea,Tienda,MX,8/1/2023,9900
tienda en linea,Tienda,MX,9/1/2023,9900
tienda en linea,Tienda,MX,10/1/2023,12100
tienda en linea,Tienda,MX,11/1/2023,12100
tienda en linea,Tienda,MX,12/1/2023,9900
tienda en linea,Tienda,MX,1/1/2024,9900
tienda en linea,Tienda,MX,2/1/2024,9900
tienda en linea,Tienda,MX,3/1/2024,9900
tienda en linea,Tienda,MX,4/1/2024,9900
tienda en linea,Tienda,MX,5/1/2024,9900
tienda en linea,Tienda,MX,6/1/2024,9900
tienda en linea,Tienda,MX,7/1/2024,8100
tienda en linea,Tienda,MX,8/1/2024,8100
tienda en linea,Tienda,MX,9/1/2024,8100
tienda en linea,Tienda,MX,10/1/2024,8100
tienda en linea,Tienda,MX,11/1/2024,12100
tienda en linea,Tienda,MX,12/1/2024,8100
tienda en linea,Tienda,MX,1/1/2025,6600
tienda en linea,Tienda,MX,2/1/2025,6600
tienda en linea,Tienda,MX,3/1/2025,8100
tienda en linea,Tienda,MX,4/1/2025,6600
tienda en linea,Tienda,MX,5/1/2025,8100
tienda en linea,Tienda,MX,6/1/2025,6600
tienda en linea,Tienda,MX,7/1/2025,6600
tienda en linea,Tienda,MX,8/1/2025,6600
tienda en linea,Tienda,MX,9/1/2025,6600
tienda en linea,Tienda,MX,10/1/2025,6600
tienda instagram,Canales,MX,8/1/2021,170
tienda instagram,Canales,MX,9/1/2021,140
tienda instagram,Canales,MX,10/1/2021,170
tienda instagram,Canales,MX,11/1/2021,140
tienda instagram,Canales,MX,12/1/2021,140
tienda instagram,Canales,MX,1/1/2022,210
tienda instagram,Canales,MX,2/1/2022,170
tienda instagram,Canales,MX,3/1/2022,140
tienda instagram,Canales,MX,4/1/2022,110
tienda instagram,Canales,MX,5/1/2022,140
tienda instagram,Canales,MX,6/1/2022,170
tienda instagram,Canales,MX,7/1/2022,140
tienda instagram,Canales,MX,8/1/2022,140
tienda instagram,Canales,MX,9/1/2022,140
tienda instagram,Canales,MX,10/1/2022,140
tienda instagram,Canales,MX,11/1/2022,140
tienda instagram,Canales,MX,12/1/2022,90
tienda instagram,Canales,MX,1/1/2023,140
tienda instagram,Canales,MX,2/1/2023,390
tienda instagram,Canales,MX,3/1/2023,320
tienda instagram,Canales,MX,4/1/2023,210
tienda instagram,Canales,MX,5/1/2023,210
tienda instagram,Canales,MX,6/1/2023,170
tienda instagram,Canales,MX,7/1/2023,170
tienda instagram,Canales,MX,8/1/2023,170
tienda instagram,Canales,MX,9/1/2023,170
tienda instagram,Canales,MX,10/1/2023,140
tienda instagram,Canales,MX,11/1/2023,140
tienda instagram,Canales,MX,12/1/2023,110
tienda instagram,Canales,MX,1/1/2024,140
tienda instagram,Canales,MX,2/1/2024,110
tienda instagram,Canales,MX,3/1/2024,140
tienda instagram,Canales,MX,4/1/2024,110
tienda instagram,Canales,MX,5/1/2024,140
tienda instagram,Canales,MX,6/1/2024,70
tienda instagram,Canales,MX,7/1/2024,110
tienda instagram,Canales,MX,8/1/2024,110
tienda instagram,Canales,MX,9/1/2024,90
tienda instagram,Canales,MX,10/1/2024,70
tienda instagram,Canales,MX,11/1/2024,90
tienda instagram,Canales,MX,12/1/2024,70
tienda instagram,Canales,MX,1/1/2025,90
tienda instagram,Canales,MX,2/1/2025,70
tienda instagram,Canales,MX,3/1/2025,70
tienda instagram,Canales,MX,4/1/2025,70
tienda instagram,Canales,MX,5/1/2025,70
tienda instagram,Canales,MX,6/1/2025,50
tienda instagram,Canales,MX,7/1/2025,50
tienda instagram,Canales,MX,8/1/2025,50
tienda instagram,Canales,MX,9/1/2025,50
tienda instagram,Canales,MX,10/1/2025,50
tienda nube,Branded,MX,8/1/2021,4400
tienda nube,Branded,MX,9/1/2021,2400
tienda nube,Branded,MX,10/1/2021,1900
tienda nube,Branded,MX,11/1/2021,2400
tienda nube,Branded,MX,12/1/2021,1900
tienda nube,Branded,MX,1/1/2022,2400
tienda nube,Branded,MX,2/1/2022,2400
tienda nube,Branded,MX,3/1/2022,2900
tienda nube,Branded,MX,4/1/2022,2900
tienda nube,Branded,MX,5/1/2022,3600
tienda nube,Branded,MX,6/1/2022,3600
tienda nube,Branded,MX,7/1/2022,3600
tienda nube,Branded,MX,8/1/2022,4400
tienda nube,Branded,MX,9/1/2022,4400
tienda nube,Branded,MX,10/1/2022,5400
tienda nube,Branded,MX,11/1/2022,4400
tienda nube,Branded,MX,12/1/2022,3600
tienda nube,Branded,MX,1/1/2023,4400
tienda nube,Branded,MX,2/1/2023,5400
tienda nube,Branded,MX,3/1/2023,5400
tienda nube,Branded,MX,4/1/2023,5400
tienda nube,Branded,MX,5/1/2023,9900
tienda nube,Branded,MX,6/1/2023,8100
tienda nube,Branded,MX,7/1/2023,9900
tienda nube,Branded,MX,8/1/2023,8100
tienda nube,Branded,MX,9/1/2023,9900
tienda nube,Branded,MX,10/1/2023,9900
tienda nube,Branded,MX,11/1/2023,9900
tienda nube,Branded,MX,12/1/2023,6600
tienda nube,Branded,MX,1/1/2024,8100
tienda nube,Branded,MX,2/1/2024,8100
tienda nube,Branded,MX,3/1/2024,8100
tienda nube,Branded,MX,4/1/2024,9900
tienda nube,Branded,MX,5/1/2024,9900
tienda nube,Branded,MX,6/1/2024,9900
tienda nube,Branded,MX,7/1/2024,8100
tienda nube,Branded,MX,8/1/2024,8100
tienda nube,Branded,MX,9/1/2024,8100
tienda nube,Branded,MX,10/1/2024,9900
tienda nube,Branded,MX,11/1/2024,9900
tienda nube,Branded,MX,12/1/2024,12100
tienda nube,Branded,MX,1/1/2025,14800
tienda nube,Branded,MX,2/1/2025,12100
tienda nube,Branded,MX,3/1/2025,18100
tienda nube,Branded,MX,4/1/2025,22200
tienda nube,Branded,MX,5/1/2025,18100
tienda nube,Branded,MX,6/1/2025,14800
tienda nube,Branded,MX,7/1/2025,12100
tienda nube,Branded,MX,8/1/2025,8100
tienda nube,Branded,MX,9/1/2025,8100
tienda nube,Branded,MX,10/1/2025,9900
tienda online,Tienda,MX,8/1/2021,5400
tienda online,Tienda,MX,9/1/2021,6600
tienda online,Tienda,MX,10/1/2021,6600
tienda online,Tienda,MX,11/1/2021,6600
tienda online,Tienda,MX,12/1/2021,5400
tienda online,Tienda,MX,1/1/2022,5400
tienda online,Tienda,MX,2/1/2022,6600
tienda online,Tienda,MX,3/1/2022,6600
tienda online,Tienda,MX,4/1/2022,4400
tienda online,Tienda,MX,5/1/2022,5400
tienda online,Tienda,MX,6/1/2022,5400
tienda online,Tienda,MX,7/1/2022,4400
tienda online,Tienda,MX,8/1/2022,5400
tienda online,Tienda,MX,9/1/2022,5400
tienda online,Tienda,MX,10/1/2022,5400
tienda online,Tienda,MX,11/1/2022,5400
tienda online,Tienda,MX,12/1/2022,4400
tienda online,Tienda,MX,1/1/2023,4400
tienda online,Tienda,MX,2/1/2023,5400
tienda online,Tienda,MX,3/1/2023,5400
tienda online,Tienda,MX,4/1/2023,4400
tienda online,Tienda,MX,5/1/2023,4400
tienda online,Tienda,MX,6/1/2023,4400
tienda online,Tienda,MX,7/1/2023,4400
tienda online,Tienda,MX,8/1/2023,4400
tienda online,Tienda,MX,9/1/2023,4400
tienda online,Tienda,MX,10/1/2023,5400
tienda online,Tienda,MX,11/1/2023,5400
tienda online,Tienda,MX,12/1/2023,4400
tienda online,Tienda,MX,1/1/2024,4400
tienda online,Tienda,MX,2/1/2024,5400
tienda online,Tienda,MX,3/1/2024,5400
tienda online,Tienda,MX,4/1/2024,4400
tienda online,Tienda,MX,5/1/2024,4400
tienda online,Tienda,MX,6/1/2024,4400
tienda online,Tienda,MX,7/1/2024,3600
tienda online,Tienda,MX,8/1/2024,2900
tienda online,Tienda,MX,9/1/2024,3600
tienda online,Tienda,MX,10/1/2024,3600
tienda online,Tienda,MX,11/1/2024,3600
tienda online,Tienda,MX,12/1/2024,2900
tienda online,Tienda,MX,1/1/2025,3600
tienda online,Tienda,MX,2/1/2025,3600
tienda online,Tienda,MX,3/1/2025,3600
tienda online,Tienda,MX,4/1/2025,3600
tienda online,Tienda,MX,5/1/2025,3600
tienda online,Tienda,MX,6/1/2025,2900
tienda online,Tienda,MX,7/1/2025,2900
tienda online,Tienda,MX,8/1/2025,2400
tienda online,Tienda,MX,9/1/2025,2400
tienda online,Tienda,MX,10/1/2025,2400
tienda virtual,Tienda,MX,8/1/2021,1900
tienda virtual,Tienda,MX,9/1/2021,2400
tienda virtual,Tienda,MX,10/1/2021,2400
tienda virtual,Tienda,MX,11/1/2021,2400
tienda virtual,Tienda,MX,12/1/2021,1600
tienda virtual,Tienda,MX,1/1/2022,1900
tienda virtual,Tienda,MX,2/1/2022,1900
tienda virtual,Tienda,MX,3/1/2022,2400
tienda virtual,Tienda,MX,4/1/2022,1600
tienda virtual,Tienda,MX,5/1/2022,1900
tienda virtual,Tienda,MX,6/1/2022,1600
tienda virtual,Tienda,MX,7/1/2022,1600
tienda virtual,Tienda,MX,8/1/2022,1600
tienda virtual,Tienda,MX,9/1/2022,1900
tienda virtual,Tienda,MX,10/1/2022,1900
tienda virtual,Tienda,MX,11/1/2022,1600
tienda virtual,Tienda,MX,12/1/2022,1300
tienda virtual,Tienda,MX,1/1/2023,1600
tienda virtual,Tienda,MX,2/1/2023,1600
tienda virtual,Tienda,MX,3/1/2023,1600
tienda virtual,Tienda,MX,4/1/2023,1600
tienda virtual,Tienda,MX,5/1/2023,1900
tienda virtual,Tienda,MX,6/1/2023,1300
tienda virtual,Tienda,MX,7/1/2023,1300
tienda virtual,Tienda,MX,8/1/2023,1300
tienda virtual,Tienda,MX,9/1/2023,1600
tienda virtual,Tienda,MX,10/1/2023,1600
tienda virtual,Tienda,MX,11/1/2023,1600
tienda virtual,Tienda,MX,12/1/2023,1300
tienda virtual,Tienda,MX,1/1/2024,1600
tienda virtual,Tienda,MX,2/1/2024,1600
tienda virtual,Tienda,MX,3/1/2024,1600
tienda virtual,Tienda,MX,4/1/2024,1900
tienda virtual,Tienda,MX,5/1/2024,1900
tienda virtual,Tienda,MX,6/1/2024,1300
tienda virtual,Tienda,MX,7/1/2024,1000
tienda virtual,Tienda,MX,8/1/2024,1000
tienda virtual,Tienda,MX,9/1/2024,1300
tienda virtual,Tienda,MX,10/1/2024,1300
tienda virtual,Tienda,MX,11/1/2024,1300
tienda virtual,Tienda,MX,12/1/2024,1000
tienda virtual,Tienda,MX,1/1/2025,1300
tienda virtual,Tienda,MX,2/1/2025,1300
tienda virtual,Tienda,MX,3/1/2025,1300
tienda virtual,Tienda,MX,4/1/2025,1300
tienda virtual,Tienda,MX,5/1/2025,1300
tienda virtual,Tienda,MX,6/1/2025,1000
tienda virtual,Tienda,MX,7/1/2025,1000
tienda virtual,Tienda,MX,8/1/2025,880
tienda virtual,Tienda,MX,9/1/2025,1000
tienda virtual,Tienda,MX,10/1/2025,1300
tiendanube,Branded,MX,8/1/2021,12100
tiendanube,Branded,MX,9/1/2021,4400
tiendanube,Branded,MX,10/1/2021,3600
tiendanube,Branded,MX,11/1/2021,4400
tiendanube,Branded,MX,12/1/2021,3600
tiendanube,Branded,MX,1/1/2022,4400
tiendanube,Branded,MX,2/1/2022,4400
tiendanube,Branded,MX,3/1/2022,6600
tiendanube,Branded,MX,4/1/2022,5400
tiendanube,Branded,MX,5/1/2022,6600
tiendanube,Branded,MX,6/1/2022,6600
tiendanube,Branded,MX,7/1/2022,6600
tiendanube,Branded,MX,8/1/2022,8100
tiendanube,Branded,MX,9/1/2022,8100
tiendanube,Branded,MX,10/1/2022,9900
tiendanube,Branded,MX,11/1/2022,6600
tiendanube,Branded,MX,12/1/2022,5400
tiendanube,Branded,MX,1/1/2023,6600
tiendanube,Branded,MX,2/1/2023,6600
tiendanube,Branded,MX,3/1/2023,6600
tiendanube,Branded,MX,4/1/2023,5400
tiendanube,Branded,MX,5/1/2023,9900
tiendanube,Branded,MX,6/1/2023,6600
tiendanube,Branded,MX,7/1/2023,8100
tiendanube,Branded,MX,8/1/2023,8100
tiendanube,Branded,MX,9/1/2023,8100
tiendanube,Branded,MX,10/1/2023,8100
tiendanube,Branded,MX,11/1/2023,8100
tiendanube,Branded,MX,12/1/2023,6600
tiendanube,Branded,MX,1/1/2024,8100
tiendanube,Branded,MX,2/1/2024,8100
tiendanube,Branded,MX,3/1/2024,8100
tiendanube,Branded,MX,4/1/2024,8100
tiendanube,Branded,MX,5/1/2024,9900
tiendanube,Branded,MX,6/1/2024,9900
tiendanube,Branded,MX,7/1/2024,9900
tiendanube,Branded,MX,8/1/2024,9900
tiendanube,Branded,MX,9/1/2024,8100
tiendanube,Branded,MX,10/1/2024,8100
tiendanube,Branded,MX,11/1/2024,8100
tiendanube,Branded,MX,12/1/2024,12100
tiendanube,Branded,MX,1/1/2025,12100
tiendanube,Branded,MX,2/1/2025,14800
tiendanube,Branded,MX,3/1/2025,18100
tiendanube,Branded,MX,4/1/2025,22200
tiendanube,Branded,MX,5/1/2025,14800
tiendanube,Branded,MX,6/1/2025,18100
tiendanube,Branded,MX,7/1/2025,12100
tiendanube,Branded,MX,8/1/2025,9900
tiendanube,Branded,MX,9/1/2025,9900
tiendanube,Branded,MX,10/1/2025,8100
tienda nube mexico,Branded,MX,8/1/2021,5
tienda nube mexico,Branded,MX,9/1/2021,10
tienda nube mexico,Branded,MX,10/1/2021,20
tienda nube mexico,Branded,MX,11/1/2021,40
tienda nube mexico,Branded,MX,12/1/2021,10
tienda nube mexico,Branded,MX,1/1/2022,50
tienda nube mexico,Branded,MX,2/1/2022,50
tienda nube mexico,Branded,MX,3/1/2022,30
tienda nube mexico,Branded,MX,4/1/2022,30
tienda nube mexico,Branded,MX,5/1/2022,30
tienda nube mexico,Branded,MX,6/1/2022,90
tienda nube mexico,Branded,MX,7/1/2022,110
tienda nube mexico,Branded,MX,8/1/2022,320
tienda nube mexico,Branded,MX,9/1/2022,390
tienda nube mexico,Branded,MX,10/1/2022,390
tienda nube mexico,Branded,MX,11/1/2022,390
tienda nube mexico,Branded,MX,12/1/2022,320
tienda nube mexico,Branded,MX,1/1/2023,480
tienda nube mexico,Branded,MX,2/1/2023,390
tienda nube mexico,Branded,MX,3/1/2023,480
tienda nube mexico,Branded,MX,4/1/2023,590
tienda nube mexico,Branded,MX,5/1/2023,1600
tienda nube mexico,Branded,MX,6/1/2023,880
tienda nube mexico,Branded,MX,7/1/2023,1000
tienda nube mexico,Branded,MX,8/1/2023,880
tienda nube mexico,Branded,MX,9/1/2023,1000
tienda nube mexico,Branded,MX,10/1/2023,880
tienda nube mexico,Branded,MX,11/1/2023,880
tienda nube mexico,Branded,MX,12/1/2023,720
tienda nube mexico,Branded,MX,1/1/2024,880
tienda nube mexico,Branded,MX,2/1/2024,720
tienda nube mexico,Branded,MX,3/1/2024,720
tienda nube mexico,Branded,MX,4/1/2024,880
tienda nube mexico,Branded,MX,5/1/2024,720
tienda nube mexico,Branded,MX,6/1/2024,720
tienda nube mexico,Branded,MX,7/1/2024,720
tienda nube mexico,Branded,MX,8/1/2024,590
tienda nube mexico,Branded,MX,9/1/2024,720
tienda nube mexico,Branded,MX,10/1/2024,880
tienda nube mexico,Branded,MX,11/1/2024,880
tienda nube mexico,Branded,MX,12/1/2024,480
tienda nube mexico,Branded,MX,1/1/2025,880
tienda nube mexico,Branded,MX,2/1/2025,720
tienda nube mexico,Branded,MX,3/1/2025,720
tienda nube mexico,Branded,MX,4/1/2025,590
tienda nube mexico,Branded,MX,5/1/2025,880
tienda nube mexico,Branded,MX,6/1/2025,880
tienda nube mexico,Branded,MX,7/1/2025,880
tienda nube mexico,Branded,MX,8/1/2025,720
tienda nube mexico,Branded,MX,9/1/2025,720
tienda nube mexico,Branded,MX,10/1/2025,720
tiendanube mexico,Branded,MX,8/1/2021,1300
tiendanube mexico,Branded,MX,9/1/2021,390
tiendanube mexico,Branded,MX,10/1/2021,390
tiendanube mexico,Branded,MX,11/1/2021,480
tiendanube mexico,Branded,MX,12/1/2021,320
tiendanube mexico,Branded,MX,1/1/2022,480
tiendanube mexico,Branded,MX,2/1/2022,480
tiendanube mexico,Branded,MX,3/1/2022,590
tiendanube mexico,Branded,MX,4/1/2022,590
tiendanube mexico,Branded,MX,5/1/2022,590
tiendanube mexico,Branded,MX,6/1/2022,480
tiendanube mexico,Branded,MX,7/1/2022,390
tiendanube mexico,Branded,MX,8/1/2022,480
tiendanube mexico,Branded,MX,9/1/2022,720
tiendanube mexico,Branded,MX,10/1/2022,720
tiendanube mexico,Branded,MX,11/1/2022,590
tiendanube mexico,Branded,MX,12/1/2022,480
tiendanube mexico,Branded,MX,1/1/2023,590
tiendanube mexico,Branded,MX,2/1/2023,590
tiendanube mexico,Branded,MX,3/1/2023,590
tiendanube mexico,Branded,MX,4/1/2023,590
tiendanube mexico,Branded,MX,5/1/2023,1600
tiendanube mexico,Branded,MX,6/1/2023,880
tiendanube mexico,Branded,MX,7/1/2023,1300
tiendanube mexico,Branded,MX,8/1/2023,1000
tiendanube mexico,Branded,MX,9/1/2023,880
tiendanube mexico,Branded,MX,10/1/2023,720
tiendanube mexico,Branded,MX,11/1/2023,880
tiendanube mexico,Branded,MX,12/1/2023,590
tiendanube mexico,Branded,MX,1/1/2024,720
tiendanube mexico,Branded,MX,2/1/2024,480
tiendanube mexico,Branded,MX,3/1/2024,720
tiendanube mexico,Branded,MX,4/1/2024,720
tiendanube mexico,Branded,MX,5/1/2024,720
tiendanube mexico,Branded,MX,6/1/2024,590
tiendanube mexico,Branded,MX,7/1/2024,590
tiendanube mexico,Branded,MX,8/1/2024,590
tiendanube mexico,Branded,MX,9/1/2024,720
tiendanube mexico,Branded,MX,10/1/2024,720
tiendanube mexico,Branded,MX,11/1/2024,720
tiendanube mexico,Branded,MX,12/1/2024,320
tiendanube mexico,Branded,MX,1/1/2025,720
tiendanube mexico,Branded,MX,2/1/2025,480
tiendanube mexico,Branded,MX,3/1/2025,8100
tiendanube mexico,Branded,MX,4/1/2025,12100
tiendanube mexico,Branded,MX,5/1/2025,2900
tiendanube mexico,Branded,MX,6/1/2025,720
tiendanube mexico,Branded,MX,7/1/2025,1600
tiendanube mexico,Branded,MX,8/1/2025,1000
tiendanube mexico,Branded,MX,9/1/2025,720
tiendanube mexico,Branded,MX,10/1/2025,880
vender con facebook,Canales,MX,8/1/2021,170
vender con facebook,Canales,MX,9/1/2021,170
vender con facebook,Canales,MX,10/1/2021,260
vender con facebook,Canales,MX,11/1/2021,210
vender con facebook,Canales,MX,12/1/2021,140
vender con facebook,Canales,MX,1/1/2022,170
vender con facebook,Canales,MX,2/1/2022,140
vender con facebook,Canales,MX,3/1/2022,170
vender con facebook,Canales,MX,4/1/2022,140
vender con facebook,Canales,MX,5/1/2022,140
vender con facebook,Canales,MX,6/1/2022,110
vender con facebook,Canales,MX,7/1/2022,170
vender con facebook,Canales,MX,8/1/2022,140
vender con facebook,Canales,MX,9/1/2022,140
vender con facebook,Canales,MX,10/1/2022,170
vender con facebook,Canales,MX,11/1/2022,140
vender con facebook,Canales,MX,12/1/2022,90
vender con facebook,Canales,MX,1/1/2023,140
vender con facebook,Canales,MX,2/1/2023,140
vender con facebook,Canales,MX,3/1/2023,110
vender con facebook,Canales,MX,4/1/2023,110
vender con facebook,Canales,MX,5/1/2023,110
vender con facebook,Canales,MX,6/1/2023,110
vender con facebook,Canales,MX,7/1/2023,110
vender con facebook,Canales,MX,8/1/2023,140
vender con facebook,Canales,MX,9/1/2023,110
vender con facebook,Canales,MX,10/1/2023,140
vender con facebook,Canales,MX,11/1/2023,110
vender con facebook,Canales,MX,12/1/2023,110
vender con facebook,Canales,MX,1/1/2024,70
vender con facebook,Canales,MX,2/1/2024,40
vender con facebook,Canales,MX,3/1/2024,50
vender con facebook,Canales,MX,4/1/2024,50
vender con facebook,Canales,MX,5/1/2024,40
vender con facebook,Canales,MX,6/1/2024,40
vender con facebook,Canales,MX,7/1/2024,70
vender con facebook,Canales,MX,8/1/2024,40
vender con facebook,Canales,MX,9/1/2024,30
vender con facebook,Canales,MX,10/1/2024,30
vender con facebook,Canales,MX,11/1/2024,20
vender con facebook,Canales,MX,12/1/2024,30
vender con facebook,Canales,MX,1/1/2025,30
vender con facebook,Canales,MX,2/1/2025,30
vender con facebook,Canales,MX,3/1/2025,40
vender con facebook,Canales,MX,4/1/2025,30
vender con facebook,Canales,MX,5/1/2025,20
vender con facebook,Canales,MX,6/1/2025,20
vender con facebook,Canales,MX,7/1/2025,30
vender con facebook,Canales,MX,8/1/2025,20
vender con facebook,Canales,MX,9/1/2025,20
vender con facebook,Canales,MX,10/1/2025,30
vender online,Vender,MX,8/1/2021,140
vender online,Vender,MX,9/1/2021,70
vender online,Vender,MX,10/1/2021,110
vender online,Vender,MX,11/1/2021,90
vender online,Vender,MX,12/1/2021,90
vender online,Vender,MX,1/1/2022,140
vender online,Vender,MX,2/1/2022,90
vender online,Vender,MX,3/1/2022,110
vender online,Vender,MX,4/1/2022,70
vender online,Vender,MX,5/1/2022,90
vender online,Vender,MX,6/1/2022,90
vender online,Vender,MX,7/1/2022,110
vender online,Vender,MX,8/1/2022,90
vender online,Vender,MX,9/1/2022,90
vender online,Vender,MX,10/1/2022,90
vender online,Vender,MX,11/1/2022,70
vender online,Vender,MX,12/1/2022,70
vender online,Vender,MX,1/1/2023,70
vender online,Vender,MX,2/1/2023,70
vender online,Vender,MX,3/1/2023,90
vender online,Vender,MX,4/1/2023,70
vender online,Vender,MX,5/1/2023,90
vender online,Vender,MX,6/1/2023,90
vender online,Vender,MX,7/1/2023,90
vender online,Vender,MX,8/1/2023,70
vender online,Vender,MX,9/1/2023,90
vender online,Vender,MX,10/1/2023,70
vender online,Vender,MX,11/1/2023,110
vender online,Vender,MX,12/1/2023,40
vender online,Vender,MX,1/1/2024,90
vender online,Vender,MX,2/1/2024,90
vender online,Vender,MX,3/1/2024,70
vender online,Vender,MX,4/1/2024,70
vender online,Vender,MX,5/1/2024,70
vender online,Vender,MX,6/1/2024,40
vender online,Vender,MX,7/1/2024,50
vender online,Vender,MX,8/1/2024,50
vender online,Vender,MX,9/1/2024,70
vender online,Vender,MX,10/1/2024,70
vender online,Vender,MX,11/1/2024,40
vender online,Vender,MX,12/1/2024,30
vender online,Vender,MX,1/1/2025,50
vender online,Vender,MX,2/1/2025,70
vender online,Vender,MX,3/1/2025,70
vender online,Vender,MX,4/1/2025,90
vender online,Vender,MX,5/1/2025,90
vender online,Vender,MX,6/1/2025,70
vender online,Vender,MX,7/1/2025,140
vender online,Vender,MX,8/1/2025,50
vender online,Vender,MX,9/1/2025,50
vender online,Vender,MX,10/1/2025,50
vender por instagram,Canales,MX,8/1/2021,110
vender por instagram,Canales,MX,9/1/2021,90
vender por instagram,Canales,MX,10/1/2021,110
vender por instagram,Canales,MX,11/1/2021,90
vender por instagram,Canales,MX,12/1/2021,70
vender por instagram,Canales,MX,1/1/2022,90
vender por instagram,Canales,MX,2/1/2022,90
vender por instagram,Canales,MX,3/1/2022,110
vender por instagram,Canales,MX,4/1/2022,70
vender por instagram,Canales,MX,5/1/2022,70
vender por instagram,Canales,MX,6/1/2022,90
vender por instagram,Canales,MX,7/1/2022,70
vender por instagram,Canales,MX,8/1/2022,90
vender por instagram,Canales,MX,9/1/2022,50
vender por instagram,Canales,MX,10/1/2022,90
vender por instagram,Canales,MX,11/1/2022,50
vender por instagram,Canales,MX,12/1/2022,70
vender por instagram,Canales,MX,1/1/2023,70
vender por instagram,Canales,MX,2/1/2023,70
vender por instagram,Canales,MX,3/1/2023,70
vender por instagram,Canales,MX,4/1/2023,70
vender por instagram,Canales,MX,5/1/2023,50
vender por instagram,Canales,MX,6/1/2023,70
vender por instagram,Canales,MX,7/1/2023,70
vender por instagram,Canales,MX,8/1/2023,40
vender por instagram,Canales,MX,9/1/2023,50
vender por instagram,Canales,MX,10/1/2023,50
vender por instagram,Canales,MX,11/1/2023,30
vender por instagram,Canales,MX,12/1/2023,40
vender por instagram,Canales,MX,1/1/2024,40
vender por instagram,Canales,MX,2/1/2024,40
vender por instagram,Canales,MX,3/1/2024,30
vender por instagram,Canales,MX,4/1/2024,50
vender por instagram,Canales,MX,5/1/2024,50
vender por instagram,Canales,MX,6/1/2024,30
vender por instagram,Canales,MX,7/1/2024,40
vender por instagram,Canales,MX,8/1/2024,30
vender por instagram,Canales,MX,9/1/2024,20
vender por instagram,Canales,MX,10/1/2024,30
vender por instagram,Canales,MX,11/1/2024,40
vender por instagram,Canales,MX,12/1/2024,30
vender por instagram,Canales,MX,1/1/2025,30
vender por instagram,Canales,MX,2/1/2025,20
vender por instagram,Canales,MX,3/1/2025,30
vender por instagram,Canales,MX,4/1/2025,40
vender por instagram,Canales,MX,5/1/2025,30
vender por instagram,Canales,MX,6/1/2025,30
vender por instagram,Canales,MX,7/1/2025,10
vender por instagram,Canales,MX,8/1/2025,30
vender por instagram,Canales,MX,9/1/2025,10
vender por instagram,Canales,MX,10/1/2025,20
vender por internet,Vender,MX,8/1/2021,590
vender por internet,Vender,MX,9/1/2021,480
vender por internet,Vender,MX,10/1/2021,480
vender por internet,Vender,MX,11/1/2021,320
vender por internet,Vender,MX,12/1/2021,320
vender por internet,Vender,MX,1/1/2022,480
vender por internet,Vender,MX,2/1/2022,390
vender por internet,Vender,MX,3/1/2022,390
vender por internet,Vender,MX,4/1/2022,320
vender por internet,Vender,MX,5/1/2022,390
vender por internet,Vender,MX,6/1/2022,390
vender por internet,Vender,MX,7/1/2022,390
vender por internet,Vender,MX,8/1/2022,390
vender por internet,Vender,MX,9/1/2022,390
vender por internet,Vender,MX,10/1/2022,390
vender por internet,Vender,MX,11/1/2022,320
vender por internet,Vender,MX,12/1/2022,260
vender por internet,Vender,MX,1/1/2023,390
vender por internet,Vender,MX,2/1/2023,320
vender por internet,Vender,MX,3/1/2023,320
vender por internet,Vender,MX,4/1/2023,320
vender por internet,Vender,MX,5/1/2023,320
vender por internet,Vender,MX,6/1/2023,320
vender por internet,Vender,MX,7/1/2023,320
vender por internet,Vender,MX,8/1/2023,320
vender por internet,Vender,MX,9/1/2023,320
vender por internet,Vender,MX,10/1/2023,260
vender por internet,Vender,MX,11/1/2023,210
vender por internet,Vender,MX,12/1/2023,210
vender por internet,Vender,MX,1/1/2024,320
vender por internet,Vender,MX,2/1/2024,260
vender por internet,Vender,MX,3/1/2024,210
vender por internet,Vender,MX,4/1/2024,210
vender por internet,Vender,MX,5/1/2024,260
vender por internet,Vender,MX,6/1/2024,170
vender por internet,Vender,MX,7/1/2024,210
vender por internet,Vender,MX,8/1/2024,170
vender por internet,Vender,MX,9/1/2024,210
vender por internet,Vender,MX,10/1/2024,170
vender por internet,Vender,MX,11/1/2024,110
vender por internet,Vender,MX,12/1/2024,110
vender por internet,Vender,MX,1/1/2025,140
vender por internet,Vender,MX,2/1/2025,140
vender por internet,Vender,MX,3/1/2025,170
vender por internet,Vender,MX,4/1/2025,140
vender por internet,Vender,MX,5/1/2025,140
vender por internet,Vender,MX,6/1/2025,140
vender por internet,Vender,MX,7/1/2025,110
vender por internet,Vender,MX,8/1/2025,90
vender por internet,Vender,MX,9/1/2025,170
vender por internet,Vender,MX,10/1/2025,90
venta instagram,Canales,MX,8/1/2021,40
venta instagram,Canales,MX,9/1/2021,40
venta instagram,Canales,MX,10/1/2021,20
venta instagram,Canales,MX,11/1/2021,30
venta instagram,Canales,MX,12/1/2021,20
venta instagram,Canales,MX,1/1/2022,30
venta instagram,Canales,MX,2/1/2022,30
venta instagram,Canales,MX,3/1/2022,40
venta instagram,Canales,MX,4/1/2022,10
venta instagram,Canales,MX,5/1/2022,20
venta instagram,Canales,MX,6/1/2022,30
venta instagram,Canales,MX,7/1/2022,20
venta instagram,Canales,MX,8/1/2022,10
venta instagram,Canales,MX,9/1/2022,20
venta instagram,Canales,MX,10/1/2022,20
venta instagram,Canales,MX,11/1/2022,20
venta instagram,Canales,MX,12/1/2022,20
venta instagram,Canales,MX,1/1/2023,20
venta instagram,Canales,MX,2/1/2023,30
venta instagram,Canales,MX,3/1/2023,40
venta instagram,Canales,MX,4/1/2023,30
venta instagram,Canales,MX,5/1/2023,40
venta instagram,Canales,MX,6/1/2023,30
venta instagram,Canales,MX,7/1/2023,20
venta instagram,Canales,MX,8/1/2023,30
venta instagram,Canales,MX,9/1/2023,20
venta instagram,Canales,MX,10/1/2023,30
venta instagram,Canales,MX,11/1/2023,10
venta instagram,Canales,MX,12/1/2023,20
venta instagram,Canales,MX,1/1/2024,20
venta instagram,Canales,MX,2/1/2024,10
venta instagram,Canales,MX,3/1/2024,20
venta instagram,Canales,MX,4/1/2024,10
venta instagram,Canales,MX,5/1/2024,10
venta instagram,Canales,MX,6/1/2024,20
venta instagram,Canales,MX,7/1/2024,20
venta instagram,Canales,MX,8/1/2024,20
venta instagram,Canales,MX,9/1/2024,10
venta instagram,Canales,MX,10/1/2024,10
venta instagram,Canales,MX,11/1/2024,20
venta instagram,Canales,MX,12/1/2024,10
venta instagram,Canales,MX,1/1/2025,10
venta instagram,Canales,MX,2/1/2025,20
venta instagram,Canales,MX,3/1/2025,10
venta instagram,Canales,MX,4/1/2025,20
venta instagram,Canales,MX,5/1/2025,10
venta instagram,Canales,MX,6/1/2025,10
venta instagram,Canales,MX,7/1/2025,20
venta instagram,Canales,MX,8/1/2025,10
venta instagram,Canales,MX,9/1/2025,10
venta instagram,Canales,MX,10/1/2025,10
ventas online,Vender,MX,8/1/2021,1900
ventas online,Vender,MX,9/1/2021,2900
ventas online,Vender,MX,10/1/2021,2900
ventas online,Vender,MX,11/1/2021,2400
ventas online,Vender,MX,12/1/2021,1300
ventas online,Vender,MX,1/1/2022,1900
ventas online,Vender,MX,2/1/2022,1900
ventas online,Vender,MX,3/1/2022,2400
ventas online,Vender,MX,4/1/2022,1600
ventas online,Vender,MX,5/1/2022,1900
ventas online,Vender,MX,6/1/2022,1600
ventas online,Vender,MX,7/1/2022,1300
ventas online,Vender,MX,8/1/2022,1600
ventas online,Vender,MX,9/1/2022,1900
ventas online,Vender,MX,10/1/2022,1900
ventas online,Vender,MX,11/1/2022,1600
ventas online,Vender,MX,12/1/2022,1000
ventas online,Vender,MX,1/1/2023,1300
ventas online,Vender,MX,2/1/2023,1600
ventas online,Vender,MX,3/1/2023,1600
ventas online,Vender,MX,4/1/2023,1300
ventas online,Vender,MX,5/1/2023,1600
ventas online,Vender,MX,6/1/2023,1000
ventas online,Vender,MX,7/1/2023,1000
ventas online,Vender,MX,8/1/2023,1600
ventas online,Vender,MX,9/1/2023,1600
ventas online,Vender,MX,10/1/2023,1600
ventas online,Vender,MX,11/1/2023,1300
ventas online,Vender,MX,12/1/2023,1000
ventas online,Vender,MX,1/1/2024,1300
ventas online,Vender,MX,2/1/2024,1600
ventas online,Vender,MX,3/1/2024,1600
ventas online,Vender,MX,4/1/2024,1300
ventas online,Vender,MX,5/1/2024,1600
ventas online,Vender,MX,6/1/2024,1000
ventas online,Vender,MX,7/1/2024,880
ventas online,Vender,MX,8/1/2024,1000
ventas online,Vender,MX,9/1/2024,1300
ventas online,Vender,MX,10/1/2024,1300
ventas online,Vender,MX,11/1/2024,880
ventas online,Vender,MX,12/1/2024,590
ventas online,Vender,MX,1/1/2025,880
ventas online,Vender,MX,2/1/2025,1000
ventas online,Vender,MX,3/1/2025,1300
ventas online,Vender,MX,4/1/2025,880
ventas online,Vender,MX,5/1/2025,880
ventas online,Vender,MX,6/1/2025,880
ventas online,Vender,MX,7/1/2025,720
ventas online,Vender,MX,8/1/2025,720
ventas online,Vender,MX,9/1/2025,1000
ventas online,Vender,MX,10/1/2025,880
ventas por internet,Vender,MX,8/1/2021,3600
ventas por internet,Vender,MX,9/1/2021,3600
ventas por internet,Vender,MX,10/1/2021,3600
ventas por internet,Vender,MX,11/1/2021,3600
ventas por internet,Vender,MX,12/1/2021,2400
ventas por internet,Vender,MX,1/1/2022,2900
ventas por internet,Vender,MX,2/1/2022,2900
ventas por internet,Vender,MX,3/1/2022,3600
ventas por internet,Vender,MX,4/1/2022,2400
ventas por internet,Vender,MX,5/1/2022,2900
ventas por internet,Vender,MX,6/1/2022,2900
ventas por internet,Vender,MX,7/1/2022,2400
ventas por internet,Vender,MX,8/1/2022,2900
ventas por internet,Vender,MX,9/1/2022,2900
ventas por internet,Vender,MX,10/1/2022,2900
ventas por internet,Vender,MX,11/1/2022,2900
ventas por internet,Vender,MX,12/1/2022,1900
ventas por internet,Vender,MX,1/1/2023,2400
ventas por internet,Vender,MX,2/1/2023,2400
ventas por internet,Vender,MX,3/1/2023,2900
ventas por internet,Vender,MX,4/1/2023,1900
ventas por internet,Vender,MX,5/1/2023,2400
ventas por internet,Vender,MX,6/1/2023,1900
ventas por internet,Vender,MX,7/1/2023,1900
ventas por internet,Vender,MX,8/1/2023,2400
ventas por internet,Vender,MX,9/1/2023,2400
ventas por internet,Vender,MX,10/1/2023,1900
ventas por internet,Vender,MX,11/1/2023,1900
ventas por internet,Vender,MX,12/1/2023,1300
ventas por internet,Vender,MX,1/1/2024,1600
ventas por internet,Vender,MX,2/1/2024,1600
ventas por internet,Vender,MX,3/1/2024,1300
ventas por internet,Vender,MX,4/1/2024,1300
ventas por internet,Vender,MX,5/1/2024,1300
ventas por internet,Vender,MX,6/1/2024,1000
ventas por internet,Vender,MX,7/1/2024,880
ventas por internet,Vender,MX,8/1/2024,880
ventas por internet,Vender,MX,9/1/2024,880
ventas por internet,Vender,MX,10/1/2024,720
ventas por internet,Vender,MX,11/1/2024,720
ventas por internet,Vender,MX,12/1/2024,480
ventas por internet,Vender,MX,1/1/2025,590
ventas por internet,Vender,MX,2/1/2025,590
ventas por internet,Vender,MX,3/1/2025,880
ventas por internet,Vender,MX,4/1/2025,590
ventas por internet,Vender,MX,5/1/2025,590
ventas por internet,Vender,MX,6/1/2025,480
ventas por internet,Vender,MX,7/1/2025,480
ventas por internet,Vender,MX,8/1/2025,390
ventas por internet,Vender,MX,9/1/2025,590
ventas por internet,Vender,MX,10/1/2025,390
vtex,Branded,MX,8/1/2021,2400
vtex,Branded,MX,9/1/2021,2400
vtex,Branded,MX,10/1/2021,2400
vtex,Branded,MX,11/1/2021,2400
vtex,Branded,MX,12/1/2021,1900
vtex,Branded,MX,1/1/2022,1900
vtex,Branded,MX,2/1/2022,2400
vtex,Branded,MX,3/1/2022,2900
vtex,Branded,MX,4/1/2022,2400
vtex,Branded,MX,5/1/2022,2900
vtex,Branded,MX,6/1/2022,2400
vtex,Branded,MX,7/1/2022,2400
vtex,Branded,MX,8/1/2022,2900
vtex,Branded,MX,9/1/2022,3600
vtex,Branded,MX,10/1/2022,1900
vtex,Branded,MX,11/1/2022,1900
vtex,Branded,MX,12/1/2022,1600
vtex,Branded,MX,1/1/2023,1900
vtex,Branded,MX,2/1/2023,1900
vtex,Branded,MX,3/1/2023,1900
vtex,Branded,MX,4/1/2023,1600
vtex,Branded,MX,5/1/2023,1900
vtex,Branded,MX,6/1/2023,1900
vtex,Branded,MX,7/1/2023,1900
vtex,Branded,MX,8/1/2023,2900
vtex,Branded,MX,9/1/2023,3600
vtex,Branded,MX,10/1/2023,2900
vtex,Branded,MX,11/1/2023,1900
vtex,Branded,MX,12/1/2023,1300
vtex,Branded,MX,1/1/2024,1900
vtex,Branded,MX,2/1/2024,1900
vtex,Branded,MX,3/1/2024,1900
vtex,Branded,MX,4/1/2024,1900
vtex,Branded,MX,5/1/2024,1900
vtex,Branded,MX,6/1/2024,1900
vtex,Branded,MX,7/1/2024,1900
vtex,Branded,MX,8/1/2024,2400
vtex,Branded,MX,9/1/2024,2900
vtex,Branded,MX,10/1/2024,1900
vtex,Branded,MX,11/1/2024,1600
vtex,Branded,MX,12/1/2024,1300
vtex,Branded,MX,1/1/2025,1600
vtex,Branded,MX,2/1/2025,1600
vtex,Branded,MX,3/1/2025,1600
vtex,Branded,MX,4/1/2025,1300
vtex,Branded,MX,5/1/2025,1600
vtex,Branded,MX,6/1/2025,1600
vtex,Branded,MX,7/1/2025,1600
vtex,Branded,MX,8/1/2025,1900
vtex,Branded,MX,9/1/2025,4400
vtex,Branded,MX,10/1/2025,1600
walmart,Marketplace,MX,8/1/2021,4090000
walmart,Marketplace,MX,9/1/2021,4090000
walmart,Marketplace,MX,10/1/2021,4090000
walmart,Marketplace,MX,11/1/2021,7480000
walmart,Marketplace,MX,12/1/2021,6120000
walmart,Marketplace,MX,1/1/2022,5000000
walmart,Marketplace,MX,2/1/2022,3350000
walmart,Marketplace,MX,3/1/2022,3350000
walmart,Marketplace,MX,4/1/2022,3350000
walmart,Marketplace,MX,5/1/2022,5000000
walmart,Marketplace,MX,6/1/2022,4090000
walmart,Marketplace,MX,7/1/2022,4090000
walmart,Marketplace,MX,8/1/2022,4090000
walmart,Marketplace,MX,9/1/2022,4090000
walmart,Marketplace,MX,10/1/2022,4090000
walmart,Marketplace,MX,11/1/2022,6120000
walmart,Marketplace,MX,12/1/2022,5000000
walmart,Marketplace,MX,1/1/2023,4090000
walmart,Marketplace,MX,2/1/2023,3350000
walmart,Marketplace,MX,3/1/2023,4090000
walmart,Marketplace,MX,4/1/2023,4090000
walmart,Marketplace,MX,5/1/2023,5000000
walmart,Marketplace,MX,6/1/2023,4090000
walmart,Marketplace,MX,7/1/2023,4090000
walmart,Marketplace,MX,8/1/2023,4090000
walmart,Marketplace,MX,9/1/2023,4090000
walmart,Marketplace,MX,10/1/2023,4090000
walmart,Marketplace,MX,11/1/2023,7480000
walmart,Marketplace,MX,12/1/2023,6120000
walmart,Marketplace,MX,1/1/2024,5000000
walmart,Marketplace,MX,2/1/2024,4090000
walmart,Marketplace,MX,3/1/2024,5000000
walmart,Marketplace,MX,4/1/2024,4090000
walmart,Marketplace,MX,5/1/2024,6120000
walmart,Marketplace,MX,6/1/2024,4090000
walmart,Marketplace,MX,7/1/2024,5000000
walmart,Marketplace,MX,8/1/2024,5000000
walmart,Marketplace,MX,9/1/2024,4090000
walmart,Marketplace,MX,10/1/2024,5000000
walmart,Marketplace,MX,11/1/2024,7480000
walmart,Marketplace,MX,12/1/2024,6120000
walmart,Marketplace,MX,1/1/2025,5000000
walmart,Marketplace,MX,2/1/2025,4090000
walmart,Marketplace,MX,3/1/2025,4090000
walmart,Marketplace,MX,4/1/2025,4090000
walmart,Marketplace,MX,5/1/2025,5000000
walmart,Marketplace,MX,6/1/2025,4090000
walmart,Marketplace,MX,7/1/2025,4090000
walmart,Marketplace,MX,8/1/2025,4090000
walmart,Marketplace,MX,9/1/2025,4090000
walmart,Marketplace,MX,10/1/2025,4090000
wix,Branded,MX,8/1/2021,135000
wix,Branded,MX,9/1/2021,165000
wix,Branded,MX,10/1/2021,201000
wix,Branded,MX,11/1/2021,201000
wix,Branded,MX,12/1/2021,135000
wix,Branded,MX,1/1/2022,135000
wix,Branded,MX,2/1/2022,165000
wix,Branded,MX,3/1/2022,201000
wix,Branded,MX,4/1/2022,165000
wix,Branded,MX,5/1/2022,246000
wix,Branded,MX,6/1/2022,301000
wix,Branded,MX,7/1/2022,135000
wix,Branded,MX,8/1/2022,135000
wix,Branded,MX,9/1/2022,135000
wix,Branded,MX,10/1/2022,165000
wix,Branded,MX,11/1/2022,246000
wix,Branded,MX,12/1/2022,110000
wix,Branded,MX,1/1/2023,135000
wix,Branded,MX,2/1/2023,135000
wix,Branded,MX,3/1/2023,201000
wix,Branded,MX,4/1/2023,135000
wix,Branded,MX,5/1/2023,246000
wix,Branded,MX,6/1/2023,246000
wix,Branded,MX,7/1/2023,110000
wix,Branded,MX,8/1/2023,110000
wix,Branded,MX,9/1/2023,135000
wix,Branded,MX,10/1/2023,165000
wix,Branded,MX,11/1/2023,201000
wix,Branded,MX,12/1/2023,90500
wix,Branded,MX,1/1/2024,135000
wix,Branded,MX,2/1/2024,165000
wix,Branded,MX,3/1/2024,165000
wix,Branded,MX,4/1/2024,201000
wix,Branded,MX,5/1/2024,246000
wix,Branded,MX,6/1/2024,201000
wix,Branded,MX,7/1/2024,110000
wix,Branded,MX,8/1/2024,110000
wix,Branded,MX,9/1/2024,135000
wix,Branded,MX,10/1/2024,165000
wix,Branded,MX,11/1/2024,165000
wix,Branded,MX,12/1/2024,90500
wix,Branded,MX,1/1/2025,110000
wix,Branded,MX,2/1/2025,135000
wix,Branded,MX,3/1/2025,165000
wix,Branded,MX,4/1/2025,165000
wix,Branded,MX,5/1/2025,201000
wix,Branded,MX,6/1/2025,201000
wix,Branded,MX,7/1/2025,110000
wix,Branded,MX,8/1/2025,90500
wix,Branded,MX,9/1/2025,110000
wix,Branded,MX,10/1/2025,135000
woocommerce,Branded,MX,8/1/2021,8100
woocommerce,Branded,MX,9/1/2021,8100
woocommerce,Branded,MX,10/1/2021,6600
woocommerce,Branded,MX,11/1/2021,6600
woocommerce,Branded,MX,12/1/2021,4400
woocommerce,Branded,MX,1/1/2022,6600
woocommerce,Branded,MX,2/1/2022,6600
woocommerce,Branded,MX,3/1/2022,8100
woocommerce,Branded,MX,4/1/2022,5400
woocommerce,Branded,MX,5/1/2022,5400
woocommerce,Branded,MX,6/1/2022,5400
woocommerce,Branded,MX,7/1/2022,5400
woocommerce,Branded,MX,8/1/2022,5400
woocommerce,Branded,MX,9/1/2022,5400
woocommerce,Branded,MX,10/1/2022,5400
woocommerce,Branded,MX,11/1/2022,5400
woocommerce,Branded,MX,12/1/2022,3600
woocommerce,Branded,MX,1/1/2023,5400
woocommerce,Branded,MX,2/1/2023,5400
woocommerce,Branded,MX,3/1/2023,6600
woocommerce,Branded,MX,4/1/2023,5400
woocommerce,Branded,MX,5/1/2023,6600
woocommerce,Branded,MX,6/1/2023,5400
woocommerce,Branded,MX,7/1/2023,4400
woocommerce,Branded,MX,8/1/2023,5400
woocommerce,Branded,MX,9/1/2023,5400
woocommerce,Branded,MX,10/1/2023,5400
woocommerce,Branded,MX,11/1/2023,5400
woocommerce,Branded,MX,12/1/2023,3600
woocommerce,Branded,MX,1/1/2024,5400
woocommerce,Branded,MX,2/1/2024,5400
woocommerce,Branded,MX,3/1/2024,5400
woocommerce,Branded,MX,4/1/2024,5400
woocommerce,Branded,MX,5/1/2024,6600
woocommerce,Branded,MX,6/1/2024,5400
woocommerce,Branded,MX,7/1/2024,4400
woocommerce,Branded,MX,8/1/2024,4400
woocommerce,Branded,MX,9/1/2024,5400
woocommerce,Branded,MX,10/1/2024,5400
woocommerce,Branded,MX,11/1/2024,4400
woocommerce,Branded,MX,12/1/2024,3600
woocommerce,Branded,MX,1/1/2025,4400
woocommerce,Branded,MX,2/1/2025,5400
woocommerce,Branded,MX,3/1/2025,5400
woocommerce,Branded,MX,4/1/2025,4400
woocommerce,Branded,MX,5/1/2025,4400
woocommerce,Branded,MX,6/1/2025,4400
woocommerce,Branded,MX,7/1/2025,4400
woocommerce,Branded,MX,8/1/2025,4400
woocommerce,Branded,MX,9/1/2025,4400
woocommerce,Branded,MX,10/1/2025,4400
amazon,Marketplace,CO,8/1/2021,1000000
amazon,Marketplace,CO,9/1/2021,1000000
amazon,Marketplace,CO,10/1/2021,1000000
amazon,Marketplace,CO,11/1/2021,1220000
amazon,Marketplace,CO,12/1/2021,1000000
amazon,Marketplace,CO,1/1/2022,1000000
amazon,Marketplace,CO,2/1/2022,1000000
amazon,Marketplace,CO,3/1/2022,1000000
amazon,Marketplace,CO,4/1/2022,1000000
amazon,Marketplace,CO,5/1/2022,1000000
amazon,Marketplace,CO,6/1/2022,1000000
amazon,Marketplace,CO,7/1/2022,1000000
amazon,Marketplace,CO,8/1/2022,1000000
amazon,Marketplace,CO,9/1/2022,1000000
amazon,Marketplace,CO,10/1/2022,1000000
amazon,Marketplace,CO,11/1/2022,1000000
amazon,Marketplace,CO,12/1/2022,1000000
amazon,Marketplace,CO,1/1/2023,1000000
amazon,Marketplace,CO,2/1/2023,823000
amazon,Marketplace,CO,3/1/2023,1000000
amazon,Marketplace,CO,4/1/2023,1000000
amazon,Marketplace,CO,5/1/2023,1000000
amazon,Marketplace,CO,6/1/2023,1000000
amazon,Marketplace,CO,7/1/2023,1220000
amazon,Marketplace,CO,8/1/2023,1220000
amazon,Marketplace,CO,9/1/2023,1220000
amazon,Marketplace,CO,10/1/2023,1220000
amazon,Marketplace,CO,11/1/2023,1500000
amazon,Marketplace,CO,12/1/2023,1220000
amazon,Marketplace,CO,1/1/2024,1500000
amazon,Marketplace,CO,2/1/2024,1220000
amazon,Marketplace,CO,3/1/2024,1220000
amazon,Marketplace,CO,4/1/2024,1220000
amazon,Marketplace,CO,5/1/2024,1220000
amazon,Marketplace,CO,6/1/2024,1220000
amazon,Marketplace,CO,7/1/2024,1220000
amazon,Marketplace,CO,8/1/2024,1220000
amazon,Marketplace,CO,9/1/2024,1220000
amazon,Marketplace,CO,10/1/2024,1220000
amazon,Marketplace,CO,11/1/2024,1500000
amazon,Marketplace,CO,12/1/2024,1220000
amazon,Marketplace,CO,1/1/2025,1220000
amazon,Marketplace,CO,2/1/2025,1000000
amazon,Marketplace,CO,3/1/2025,1220000
amazon,Marketplace,CO,4/1/2025,1000000
amazon,Marketplace,CO,5/1/2025,1220000
amazon,Marketplace,CO,6/1/2025,1220000
amazon,Marketplace,CO,7/1/2025,1500000
amazon,Marketplace,CO,8/1/2025,1220000
amazon,Marketplace,CO,9/1/2025,1220000
amazon,Marketplace,CO,10/1/2025,1500000
dropi,Branded,CO,8/1/2021,1900
dropi,Branded,CO,9/1/2021,2400
dropi,Branded,CO,10/1/2021,2400
dropi,Branded,CO,11/1/2021,3600
dropi,Branded,CO,12/1/2021,2900
dropi,Branded,CO,1/1/2022,3600
dropi,Branded,CO,2/1/2022,4400
dropi,Branded,CO,3/1/2022,5400
dropi,Branded,CO,4/1/2022,6600
dropi,Branded,CO,5/1/2022,6600
dropi,Branded,CO,6/1/2022,8100
dropi,Branded,CO,7/1/2022,9900
dropi,Branded,CO,8/1/2022,9900
dropi,Branded,CO,9/1/2022,12100
dropi,Branded,CO,10/1/2022,14800
dropi,Branded,CO,11/1/2022,18100
dropi,Branded,CO,12/1/2022,18100
dropi,Branded,CO,1/1/2023,22200
dropi,Branded,CO,2/1/2023,22200
dropi,Branded,CO,3/1/2023,27100
dropi,Branded,CO,4/1/2023,27100
dropi,Branded,CO,5/1/2023,33100
dropi,Branded,CO,6/1/2023,40500
dropi,Branded,CO,7/1/2023,49500
dropi,Branded,CO,8/1/2023,60500
dropi,Branded,CO,9/1/2023,74000
dropi,Branded,CO,10/1/2023,74000
dropi,Branded,CO,11/1/2023,74000
dropi,Branded,CO,12/1/2023,90500
dropi,Branded,CO,1/1/2024,90500
dropi,Branded,CO,2/1/2024,110000
dropi,Branded,CO,3/1/2024,110000
dropi,Branded,CO,4/1/2024,110000
dropi,Branded,CO,5/1/2024,110000
dropi,Branded,CO,6/1/2024,110000
dropi,Branded,CO,7/1/2024,110000
dropi,Branded,CO,8/1/2024,110000
dropi,Branded,CO,9/1/2024,135000
dropi,Branded,CO,10/1/2024,135000
dropi,Branded,CO,11/1/2024,165000
dropi,Branded,CO,12/1/2024,135000
dropi,Branded,CO,1/1/2025,135000
dropi,Branded,CO,2/1/2025,135000
dropi,Branded,CO,3/1/2025,165000
dropi,Branded,CO,4/1/2025,165000
dropi,Branded,CO,5/1/2025,165000
dropi,Branded,CO,6/1/2025,135000
dropi,Branded,CO,7/1/2025,165000
dropi,Branded,CO,8/1/2025,135000
dropi,Branded,CO,9/1/2025,165000
dropi,Branded,CO,10/1/2025,135000
ecwid,Branded,CO,8/1/2021,1600
ecwid,Branded,CO,9/1/2021,1300
ecwid,Branded,CO,10/1/2021,1300
ecwid,Branded,CO,11/1/2021,1300
ecwid,Branded,CO,12/1/2021,880
ecwid,Branded,CO,1/1/2022,1000
ecwid,Branded,CO,2/1/2022,1300
ecwid,Branded,CO,3/1/2022,1600
ecwid,Branded,CO,4/1/2022,1000
ecwid,Branded,CO,5/1/2022,1300
ecwid,Branded,CO,6/1/2022,880
ecwid,Branded,CO,7/1/2022,720
ecwid,Branded,CO,8/1/2022,880
ecwid,Branded,CO,9/1/2022,880
ecwid,Branded,CO,10/1/2022,1300
ecwid,Branded,CO,11/1/2022,1300
ecwid,Branded,CO,12/1/2022,720
ecwid,Branded,CO,1/1/2023,880
ecwid,Branded,CO,2/1/2023,880
ecwid,Branded,CO,3/1/2023,1000
ecwid,Branded,CO,4/1/2023,1000
ecwid,Branded,CO,5/1/2023,1000
ecwid,Branded,CO,6/1/2023,880
ecwid,Branded,CO,7/1/2023,880
ecwid,Branded,CO,8/1/2023,880
ecwid,Branded,CO,9/1/2023,880
ecwid,Branded,CO,10/1/2023,1000
ecwid,Branded,CO,11/1/2023,720
ecwid,Branded,CO,12/1/2023,480
ecwid,Branded,CO,1/1/2024,720
ecwid,Branded,CO,2/1/2024,720
ecwid,Branded,CO,3/1/2024,880
ecwid,Branded,CO,4/1/2024,720
ecwid,Branded,CO,5/1/2024,880
ecwid,Branded,CO,6/1/2024,720
ecwid,Branded,CO,7/1/2024,590
ecwid,Branded,CO,8/1/2024,720
ecwid,Branded,CO,9/1/2024,720
ecwid,Branded,CO,10/1/2024,880
ecwid,Branded,CO,11/1/2024,880
ecwid,Branded,CO,12/1/2024,480
ecwid,Branded,CO,1/1/2025,590
ecwid,Branded,CO,2/1/2025,720
ecwid,Branded,CO,3/1/2025,720
ecwid,Branded,CO,4/1/2025,590
ecwid,Branded,CO,5/1/2025,590
ecwid,Branded,CO,6/1/2025,480
ecwid,Branded,CO,7/1/2025,590
ecwid,Branded,CO,8/1/2025,480
ecwid,Branded,CO,9/1/2025,480
ecwid,Branded,CO,10/1/2025,480
empretienda,Branded,CO,8/1/2021,110
empretienda,Branded,CO,9/1/2021,70
empretienda,Branded,CO,10/1/2021,50
empretienda,Branded,CO,11/1/2021,50
empretienda,Branded,CO,12/1/2021,30
empretienda,Branded,CO,1/1/2022,50
empretienda,Branded,CO,2/1/2022,30
empretienda,Branded,CO,3/1/2022,90
empretienda,Branded,CO,4/1/2022,70
empretienda,Branded,CO,5/1/2022,90
empretienda,Branded,CO,6/1/2022,170
empretienda,Branded,CO,7/1/2022,170
empretienda,Branded,CO,8/1/2022,70
empretienda,Branded,CO,9/1/2022,50
empretienda,Branded,CO,10/1/2022,70
empretienda,Branded,CO,11/1/2022,50
empretienda,Branded,CO,12/1/2022,70
empretienda,Branded,CO,1/1/2023,70
empretienda,Branded,CO,2/1/2023,70
empretienda,Branded,CO,3/1/2023,90
empretienda,Branded,CO,4/1/2023,90
empretienda,Branded,CO,5/1/2023,70
empretienda,Branded,CO,6/1/2023,390
empretienda,Branded,CO,7/1/2023,260
empretienda,Branded,CO,8/1/2023,480
empretienda,Branded,CO,9/1/2023,480
empretienda,Branded,CO,10/1/2023,320
empretienda,Branded,CO,11/1/2023,320
empretienda,Branded,CO,12/1/2023,170
empretienda,Branded,CO,1/1/2024,320
empretienda,Branded,CO,2/1/2024,210
empretienda,Branded,CO,3/1/2024,320
empretienda,Branded,CO,4/1/2024,260
empretienda,Branded,CO,5/1/2024,140
empretienda,Branded,CO,6/1/2024,170
empretienda,Branded,CO,7/1/2024,90
empretienda,Branded,CO,8/1/2024,90
empretienda,Branded,CO,9/1/2024,90
empretienda,Branded,CO,10/1/2024,140
empretienda,Branded,CO,11/1/2024,90
empretienda,Branded,CO,12/1/2024,70
empretienda,Branded,CO,1/1/2025,110
empretienda,Branded,CO,2/1/2025,90
empretienda,Branded,CO,3/1/2025,90
empretienda,Branded,CO,4/1/2025,110
empretienda,Branded,CO,5/1/2025,110
empretienda,Branded,CO,6/1/2025,70
empretienda,Branded,CO,7/1/2025,70
empretienda,Branded,CO,8/1/2025,70
empretienda,Branded,CO,9/1/2025,70
empretienda,Branded,CO,10/1/2025,50
falabella,Marketplace,CO,8/1/2021,1220000
falabella,Marketplace,CO,9/1/2021,1220000
falabella,Marketplace,CO,10/1/2021,1500000
falabella,Marketplace,CO,11/1/2021,1830000
falabella,Marketplace,CO,12/1/2021,1830000
falabella,Marketplace,CO,1/1/2022,1000000
falabella,Marketplace,CO,2/1/2022,823000
falabella,Marketplace,CO,3/1/2022,1220000
falabella,Marketplace,CO,4/1/2022,1000000
falabella,Marketplace,CO,5/1/2022,1000000
falabella,Marketplace,CO,6/1/2022,1500000
falabella,Marketplace,CO,7/1/2022,1000000
falabella,Marketplace,CO,8/1/2022,1000000
falabella,Marketplace,CO,9/1/2022,1000000
falabella,Marketplace,CO,10/1/2022,1000000
falabella,Marketplace,CO,11/1/2022,1500000
falabella,Marketplace,CO,12/1/2022,1830000
falabella,Marketplace,CO,1/1/2023,1000000
falabella,Marketplace,CO,2/1/2023,823000
falabella,Marketplace,CO,3/1/2023,1000000
falabella,Marketplace,CO,4/1/2023,1000000
falabella,Marketplace,CO,5/1/2023,1220000
falabella,Marketplace,CO,6/1/2023,1000000
falabella,Marketplace,CO,7/1/2023,1000000
falabella,Marketplace,CO,8/1/2023,1000000
falabella,Marketplace,CO,9/1/2023,1000000
falabella,Marketplace,CO,10/1/2023,1220000
falabella,Marketplace,CO,11/1/2023,1830000
falabella,Marketplace,CO,12/1/2023,1830000
falabella,Marketplace,CO,1/1/2024,1000000
falabella,Marketplace,CO,2/1/2024,1000000
falabella,Marketplace,CO,3/1/2024,1000000
falabella,Marketplace,CO,4/1/2024,1000000
falabella,Marketplace,CO,5/1/2024,1000000
falabella,Marketplace,CO,6/1/2024,1220000
falabella,Marketplace,CO,7/1/2024,1000000
falabella,Marketplace,CO,8/1/2024,1000000
falabella,Marketplace,CO,9/1/2024,1000000
falabella,Marketplace,CO,10/1/2024,1220000
falabella,Marketplace,CO,11/1/2024,1830000
falabella,Marketplace,CO,12/1/2024,1830000
falabella,Marketplace,CO,1/1/2025,1220000
falabella,Marketplace,CO,2/1/2025,1000000
falabella,Marketplace,CO,3/1/2025,1000000
falabella,Marketplace,CO,4/1/2025,1000000
falabella,Marketplace,CO,5/1/2025,1220000
falabella,Marketplace,CO,6/1/2025,1220000
falabella,Marketplace,CO,7/1/2025,1220000
falabella,Marketplace,CO,8/1/2025,1220000
falabella,Marketplace,CO,9/1/2025,1220000
falabella,Marketplace,CO,10/1/2025,1220000
kichink,Branded,CO,8/1/2021,90
kichink,Branded,CO,9/1/2021,50
kichink,Branded,CO,10/1/2021,50
kichink,Branded,CO,11/1/2021,50
kichink,Branded,CO,12/1/2021,40
kichink,Branded,CO,1/1/2022,30
kichink,Branded,CO,2/1/2022,50
kichink,Branded,CO,3/1/2022,40
kichink,Branded,CO,4/1/2022,30
kichink,Branded,CO,5/1/2022,30
kichink,Branded,CO,6/1/2022,40
kichink,Branded,CO,7/1/2022,20
kichink,Branded,CO,8/1/2022,30
kichink,Branded,CO,9/1/2022,20
kichink,Branded,CO,10/1/2022,20
kichink,Branded,CO,11/1/2022,20
kichink,Branded,CO,12/1/2022,20
kichink,Branded,CO,1/1/2023,20
kichink,Branded,CO,2/1/2023,20
kichink,Branded,CO,3/1/2023,30
kichink,Branded,CO,4/1/2023,50
kichink,Branded,CO,5/1/2023,20
kichink,Branded,CO,6/1/2023,20
kichink,Branded,CO,7/1/2023,10
kichink,Branded,CO,8/1/2023,10
kichink,Branded,CO,9/1/2023,10
kichink,Branded,CO,10/1/2023,10
kichink,Branded,CO,11/1/2023,10
kichink,Branded,CO,12/1/2023,10
kichink,Branded,CO,1/1/2024,10
kichink,Branded,CO,2/1/2024,20
kichink,Branded,CO,3/1/2024,30
kichink,Branded,CO,4/1/2024,10
kichink,Branded,CO,5/1/2024,20
kichink,Branded,CO,6/1/2024,10
kichink,Branded,CO,7/1/2024,10
kichink,Branded,CO,8/1/2024,20
kichink,Branded,CO,9/1/2024,10
kichink,Branded,CO,10/1/2024,20
kichink,Branded,CO,11/1/2024,20
kichink,Branded,CO,12/1/2024,20
kichink,Branded,CO,1/1/2025,10
kichink,Branded,CO,2/1/2025,10
kichink,Branded,CO,3/1/2025,20
kichink,Branded,CO,4/1/2025,10
kichink,Branded,CO,5/1/2025,20
kichink,Branded,CO,6/1/2025,10
kichink,Branded,CO,7/1/2025,10
kichink,Branded,CO,8/1/2025,30
kichink,Branded,CO,9/1/2025,10
kichink,Branded,CO,10/1/2025,20
linio,Marketplace,CO,8/1/2021,301000
linio,Marketplace,CO,9/1/2021,301000
linio,Marketplace,CO,10/1/2021,450000
linio,Marketplace,CO,11/1/2021,450000
linio,Marketplace,CO,12/1/2021,450000
linio,Marketplace,CO,1/1/2022,246000
linio,Marketplace,CO,2/1/2022,246000
linio,Marketplace,CO,3/1/2022,368000
linio,Marketplace,CO,4/1/2022,246000
linio,Marketplace,CO,5/1/2022,301000
linio,Marketplace,CO,6/1/2022,368000
linio,Marketplace,CO,7/1/2022,246000
linio,Marketplace,CO,8/1/2022,301000
linio,Marketplace,CO,9/1/2022,301000
linio,Marketplace,CO,10/1/2022,246000
linio,Marketplace,CO,11/1/2022,368000
linio,Marketplace,CO,12/1/2022,301000
linio,Marketplace,CO,1/1/2023,246000
linio,Marketplace,CO,2/1/2023,246000
linio,Marketplace,CO,3/1/2023,246000
linio,Marketplace,CO,4/1/2023,201000
linio,Marketplace,CO,5/1/2023,246000
linio,Marketplace,CO,6/1/2023,246000
linio,Marketplace,CO,7/1/2023,201000
linio,Marketplace,CO,8/1/2023,201000
linio,Marketplace,CO,9/1/2023,201000
linio,Marketplace,CO,10/1/2023,201000
linio,Marketplace,CO,11/1/2023,246000
linio,Marketplace,CO,12/1/2023,201000
linio,Marketplace,CO,1/1/2024,135000
linio,Marketplace,CO,2/1/2024,110000
linio,Marketplace,CO,3/1/2024,110000
linio,Marketplace,CO,4/1/2024,90500
linio,Marketplace,CO,5/1/2024,90500
linio,Marketplace,CO,6/1/2024,74000
linio,Marketplace,CO,7/1/2024,60500
linio,Marketplace,CO,8/1/2024,60500
linio,Marketplace,CO,9/1/2024,49500
linio,Marketplace,CO,10/1/2024,49500
linio,Marketplace,CO,11/1/2024,60500
linio,Marketplace,CO,12/1/2024,49500
linio,Marketplace,CO,1/1/2025,33100
linio,Marketplace,CO,2/1/2025,27100
linio,Marketplace,CO,3/1/2025,27100
linio,Marketplace,CO,4/1/2025,22200
linio,Marketplace,CO,5/1/2025,27100
linio,Marketplace,CO,6/1/2025,22200
linio,Marketplace,CO,7/1/2025,22200
linio,Marketplace,CO,8/1/2025,18100
linio,Marketplace,CO,9/1/2025,18100
linio,Marketplace,CO,10/1/2025,18100
mercado libre,Marketplace,CO,8/1/2021,3350000
mercado libre,Marketplace,CO,9/1/2021,3350000
mercado libre,Marketplace,CO,10/1/2021,3350000
mercado libre,Marketplace,CO,11/1/2021,3350000
mercado libre,Marketplace,CO,12/1/2021,3350000
mercado libre,Marketplace,CO,1/1/2022,3350000
mercado libre,Marketplace,CO,2/1/2022,2740000
mercado libre,Marketplace,CO,3/1/2022,3350000
mercado libre,Marketplace,CO,4/1/2022,2740000
mercado libre,Marketplace,CO,5/1/2022,2740000
mercado libre,Marketplace,CO,6/1/2022,3350000
mercado libre,Marketplace,CO,7/1/2022,2740000
mercado libre,Marketplace,CO,8/1/2022,2740000
mercado libre,Marketplace,CO,9/1/2022,2740000
mercado libre,Marketplace,CO,10/1/2022,2740000
mercado libre,Marketplace,CO,11/1/2022,2740000
mercado libre,Marketplace,CO,12/1/2022,2740000
mercado libre,Marketplace,CO,1/1/2023,2740000
mercado libre,Marketplace,CO,2/1/2023,2240000
mercado libre,Marketplace,CO,3/1/2023,2740000
mercado libre,Marketplace,CO,4/1/2023,2240000
mercado libre,Marketplace,CO,5/1/2023,2240000
mercado libre,Marketplace,CO,6/1/2023,2240000
mercado libre,Marketplace,CO,7/1/2023,2740000
mercado libre,Marketplace,CO,8/1/2023,2240000
mercado libre,Marketplace,CO,9/1/2023,2740000
mercado libre,Marketplace,CO,10/1/2023,2740000
mercado libre,Marketplace,CO,11/1/2023,2740000
mercado libre,Marketplace,CO,12/1/2023,2740000
mercado libre,Marketplace,CO,1/1/2024,2740000
mercado libre,Marketplace,CO,2/1/2024,2240000
mercado libre,Marketplace,CO,3/1/2024,2240000
mercado libre,Marketplace,CO,4/1/2024,2240000
mercado libre,Marketplace,CO,5/1/2024,2240000
mercado libre,Marketplace,CO,6/1/2024,2240000
mercado libre,Marketplace,CO,7/1/2024,2740000
mercado libre,Marketplace,CO,8/1/2024,2240000
mercado libre,Marketplace,CO,9/1/2024,2240000
mercado libre,Marketplace,CO,10/1/2024,2740000
mercado libre,Marketplace,CO,11/1/2024,2740000
mercado libre,Marketplace,CO,12/1/2024,2740000
mercado libre,Marketplace,CO,1/1/2025,2240000
mercado libre,Marketplace,CO,2/1/2025,2240000
mercado libre,Marketplace,CO,3/1/2025,2240000
mercado libre,Marketplace,CO,4/1/2025,2240000
mercado libre,Marketplace,CO,5/1/2025,2240000
mercado libre,Marketplace,CO,6/1/2025,2240000
mercado libre,Marketplace,CO,7/1/2025,2240000
mercado libre,Marketplace,CO,8/1/2025,2240000
mercado libre,Marketplace,CO,9/1/2025,2240000
mercado libre,Marketplace,CO,10/1/2025,2240000
mercado shops,Branded,CO,8/1/2021,590
mercado shops,Branded,CO,9/1/2021,1300
mercado shops,Branded,CO,10/1/2021,1600
mercado shops,Branded,CO,11/1/2021,1600
mercado shops,Branded,CO,12/1/2021,1000
mercado shops,Branded,CO,1/1/2022,1600
mercado shops,Branded,CO,2/1/2022,2900
mercado shops,Branded,CO,3/1/2022,2900
mercado shops,Branded,CO,4/1/2022,1600
mercado shops,Branded,CO,5/1/2022,2400
mercado shops,Branded,CO,6/1/2022,1900
mercado shops,Branded,CO,7/1/2022,1600
mercado shops,Branded,CO,8/1/2022,1300
mercado shops,Branded,CO,9/1/2022,1900
mercado shops,Branded,CO,10/1/2022,1300
mercado shops,Branded,CO,11/1/2022,1600
mercado shops,Branded,CO,12/1/2022,1000
mercado shops,Branded,CO,1/1/2023,1600
mercado shops,Branded,CO,2/1/2023,1300
mercado shops,Branded,CO,3/1/2023,1000
mercado shops,Branded,CO,4/1/2023,880
mercado shops,Branded,CO,5/1/2023,1000
mercado shops,Branded,CO,6/1/2023,1000
mercado shops,Branded,CO,7/1/2023,1000
mercado shops,Branded,CO,8/1/2023,1000
mercado shops,Branded,CO,9/1/2023,1000
mercado shops,Branded,CO,10/1/2023,1000
mercado shops,Branded,CO,11/1/2023,880
mercado shops,Branded,CO,12/1/2023,720
mercado shops,Branded,CO,1/1/2024,880
mercado shops,Branded,CO,2/1/2024,880
mercado shops,Branded,CO,3/1/2024,880
mercado shops,Branded,CO,4/1/2024,1000
mercado shops,Branded,CO,5/1/2024,1000
mercado shops,Branded,CO,6/1/2024,720
mercado shops,Branded,CO,7/1/2024,880
mercado shops,Branded,CO,8/1/2024,720
mercado shops,Branded,CO,9/1/2024,880
mercado shops,Branded,CO,10/1/2024,720
mercado shops,Branded,CO,11/1/2024,590
mercado shops,Branded,CO,12/1/2024,590
mercado shops,Branded,CO,1/1/2025,880
mercado shops,Branded,CO,2/1/2025,480
mercado shops,Branded,CO,3/1/2025,480
mercado shops,Branded,CO,4/1/2025,390
mercado shops,Branded,CO,5/1/2025,320
mercado shops,Branded,CO,6/1/2025,320
mercado shops,Branded,CO,7/1/2025,260
mercado shops,Branded,CO,8/1/2025,390
mercado shops,Branded,CO,9/1/2025,480
mercado shops,Branded,CO,10/1/2025,320
olx,Marketplace,CO,8/1/2021,673000
olx,Marketplace,CO,9/1/2021,550000
olx,Marketplace,CO,10/1/2021,550000
olx,Marketplace,CO,11/1/2021,550000
olx,Marketplace,CO,12/1/2021,550000
olx,Marketplace,CO,1/1/2022,673000
olx,Marketplace,CO,2/1/2022,550000
olx,Marketplace,CO,3/1/2022,550000
olx,Marketplace,CO,4/1/2022,550000
olx,Marketplace,CO,5/1/2022,450000
olx,Marketplace,CO,6/1/2022,450000
olx,Marketplace,CO,7/1/2022,450000
olx,Marketplace,CO,8/1/2022,450000
olx,Marketplace,CO,9/1/2022,450000
olx,Marketplace,CO,10/1/2022,450000
olx,Marketplace,CO,11/1/2022,368000
olx,Marketplace,CO,12/1/2022,301000
olx,Marketplace,CO,1/1/2023,450000
olx,Marketplace,CO,2/1/2023,368000
olx,Marketplace,CO,3/1/2023,368000
olx,Marketplace,CO,4/1/2023,301000
olx,Marketplace,CO,5/1/2023,301000
olx,Marketplace,CO,6/1/2023,301000
olx,Marketplace,CO,7/1/2023,246000
olx,Marketplace,CO,8/1/2023,165000
olx,Marketplace,CO,9/1/2023,135000
olx,Marketplace,CO,10/1/2023,135000
olx,Marketplace,CO,11/1/2023,110000
olx,Marketplace,CO,12/1/2023,90500
olx,Marketplace,CO,1/1/2024,110000
olx,Marketplace,CO,2/1/2024,90500
olx,Marketplace,CO,3/1/2024,90500
olx,Marketplace,CO,4/1/2024,74000
olx,Marketplace,CO,5/1/2024,74000
olx,Marketplace,CO,6/1/2024,60500
olx,Marketplace,CO,7/1/2024,49500
olx,Marketplace,CO,8/1/2024,49500
olx,Marketplace,CO,9/1/2024,40500
olx,Marketplace,CO,10/1/2024,40500
olx,Marketplace,CO,11/1/2024,33100
olx,Marketplace,CO,12/1/2024,33100
olx,Marketplace,CO,1/1/2025,40500
olx,Marketplace,CO,2/1/2025,33100
olx,Marketplace,CO,3/1/2025,33100
olx,Marketplace,CO,4/1/2025,27100
olx,Marketplace,CO,5/1/2025,27100
olx,Marketplace,CO,6/1/2025,27100
olx,Marketplace,CO,7/1/2025,27100
olx,Marketplace,CO,8/1/2025,27100
olx,Marketplace,CO,9/1/2025,22200
olx,Marketplace,CO,10/1/2025,22200
prestashop,Branded,CO,8/1/2021,2400
prestashop,Branded,CO,9/1/2021,2400
prestashop,Branded,CO,10/1/2021,2400
prestashop,Branded,CO,11/1/2021,1900
prestashop,Branded,CO,12/1/2021,1300
prestashop,Branded,CO,1/1/2022,1600
prestashop,Branded,CO,2/1/2022,1600
prestashop,Branded,CO,3/1/2022,1900
prestashop,Branded,CO,4/1/2022,1600
prestashop,Branded,CO,5/1/2022,1600
prestashop,Branded,CO,6/1/2022,1300
prestashop,Branded,CO,7/1/2022,1600
prestashop,Branded,CO,8/1/2022,1900
prestashop,Branded,CO,9/1/2022,1600
prestashop,Branded,CO,10/1/2022,1600
prestashop,Branded,CO,11/1/2022,1600
prestashop,Branded,CO,12/1/2022,1000
prestashop,Branded,CO,1/1/2023,1300
prestashop,Branded,CO,2/1/2023,1600
prestashop,Branded,CO,3/1/2023,1600
prestashop,Branded,CO,4/1/2023,1600
prestashop,Branded,CO,5/1/2023,1600
prestashop,Branded,CO,6/1/2023,1600
prestashop,Branded,CO,7/1/2023,1300
prestashop,Branded,CO,8/1/2023,1300
prestashop,Branded,CO,9/1/2023,1300
prestashop,Branded,CO,10/1/2023,1300
prestashop,Branded,CO,11/1/2023,1600
prestashop,Branded,CO,12/1/2023,1000
prestashop,Branded,CO,1/1/2024,1300
prestashop,Branded,CO,2/1/2024,1600
prestashop,Branded,CO,3/1/2024,1300
prestashop,Branded,CO,4/1/2024,1600
prestashop,Branded,CO,5/1/2024,1300
prestashop,Branded,CO,6/1/2024,1000
prestashop,Branded,CO,7/1/2024,1300
prestashop,Branded,CO,8/1/2024,1300
prestashop,Branded,CO,9/1/2024,1600
prestashop,Branded,CO,10/1/2024,1300
prestashop,Branded,CO,11/1/2024,1300
prestashop,Branded,CO,12/1/2024,720
prestashop,Branded,CO,1/1/2025,880
prestashop,Branded,CO,2/1/2025,1000
prestashop,Branded,CO,3/1/2025,1300
prestashop,Branded,CO,4/1/2025,1000
prestashop,Branded,CO,5/1/2025,1000
prestashop,Branded,CO,6/1/2025,880
prestashop,Branded,CO,7/1/2025,1000
prestashop,Branded,CO,8/1/2025,880
prestashop,Branded,CO,9/1/2025,1000
prestashop,Branded,CO,10/1/2025,880
rocketfy,Branded,CO,8/1/2021,14800
rocketfy,Branded,CO,9/1/2021,14800
rocketfy,Branded,CO,10/1/2021,14800
rocketfy,Branded,CO,11/1/2021,14800
rocketfy,Branded,CO,12/1/2021,14800
rocketfy,Branded,CO,1/1/2022,18100
rocketfy,Branded,CO,2/1/2022,18100
rocketfy,Branded,CO,3/1/2022,18100
rocketfy,Branded,CO,4/1/2022,18100
rocketfy,Branded,CO,5/1/2022,22200
rocketfy,Branded,CO,6/1/2022,22200
rocketfy,Branded,CO,7/1/2022,22200
rocketfy,Branded,CO,8/1/2022,22200
rocketfy,Branded,CO,9/1/2022,22200
rocketfy,Branded,CO,10/1/2022,27100
rocketfy,Branded,CO,11/1/2022,33100
rocketfy,Branded,CO,12/1/2022,33100
rocketfy,Branded,CO,1/1/2023,33100
rocketfy,Branded,CO,2/1/2023,33100
rocketfy,Branded,CO,3/1/2023,40500
rocketfy,Branded,CO,4/1/2023,40500
rocketfy,Branded,CO,5/1/2023,40500
rocketfy,Branded,CO,6/1/2023,40500
rocketfy,Branded,CO,7/1/2023,49500
rocketfy,Branded,CO,8/1/2023,49500
rocketfy,Branded,CO,9/1/2023,49500
rocketfy,Branded,CO,10/1/2023,49500
rocketfy,Branded,CO,11/1/2023,49500
rocketfy,Branded,CO,12/1/2023,49500
rocketfy,Branded,CO,1/1/2024,49500
rocketfy,Branded,CO,2/1/2024,40500
rocketfy,Branded,CO,3/1/2024,40500
rocketfy,Branded,CO,4/1/2024,40500
rocketfy,Branded,CO,5/1/2024,40500
rocketfy,Branded,CO,6/1/2024,40500
rocketfy,Branded,CO,7/1/2024,49500
rocketfy,Branded,CO,8/1/2024,49500
rocketfy,Branded,CO,9/1/2024,49500
rocketfy,Branded,CO,10/1/2024,49500
rocketfy,Branded,CO,11/1/2024,49500
rocketfy,Branded,CO,12/1/2024,40500
rocketfy,Branded,CO,1/1/2025,33100
rocketfy,Branded,CO,2/1/2025,22200
rocketfy,Branded,CO,3/1/2025,14800
rocketfy,Branded,CO,4/1/2025,8100
rocketfy,Branded,CO,5/1/2025,6600
rocketfy,Branded,CO,6/1/2025,4400
rocketfy,Branded,CO,7/1/2025,3600
rocketfy,Branded,CO,8/1/2025,2900
rocketfy,Branded,CO,9/1/2025,2900
rocketfy,Branded,CO,10/1/2025,2400
shopify,Branded,CO,8/1/2021,27100
shopify,Branded,CO,9/1/2021,27100
shopify,Branded,CO,10/1/2021,27100
shopify,Branded,CO,11/1/2021,33100
shopify,Branded,CO,12/1/2021,33100
shopify,Branded,CO,1/1/2022,27100
shopify,Branded,CO,2/1/2022,27100
shopify,Branded,CO,3/1/2022,27100
shopify,Branded,CO,4/1/2022,27100
shopify,Branded,CO,5/1/2022,27100
shopify,Branded,CO,6/1/2022,27100
shopify,Branded,CO,7/1/2022,27100
shopify,Branded,CO,8/1/2022,33100
shopify,Branded,CO,9/1/2022,33100
shopify,Branded,CO,10/1/2022,33100
shopify,Branded,CO,11/1/2022,33100
shopify,Branded,CO,12/1/2022,27100
shopify,Branded,CO,1/1/2023,40500
shopify,Branded,CO,2/1/2023,40500
shopify,Branded,CO,3/1/2023,40500
shopify,Branded,CO,4/1/2023,40500
shopify,Branded,CO,5/1/2023,49500
shopify,Branded,CO,6/1/2023,49500
shopify,Branded,CO,7/1/2023,49500
shopify,Branded,CO,8/1/2023,60500
shopify,Branded,CO,9/1/2023,60500
shopify,Branded,CO,10/1/2023,60500
shopify,Branded,CO,11/1/2023,49500
shopify,Branded,CO,12/1/2023,49500
shopify,Branded,CO,1/1/2024,60500
shopify,Branded,CO,2/1/2024,60500
shopify,Branded,CO,3/1/2024,74000
shopify,Branded,CO,4/1/2024,74000
shopify,Branded,CO,5/1/2024,74000
shopify,Branded,CO,6/1/2024,60500
shopify,Branded,CO,7/1/2024,74000
shopify,Branded,CO,8/1/2024,74000
shopify,Branded,CO,9/1/2024,74000
shopify,Branded,CO,10/1/2024,90500
shopify,Branded,CO,11/1/2024,74000
shopify,Branded,CO,12/1/2024,60500
shopify,Branded,CO,1/1/2025,90500
shopify,Branded,CO,2/1/2025,90500
shopify,Branded,CO,3/1/2025,90500
shopify,Branded,CO,4/1/2025,90500
shopify,Branded,CO,5/1/2025,90500
shopify,Branded,CO,6/1/2025,90500
shopify,Branded,CO,7/1/2025,90500
shopify,Branded,CO,8/1/2025,90500
shopify,Branded,CO,9/1/2025,90500
shopify,Branded,CO,10/1/2025,90500
sumerlabs,Branded,CO,8/1/2021,50
sumerlabs,Branded,CO,9/1/2021,90
sumerlabs,Branded,CO,10/1/2021,110
sumerlabs,Branded,CO,11/1/2021,140
sumerlabs,Branded,CO,12/1/2021,210
sumerlabs,Branded,CO,1/1/2022,260
sumerlabs,Branded,CO,2/1/2022,320
sumerlabs,Branded,CO,3/1/2022,320
sumerlabs,Branded,CO,4/1/2022,480
sumerlabs,Branded,CO,5/1/2022,880
sumerlabs,Branded,CO,6/1/2022,590
sumerlabs,Branded,CO,7/1/2022,320
sumerlabs,Branded,CO,8/1/2022,320
sumerlabs,Branded,CO,9/1/2022,590
sumerlabs,Branded,CO,10/1/2022,320
sumerlabs,Branded,CO,11/1/2022,390
sumerlabs,Branded,CO,12/1/2022,320
sumerlabs,Branded,CO,1/1/2023,320
sumerlabs,Branded,CO,2/1/2023,320
sumerlabs,Branded,CO,3/1/2023,320
sumerlabs,Branded,CO,4/1/2023,260
sumerlabs,Branded,CO,5/1/2023,320
sumerlabs,Branded,CO,6/1/2023,320
sumerlabs,Branded,CO,7/1/2023,260
sumerlabs,Branded,CO,8/1/2023,260
sumerlabs,Branded,CO,9/1/2023,320
sumerlabs,Branded,CO,10/1/2023,320
sumerlabs,Branded,CO,11/1/2023,320
sumerlabs,Branded,CO,12/1/2023,320
sumerlabs,Branded,CO,1/1/2024,320
sumerlabs,Branded,CO,2/1/2024,390
sumerlabs,Branded,CO,3/1/2024,480
sumerlabs,Branded,CO,4/1/2024,480
sumerlabs,Branded,CO,5/1/2024,320
sumerlabs,Branded,CO,6/1/2024,260
sumerlabs,Branded,CO,7/1/2024,210
sumerlabs,Branded,CO,8/1/2024,260
sumerlabs,Branded,CO,9/1/2024,390
sumerlabs,Branded,CO,10/1/2024,210
sumerlabs,Branded,CO,11/1/2024,170
sumerlabs,Branded,CO,12/1/2024,110
sumerlabs,Branded,CO,1/1/2025,140
sumerlabs,Branded,CO,2/1/2025,170
sumerlabs,Branded,CO,3/1/2025,170
sumerlabs,Branded,CO,4/1/2025,140
sumerlabs,Branded,CO,5/1/2025,170
sumerlabs,Branded,CO,6/1/2025,140
sumerlabs,Branded,CO,7/1/2025,170
sumerlabs,Branded,CO,8/1/2025,140
sumerlabs,Branded,CO,9/1/2025,210
sumerlabs,Branded,CO,10/1/2025,170
tienda nube,Branded,CO,8/1/2021,880
tienda nube,Branded,CO,9/1/2021,880
tienda nube,Branded,CO,10/1/2021,880
tienda nube,Branded,CO,11/1/2021,880
tienda nube,Branded,CO,12/1/2021,720
tienda nube,Branded,CO,1/1/2022,880
tienda nube,Branded,CO,2/1/2022,880
tienda nube,Branded,CO,3/1/2022,880
tienda nube,Branded,CO,4/1/2022,880
tienda nube,Branded,CO,5/1/2022,880
tienda nube,Branded,CO,6/1/2022,880
tienda nube,Branded,CO,7/1/2022,880
tienda nube,Branded,CO,8/1/2022,880
tienda nube,Branded,CO,9/1/2022,1000
tienda nube,Branded,CO,10/1/2022,1000
tienda nube,Branded,CO,11/1/2022,1000
tienda nube,Branded,CO,12/1/2022,720
tienda nube,Branded,CO,1/1/2023,1600
tienda nube,Branded,CO,2/1/2023,1600
tienda nube,Branded,CO,3/1/2023,1900
tienda nube,Branded,CO,4/1/2023,1600
tienda nube,Branded,CO,5/1/2023,1900
tienda nube,Branded,CO,6/1/2023,1900
tienda nube,Branded,CO,7/1/2023,2400
tienda nube,Branded,CO,8/1/2023,2400
tienda nube,Branded,CO,9/1/2023,2900
tienda nube,Branded,CO,10/1/2023,2900
tienda nube,Branded,CO,11/1/2023,2900
tienda nube,Branded,CO,12/1/2023,2400
tienda nube,Branded,CO,1/1/2024,4400
tienda nube,Branded,CO,2/1/2024,4400
tienda nube,Branded,CO,3/1/2024,4400
tienda nube,Branded,CO,4/1/2024,4400
tienda nube,Branded,CO,5/1/2024,4400
tienda nube,Branded,CO,6/1/2024,4400
tienda nube,Branded,CO,7/1/2024,3600
tienda nube,Branded,CO,8/1/2024,3600
tienda nube,Branded,CO,9/1/2024,4400
tienda nube,Branded,CO,10/1/2024,5400
tienda nube,Branded,CO,11/1/2024,4400
tienda nube,Branded,CO,12/1/2024,5400
tienda nube,Branded,CO,1/1/2025,6600
tienda nube,Branded,CO,2/1/2025,5400
tienda nube,Branded,CO,3/1/2025,6600
tienda nube,Branded,CO,4/1/2025,6600
tienda nube,Branded,CO,5/1/2025,9900
tienda nube,Branded,CO,6/1/2025,9900
tienda nube,Branded,CO,7/1/2025,6600
tienda nube,Branded,CO,8/1/2025,4400
tienda nube,Branded,CO,9/1/2025,5400
tienda nube,Branded,CO,10/1/2025,5400
tiendanube,Branded,CO,8/1/2021,1300
tiendanube,Branded,CO,9/1/2021,1000
tiendanube,Branded,CO,10/1/2021,1000
tiendanube,Branded,CO,11/1/2021,1300
tiendanube,Branded,CO,12/1/2021,880
tiendanube,Branded,CO,1/1/2022,1000
tiendanube,Branded,CO,2/1/2022,1300
tiendanube,Branded,CO,3/1/2022,1000
tiendanube,Branded,CO,4/1/2022,1000
tiendanube,Branded,CO,5/1/2022,1300
tiendanube,Branded,CO,6/1/2022,1000
tiendanube,Branded,CO,7/1/2022,1000
tiendanube,Branded,CO,8/1/2022,1300
tiendanube,Branded,CO,9/1/2022,1600
tiendanube,Branded,CO,10/1/2022,1600
tiendanube,Branded,CO,11/1/2022,1900
tiendanube,Branded,CO,12/1/2022,1000
tiendanube,Branded,CO,1/1/2023,1900
tiendanube,Branded,CO,2/1/2023,1900
tiendanube,Branded,CO,3/1/2023,1900
tiendanube,Branded,CO,4/1/2023,1600
tiendanube,Branded,CO,5/1/2023,1900
tiendanube,Branded,CO,6/1/2023,1900
tiendanube,Branded,CO,7/1/2023,2400
tiendanube,Branded,CO,8/1/2023,2400
tiendanube,Branded,CO,9/1/2023,2400
tiendanube,Branded,CO,10/1/2023,2400
tiendanube,Branded,CO,11/1/2023,2400
tiendanube,Branded,CO,12/1/2023,1900
tiendanube,Branded,CO,1/1/2024,2900
tiendanube,Branded,CO,2/1/2024,3600
tiendanube,Branded,CO,3/1/2024,2900
tiendanube,Branded,CO,4/1/2024,3600
tiendanube,Branded,CO,5/1/2024,3600
tiendanube,Branded,CO,6/1/2024,3600
tiendanube,Branded,CO,7/1/2024,4400
tiendanube,Branded,CO,8/1/2024,4400
tiendanube,Branded,CO,9/1/2024,3600
tiendanube,Branded,CO,10/1/2024,4400
tiendanube,Branded,CO,11/1/2024,2900
tiendanube,Branded,CO,12/1/2024,4400
tiendanube,Branded,CO,1/1/2025,5400
tiendanube,Branded,CO,2/1/2025,5400
tiendanube,Branded,CO,3/1/2025,8100
tiendanube,Branded,CO,4/1/2025,8100
tiendanube,Branded,CO,5/1/2025,9900
tiendanube,Branded,CO,6/1/2025,9900
tiendanube,Branded,CO,7/1/2025,5400
tiendanube,Branded,CO,8/1/2025,4400
tiendanube,Branded,CO,9/1/2025,4400
tiendanube,Branded,CO,10/1/2025,3600
vtex,Branded,CO,8/1/2021,4400
vtex,Branded,CO,9/1/2021,3600
vtex,Branded,CO,10/1/2021,2900
vtex,Branded,CO,11/1/2021,2900
vtex,Branded,CO,12/1/2021,2900
vtex,Branded,CO,1/1/2022,2900
vtex,Branded,CO,2/1/2022,2900
vtex,Branded,CO,3/1/2022,3600
vtex,Branded,CO,4/1/2022,2900
vtex,Branded,CO,5/1/2022,3600
vtex,Branded,CO,6/1/2022,2900
vtex,Branded,CO,7/1/2022,2900
vtex,Branded,CO,8/1/2022,3600
vtex,Branded,CO,9/1/2022,3600
vtex,Branded,CO,10/1/2022,2900
vtex,Branded,CO,11/1/2022,2900
vtex,Branded,CO,12/1/2022,2400
vtex,Branded,CO,1/1/2023,2900
vtex,Branded,CO,2/1/2023,2900
vtex,Branded,CO,3/1/2023,3600
vtex,Branded,CO,4/1/2023,2900
vtex,Branded,CO,5/1/2023,3600
vtex,Branded,CO,6/1/2023,2900
vtex,Branded,CO,7/1/2023,2900
vtex,Branded,CO,8/1/2023,2900
vtex,Branded,CO,9/1/2023,2900
vtex,Branded,CO,10/1/2023,2900
vtex,Branded,CO,11/1/2023,2400
vtex,Branded,CO,12/1/2023,2400
vtex,Branded,CO,1/1/2024,2900
vtex,Branded,CO,2/1/2024,3600
vtex,Branded,CO,3/1/2024,2900
vtex,Branded,CO,4/1/2024,3600
vtex,Branded,CO,5/1/2024,2900
vtex,Branded,CO,6/1/2024,2400
vtex,Branded,CO,7/1/2024,3600
vtex,Branded,CO,8/1/2024,2900
vtex,Branded,CO,9/1/2024,3600
vtex,Branded,CO,10/1/2024,3600
vtex,Branded,CO,11/1/2024,2900
vtex,Branded,CO,12/1/2024,2900
vtex,Branded,CO,1/1/2025,2900
vtex,Branded,CO,2/1/2025,2900
vtex,Branded,CO,3/1/2025,2900
vtex,Branded,CO,4/1/2025,2900
vtex,Branded,CO,5/1/2025,2900
vtex,Branded,CO,6/1/2025,2900
vtex,Branded,CO,7/1/2025,2900
vtex,Branded,CO,8/1/2025,2900
vtex,Branded,CO,9/1/2025,2400
vtex,Branded,CO,10/1/2025,2900
wix,Branded,CO,8/1/2021,165000
wix,Branded,CO,9/1/2021,165000
wix,Branded,CO,10/1/2021,165000
wix,Branded,CO,11/1/2021,201000
wix,Branded,CO,12/1/2021,60500
wix,Branded,CO,1/1/2022,60500
wix,Branded,CO,2/1/2022,110000
wix,Branded,CO,3/1/2022,165000
wix,Branded,CO,4/1/2022,135000
wix,Branded,CO,5/1/2022,201000
wix,Branded,CO,6/1/2022,110000
wix,Branded,CO,7/1/2022,90500
wix,Branded,CO,8/1/2022,165000
wix,Branded,CO,9/1/2022,165000
wix,Branded,CO,10/1/2022,165000
wix,Branded,CO,11/1/2022,165000
wix,Branded,CO,12/1/2022,60500
wix,Branded,CO,1/1/2023,60500
wix,Branded,CO,2/1/2023,90500
wix,Branded,CO,3/1/2023,135000
wix,Branded,CO,4/1/2023,110000
wix,Branded,CO,5/1/2023,165000
wix,Branded,CO,6/1/2023,90500
wix,Branded,CO,7/1/2023,90500
wix,Branded,CO,8/1/2023,135000
wix,Branded,CO,9/1/2023,135000
wix,Branded,CO,10/1/2023,135000
wix,Branded,CO,11/1/2023,135000
wix,Branded,CO,12/1/2023,49500
wix,Branded,CO,1/1/2024,49500
wix,Branded,CO,2/1/2024,90500
wix,Branded,CO,3/1/2024,110000
wix,Branded,CO,4/1/2024,135000
wix,Branded,CO,5/1/2024,165000
wix,Branded,CO,6/1/2024,90500
wix,Branded,CO,7/1/2024,90500
wix,Branded,CO,8/1/2024,110000
wix,Branded,CO,9/1/2024,135000
wix,Branded,CO,10/1/2024,135000
wix,Branded,CO,11/1/2024,110000
wix,Branded,CO,12/1/2024,49500
wix,Branded,CO,1/1/2025,49500
wix,Branded,CO,2/1/2025,74000
wix,Branded,CO,3/1/2025,110000
wix,Branded,CO,4/1/2025,110000
wix,Branded,CO,5/1/2025,135000
wix,Branded,CO,6/1/2025,74000
wix,Branded,CO,7/1/2025,90500
wix,Branded,CO,8/1/2025,90500
wix,Branded,CO,9/1/2025,110000
wix,Branded,CO,10/1/2025,110000
woocommerce,Branded,CO,8/1/2021,5400
woocommerce,Branded,CO,9/1/2021,4400
woocommerce,Branded,CO,10/1/2021,4400
woocommerce,Branded,CO,11/1/2021,4400
woocommerce,Branded,CO,12/1/2021,2900
woocommerce,Branded,CO,1/1/2022,3600
woocommerce,Branded,CO,2/1/2022,3600
woocommerce,Branded,CO,3/1/2022,4400
woocommerce,Branded,CO,4/1/2022,3600
woocommerce,Branded,CO,5/1/2022,3600
woocommerce,Branded,CO,6/1/2022,2900
woocommerce,Branded,CO,7/1/2022,2900
woocommerce,Branded,CO,8/1/2022,3600
woocommerce,Branded,CO,9/1/2022,3600
woocommerce,Branded,CO,10/1/2022,3600
woocommerce,Branded,CO,11/1/2022,3600
woocommerce,Branded,CO,12/1/2022,2400
woocommerce,Branded,CO,1/1/2023,3600
woocommerce,Branded,CO,2/1/2023,3600
woocommerce,Branded,CO,3/1/2023,4400
woocommerce,Branded,CO,4/1/2023,3600
woocommerce,Branded,CO,5/1/2023,4400
woocommerce,Branded,CO,6/1/2023,3600
woocommerce,Branded,CO,7/1/2023,3600
woocommerce,Branded,CO,8/1/2023,4400
woocommerce,Branded,CO,9/1/2023,4400
woocommerce,Branded,CO,10/1/2023,3600
woocommerce,Branded,CO,11/1/2023,3600
woocommerce,Branded,CO,12/1/2023,2900
woocommerce,Branded,CO,1/1/2024,3600
woocommerce,Branded,CO,2/1/2024,4400
woocommerce,Branded,CO,3/1/2024,4400
woocommerce,Branded,CO,4/1/2024,4400
woocommerce,Branded,CO,5/1/2024,4400
woocommerce,Branded,CO,6/1/2024,3600
woocommerce,Branded,CO,7/1/2024,4400
woocommerce,Branded,CO,8/1/2024,4400
woocommerce,Branded,CO,9/1/2024,4400
woocommerce,Branded,CO,10/1/2024,4400
woocommerce,Branded,CO,11/1/2024,3600
woocommerce,Branded,CO,12/1/2024,2400
woocommerce,Branded,CO,1/1/2025,3600
woocommerce,Branded,CO,2/1/2025,4400
woocommerce,Branded,CO,3/1/2025,4400
woocommerce,Branded,CO,4/1/2025,3600
woocommerce,Branded,CO,5/1/2025,3600
woocommerce,Branded,CO,6/1/2025,2900
woocommerce,Branded,CO,7/1/2025,3600
woocommerce,Branded,CO,8/1/2025,2900
woocommerce,Branded,CO,9/1/2025,2900
woocommerce,Branded,CO,10/1/2025,2900
éxito,Marketplace,CO,8/1/2021,1000000
éxito,Marketplace,CO,9/1/2021,1000000
éxito,Marketplace,CO,10/1/2021,1830000
éxito,Marketplace,CO,11/1/2021,1500000
éxito,Marketplace,CO,12/1/2021,1500000
éxito,Marketplace,CO,1/1/2022,1000000
éxito,Marketplace,CO,2/1/2022,1000000
éxito,Marketplace,CO,3/1/2022,1500000
éxito,Marketplace,CO,4/1/2022,1000000
éxito,Marketplace,CO,5/1/2022,1000000
éxito,Marketplace,CO,6/1/2022,1830000
éxito,Marketplace,CO,7/1/2022,1000000
éxito,Marketplace,CO,8/1/2022,1000000
éxito,Marketplace,CO,9/1/2022,1000000
éxito,Marketplace,CO,10/1/2022,1220000
éxito,Marketplace,CO,11/1/2022,1220000
éxito,Marketplace,CO,12/1/2022,1220000
éxito,Marketplace,CO,1/1/2023,1000000
éxito,Marketplace,CO,2/1/2023,1000000
éxito,Marketplace,CO,3/1/2023,1000000
éxito,Marketplace,CO,4/1/2023,823000
éxito,Marketplace,CO,5/1/2023,1000000
éxito,Marketplace,CO,6/1/2023,1000000
éxito,Marketplace,CO,7/1/2023,1000000
éxito,Marketplace,CO,8/1/2023,823000
éxito,Marketplace,CO,9/1/2023,823000
éxito,Marketplace,CO,10/1/2023,1000000
éxito,Marketplace,CO,11/1/2023,1220000
éxito,Marketplace,CO,12/1/2023,1220000
éxito,Marketplace,CO,1/1/2024,1000000
éxito,Marketplace,CO,2/1/2024,1000000
éxito,Marketplace,CO,3/1/2024,1000000
éxito,Marketplace,CO,4/1/2024,823000
éxito,Marketplace,CO,5/1/2024,823000
éxito,Marketplace,CO,6/1/2024,823000
éxito,Marketplace,CO,7/1/2024,1000000
éxito,Marketplace,CO,8/1/2024,823000
éxito,Marketplace,CO,9/1/2024,1000000
éxito,Marketplace,CO,10/1/2024,1000000
éxito,Marketplace,CO,11/1/2024,1220000
éxito,Marketplace,CO,12/1/2024,1220000
éxito,Marketplace,CO,1/1/2025,1000000
éxito,Marketplace,CO,2/1/2025,1000000
éxito,Marketplace,CO,3/1/2025,1000000
éxito,Marketplace,CO,4/1/2025,823000
éxito,Marketplace,CO,5/1/2025,823000
éxito,Marketplace,CO,6/1/2025,1000000
éxito,Marketplace,CO,7/1/2025,1000000
éxito,Marketplace,CO,8/1/2025,823000
éxito,Marketplace,CO,9/1/2025,823000
éxito,Marketplace,CO,10/1/2025,823000