year,month,date,country,search_type,expected_impressions
2025,1,01/01/2025,AR,Branded,3679.65
2025,1,01/02/2025,AR,Branded,3679.65
2025,1,01/03/2025,AR,Branded,3679.65
2025,1,01/04/2025,AR,Branded,3679.65
2025,1,01/05/2025,AR,Branded,3679.65
2025,1,01/06/2025,AR,Branded,3679.65
2025,1,01/07/2025,AR,Branded,3679.65
2025,1,01/08/2025,AR,Branded,3679.65
2025,1,01/09/2025,AR,Branded,3679.65
2025,1,01/10/2025,AR,Branded,3679.65
2025,1,01/11/2025,AR,Branded,3679.65
2025,1,01/12/2025,AR,Branded,3679.65
2025,1,01/13/2025,AR,Branded,3679.65
2025,1,01/14/2025,AR,Branded,3679.65
2025,1,01/15/2025,AR,Branded,3679.65
2025,1,01/16/2025,AR,Branded,3679.65
2025,1,01/17/2025,AR,Branded,3679.65
2025,1,01/18/2025,AR,Branded,3679.65
2025,1,01/19/2025,AR,Branded,3679.65
2025,1,01/20/2025,AR,Branded,3679.65
2025,1,01/21/2025,AR,Branded,3679.65
2025,1,01/22/2025,AR,Branded,3679.65
2025,1,01/23/2025,AR,Branded,3679.65
2025,1,01/24/2025,AR,Branded,3679.65
2025,1,01/25/2025,AR,Branded,3679.65
2025,1,01/26/2025,AR,Branded,3679.65
2025,1,01/27/2025,AR,Branded,3679.65
2025,1,01/28/2025,AR,Branded,3679.65
2025,1,01/29/2025,AR,Branded,3679.65
2025,1,01/30/2025,AR,Branded,3679.65
2025,1,01/31/2025,AR,Branded,3679.65
2025,2,02/01/2025,AR,Branded,3819.07
2025,2,02/02/2025,AR,Branded,3819.07
2025,2,02/03/2025,AR,Branded,3819.07
2025,2,02/04/2025,AR,Branded,3819.07
2025,2,02/05/2025,AR,Branded,3819.07
2025,2,02/06/2025,AR,Branded,3819.07
2025,2,02/07/2025,AR,Branded,3819.07
2025,2,02/08/2025,AR,Branded,3819.07
2025,2,02/09/2025,AR,Branded,3819.07
2025,2,02/10/2025,AR,Branded,3819.07
2025,2,02/11/2025,AR,Branded,3819.07
2025,2,02/12/2025,AR,Branded,3819.07
2025,2,02/13/2025,AR,Branded,3819.07
2025,2,02/14/2025,AR,Branded,3819.07
2025,2,02/15/2025,AR,Branded,3819.07
2025,2,02/16/2025,AR,Branded,3819.07
2025,2,02/17/2025,AR,Branded,3819.07
2025,2,02/18/2025,AR,Branded,3819.07
2025,2,02/19/2025,AR,Branded,3819.07
2025,2,02/20/2025,AR,Branded,3819.07
2025,2,02/21/2025,AR,Branded,3819.07
2025,2,02/22/2025,AR,Branded,3819.07
2025,2,02/23/2025,AR,Branded,3819.07
2025,2,02/24/2025,AR,Branded,3819.07
2025,2,02/25/2025,AR,Branded,3819.07
2025,2,02/26/2025,AR,Branded,3819.07
2025,2,02/27/2025,AR,Branded,3819.07
2025,2,02/28/2025,AR,Branded,3819.07
2025,3,03/01/2025,AR,Branded,4181.55
2025,3,03/02/2025,AR,Branded,4181.55
2025,3,03/03/2025,AR,Branded,4181.55
2025,3,03/04/2025,AR,Branded,4181.55
2025,3,03/05/2025,AR,Branded,4181.55
2025,3,03/06/2025,AR,Branded,4181.55
2025,3,03/07/2025,AR,Branded,4181.55
2025,3,03/08/2025,AR,Branded,4181.55
2025,3,03/09/2025,AR,Branded,4181.55
2025,3,03/10/2025,AR,Branded,4181.55
2025,3,03/11/2025,AR,Branded,4181.55
2025,3,03/12/2025,AR,Branded,4181.55
2025,3,03/13/2025,AR,Branded,4181.55
2025,3,03/14/2025,AR,Branded,4181.55
2025,3,03/15/2025,AR,Branded,4181.55
2025,3,03/16/2025,AR,Branded,4181.55
2025,3,03/17/2025,AR,Branded,4181.55
2025,3,03/18/2025,AR,Branded,4181.55
2025,3,03/19/2025,AR,Branded,4181.55
2025,3,03/20/2025,AR,Branded,4181.55
2025,3,03/21/2025,AR,Branded,4181.55
2025,3,03/22/2025,AR,Branded,4181.55
2025,3,03/23/2025,AR,Branded,4181.55
2025,3,03/24/2025,AR,Branded,4181.55
2025,3,03/25/2025,AR,Branded,4181.55
2025,3,03/26/2025,AR,Branded,4181.55
2025,3,03/27/2025,AR,Branded,4181.55
2025,3,03/28/2025,AR,Branded,4181.55
2025,3,03/29/2025,AR,Branded,4181.55
2025,3,03/30/2025,AR,Branded,4181.55
2025,3,03/31/2025,AR,Branded,4181.55
2025,4,04/01/2025,AR,Branded,4685.17
2025,4,04/02/2025,AR,Branded,4685.17
2025,4,04/03/2025,AR,Branded,4685.17
2025,4,04/04/2025,AR,Branded,4685.17
2025,4,04/05/2025,AR,Branded,4685.17
2025,4,04/06/2025,AR,Branded,4685.17
2025,4,04/07/2025,AR,Branded,4685.17
2025,4,04/08/2025,AR,Branded,4685.17
2025,4,04/09/2025,AR,Branded,4685.17
2025,4,04/10/2025,AR,Branded,4685.17
2025,4,04/11/2025,AR,Branded,4685.17
2025,4,04/12/2025,AR,Branded,4685.17
2025,4,04/13/2025,AR,Branded,4685.17
2025,4,04/14/2025,AR,Branded,4685.17
2025,4,04/15/2025,AR,Branded,4685.17
2025,4,04/16/2025,AR,Branded,4685.17
2025,4,04/17/2025,AR,Branded,4685.17
2025,4,04/18/2025,AR,Branded,4685.17
2025,4,04/19/2025,AR,Branded,4685.17
2025,4,04/20/2025,AR,Branded,4685.17
2025,4,04/21/2025,AR,Branded,4685.17
2025,4,04/22/2025,AR,Branded,4685.17
2025,4,04/23/2025,AR,Branded,4685.17
2025,4,04/24/2025,AR,Branded,4685.17
2025,4,04/25/2025,AR,Branded,4685.17
2025,4,04/26/2025,AR,Branded,4685.17
2025,4,04/27/2025,AR,Branded,4685.17
2025,4,04/28/2025,AR,Branded,4685.17
2025,4,04/29/2025,AR,Branded,4685.17
2025,4,04/30/2025,AR,Branded,4685.17
2025,5,05/01/2025,AR,Branded,4672.58
2025,5,05/02/2025,AR,Branded,4672.58
2025,5,05/03/2025,AR,Branded,4672.58
2025,5,05/04/2025,AR,Branded,4672.58
2025,5,05/05/2025,AR,Branded,4672.58
2025,5,05/06/2025,AR,Branded,4672.58
2025,5,05/07/2025,AR,Branded,4672.58
2025,5,05/08/2025,AR,Branded,4672.58
2025,5,05/09/2025,AR,Branded,4672.58
2025,5,05/10/2025,AR,Branded,4672.58
2025,5,05/11/2025,AR,Branded,4672.58
2025,5,05/12/2025,AR,Branded,4672.58
2025,5,05/13/2025,AR,Branded,4672.58
2025,5,05/14/2025,AR,Branded,4672.58
2025,5,05/15/2025,AR,Branded,4672.58
2025,5,05/16/2025,AR,Branded,4672.58
2025,5,05/17/2025,AR,Branded,4672.58
2025,5,05/18/2025,AR,Branded,4672.58
2025,5,05/19/2025,AR,Branded,4672.58
2025,5,05/20/2025,AR,Branded,4672.58
2025,5,05/21/2025,AR,Branded,4672.58
2025,5,05/22/2025,AR,Branded,4672.58
2025,5,05/23/2025,AR,Branded,4672.58
2025,5,05/24/2025,AR,Branded,4672.58
2025,5,05/25/2025,AR,Branded,4672.58
2025,5,05/26/2025,AR,Branded,4672.58
2025,5,05/27/2025,AR,Branded,4672.58
2025,5,05/28/2025,AR,Branded,4672.58
2025,5,05/29/2025,AR,Branded,4672.58
2025,5,05/30/2025,AR,Branded,4672.58
2025,5,05/31/2025,AR,Branded,4672.58
2025,6,06/01/2025,AR,Branded,4048.43
2025,6,06/02/2025,AR,Branded,4048.43
2025,6,06/03/2025,AR,Branded,4048.43
2025,6,06/04/2025,AR,Branded,4048.43
2025,6,06/05/2025,AR,Branded,4048.43
2025,6,06/06/2025,AR,Branded,4048.43
2025,6,06/07/2025,AR,Branded,4048.43
2025,6,06/08/2025,AR,Branded,4048.43
2025,6,06/09/2025,AR,Branded,4048.43
2025,6,06/10/2025,AR,Branded,4048.43
2025,6,06/11/2025,AR,Branded,4048.43
2025,6,06/12/2025,AR,Branded,4048.43
2025,6,06/13/2025,AR,Branded,4048.43
2025,6,06/14/2025,AR,Branded,4048.43
2025,6,06/15/2025,AR,Branded,4048.43
2025,6,06/16/2025,AR,Branded,4048.43
2025,6,06/17/2025,AR,Branded,4048.43
2025,6,06/18/2025,AR,Branded,4048.43
2025,6,06/19/2025,AR,Branded,4048.43
2025,6,06/20/2025,AR,Branded,4048.43
2025,6,06/21/2025,AR,Branded,4048.43
2025,6,06/22/2025,AR,Branded,4048.43
2025,6,06/23/2025,AR,Branded,4048.43
2025,6,06/24/2025,AR,Branded,4048.43
2025,6,06/25/2025,AR,Branded,4048.43
2025,6,06/26/2025,AR,Branded,4048.43
2025,6,06/27/2025,AR,Branded,4048.43
2025,6,06/28/2025,AR,Branded,4048.43
2025,6,06/29/2025,AR,Branded,4048.43
2025,6,06/30/2025,AR,Branded,4048.43
2025,7,07/01/2025,AR,Branded,4490.45
2025,7,07/02/2025,AR,Branded,4490.45
2025,7,07/03/2025,AR,Branded,4490.45
2025,7,07/04/2025,AR,Branded,4490.45
2025,7,07/05/2025,AR,Branded,4490.45
2025,7,07/06/2025,AR,Branded,4490.45
2025,7,07/07/2025,AR,Branded,4490.45
2025,7,07/08/2025,AR,Branded,4490.45
2025,7,07/09/2025,AR,Branded,4490.45
2025,7,07/10/2025,AR,Branded,4490.45
2025,7,07/11/2025,AR,Branded,4490.45
2025,7,07/12/2025,AR,Branded,4490.45
2025,7,07/13/2025,AR,Branded,4490.45
2025,7,07/14/2025,AR,Branded,4490.45
2025,7,07/15/2025,AR,Branded,4490.45
2025,7,07/16/2025,AR,Branded,4490.45
2025,7,07/17/2025,AR,Branded,4490.45
2025,7,07/18/2025,AR,Branded,4490.45
2025,7,07/19/2025,AR,Branded,4490.45
2025,7,07/20/2025,AR,Branded,4490.45
2025,7,07/21/2025,AR,Branded,4490.45
2025,7,07/22/2025,AR,Branded,4490.45
2025,7,07/23/2025,AR,Branded,4490.45
2025,7,07/24/2025,AR,Branded,4490.45
2025,7,07/25/2025,AR,Branded,4490.45
2025,7,07/26/2025,AR,Branded,4490.45
2025,7,07/27/2025,AR,Branded,4490.45
2025,7,07/28/2025,AR,Branded,4490.45
2025,7,07/29/2025,AR,Branded,4490.45
2025,7,07/30/2025,AR,Branded,4490.45
2025,7,07/31/2025,AR,Branded,4490.45
2025,8,08/01/2025,AR,Branded,4725.23
2025,8,08/02/2025,AR,Branded,4725.23
2025,8,08/03/2025,AR,Branded,4725.23
2025,8,08/04/2025,AR,Branded,4725.23
2025,8,08/05/2025,AR,Branded,4725.23
2025,8,08/06/2025,AR,Branded,4725.23
2025,8,08/07/2025,AR,Branded,4725.23
2025,8,08/08/2025,AR,Branded,4725.23
2025,8,08/09/2025,AR,Branded,4725.23
2025,8,08/10/2025,AR,Branded,4725.23
2025,8,08/11/2025,AR,Branded,4725.23
2025,8,08/12/2025,AR,Branded,4725.23
2025,8,08/13/2025,AR,Branded,4725.23
2025,8,08/14/2025,AR,Branded,4725.23
2025,8,08/15/2025,AR,Branded,4725.23
2025,8,08/16/2025,AR,Branded,4725.23
2025,8,08/17/2025,AR,Branded,4725.23
2025,8,08/18/2025,AR,Branded,4725.23
2025,8,08/19/2025,AR,Branded,4725.23
2025,8,08/20/2025,AR,Branded,4725.23
2025,8,08/21/2025,AR,Branded,4725.23
2025,8,08/22/2025,AR,Branded,4725.23
2025,8,08/23/2025,AR,Branded,4725.23
2025,8,08/24/2025,AR,Branded,4725.23
2025,8,08/25/2025,AR,Branded,4725.23
2025,8,08/26/2025,AR,Branded,4725.23
2025,8,08/27/2025,AR,Branded,4725.23
2025,8,08/28/2025,AR,Branded,4725.23
2025,8,08/29/2025,AR,Branded,4725.23
2025,8,08/30/2025,AR,Branded,4725.23
2025,8,08/31/2025,AR,Branded,4725.23
2025,9,09/01/2025,AR,Branded,4962.50
2025,9,09/02/2025,AR,Branded,4962.50
2025,9,09/03/2025,AR,Branded,4962.50
2025,9,09/04/2025,AR,Branded,4962.50
2025,9,09/05/2025,AR,Branded,4962.50
2025,9,09/06/2025,AR,Branded,4962.50
2025,9,09/07/2025,AR,Branded,4962.50
2025,9,09/08/2025,AR,Branded,4962.50
2025,9,09/09/2025,AR,Branded,4962.50
2025,9,09/10/2025,AR,Branded,4962.50
2025,9,09/11/2025,AR,Branded,4962.50
2025,9,09/12/2025,AR,Branded,4962.50
2025,9,09/13/2025,AR,Branded,4962.50
2025,9,09/14/2025,AR,Branded,4962.50
2025,9,09/15/2025,AR,Branded,4962.50
2025,9,09/16/2025,AR,Branded,4962.50
2025,9,09/17/2025,AR,Branded,4962.50
2025,9,09/18/2025,AR,Branded,4962.50
2025,9,09/19/2025,AR,Branded,4962.50
2025,9,09/20/2025,AR,Branded,4962.50
2025,9,09/21/2025,AR,Branded,4962.50
2025,9,09/22/2025,AR,Branded,4962.50
2025,9,09/23/2025,AR,Branded,4962.50
2025,9,09/24/2025,AR,Branded,4962.50
2025,9,09/25/2025,AR,Branded,4962.50
2025,9,09/26/2025,AR,Branded,4962.50
2025,9,09/27/2025,AR,Branded,4962.50
2025,9,09/28/2025,AR,Branded,4962.50
2025,9,09/29/2025,AR,Branded,4962.50
2025,9,09/30/2025,AR,Branded,4962.50
2025,10,10/01/2025,AR,Branded,5017.84
2025,10,10/02/2025,AR,Branded,5017.84
2025,10,10/03/2025,AR,Branded,5017.84
2025,10,10/04/2025,AR,Branded,5017.84
2025,10,10/05/2025,AR,Branded,5017.84
2025,10,10/06/2025,AR,Branded,5017.84
2025,10,10/07/2025,AR,Branded,5017.84
2025,10,10/08/2025,AR,Branded,5017.84
2025,10,10/09/2025,AR,Branded,5017.84
2025,10,10/10/2025,AR,Branded,5017.84
2025,10,10/11/2025,AR,Branded,5017.84
2025,10,10/12/2025,AR,Branded,5017.84
2025,10,10/13/2025,AR,Branded,5017.84
2025,10,10/14/2025,AR,Branded,5017.84
2025,10,10/15/2025,AR,Branded,5017.84
2025,10,10/16/2025,AR,Branded,5017.84
2025,10,10/17/2025,AR,Branded,5017.84
2025,10,10/18/2025,AR,Branded,5017.84
2025,10,10/19/2025,AR,Branded,5017.84
2025,10,10/20/2025,AR,Branded,5017.84
2025,10,10/21/2025,AR,Branded,5017.84
2025,10,10/22/2025,AR,Branded,5017.84
2025,10,10/23/2025,AR,Branded,5017.84
2025,10,10/24/2025,AR,Branded,5017.84
2025,10,10/25/2025,AR,Branded,5017.84
2025,10,10/26/2025,AR,Branded,5017.84
2025,10,10/27/2025,AR,Branded,5017.84
2025,10,10/28/2025,AR,Branded,5017.84
2025,10,10/29/2025,AR,Branded,5017.84
2025,10,10/30/2025,AR,Branded,5017.84
2025,10,10/31/2025,AR,Branded,5017.84
2025,11,11/01/2025,AR,Branded,4548.10
2025,11,11/02/2025,AR,Branded,4548.10
2025,11,11/03/2025,AR,Branded,4548.10
2025,11,11/04/2025,AR,Branded,4548.10
2025,11,11/05/2025,AR,Branded,4548.10
2025,11,11/06/2025,AR,Branded,4548.10
2025,11,11/07/2025,AR,Branded,4548.10
2025,11,11/08/2025,AR,Branded,4548.10
2025,11,11/09/2025,AR,Branded,4548.10
2025,11,11/10/2025,AR,Branded,4548.10
2025,11,11/11/2025,AR,Branded,4548.10
2025,11,11/12/2025,AR,Branded,4548.10
2025,11,11/13/2025,AR,Branded,4548.10
2025,11,11/14/2025,AR,Branded,4548.10
2025,11,11/15/2025,AR,Branded,4548.10
2025,11,11/16/2025,AR,Branded,4548.10
2025,11,11/17/2025,AR,Branded,4548.10
2025,11,11/18/2025,AR,Branded,4548.10
2025,11,11/19/2025,AR,Branded,4548.10
2025,11,11/20/2025,AR,Branded,4548.10
2025,11,11/21/2025,AR,Branded,4548.10
2025,11,11/22/2025,AR,Branded,4548.10
2025,11,11/23/2025,AR,Branded,4548.10
2025,11,11/24/2025,AR,Branded,4548.10
2025,11,11/25/2025,AR,Branded,4548.10
2025,11,11/26/2025,AR,Branded,4548.10
2025,11,11/27/2025,AR,Branded,4548.10
2025,11,11/28/2025,AR,Branded,4548.10
2025,11,11/29/2025,AR,Branded,4548.10
2025,11,11/30/2025,AR,Branded,4548.10
2025,12,12/01/2025,AR,Branded,3689.68
2025,12,12/02/2025,AR,Branded,3689.68
2025,12,12/03/2025,AR,Branded,3689.68
2025,12,12/04/2025,AR,Branded,3689.68
2025,12,12/05/2025,AR,Branded,3689.68
2025,12,12/06/2025,AR,Branded,3689.68
2025,12,12/07/2025,AR,Branded,3689.68
2025,12,12/08/2025,AR,Branded,3689.68
2025,12,12/09/2025,AR,Branded,3689.68
2025,12,12/10/2025,AR,Branded,3689.68
2025,12,12/11/2025,AR,Branded,3689.68
2025,12,12/12/2025,AR,Branded,3689.68
2025,12,12/13/2025,AR,Branded,3689.68
2025,12,12/14/2025,AR,Branded,3689.68
2025,12,12/15/2025,AR,Branded,3689.68
2025,12,12/16/2025,AR,Branded,3689.68
2025,12,12/17/2025,AR,Branded,3689.68
2025,12,12/18/2025,AR,Branded,3689.68
2025,12,12/19/2025,AR,Branded,3689.68
2025,12,12/20/2025,AR,Branded,3689.68
2025,12,12/21/2025,AR,Branded,3689.68
2025,12,12/22/2025,AR,Branded,3689.68
2025,12,12/23/2025,AR,Branded,3689.68
2025,12,12/24/2025,AR,Branded,3689.68
2025,12,12/25/2025,AR,Branded,3689.68
2025,12,12/26/2025,AR,Branded,3689.68
2025,12,12/27/2025,AR,Branded,3689.68
2025,12,12/28/2025,AR,Branded,3689.68
2025,12,12/29/2025,AR,Branded,3689.68
2025,12,12/30/2025,AR,Branded,3689.68
2025,12,12/31/2025,AR,Branded,3689.68
2025,1,01/01/2025,BR,Branded,8844.77
2025,1,01/02/2025,BR,Branded,8844.77
2025,1,01/03/2025,BR,Branded,8844.77
2025,1,01/04/2025,BR,Branded,8844.77
2025,1,01/05/2025,BR,Branded,8844.77
2025,1,01/06/2025,BR,Branded,8844.77
2025,1,01/07/2025,BR,Branded,8844.77
2025,1,01/08/2025,BR,Branded,8844.77
2025,1,01/09/2025,BR,Branded,8844.77
2025,1,01/10/2025,BR,Branded,8844.77
2025,1,01/11/2025,BR,Branded,8844.77
2025,1,01/12/2025,BR,Branded,8844.77
2025,1,01/13/2025,BR,Branded,8844.77
2025,1,01/14/2025,BR,Branded,8844.77
2025,1,01/15/2025,BR,Branded,8844.77
2025,1,01/16/2025,BR,Branded,8844.77
2025,1,01/17/2025,BR,Branded,8844.77
2025,1,01/18/2025,BR,Branded,8844.77
2025,1,01/19/2025,BR,Branded,8844.77
2025,1,01/20/2025,BR,Branded,8844.77
2025,1,01/21/2025,BR,Branded,8844.77
2025,1,01/22/2025,BR,Branded,8844.77
2025,1,01/23/2025,BR,Branded,8844.77
2025,1,01/24/2025,BR,Branded,8844.77
2025,1,01/25/2025,BR,Branded,8844.77
2025,1,01/26/2025,BR,Branded,8844.77
2025,1,01/27/2025,BR,Branded,8844.77
2025,1,01/28/2025,BR,Branded,8844.77
2025,1,01/29/2025,BR,Branded,8844.77
2025,1,01/30/2025,BR,Branded,8844.77
2025,1,01/31/2025,BR,Branded,8844.77
2025,2,02/01/2025,BR,Branded,9373.82
2025,2,02/02/2025,BR,Branded,9373.82
2025,2,02/03/2025,BR,Branded,9373.82
2025,2,02/04/2025,BR,Branded,9373.82
2025,2,02/05/2025,BR,Branded,9373.82
2025,2,02/06/2025,BR,Branded,9373.82
2025,2,02/07/2025,BR,Branded,9373.82
2025,2,02/08/2025,BR,Branded,9373.82
2025,2,02/09/2025,BR,Branded,9373.82
2025,2,02/10/2025,BR,Branded,9373.82
2025,2,02/11/2025,BR,Branded,9373.82
2025,2,02/12/2025,BR,Branded,9373.82
2025,2,02/13/2025,BR,Branded,9373.82
2025,2,02/14/2025,BR,Branded,9373.82
2025,2,02/15/2025,BR,Branded,9373.82
2025,2,02/16/2025,BR,Branded,9373.82
2025,2,02/17/2025,BR,Branded,9373.82
2025,2,02/18/2025,BR,Branded,9373.82
2025,2,02/19/2025,BR,Branded,9373.82
2025,2,02/20/2025,BR,Branded,9373.82
2025,2,02/21/2025,BR,Branded,9373.82
2025,2,02/22/2025,BR,Branded,9373.82
2025,2,02/23/2025,BR,Branded,9373.82
2025,2,02/24/2025,BR,Branded,9373.82
2025,2,02/25/2025,BR,Branded,9373.82
2025,2,02/26/2025,BR,Branded,9373.82
2025,2,02/27/2025,BR,Branded,9373.82
2025,2,02/28/2025,BR,Branded,9373.82
2025,3,03/01/2025,BR,Branded,9417.19
2025,3,03/02/2025,BR,Branded,9417.19
2025,3,03/03/2025,BR,Branded,9417.19
2025,3,03/04/2025,BR,Branded,9417.19
2025,3,03/05/2025,BR,Branded,9417.19
2025,3,03/06/2025,BR,Branded,9417.19
2025,3,03/07/2025,BR,Branded,9417.19
2025,3,03/08/2025,BR,Branded,9417.19
2025,3,03/09/2025,BR,Branded,9417.19
2025,3,03/10/2025,BR,Branded,9417.19
2025,3,03/11/2025,BR,Branded,9417.19
2025,3,03/12/2025,BR,Branded,9417.19
2025,3,03/13/2025,BR,Branded,9417.19
2025,3,03/14/2025,BR,Branded,9417.19
2025,3,03/15/2025,BR,Branded,9417.19
2025,3,03/16/2025,BR,Branded,9417.19
2025,3,03/17/2025,BR,Branded,9417.19
2025,3,03/18/2025,BR,Branded,9417.19
2025,3,03/19/2025,BR,Branded,9417.19
2025,3,03/20/2025,BR,Branded,9417.19
2025,3,03/21/2025,BR,Branded,9417.19
2025,3,03/22/2025,BR,Branded,9417.19
2025,3,03/23/2025,BR,Branded,9417.19
2025,3,03/24/2025,BR,Branded,9417.19
2025,3,03/25/2025,BR,Branded,9417.19
2025,3,03/26/2025,BR,Branded,9417.19
2025,3,03/27/2025,BR,Branded,9417.19
2025,3,03/28/2025,BR,Branded,9417.19
2025,3,03/29/2025,BR,Branded,9417.19
2025,3,03/30/2025,BR,Branded,9417.19
2025,3,03/31/2025,BR,Branded,9417.19
2025,4,04/01/2025,BR,Branded,9175.97
2025,4,04/02/2025,BR,Branded,9175.97
2025,4,04/03/2025,BR,Branded,9175.97
2025,4,04/04/2025,BR,Branded,9175.97
2025,4,04/05/2025,BR,Branded,9175.97
2025,4,04/06/2025,BR,Branded,9175.97
2025,4,04/07/2025,BR,Branded,9175.97
2025,4,04/08/2025,BR,Branded,9175.97
2025,4,04/09/2025,BR,Branded,9175.97
2025,4,04/10/2025,BR,Branded,9175.97
2025,4,04/11/2025,BR,Branded,9175.97
2025,4,04/12/2025,BR,Branded,9175.97
2025,4,04/13/2025,BR,Branded,9175.97
2025,4,04/14/2025,BR,Branded,9175.97
2025,4,04/15/2025,BR,Branded,9175.97
2025,4,04/16/2025,BR,Branded,9175.97
2025,4,04/17/2025,BR,Branded,9175.97
2025,4,04/18/2025,BR,Branded,9175.97
2025,4,04/19/2025,BR,Branded,9175.97
2025,4,04/20/2025,BR,Branded,9175.97
2025,4,04/21/2025,BR,Branded,9175.97
2025,4,04/22/2025,BR,Branded,9175.97
2025,4,04/23/2025,BR,Branded,9175.97
2025,4,04/24/2025,BR,Branded,9175.97
2025,4,04/25/2025,BR,Branded,9175.97
2025,4,04/26/2025,BR,Branded,9175.97
2025,4,04/27/2025,BR,Branded,9175.97
2025,4,04/28/2025,BR,Branded,9175.97
2025,4,04/29/2025,BR,Branded,9175.97
2025,4,04/30/2025,BR,Branded,9175.97
2025,5,05/01/2025,BR,Branded,9789.94
2025,5,05/02/2025,BR,Branded,9789.94
2025,5,05/03/2025,BR,Branded,9789.94
2025,5,05/04/2025,BR,Branded,9789.94
2025,5,05/05/2025,BR,Branded,9789.94
2025,5,05/06/2025,BR,Branded,9789.94
2025,5,05/07/2025,BR,Branded,9789.94
2025,5,05/08/2025,BR,Branded,9789.94
2025,5,05/09/2025,BR,Branded,9789.94
2025,5,05/10/2025,BR,Branded,9789.94
2025,5,05/11/2025,BR,Branded,9789.94
2025,5,05/12/2025,BR,Branded,9789.94
2025,5,05/13/2025,BR,Branded,9789.94
2025,5,05/14/2025,BR,Branded,9789.94
2025,5,05/15/2025,BR,Branded,9789.94
2025,5,05/16/2025,BR,Branded,9789.94
2025,5,05/17/2025,BR,Branded,9789.94
2025,5,05/18/2025,BR,Branded,9789.94
2025,5,05/19/2025,BR,Branded,9789.94
2025,5,05/20/2025,BR,Branded,9789.94
2025,5,05/21/2025,BR,Branded,9789.94
2025,5,05/22/2025,BR,Branded,9789.94
2025,5,05/23/2025,BR,Branded,9789.94
2025,5,05/24/2025,BR,Branded,9789.94
2025,5,05/25/2025,BR,Branded,9789.94
2025,5,05/26/2025,BR,Branded,9789.94
2025,5,05/27/2025,BR,Branded,9789.94
2025,5,05/28/2025,BR,Branded,9789.94
2025,5,05/29/2025,BR,Branded,9789.94
2025,5,05/30/2025,BR,Branded,9789.94
2025,5,05/31/2025,BR,Branded,9789.94
2025,6,06/01/2025,BR,Branded,8836.77
2025,6,06/02/2025,BR,Branded,8836.77
2025,6,06/03/2025,BR,Branded,8836.77
2025,6,06/04/2025,BR,Branded,8836.77
2025,6,06/05/2025,BR,Branded,8836.77
2025,6,06/06/2025,BR,Branded,8836.77
2025,6,06/07/2025,BR,Branded,8836.77
2025,6,06/08/2025,BR,Branded,8836.77
2025,6,06/09/2025,BR,Branded,8836.77
2025,6,06/10/2025,BR,Branded,8836.77
2025,6,06/11/2025,BR,Branded,8836.77
2025,6,06/12/2025,BR,Branded,8836.77
2025,6,06/13/2025,BR,Branded,8836.77
2025,6,06/14/2025,BR,Branded,8836.77
2025,6,06/15/2025,BR,Branded,8836.77
2025,6,06/16/2025,BR,Branded,8836.77
2025,6,06/17/2025,BR,Branded,8836.77
2025,6,06/18/2025,BR,Branded,8836.77
2025,6,06/19/2025,BR,Branded,8836.77
2025,6,06/20/2025,BR,Branded,8836.77
2025,6,06/21/2025,BR,Branded,8836.77
2025,6,06/22/2025,BR,Branded,8836.77
2025,6,06/23/2025,BR,Branded,8836.77
2025,6,06/24/2025,BR,Branded,8836.77
2025,6,06/25/2025,BR,Branded,8836.77
2025,6,06/26/2025,BR,Branded,8836.77
2025,6,06/27/2025,BR,Branded,8836.77
2025,6,06/28/2025,BR,Branded,8836.77
2025,6,06/29/2025,BR,Branded,8836.77
2025,6,06/30/2025,BR,Branded,8836.77
2025,7,07/01/2025,BR,Branded,9465.16
2025,7,07/02/2025,BR,Branded,9465.16
2025,7,07/03/2025,BR,Branded,9465.16
2025,7,07/04/2025,BR,Branded,9465.16
2025,7,07/05/2025,BR,Branded,9465.16
2025,7,07/06/2025,BR,Branded,9465.16
2025,7,07/07/2025,BR,Branded,9465.16
2025,7,07/08/2025,BR,Branded,9465.16
2025,7,07/09/2025,BR,Branded,9465.16
2025,7,07/10/2025,BR,Branded,9465.16
2025,7,07/11/2025,BR,Branded,9465.16
2025,7,07/12/2025,BR,Branded,9465.16
2025,7,07/13/2025,BR,Branded,9465.16
2025,7,07/14/2025,BR,Branded,9465.16
2025,7,07/15/2025,BR,Branded,9465.16
2025,7,07/16/2025,BR,Branded,9465.16
2025,7,07/17/2025,BR,Branded,9465.16
2025,7,07/18/2025,BR,Branded,9465.16
2025,7,07/19/2025,BR,Branded,9465.16
2025,7,07/20/2025,BR,Branded,9465.16
2025,7,07/21/2025,BR,Branded,9465.16
2025,7,07/22/2025,BR,Branded,9465.16
2025,7,07/23/2025,BR,Branded,9465.16
2025,7,07/24/2025,BR,Branded,9465.16
2025,7,07/25/2025,BR,Branded,9465.16
2025,7,07/26/2025,BR,Branded,9465.16
2025,7,07/27/2025,BR,Branded,9465.16
2025,7,07/28/2025,BR,Branded,9465.16
2025,7,07/29/2025,BR,Branded,9465.16
2025,7,07/30/2025,BR,Branded,9465.16
2025,7,07/31/2025,BR,Branded,9465.16
2025,8,08/01/2025,BR,Branded,9541.55
2025,8,08/02/2025,BR,Branded,9541.55
2025,8,08/03/2025,BR,Branded,9541.55
2025,8,08/04/2025,BR,Branded,9541.55
2025,8,08/05/2025,BR,Branded,9541.55
2025,8,08/06/2025,BR,Branded,9541.55
2025,8,08/07/2025,BR,Branded,9541.55
2025,8,08/08/2025,BR,Branded,9541.55
2025,8,08/09/2025,BR,Branded,9541.55
2025,8,08/10/2025,BR,Branded,9541.55
2025,8,08/11/2025,BR,Branded,9541.55
2025,8,08/12/2025,BR,Branded,9541.55
2025,8,08/13/2025,BR,Branded,9541.55
2025,8,08/14/2025,BR,Branded,9541.55
2025,8,08/15/2025,BR,Branded,9541.55
2025,8,08/16/2025,BR,Branded,9541.55
2025,8,08/17/2025,BR,Branded,9541.55
2025,8,08/18/2025,BR,Branded,9541.55
2025,8,08/19/2025,BR,Branded,9541.55
2025,8,08/20/2025,BR,Branded,9541.55
2025,8,08/21/2025,BR,Branded,9541.55
2025,8,08/22/2025,BR,Branded,9541.55
2025,8,08/23/2025,BR,Branded,9541.55
2025,8,08/24/2025,BR,Branded,9541.55
2025,8,08/25/2025,BR,Branded,9541.55
2025,8,08/26/2025,BR,Branded,9541.55
2025,8,08/27/2025,BR,Branded,9541.55
2025,8,08/28/2025,BR,Branded,9541.55
2025,8,08/29/2025,BR,Branded,9541.55
2025,8,08/30/2025,BR,Branded,9541.55
2025,8,08/31/2025,BR,Branded,9541.55
2025,9,09/01/2025,BR,Branded,10068.93
2025,9,09/02/2025,BR,Branded,10068.93
2025,9,09/03/2025,BR,Branded,10068.93
2025,9,09/04/2025,BR,Branded,10068.93
2025,9,09/05/2025,BR,Branded,10068.93
2025,9,09/06/2025,BR,Branded,10068.93
2025,9,09/07/2025,BR,Branded,10068.93
2025,9,09/08/2025,BR,Branded,10068.93
2025,9,09/09/2025,BR,Branded,10068.93
2025,9,09/10/2025,BR,Branded,10068.93
2025,9,09/11/2025,BR,Branded,10068.93
2025,9,09/12/2025,BR,Branded,10068.93
2025,9,09/13/2025,BR,Branded,10068.93
2025,9,09/14/2025,BR,Branded,10068.93
2025,9,09/15/2025,BR,Branded,10068.93
2025,9,09/16/2025,BR,Branded,10068.93
2025,9,09/17/2025,BR,Branded,10068.93
2025,9,09/18/2025,BR,Branded,10068.93
2025,9,09/19/2025,BR,Branded,10068.93
2025,9,09/20/2025,BR,Branded,10068.93
2025,9,09/21/2025,BR,Branded,10068.93
2025,9,09/22/2025,BR,Branded,10068.93
2025,9,09/23/2025,BR,Branded,10068.93
2025,9,09/24/2025,BR,Branded,10068.93
2025,9,09/25/2025,BR,Branded,10068.93
2025,9,09/26/2025,BR,Branded,10068.93
2025,9,09/27/2025,BR,Branded,10068.93
2025,9,09/28/2025,BR,Branded,10068.93
2025,9,09/29/2025,BR,Branded,10068.93
2025,9,09/30/2025,BR,Branded,10068.93
2025,10,10/01/2025,BR,Branded,9580.48
2025,10,10/02/2025,BR,Branded,9580.48
2025,10,10/03/2025,BR,Branded,9580.48
2025,10,10/04/2025,BR,Branded,9580.48
2025,10,10/05/2025,BR,Branded,9580.48
2025,10,10/06/2025,BR,Branded,9580.48
2025,10,10/07/2025,BR,Branded,9580.48
2025,10,10/08/2025,BR,Branded,9580.48
2025,10,10/09/2025,BR,Branded,9580.48
2025,10,10/10/2025,BR,Branded,9580.48
2025,10,10/11/2025,BR,Branded,9580.48
2025,10,10/12/2025,BR,Branded,9580.48
2025,10,10/13/2025,BR,Branded,9580.48
2025,10,10/14/2025,BR,Branded,9580.48
2025,10,10/15/2025,BR,Branded,9580.48
2025,10,10/16/2025,BR,Branded,9580.48
2025,10,10/17/2025,BR,Branded,9580.48
2025,10,10/18/2025,BR,Branded,9580.48
2025,10,10/19/2025,BR,Branded,9580.48
2025,10,10/20/2025,BR,Branded,9580.48
2025,10,10/21/2025,BR,Branded,9580.48
2025,10,10/22/2025,BR,Branded,9580.48
2025,10,10/23/2025,BR,Branded,9580.48
2025,10,10/24/2025,BR,Branded,9580.48
2025,10,10/25/2025,BR,Branded,9580.48
2025,10,10/26/2025,BR,Branded,9580.48
2025,10,10/27/2025,BR,Branded,9580.48
2025,10,10/28/2025,BR,Branded,9580.48
2025,10,10/29/2025,BR,Branded,9580.48
2025,10,10/30/2025,BR,Branded,9580.48
2025,10,10/31/2025,BR,Branded,9580.48
2025,11,11/01/2025,BR,Branded,10132.87
2025,11,11/02/2025,BR,Branded,10132.87
2025,11,11/03/2025,BR,Branded,10132.87
2025,11,11/04/2025,BR,Branded,10132.87
2025,11,11/05/2025,BR,Branded,10132.87
2025,11,11/06/2025,BR,Branded,10132.87
2025,11,11/07/2025,BR,Branded,10132.87
2025,11,11/08/2025,BR,Branded,10132.87
2025,11,11/09/2025,BR,Branded,10132.87
2025,11,11/10/2025,BR,Branded,10132.87
2025,11,11/11/2025,BR,Branded,10132.87
2025,11,11/12/2025,BR,Branded,10132.87
2025,11,11/13/2025,BR,Branded,10132.87
2025,11,11/14/2025,BR,Branded,10132.87
2025,11,11/15/2025,BR,Branded,10132.87
2025,11,11/16/2025,BR,Branded,10132.87
2025,11,11/17/2025,BR,Branded,10132.87
2025,11,11/18/2025,BR,Branded,10132.87
2025,11,11/19/2025,BR,Branded,10132.87
2025,11,11/20/2025,BR,Branded,10132.87
2025,11,11/21/2025,BR,Branded,10132.87
2025,11,11/22/2025,BR,Branded,10132.87
2025,11,11/23/2025,BR,Branded,10132.87
2025,11,11/24/2025,BR,Branded,10132.87
2025,11,11/25/2025,BR,Branded,10132.87
2025,11,11/26/2025,BR,Branded,10132.87
2025,11,11/27/2025,BR,Branded,10132.87
2025,11,11/28/2025,BR,Branded,10132.87
2025,11,11/29/2025,BR,Branded,10132.87
2025,11,11/30/2025,BR,Branded,10132.87
2025,12,12/01/2025,BR,Branded,9109.42
2025,12,12/02/2025,BR,Branded,9109.42
2025,12,12/03/2025,BR,Branded,9109.42
2025,12,12/04/2025,BR,Branded,9109.42
2025,12,12/05/2025,BR,Branded,9109.42
2025,12,12/06/2025,BR,Branded,9109.42
2025,12,12/07/2025,BR,Branded,9109.42
2025,12,12/08/2025,BR,Branded,9109.42
2025,12,12/09/2025,BR,Branded,9109.42
2025,12,12/10/2025,BR,Branded,9109.42
2025,12,12/11/2025,BR,Branded,9109.42
2025,12,12/12/2025,BR,Branded,9109.42
2025,12,12/13/2025,BR,Branded,9109.42
2025,12,12/14/2025,BR,Branded,9109.42
2025,12,12/15/2025,BR,Branded,9109.42
2025,12,12/16/2025,BR,Branded,9109.42
2025,12,12/17/2025,BR,Branded,9109.42
2025,12,12/18/2025,BR,Branded,9109.42
2025,12,12/19/2025,BR,Branded,9109.42
2025,12,12/20/2025,BR,Branded,9109.42
2025,12,12/21/2025,BR,Branded,9109.42
2025,12,12/22/2025,BR,Branded,9109.42
2025,12,12/23/2025,BR,Branded,9109.42
2025,12,12/24/2025,BR,Branded,9109.42
2025,12,12/25/2025,BR,Branded,9109.42
2025,12,12/26/2025,BR,Branded,9109.42
2025,12,12/27/2025,BR,Branded,9109.42
2025,12,12/28/2025,BR,Branded,9109.42
2025,12,12/29/2025,BR,Branded,9109.42
2025,12,12/30/2025,BR,Branded,9109.42
2025,12,12/31/2025,BR,Branded,9109.42
2025,1,01/01/2025,CL,Branded,0.00
2025,1,01/02/2025,CL,Branded,0.00
2025,1,01/03/2025,CL,Branded,0.00
2025,1,01/04/2025,CL,Branded,0.00
2025,1,01/05/2025,CL,Branded,0.00
2025,1,01/06/2025,CL,Branded,0.00
2025,1,01/07/2025,CL,Branded,0.00
2025,1,01/08/2025,CL,Branded,0.00
2025,1,01/09/2025,CL,Branded,0.00
2025,1,01/10/2025,CL,Branded,0.00
2025,1,01/11/2025,CL,Branded,0.00
2025,1,01/12/2025,CL,Branded,0.00
2025,1,01/13/2025,CL,Branded,0.00
2025,1,01/14/2025,CL,Branded,0.00
2025,1,01/15/2025,CL,Branded,0.00
2025,1,01/16/2025,CL,Branded,0.00
2025,1,01/17/2025,CL,Branded,0.00
2025,1,01/18/2025,CL,Branded,0.00
2025,1,01/19/2025,CL,Branded,0.00
2025,1,01/20/2025,CL,Branded,0.00
2025,1,01/21/2025,CL,Branded,0.00
2025,1,01/22/2025,CL,Branded,0.00
2025,1,01/23/2025,CL,Branded,0.00
2025,1,01/24/2025,CL,Branded,0.00
2025,1,01/25/2025,CL,Branded,0.00
2025,1,01/26/2025,CL,Branded,0.00
2025,1,01/27/2025,CL,Branded,0.00
2025,1,01/28/2025,CL,Branded,0.00
2025,1,01/29/2025,CL,Branded,0.00
2025,1,01/30/2025,CL,Branded,0.00
2025,1,01/31/2025,CL,Branded,0.00
2025,2,02/01/2025,CL,Branded,0.00
2025,2,02/02/2025,CL,Branded,0.00
2025,2,02/03/2025,CL,Branded,0.00
2025,2,02/04/2025,CL,Branded,0.00
2025,2,02/05/2025,CL,Branded,0.00
2025,2,02/06/2025,CL,Branded,0.00
2025,2,02/07/2025,CL,Branded,0.00
2025,2,02/08/2025,CL,Branded,0.00
2025,2,02/09/2025,CL,Branded,0.00
2025,2,02/10/2025,CL,Branded,0.00
2025,2,02/11/2025,CL,Branded,0.00
2025,2,02/12/2025,CL,Branded,0.00
2025,2,02/13/2025,CL,Branded,0.00
2025,2,02/14/2025,CL,Branded,0.00
2025,2,02/15/2025,CL,Branded,0.00
2025,2,02/16/2025,CL,Branded,0.00
2025,2,02/17/2025,CL,Branded,0.00
2025,2,02/18/2025,CL,Branded,0.00
2025,2,02/19/2025,CL,Branded,0.00
2025,2,02/20/2025,CL,Branded,0.00
2025,2,02/21/2025,CL,Branded,0.00
2025,2,02/22/2025,CL,Branded,0.00
2025,2,02/23/2025,CL,Branded,0.00
2025,2,02/24/2025,CL,Branded,0.00
2025,2,02/25/2025,CL,Branded,0.00
2025,2,02/26/2025,CL,Branded,0.00
2025,2,02/27/2025,CL,Branded,0.00
2025,2,02/28/2025,CL,Branded,0.00
2025,3,03/01/2025,CL,Branded,0.00
2025,3,03/02/2025,CL,Branded,0.00
2025,3,03/03/2025,CL,Branded,0.00
2025,3,03/04/2025,CL,Branded,0.00
2025,3,03/05/2025,CL,Branded,0.00
2025,3,03/06/2025,CL,Branded,0.00
2025,3,03/07/2025,CL,Branded,0.00
2025,3,03/08/2025,CL,Branded,0.00
2025,3,03/09/2025,CL,Branded,0.00
2025,3,03/10/2025,CL,Branded,0.00
2025,3,03/11/2025,CL,Branded,0.00
2025,3,03/12/2025,CL,Branded,0.00
2025,3,03/13/2025,CL,Branded,0.00
2025,3,03/14/2025,CL,Branded,0.00
2025,3,03/15/2025,CL,Branded,0.00
2025,3,03/16/2025,CL,Branded,0.00
2025,3,03/17/2025,CL,Branded,0.00
2025,3,03/18/2025,CL,Branded,0.00
2025,3,03/19/2025,CL,Branded,0.00
2025,3,03/20/2025,CL,Branded,0.00
2025,3,03/21/2025,CL,Branded,0.00
2025,3,03/22/2025,CL,Branded,0.00
2025,3,03/23/2025,CL,Branded,0.00
2025,3,03/24/2025,CL,Branded,0.00
2025,3,03/25/2025,CL,Branded,0.00
2025,3,03/26/2025,CL,Branded,0.00
2025,3,03/27/2025,CL,Branded,0.00
2025,3,03/28/2025,CL,Branded,0.00
2025,3,03/29/2025,CL,Branded,0.00
2025,3,03/30/2025,CL,Branded,0.00
2025,3,03/31/2025,CL,Branded,0.00
2025,4,04/01/2025,CL,Branded,0.00
2025,4,04/02/2025,CL,Branded,0.00
2025,4,04/03/2025,CL,Branded,0.00
2025,4,04/04/2025,CL,Branded,0.00
2025,4,04/05/2025,CL,Branded,0.00
2025,4,04/06/2025,CL,Branded,0.00
2025,4,04/07/2025,CL,Branded,0.00
2025,4,04/08/2025,CL,Branded,0.00
2025,4,04/09/2025,CL,Branded,0.00
2025,4,04/10/2025,CL,Branded,0.00
2025,4,04/11/2025,CL,Branded,0.00
2025,4,04/12/2025,CL,Branded,0.00
2025,4,04/13/2025,CL,Branded,0.00
2025,4,04/14/2025,CL,Branded,0.00
2025,4,04/15/2025,CL,Branded,0.00
2025,4,04/16/2025,CL,Branded,0.00
2025,4,04/17/2025,CL,Branded,0.00
2025,4,04/18/2025,CL,Branded,0.00
2025,4,04/19/2025,CL,Branded,0.00
2025,4,04/20/2025,CL,Branded,0.00
2025,4,04/21/2025,CL,Branded,0.00
2025,4,04/22/2025,CL,Branded,0.00
2025,4,04/23/2025,CL,Branded,0.00
2025,4,04/24/2025,CL,Branded,0.00
2025,4,04/25/2025,CL,Branded,0.00
2025,4,04/26/2025,CL,Branded,0.00
2025,4,04/27/2025,CL,Branded,0.00
2025,4,04/28/2025,CL,Branded,0.00
2025,4,04/29/2025,CL,Branded,0.00
2025,4,04/30/2025,CL,Branded,0.00
2025,5,05/01/2025,CL,Branded,0.00
2025,5,05/02/2025,CL,Branded,0.00
2025,5,05/03/2025,CL,Branded,0.00
2025,5,05/04/2025,CL,Branded,0.00
2025,5,05/05/2025,CL,Branded,0.00
2025,5,05/06/2025,CL,Branded,0.00
2025,5,05/07/2025,CL,Branded,0.00
2025,5,05/08/2025,CL,Branded,0.00
2025,5,05/09/2025,CL,Branded,0.00
2025,5,05/10/2025,CL,Branded,0.00
2025,5,05/11/2025,CL,Branded,0.00
2025,5,05/12/2025,CL,Branded,0.00
2025,5,05/13/2025,CL,Branded,0.00
2025,5,05/14/2025,CL,Branded,0.00
2025,5,05/15/2025,CL,Branded,0.00
2025,5,05/16/2025,CL,Branded,0.00
2025,5,05/17/2025,CL,Branded,0.00
2025,5,05/18/2025,CL,Branded,0.00
2025,5,05/19/2025,CL,Branded,0.00
2025,5,05/20/2025,CL,Branded,0.00
2025,5,05/21/2025,CL,Branded,0.00
2025,5,05/22/2025,CL,Branded,0.00
2025,5,05/23/2025,CL,Branded,0.00
2025,5,05/24/2025,CL,Branded,0.00
2025,5,05/25/2025,CL,Branded,0.00
2025,5,05/26/2025,CL,Branded,0.00
2025,5,05/27/2025,CL,Branded,0.00
2025,5,05/28/2025,CL,Branded,0.00
2025,5,05/29/2025,CL,Branded,0.00
2025,5,05/30/2025,CL,Branded,0.00
2025,5,05/31/2025,CL,Branded,0.00
2025,6,06/01/2025,CL,Branded,0.00
2025,6,06/02/2025,CL,Branded,0.00
2025,6,06/03/2025,CL,Branded,0.00
2025,6,06/04/2025,CL,Branded,0.00
2025,6,06/05/2025,CL,Branded,0.00
2025,6,06/06/2025,CL,Branded,0.00
2025,6,06/07/2025,CL,Branded,0.00
2025,6,06/08/2025,CL,Branded,0.00
2025,6,06/09/2025,CL,Branded,0.00
2025,6,06/10/2025,CL,Branded,0.00
2025,6,06/11/2025,CL,Branded,0.00
2025,6,06/12/2025,CL,Branded,0.00
2025,6,06/13/2025,CL,Branded,0.00
2025,6,06/14/2025,CL,Branded,0.00
2025,6,06/15/2025,CL,Branded,0.00
2025,6,06/16/2025,CL,Branded,0.00
2025,6,06/17/2025,CL,Branded,0.00
2025,6,06/18/2025,CL,Branded,0.00
2025,6,06/19/2025,CL,Branded,0.00
2025,6,06/20/2025,CL,Branded,0.00
2025,6,06/21/2025,CL,Branded,0.00
2025,6,06/22/2025,CL,Branded,0.00
2025,6,06/23/2025,CL,Branded,0.00
2025,6,06/24/2025,CL,Branded,0.00
2025,6,06/25/2025,CL,Branded,0.00
2025,6,06/26/2025,CL,Branded,0.00
2025,6,06/27/2025,CL,Branded,0.00
2025,6,06/28/2025,CL,Branded,0.00
2025,6,06/29/2025,CL,Branded,0.00
2025,6,06/30/2025,CL,Branded,0.00
2025,7,07/01/2025,CL,Branded,0.00
2025,7,07/02/2025,CL,Branded,0.00
2025,7,07/03/2025,CL,Branded,0.00
2025,7,07/04/2025,CL,Branded,0.00
2025,7,07/05/2025,CL,Branded,0.00
2025,7,07/06/2025,CL,Branded,0.00
2025,7,07/07/2025,CL,Branded,0.00
2025,7,07/08/2025,CL,Branded,0.00
2025,7,07/09/2025,CL,Branded,0.00
2025,7,07/10/2025,CL,Branded,0.00
2025,7,07/11/2025,CL,Branded,0.00
2025,7,07/12/2025,CL,Branded,0.00
2025,7,07/13/2025,CL,Branded,0.00
2025,7,07/14/2025,CL,Branded,0.00
2025,7,07/15/2025,CL,Branded,0.00
2025,7,07/16/2025,CL,Branded,0.00
2025,7,07/17/2025,CL,Branded,0.00
2025,7,07/18/2025,CL,Branded,0.00
2025,7,07/19/2025,CL,Branded,0.00
2025,7,07/20/2025,CL,Branded,0.00
2025,7,07/21/2025,CL,Branded,0.00
2025,7,07/22/2025,CL,Branded,0.00
2025,7,07/23/2025,CL,Branded,0.00
2025,7,07/24/2025,CL,Branded,0.00
2025,7,07/25/2025,CL,Branded,0.00
2025,7,07/26/2025,CL,Branded,0.00
2025,7,07/27/2025,CL,Branded,0.00
2025,7,07/28/2025,CL,Branded,0.00
2025,7,07/29/2025,CL,Branded,0.00
2025,7,07/30/2025,CL,Branded,0.00
2025,7,07/31/2025,CL,Branded,0.00
2025,8,08/01/2025,CL,Branded,0.00
2025,8,08/02/2025,CL,Branded,0.00
2025,8,08/03/2025,CL,Branded,0.00
2025,8,08/04/2025,CL,Branded,0.00
2025,8,08/05/2025,CL,Branded,0.00
2025,8,08/06/2025,CL,Branded,0.00
2025,8,08/07/2025,CL,Branded,0.00
2025,8,08/08/2025,CL,Branded,0.00
2025,8,08/09/2025,CL,Branded,0.00
2025,8,08/10/2025,CL,Branded,0.00
2025,8,08/11/2025,CL,Branded,0.00
2025,8,08/12/2025,CL,Branded,0.00
2025,8,08/13/2025,CL,Branded,0.00
2025,8,08/14/2025,CL,Branded,0.00
2025,8,08/15/2025,CL,Branded,0.00
2025,8,08/16/2025,CL,Branded,0.00
2025,8,08/17/2025,CL,Branded,0.00
2025,8,08/18/2025,CL,Branded,0.00
2025,8,08/19/2025,CL,Branded,0.00
2025,8,08/20/2025,CL,Branded,0.00
2025,8,08/21/2025,CL,Branded,0.00
2025,8,08/22/2025,CL,Branded,0.00
2025,8,08/23/2025,CL,Branded,0.00
2025,8,08/24/2025,CL,Branded,0.00
2025,8,08/25/2025,CL,Branded,0.00
2025,8,08/26/2025,CL,Branded,0.00
2025,8,08/27/2025,CL,Branded,0.00
2025,8,08/28/2025,CL,Branded,0.00
2025,8,08/29/2025,CL,Branded,0.00
2025,8,08/30/2025,CL,Branded,0.00
2025,8,08/31/2025,CL,Branded,0.00
2025,9,09/01/2025,CL,Branded,0.00
2025,9,09/02/2025,CL,Branded,0.00
2025,9,09/03/2025,CL,Branded,0.00
2025,9,09/04/2025,CL,Branded,0.00
2025,9,09/05/2025,CL,Branded,0.00
2025,9,09/06/2025,CL,Branded,0.00
2025,9,09/07/2025,CL,Branded,0.00
2025,9,09/08/2025,CL,Branded,0.00
2025,9,09/09/2025,CL,Branded,0.00
2025,9,09/10/2025,CL,Branded,0.00
2025,9,09/11/2025,CL,Branded,0.00
2025,9,09/12/2025,CL,Branded,0.00
2025,9,09/13/2025,CL,Branded,0.00
2025,9,09/14/2025,CL,Branded,0.00
2025,9,09/15/2025,CL,Branded,0.00
2025,9,09/16/2025,CL,Branded,0.00
2025,9,09/17/2025,CL,Branded,0.00
2025,9,09/18/2025,CL,Branded,0.00
2025,9,09/19/2025,CL,Branded,0.00
2025,9,09/20/2025,CL,Branded,0.00
2025,9,09/21/2025,CL,Branded,0.00
2025,9,09/22/2025,CL,Branded,0.00
2025,9,09/23/2025,CL,Branded,0.00
2025,9,09/24/2025,CL,Branded,0.00
2025,9,09/25/2025,CL,Branded,0.00
2025,9,09/26/2025,CL,Branded,0.00
2025,9,09/27/2025,CL,Branded,0.00
2025,9,09/28/2025,CL,Branded,0.00
2025,9,09/29/2025,CL,Branded,0.00
2025,9,09/30/2025,CL,Branded,0.00
2025,10,10/01/2025,CL,Branded,0.00
2025,10,10/02/2025,CL,Branded,0.00
2025,10,10/03/2025,CL,Branded,0.00
2025,10,10/04/2025,CL,Branded,0.00
2025,10,10/05/2025,CL,Branded,0.00
2025,10,10/06/2025,CL,Branded,0.00
2025,10,10/07/2025,CL,Branded,0.00
2025,10,10/08/2025,CL,Branded,0.00
2025,10,10/09/2025,CL,Branded,0.00
2025,10,10/10/2025,CL,Branded,0.00
2025,10,10/11/2025,CL,Branded,0.00
2025,10,10/12/2025,CL,Branded,0.00
2025,10,10/13/2025,CL,Branded,0.00
2025,10,10/14/2025,CL,Branded,0.00
2025,10,10/15/2025,CL,Branded,0.00
2025,10,10/16/2025,CL,Branded,0.00
2025,10,10/17/2025,CL,Branded,0.00
2025,10,10/18/2025,CL,Branded,0.00
2025,10,10/19/2025,CL,Branded,0.00
2025,10,10/20/2025,CL,Branded,0.00
2025,10,10/21/2025,CL,Branded,0.00
2025,10,10/22/2025,CL,Branded,0.00
2025,10,10/23/2025,CL,Branded,0.00
2025,10,10/24/2025,CL,Branded,0.00
2025,10,10/25/2025,CL,Branded,0.00
2025,10,10/26/2025,CL,Branded,0.00
2025,10,10/27/2025,CL,Branded,0.00
2025,10,10/28/2025,CL,Branded,0.00
2025,10,10/29/2025,CL,Branded,0.00
2025,10,10/30/2025,CL,Branded,0.00
2025,10,10/31/2025,CL,Branded,0.00
2025,11,11/01/2025,CL,Branded,0.00
2025,11,11/02/2025,CL,Branded,0.00
2025,11,11/03/2025,CL,Branded,0.00
2025,11,11/04/2025,CL,Branded,0.00
2025,11,11/05/2025,CL,Branded,0.00
2025,11,11/06/2025,CL,Branded,0.00
2025,11,11/07/2025,CL,Branded,0.00
2025,11,11/08/2025,CL,Branded,0.00
2025,11,11/09/2025,CL,Branded,0.00
2025,11,11/10/2025,CL,Branded,0.00
2025,11,11/11/2025,CL,Branded,0.00
2025,11,11/12/2025,CL,Branded,0.00
2025,11,11/13/2025,CL,Branded,0.00
2025,11,11/14/2025,CL,Branded,0.00
2025,11,11/15/2025,CL,Branded,0.00
2025,11,11/16/2025,CL,Branded,0.00
2025,11,11/17/2025,CL,Branded,0.00
2025,11,11/18/2025,CL,Branded,0.00
2025,11,11/19/2025,CL,Branded,0.00
2025,11,11/20/2025,CL,Branded,0.00
2025,11,11/21/2025,CL,Branded,0.00
2025,11,11/22/2025,CL,Branded,0.00
2025,11,11/23/2025,CL,Branded,0.00
2025,11,11/24/2025,CL,Branded,0.00
2025,11,11/25/2025,CL,Branded,0.00
2025,11,11/26/2025,CL,Branded,0.00
2025,11,11/27/2025,CL,Branded,0.00
2025,11,11/28/2025,CL,Branded,0.00
2025,11,11/29/2025,CL,Branded,0.00
2025,11,11/30/2025,CL,Branded,0.00
2025,12,12/01/2025,CL,Branded,0.00
2025,12,12/02/2025,CL,Branded,0.00
2025,12,12/03/2025,CL,Branded,0.00
2025,12,12/04/2025,CL,Branded,0.00
2025,12,12/05/2025,CL,Branded,0.00
2025,12,12/06/2025,CL,Branded,0.00
2025,12,12/07/2025,CL,Branded,0.00
2025,12,12/08/2025,CL,Branded,0.00
2025,12,12/09/2025,CL,Branded,0.00
2025,12,12/10/2025,CL,Branded,0.00
2025,12,12/11/2025,CL,Branded,0.00
2025,12,12/12/2025,CL,Branded,0.00
2025,12,12/13/2025,CL,Branded,0.00
2025,12,12/14/2025,CL,Branded,0.00
2025,12,12/15/2025,CL,Branded,0.00
2025,12,12/16/2025,CL,Branded,0.00
2025,12,12/17/2025,CL,Branded,0.00
2025,12,12/18/2025,CL,Branded,0.00
2025,12,12/19/2025,CL,Branded,0.00
2025,12,12/20/2025,CL,Branded,0.00
2025,12,12/21/2025,CL,Branded,0.00
2025,12,12/22/2025,CL,Branded,0.00
2025,12,12/23/2025,CL,Branded,0.00
2025,12,12/24/2025,CL,Branded,0.00
2025,12,12/25/2025,CL,Branded,0.00
2025,12,12/26/2025,CL,Branded,0.00
2025,12,12/27/2025,CL,Branded,0.00
2025,12,12/28/2025,CL,Branded,0.00
2025,12,12/29/2025,CL,Branded,0.00
2025,12,12/30/2025,CL,Branded,0.00
2025,12,12/31/2025,CL,Branded,0.00
2025,1,01/01/2025,CO,Branded,259.32
2025,1,01/02/2025,CO,Branded,259.32
2025,1,01/03/2025,CO,Branded,259.32
2025,1,01/04/2025,CO,Branded,259.32
2025,1,01/05/2025,CO,Branded,259.32
2025,1,01/06/2025,CO,Branded,259.32
2025,1,01/07/2025,CO,Branded,259.32
2025,1,01/08/2025,CO,Branded,259.32
2025,1,01/09/2025,CO,Branded,259.32
2025,1,01/10/2025,CO,Branded,259.32
2025,1,01/11/2025,CO,Branded,259.32
2025,1,01/12/2025,CO,Branded,259.32
2025,1,01/13/2025,CO,Branded,259.32
2025,1,01/14/2025,CO,Branded,259.32
2025,1,01/15/2025,CO,Branded,259.32
2025,1,01/16/2025,CO,Branded,259.32
2025,1,01/17/2025,CO,Branded,259.32
2025,1,01/18/2025,CO,Branded,259.32
2025,1,01/19/2025,CO,Branded,259.32
2025,1,01/20/2025,CO,Branded,259.32
2025,1,01/21/2025,CO,Branded,259.32
2025,1,01/22/2025,CO,Branded,259.32
2025,1,01/23/2025,CO,Branded,259.32
2025,1,01/24/2025,CO,Branded,259.32
2025,1,01/25/2025,CO,Branded,259.32
2025,1,01/26/2025,CO,Branded,259.32
2025,1,01/27/2025,CO,Branded,259.32
2025,1,01/28/2025,CO,Branded,259.32
2025,1,01/29/2025,CO,Branded,259.32
2025,1,01/30/2025,CO,Branded,259.32
2025,1,01/31/2025,CO,Branded,259.32
2025,2,02/01/2025,CO,Branded,295.71
2025,2,02/02/2025,CO,Branded,295.71
2025,2,02/03/2025,CO,Branded,295.71
2025,2,02/04/2025,CO,Branded,295.71
2025,2,02/05/2025,CO,Branded,295.71
2025,2,02/06/2025,CO,Branded,295.71
2025,2,02/07/2025,CO,Branded,295.71
2025,2,02/08/2025,CO,Branded,295.71
2025,2,02/09/2025,CO,Branded,295.71
2025,2,02/10/2025,CO,Branded,295.71
2025,2,02/11/2025,CO,Branded,295.71
2025,2,02/12/2025,CO,Branded,295.71
2025,2,02/13/2025,CO,Branded,295.71
2025,2,02/14/2025,CO,Branded,295.71
2025,2,02/15/2025,CO,Branded,295.71
2025,2,02/16/2025,CO,Branded,295.71
2025,2,02/17/2025,CO,Branded,295.71
2025,2,02/18/2025,CO,Branded,295.71
2025,2,02/19/2025,CO,Branded,295.71
2025,2,02/20/2025,CO,Branded,295.71
2025,2,02/21/2025,CO,Branded,295.71
2025,2,02/22/2025,CO,Branded,295.71
2025,2,02/23/2025,CO,Branded,295.71
2025,2,02/24/2025,CO,Branded,295.71
2025,2,02/25/2025,CO,Branded,295.71
2025,2,02/26/2025,CO,Branded,295.71
2025,2,02/27/2025,CO,Branded,295.71
2025,2,02/28/2025,CO,Branded,295.71
2025,3,03/01/2025,CO,Branded,275.13
2025,3,03/02/2025,CO,Branded,275.13
2025,3,03/03/2025,CO,Branded,275.13
2025,3,03/04/2025,CO,Branded,275.13
2025,3,03/05/2025,CO,Branded,275.13
2025,3,03/06/2025,CO,Branded,275.13
2025,3,03/07/2025,CO,Branded,275.13
2025,3,03/08/2025,CO,Branded,275.13
2025,3,03/09/2025,CO,Branded,275.13
2025,3,03/10/2025,CO,Branded,275.13
2025,3,03/11/2025,CO,Branded,275.13
2025,3,03/12/2025,CO,Branded,275.13
2025,3,03/13/2025,CO,Branded,275.13
2025,3,03/14/2025,CO,Branded,275.13
2025,3,03/15/2025,CO,Branded,275.13
2025,3,03/16/2025,CO,Branded,275.13
2025,3,03/17/2025,CO,Branded,275.13
2025,3,03/18/2025,CO,Branded,275.13
2025,3,03/19/2025,CO,Branded,275.13
2025,3,03/20/2025,CO,Branded,275.13
2025,3,03/21/2025,CO,Branded,275.13
2025,3,03/22/2025,CO,Branded,275.13
2025,3,03/23/2025,CO,Branded,275.13
2025,3,03/24/2025,CO,Branded,275.13
2025,3,03/25/2025,CO,Branded,275.13
2025,3,03/26/2025,CO,Branded,275.13
2025,3,03/27/2025,CO,Branded,275.13
2025,3,03/28/2025,CO,Branded,275.13
2025,3,03/29/2025,CO,Branded,275.13
2025,3,03/30/2025,CO,Branded,275.13
2025,3,03/31/2025,CO,Branded,275.13
2025,4,04/01/2025,CO,Branded,292.83
2025,4,04/02/2025,CO,Branded,292.83
2025,4,04/03/2025,CO,Branded,292.83
2025,4,04/04/2025,CO,Branded,292.83
2025,4,04/05/2025,CO,Branded,292.83
2025,4,04/06/2025,CO,Branded,292.83
2025,4,04/07/2025,CO,Branded,292.83
2025,4,04/08/2025,CO,Branded,292.83
2025,4,04/09/2025,CO,Branded,292.83
2025,4,04/10/2025,CO,Branded,292.83
2025,4,04/11/2025,CO,Branded,292.83
2025,4,04/12/2025,CO,Branded,292.83
2025,4,04/13/2025,CO,Branded,292.83
2025,4,04/14/2025,CO,Branded,292.83
2025,4,04/15/2025,CO,Branded,292.83
2025,4,04/16/2025,CO,Branded,292.83
2025,4,04/17/2025,CO,Branded,292.83
2025,4,04/18/2025,CO,Branded,292.83
2025,4,04/19/2025,CO,Branded,292.83
2025,4,04/20/2025,CO,Branded,292.83
2025,4,04/21/2025,CO,Branded,292.83
2025,4,04/22/2025,CO,Branded,292.83
2025,4,04/23/2025,CO,Branded,292.83
2025,4,04/24/2025,CO,Branded,292.83
2025,4,04/25/2025,CO,Branded,292.83
2025,4,04/26/2025,CO,Branded,292.83
2025,4,04/27/2025,CO,Branded,292.83
2025,4,04/28/2025,CO,Branded,292.83
2025,4,04/29/2025,CO,Branded,292.83
2025,4,04/30/2025,CO,Branded,292.83
2025,5,05/01/2025,CO,Branded,291.87
2025,5,05/02/2025,CO,Branded,291.87
2025,5,05/03/2025,CO,Branded,291.87
2025,5,05/04/2025,CO,Branded,291.87
2025,5,05/05/2025,CO,Branded,291.87
2025,5,05/06/2025,CO,Branded,291.87
2025,5,05/07/2025,CO,Branded,291.87
2025,5,05/08/2025,CO,Branded,291.87
2025,5,05/09/2025,CO,Branded,291.87
2025,5,05/10/2025,CO,Branded,291.87
2025,5,05/11/2025,CO,Branded,291.87
2025,5,05/12/2025,CO,Branded,291.87
2025,5,05/13/2025,CO,Branded,291.87
2025,5,05/14/2025,CO,Branded,291.87
2025,5,05/15/2025,CO,Branded,291.87
2025,5,05/16/2025,CO,Branded,291.87
2025,5,05/17/2025,CO,Branded,291.87
2025,5,05/18/2025,CO,Branded,291.87
2025,5,05/19/2025,CO,Branded,291.87
2025,5,05/20/2025,CO,Branded,291.87
2025,5,05/21/2025,CO,Branded,291.87
2025,5,05/22/2025,CO,Branded,291.87
2025,5,05/23/2025,CO,Branded,291.87
2025,5,05/24/2025,CO,Branded,291.87
2025,5,05/25/2025,CO,Branded,291.87
2025,5,05/26/2025,CO,Branded,291.87
2025,5,05/27/2025,CO,Branded,291.87
2025,5,05/28/2025,CO,Branded,291.87
2025,5,05/29/2025,CO,Branded,291.87
2025,5,05/30/2025,CO,Branded,291.87
2025,5,05/31/2025,CO,Branded,291.87
2025,6,06/01/2025,CO,Branded,310.67
2025,6,06/02/2025,CO,Branded,310.67
2025,6,06/03/2025,CO,Branded,310.67
2025,6,06/04/2025,CO,Branded,310.67
2025,6,06/05/2025,CO,Branded,310.67
2025,6,06/06/2025,CO,Branded,310.67
2025,6,06/07/2025,CO,Branded,310.67
2025,6,06/08/2025,CO,Branded,310.67
2025,6,06/09/2025,CO,Branded,310.67
2025,6,06/10/2025,CO,Branded,310.67
2025,6,06/11/2025,CO,Branded,310.67
2025,6,06/12/2025,CO,Branded,310.67
2025,6,06/13/2025,CO,Branded,310.67
2025,6,06/14/2025,CO,Branded,310.67
2025,6,06/15/2025,CO,Branded,310.67
2025,6,06/16/2025,CO,Branded,310.67
2025,6,06/17/2025,CO,Branded,310.67
2025,6,06/18/2025,CO,Branded,310.67
2025,6,06/19/2025,CO,Branded,310.67
2025,6,06/20/2025,CO,Branded,310.67
2025,6,06/21/2025,CO,Branded,310.67
2025,6,06/22/2025,CO,Branded,310.67
2025,6,06/23/2025,CO,Branded,310.67
2025,6,06/24/2025,CO,Branded,310.67
2025,6,06/25/2025,CO,Branded,310.67
2025,6,06/26/2025,CO,Branded,310.67
2025,6,06/27/2025,CO,Branded,310.67
2025,6,06/28/2025,CO,Branded,310.67
2025,6,06/29/2025,CO,Branded,310.67
2025,6,06/30/2025,CO,Branded,310.67
2025,7,07/01/2025,CO,Branded,309.65
2025,7,07/02/2025,CO,Branded,309.65
2025,7,07/03/2025,CO,Branded,309.65
2025,7,07/04/2025,CO,Branded,309.65
2025,7,07/05/2025,CO,Branded,309.65
2025,7,07/06/2025,CO,Branded,309.65
2025,7,07/07/2025,CO,Branded,309.65
2025,7,07/08/2025,CO,Branded,309.65
2025,7,07/09/2025,CO,Branded,309.65
2025,7,07/10/2025,CO,Branded,309.65
2025,7,07/11/2025,CO,Branded,309.65
2025,7,07/12/2025,CO,Branded,309.65
2025,7,07/13/2025,CO,Branded,309.65
2025,7,07/14/2025,CO,Branded,309.65
2025,7,07/15/2025,CO,Branded,309.65
2025,7,07/16/2025,CO,Branded,309.65
2025,7,07/17/2025,CO,Branded,309.65
2025,7,07/18/2025,CO,Branded,309.65
2025,7,07/19/2025,CO,Branded,309.65
2025,7,07/20/2025,CO,Branded,309.65
2025,7,07/21/2025,CO,Branded,309.65
2025,7,07/22/2025,CO,Branded,309.65
2025,7,07/23/2025,CO,Branded,309.65
2025,7,07/24/2025,CO,Branded,309.65
2025,7,07/25/2025,CO,Branded,309.65
2025,7,07/26/2025,CO,Branded,309.65
2025,7,07/27/2025,CO,Branded,309.65
2025,7,07/28/2025,CO,Branded,309.65
2025,7,07/29/2025,CO,Branded,309.65
2025,7,07/30/2025,CO,Branded,309.65
2025,7,07/31/2025,CO,Branded,309.65
2025,8,08/01/2025,CO,Branded,318.94
2025,8,08/02/2025,CO,Branded,318.94
2025,8,08/03/2025,CO,Branded,318.94
2025,8,08/04/2025,CO,Branded,318.94
2025,8,08/05/2025,CO,Branded,318.94
2025,8,08/06/2025,CO,Branded,318.94
2025,8,08/07/2025,CO,Branded,318.94
2025,8,08/08/2025,CO,Branded,318.94
2025,8,08/09/2025,CO,Branded,318.94
2025,8,08/10/2025,CO,Branded,318.94
2025,8,08/11/2025,CO,Branded,318.94
2025,8,08/12/2025,CO,Branded,318.94
2025,8,08/13/2025,CO,Branded,318.94
2025,8,08/14/2025,CO,Branded,318.94
2025,8,08/15/2025,CO,Branded,318.94
2025,8,08/16/2025,CO,Branded,318.94
2025,8,08/17/2025,CO,Branded,318.94
2025,8,08/18/2025,CO,Branded,318.94
2025,8,08/19/2025,CO,Branded,318.94
2025,8,08/20/2025,CO,Branded,318.94
2025,8,08/21/2025,CO,Branded,318.94
2025,8,08/22/2025,CO,Branded,318.94
2025,8,08/23/2025,CO,Branded,318.94
2025,8,08/24/2025,CO,Branded,318.94
2025,8,08/25/2025,CO,Branded,318.94
2025,8,08/26/2025,CO,Branded,318.94
2025,8,08/27/2025,CO,Branded,318.94
2025,8,08/28/2025,CO,Branded,318.94
2025,8,08/29/2025,CO,Branded,318.94
2025,8,08/30/2025,CO,Branded,318.94
2025,8,08/31/2025,CO,Branded,318.94
2025,9,09/01/2025,CO,Branded,339.47
2025,9,09/02/2025,CO,Branded,339.47
2025,9,09/03/2025,CO,Branded,339.47
2025,9,09/04/2025,CO,Branded,339.47
2025,9,09/05/2025,CO,Branded,339.47
2025,9,09/06/2025,CO,Branded,339.47
2025,9,09/07/2025,CO,Branded,339.47
2025,9,09/08/2025,CO,Branded,339.47
2025,9,09/09/2025,CO,Branded,339.47
2025,9,09/10/2025,CO,Branded,339.47
2025,9,09/11/2025,CO,Branded,339.47
2025,9,09/12/2025,CO,Branded,339.47
2025,9,09/13/2025,CO,Branded,339.47
2025,9,09/14/2025,CO,Branded,339.47
2025,9,09/15/2025,CO,Branded,339.47
2025,9,09/16/2025,CO,Branded,339.47
2025,9,09/17/2025,CO,Branded,339.47
2025,9,09/18/2025,CO,Branded,339.47
2025,9,09/19/2025,CO,Branded,339.47
2025,9,09/20/2025,CO,Branded,339.47
2025,9,09/21/2025,CO,Branded,339.47
2025,9,09/22/2025,CO,Branded,339.47
2025,9,09/23/2025,CO,Branded,339.47
2025,9,09/24/2025,CO,Branded,339.47
2025,9,09/25/2025,CO,Branded,339.47
2025,9,09/26/2025,CO,Branded,339.47
2025,9,09/27/2025,CO,Branded,339.47
2025,9,09/28/2025,CO,Branded,339.47
2025,9,09/29/2025,CO,Branded,339.47
2025,9,09/30/2025,CO,Branded,339.47
2025,10,10/01/2025,CO,Branded,338.35
2025,10,10/02/2025,CO,Branded,338.35
2025,10,10/03/2025,CO,Branded,338.35
2025,10,10/04/2025,CO,Branded,338.35
2025,10,10/05/2025,CO,Branded,338.35
2025,10,10/06/2025,CO,Branded,338.35
2025,10,10/07/2025,CO,Branded,338.35
2025,10,10/08/2025,CO,Branded,338.35
2025,10,10/09/2025,CO,Branded,338.35
2025,10,10/10/2025,CO,Branded,338.35
2025,10,10/11/2025,CO,Branded,338.35
2025,10,10/12/2025,CO,Branded,338.35
2025,10,10/13/2025,CO,Branded,338.35
2025,10,10/14/2025,CO,Branded,338.35
2025,10,10/15/2025,CO,Branded,338.35
2025,10,10/16/2025,CO,Branded,338.35
2025,10,10/17/2025,CO,Branded,338.35
2025,10,10/18/2025,CO,Branded,338.35
2025,10,10/19/2025,CO,Branded,338.35
2025,10,10/20/2025,CO,Branded,338.35
2025,10,10/21/2025,CO,Branded,338.35
2025,10,10/22/2025,CO,Branded,338.35
2025,10,10/23/2025,CO,Branded,338.35
2025,10,10/24/2025,CO,Branded,338.35
2025,10,10/25/2025,CO,Branded,338.35
2025,10,10/26/2025,CO,Branded,338.35
2025,10,10/27/2025,CO,Branded,338.35
2025,10,10/28/2025,CO,Branded,338.35
2025,10,10/29/2025,CO,Branded,338.35
2025,10,10/30/2025,CO,Branded,338.35
2025,10,10/31/2025,CO,Branded,338.35
2025,11,11/01/2025,CO,Branded,360.13
2025,11,11/02/2025,CO,Branded,360.13
2025,11,11/03/2025,CO,Branded,360.13
2025,11,11/04/2025,CO,Branded,360.13
2025,11,11/05/2025,CO,Branded,360.13
2025,11,11/06/2025,CO,Branded,360.13
2025,11,11/07/2025,CO,Branded,360.13
2025,11,11/08/2025,CO,Branded,360.13
2025,11,11/09/2025,CO,Branded,360.13
2025,11,11/10/2025,CO,Branded,360.13
2025,11,11/11/2025,CO,Branded,360.13
2025,11,11/12/2025,CO,Branded,360.13
2025,11,11/13/2025,CO,Branded,360.13
2025,11,11/14/2025,CO,Branded,360.13
2025,11,11/15/2025,CO,Branded,360.13
2025,11,11/16/2025,CO,Branded,360.13
2025,11,11/17/2025,CO,Branded,360.13
2025,11,11/18/2025,CO,Branded,360.13
2025,11,11/19/2025,CO,Branded,360.13
2025,11,11/20/2025,CO,Branded,360.13
2025,11,11/21/2025,CO,Branded,360.13
2025,11,11/22/2025,CO,Branded,360.13
2025,11,11/23/2025,CO,Branded,360.13
2025,11,11/24/2025,CO,Branded,360.13
2025,11,11/25/2025,CO,Branded,360.13
2025,11,11/26/2025,CO,Branded,360.13
2025,11,11/27/2025,CO,Branded,360.13
2025,11,11/28/2025,CO,Branded,360.13
2025,11,11/29/2025,CO,Branded,360.13
2025,11,11/30/2025,CO,Branded,360.13
2025,12,12/01/2025,CO,Branded,278.81
2025,12,12/02/2025,CO,Branded,278.81
2025,12,12/03/2025,CO,Branded,278.81
2025,12,12/04/2025,CO,Branded,278.81
2025,12,12/05/2025,CO,Branded,278.81
2025,12,12/06/2025,CO,Branded,278.81
2025,12,12/07/2025,CO,Branded,278.81
2025,12,12/08/2025,CO,Branded,278.81
2025,12,12/09/2025,CO,Branded,278.81
2025,12,12/10/2025,CO,Branded,278.81
2025,12,12/11/2025,CO,Branded,278.81
2025,12,12/12/2025,CO,Branded,278.81
2025,12,12/13/2025,CO,Branded,278.81
2025,12,12/14/2025,CO,Branded,278.81
2025,12,12/15/2025,CO,Branded,278.81
2025,12,12/16/2025,CO,Branded,278.81
2025,12,12/17/2025,CO,Branded,278.81
2025,12,12/18/2025,CO,Branded,278.81
2025,12,12/19/2025,CO,Branded,278.81
2025,12,12/20/2025,CO,Branded,278.81
2025,12,12/21/2025,CO,Branded,278.81
2025,12,12/22/2025,CO,Branded,278.81
2025,12,12/23/2025,CO,Branded,278.81
2025,12,12/24/2025,CO,Branded,278.81
2025,12,12/25/2025,CO,Branded,278.81
2025,12,12/26/2025,CO,Branded,278.81
2025,12,12/27/2025,CO,Branded,278.81
2025,12,12/28/2025,CO,Branded,278.81
2025,12,12/29/2025,CO,Branded,278.81
2025,12,12/30/2025,CO,Branded,278.81
2025,12,12/31/2025,CO,Branded,278.81
2025,1,01/01/2025,MX,Branded,503.26
2025,1,01/02/2025,MX,Branded,503.26
2025,1,01/03/2025,MX,Branded,503.26
2025,1,01/04/2025,MX,Branded,503.26
2025,1,01/05/2025,MX,Branded,503.26
2025,1,01/06/2025,MX,Branded,503.26
2025,1,01/07/2025,MX,Branded,503.26
2025,1,01/08/2025,MX,Branded,503.26
2025,1,01/09/2025,MX,Branded,503.26
2025,1,01/10/2025,MX,Branded,503.26
2025,1,01/11/2025,MX,Branded,503.26
2025,1,01/12/2025,MX,Branded,503.26
2025,1,01/13/2025,MX,Branded,503.26
2025,1,01/14/2025,MX,Branded,503.26
2025,1,01/15/2025,MX,Branded,503.26
2025,1,01/16/2025,MX,Branded,503.26
2025,1,01/17/2025,MX,Branded,503.26
2025,1,01/18/2025,MX,Branded,503.26
2025,1,01/19/2025,MX,Branded,503.26
2025,1,01/20/2025,MX,Branded,503.26
2025,1,01/21/2025,MX,Branded,503.26
2025,1,01/22/2025,MX,Branded,503.26
2025,1,01/23/2025,MX,Branded,503.26
2025,1,01/24/2025,MX,Branded,503.26
2025,1,01/25/2025,MX,Branded,503.26
2025,1,01/26/2025,MX,Branded,503.26
2025,1,01/27/2025,MX,Branded,503.26
2025,1,01/28/2025,MX,Branded,503.26
2025,1,01/29/2025,MX,Branded,503.26
2025,1,01/30/2025,MX,Branded,503.26
2025,1,01/31/2025,MX,Branded,503.26
2025,2,02/01/2025,MX,Branded,504.32
2025,2,02/02/2025,MX,Branded,504.32
2025,2,02/03/2025,MX,Branded,504.32
2025,2,02/04/2025,MX,Branded,504.32
2025,2,02/05/2025,MX,Branded,504.32
2025,2,02/06/2025,MX,Branded,504.32
2025,2,02/07/2025,MX,Branded,504.32
2025,2,02/08/2025,MX,Branded,504.32
2025,2,02/09/2025,MX,Branded,504.32
2025,2,02/10/2025,MX,Branded,504.32
2025,2,02/11/2025,MX,Branded,504.32
2025,2,02/12/2025,MX,Branded,504.32
2025,2,02/13/2025,MX,Branded,504.32
2025,2,02/14/2025,MX,Branded,504.32
2025,2,02/15/2025,MX,Branded,504.32
2025,2,02/16/2025,MX,Branded,504.32
2025,2,02/17/2025,MX,Branded,504.32
2025,2,02/18/2025,MX,Branded,504.32
2025,2,02/19/2025,MX,Branded,504.32
2025,2,02/20/2025,MX,Branded,504.32
2025,2,02/21/2025,MX,Branded,504.32
2025,2,02/22/2025,MX,Branded,504.32
2025,2,02/23/2025,MX,Branded,504.32
2025,2,02/24/2025,MX,Branded,504.32
2025,2,02/25/2025,MX,Branded,504.32
2025,2,02/26/2025,MX,Branded,504.32
2025,2,02/27/2025,MX,Branded,504.32
2025,2,02/28/2025,MX,Branded,504.32
2025,3,03/01/2025,MX,Branded,504.65
2025,3,03/02/2025,MX,Branded,504.65
2025,3,03/03/2025,MX,Branded,504.65
2025,3,03/04/2025,MX,Branded,504.65
2025,3,03/05/2025,MX,Branded,504.65
2025,3,03/06/2025,MX,Branded,504.65
2025,3,03/07/2025,MX,Branded,504.65
2025,3,03/08/2025,MX,Branded,504.65
2025,3,03/09/2025,MX,Branded,504.65
2025,3,03/10/2025,MX,Branded,504.65
2025,3,03/11/2025,MX,Branded,504.65
2025,3,03/12/2025,MX,Branded,504.65
2025,3,03/13/2025,MX,Branded,504.65
2025,3,03/14/2025,MX,Branded,504.65
2025,3,03/15/2025,MX,Branded,504.65
2025,3,03/16/2025,MX,Branded,504.65
2025,3,03/17/2025,MX,Branded,504.65
2025,3,03/18/2025,MX,Branded,504.65
2025,3,03/19/2025,MX,Branded,504.65
2025,3,03/20/2025,MX,Branded,504.65
2025,3,03/21/2025,MX,Branded,504.65
2025,3,03/22/2025,MX,Branded,504.65
2025,3,03/23/2025,MX,Branded,504.65
2025,3,03/24/2025,MX,Branded,504.65
2025,3,03/25/2025,MX,Branded,504.65
2025,3,03/26/2025,MX,Branded,504.65
2025,3,03/27/2025,MX,Branded,504.65
2025,3,03/28/2025,MX,Branded,504.65
2025,3,03/29/2025,MX,Branded,504.65
2025,3,03/30/2025,MX,Branded,504.65
2025,3,03/31/2025,MX,Branded,504.65
2025,4,04/01/2025,MX,Branded,493.10
2025,4,04/02/2025,MX,Branded,493.10
2025,4,04/03/2025,MX,Branded,493.10
2025,4,04/04/2025,MX,Branded,493.10
2025,4,04/05/2025,MX,Branded,493.10
2025,4,04/06/2025,MX,Branded,493.10
2025,4,04/07/2025,MX,Branded,493.10
2025,4,04/08/2025,MX,Branded,493.10
2025,4,04/09/2025,MX,Branded,493.10
2025,4,04/10/2025,MX,Branded,493.10
2025,4,04/11/2025,MX,Branded,493.10
2025,4,04/12/2025,MX,Branded,493.10
2025,4,04/13/2025,MX,Branded,493.10
2025,4,04/14/2025,MX,Branded,493.10
2025,4,04/15/2025,MX,Branded,493.10
2025,4,04/16/2025,MX,Branded,493.10
2025,4,04/17/2025,MX,Branded,493.10
2025,4,04/18/2025,MX,Branded,493.10
2025,4,04/19/2025,MX,Branded,493.10
2025,4,04/20/2025,MX,Branded,493.10
2025,4,04/21/2025,MX,Branded,493.10
2025,4,04/22/2025,MX,Branded,493.10
2025,4,04/23/2025,MX,Branded,493.10
2025,4,04/24/2025,MX,Branded,493.10
2025,4,04/25/2025,MX,Branded,493.10
2025,4,04/26/2025,MX,Branded,493.10
2025,4,04/27/2025,MX,Branded,493.10
2025,4,04/28/2025,MX,Branded,493.10
2025,4,04/29/2025,MX,Branded,493.10
2025,4,04/30/2025,MX,Branded,493.10
2025,5,05/01/2025,MX,Branded,498.26
2025,5,05/02/2025,MX,Branded,498.26
2025,5,05/03/2025,MX,Branded,498.26
2025,5,05/04/2025,MX,Branded,498.26
2025,5,05/05/2025,MX,Branded,498.26
2025,5,05/06/2025,MX,Branded,498.26
2025,5,05/07/2025,MX,Branded,498.26
2025,5,05/08/2025,MX,Branded,498.26
2025,5,05/09/2025,MX,Branded,498.26
2025,5,05/10/2025,MX,Branded,498.26
2025,5,05/11/2025,MX,Branded,498.26
2025,5,05/12/2025,MX,Branded,498.26
2025,5,05/13/2025,MX,Branded,498.26
2025,5,05/14/2025,MX,Branded,498.26
2025,5,05/15/2025,MX,Branded,498.26
2025,5,05/16/2025,MX,Branded,498.26
2025,5,05/17/2025,MX,Branded,498.26
2025,5,05/18/2025,MX,Branded,498.26
2025,5,05/19/2025,MX,Branded,498.26
2025,5,05/20/2025,MX,Branded,498.26
2025,5,05/21/2025,MX,Branded,498.26
2025,5,05/22/2025,MX,Branded,498.26
2025,5,05/23/2025,MX,Branded,498.26
2025,5,05/24/2025,MX,Branded,498.26
2025,5,05/25/2025,MX,Branded,498.26
2025,5,05/26/2025,MX,Branded,498.26
2025,5,05/27/2025,MX,Branded,498.26
2025,5,05/28/2025,MX,Branded,498.26
2025,5,05/29/2025,MX,Branded,498.26
2025,5,05/30/2025,MX,Branded,498.26
2025,5,05/31/2025,MX,Branded,498.26
2025,6,06/01/2025,MX,Branded,518.37
2025,6,06/02/2025,MX,Branded,518.37
2025,6,06/03/2025,MX,Branded,518.37
2025,6,06/04/2025,MX,Branded,518.37
2025,6,06/05/2025,MX,Branded,518.37
2025,6,06/06/2025,MX,Branded,518.37
2025,6,06/07/2025,MX,Branded,518.37
2025,6,06/08/2025,MX,Branded,518.37
2025,6,06/09/2025,MX,Branded,518.37
2025,6,06/10/2025,MX,Branded,518.37
2025,6,06/11/2025,MX,Branded,518.37
2025,6,06/12/2025,MX,Branded,518.37
2025,6,06/13/2025,MX,Branded,518.37
2025,6,06/14/2025,MX,Branded,518.37
2025,6,06/15/2025,MX,Branded,518.37
2025,6,06/16/2025,MX,Branded,518.37
2025,6,06/17/2025,MX,Branded,518.37
2025,6,06/18/2025,MX,Branded,518.37
2025,6,06/19/2025,MX,Branded,518.37
2025,6,06/20/2025,MX,Branded,518.37
2025,6,06/21/2025,MX,Branded,518.37
2025,6,06/22/2025,MX,Branded,518.37
2025,6,06/23/2025,MX,Branded,518.37
2025,6,06/24/2025,MX,Branded,518.37
2025,6,06/25/2025,MX,Branded,518.37
2025,6,06/26/2025,MX,Branded,518.37
2025,6,06/27/2025,MX,Branded,518.37
2025,6,06/28/2025,MX,Branded,518.37
2025,6,06/29/2025,MX,Branded,518.37
2025,6,06/30/2025,MX,Branded,518.37
2025,7,07/01/2025,MX,Branded,556.61
2025,7,07/02/2025,MX,Branded,556.61
2025,7,07/03/2025,MX,Branded,556.61
2025,7,07/04/2025,MX,Branded,556.61
2025,7,07/05/2025,MX,Branded,556.61
2025,7,07/06/2025,MX,Branded,556.61
2025,7,07/07/2025,MX,Branded,556.61
2025,7,07/08/2025,MX,Branded,556.61
2025,7,07/09/2025,MX,Branded,556.61
2025,7,07/10/2025,MX,Branded,556.61
2025,7,07/11/2025,MX,Branded,556.61
2025,7,07/12/2025,MX,Branded,556.61
2025,7,07/13/2025,MX,Branded,556.61
2025,7,07/14/2025,MX,Branded,556.61
2025,7,07/15/2025,MX,Branded,556.61
2025,7,07/16/2025,MX,Branded,556.61
2025,7,07/17/2025,MX,Branded,556.61
2025,7,07/18/2025,MX,Branded,556.61
2025,7,07/19/2025,MX,Branded,556.61
2025,7,07/20/2025,MX,Branded,556.61
2025,7,07/21/2025,MX,Branded,556.61
2025,7,07/22/2025,MX,Branded,556.61
2025,7,07/23/2025,MX,Branded,556.61
2025,7,07/24/2025,MX,Branded,556.61
2025,7,07/25/2025,MX,Branded,556.61
2025,7,07/26/2025,MX,Branded,556.61
2025,7,07/27/2025,MX,Branded,556.61
2025,7,07/28/2025,MX,Branded,556.61
2025,7,07/29/2025,MX,Branded,556.61
2025,7,07/30/2025,MX,Branded,556.61
2025,7,07/31/2025,MX,Branded,556.61
2025,8,08/01/2025,MX,Branded,583.61
2025,8,08/02/2025,MX,Branded,583.61
2025,8,08/03/2025,MX,Branded,583.61
2025,8,08/04/2025,MX,Branded,583.61
2025,8,08/05/2025,MX,Branded,583.61
2025,8,08/06/2025,MX,Branded,583.61
2025,8,08/07/2025,MX,Branded,583.61
2025,8,08/08/2025,MX,Branded,583.61
2025,8,08/09/2025,MX,Branded,583.61
2025,8,08/10/2025,MX,Branded,583.61
2025,8,08/11/2025,MX,Branded,583.61
2025,8,08/12/2025,MX,Branded,583.61
2025,8,08/13/2025,MX,Branded,583.61
2025,8,08/14/2025,MX,Branded,583.61
2025,8,08/15/2025,MX,Branded,583.61
2025,8,08/16/2025,MX,Branded,583.61
2025,8,08/17/2025,MX,Branded,583.61
2025,8,08/18/2025,MX,Branded,583.61
2025,8,08/19/2025,MX,Branded,583.61
2025,8,08/20/2025,MX,Branded,583.61
2025,8,08/21/2025,MX,Branded,583.61
2025,8,08/22/2025,MX,Branded,583.61
2025,8,08/23/2025,MX,Branded,583.61
2025,8,08/24/2025,MX,Branded,583.61
2025,8,08/25/2025,MX,Branded,583.61
2025,8,08/26/2025,MX,Branded,583.61
2025,8,08/27/2025,MX,Branded,583.61
2025,8,08/28/2025,MX,Branded,583.61
2025,8,08/29/2025,MX,Branded,583.61
2025,8,08/30/2025,MX,Branded,583.61
2025,8,08/31/2025,MX,Branded,583.61
2025,9,09/01/2025,MX,Branded,616.83
2025,9,09/02/2025,MX,Branded,616.83
2025,9,09/03/2025,MX,Branded,616.83
2025,9,09/04/2025,MX,Branded,616.83
2025,9,09/05/2025,MX,Branded,616.83
2025,9,09/06/2025,MX,Branded,616.83
2025,9,09/07/2025,MX,Branded,616.83
2025,9,09/08/2025,MX,Branded,616.83
2025,9,09/09/2025,MX,Branded,616.83
2025,9,09/10/2025,MX,Branded,616.83
2025,9,09/11/2025,MX,Branded,616.83
2025,9,09/12/2025,MX,Branded,616.83
2025,9,09/13/2025,MX,Branded,616.83
2025,9,09/14/2025,MX,Branded,616.83
2025,9,09/15/2025,MX,Branded,616.83
2025,9,09/16/2025,MX,Branded,616.83
2025,9,09/17/2025,MX,Branded,616.83
2025,9,09/18/2025,MX,Branded,616.83
2025,9,09/19/2025,MX,Branded,616.83
2025,9,09/20/2025,MX,Branded,616.83
2025,9,09/21/2025,MX,Branded,616.83
2025,9,09/22/2025,MX,Branded,616.83
2025,9,09/23/2025,MX,Branded,616.83
2025,9,09/24/2025,MX,Branded,616.83
2025,9,09/25/2025,MX,Branded,616.83
2025,9,09/26/2025,MX,Branded,616.83
2025,9,09/27/2025,MX,Branded,616.83
2025,9,09/28/2025,MX,Branded,616.83
2025,9,09/29/2025,MX,Branded,616.83
2025,9,09/30/2025,MX,Branded,616.83
2025,10,10/01/2025,MX,Branded,608.39
2025,10,10/02/2025,MX,Branded,608.39
2025,10,10/03/2025,MX,Branded,608.39
2025,10,10/04/2025,MX,Branded,608.39
2025,10,10/05/2025,MX,Branded,608.39
2025,10,10/06/2025,MX,Branded,608.39
2025,10,10/07/2025,MX,Branded,608.39
2025,10,10/08/2025,MX,Branded,608.39
2025,10,10/09/2025,MX,Branded,608.39
2025,10,10/10/2025,MX,Branded,608.39
2025,10,10/11/2025,MX,Branded,608.39
2025,10,10/12/2025,MX,Branded,608.39
2025,10,10/13/2025,MX,Branded,608.39
2025,10,10/14/2025,MX,Branded,608.39
2025,10,10/15/2025,MX,Branded,608.39
2025,10,10/16/2025,MX,Branded,608.39
2025,10,10/17/2025,MX,Branded,608.39
2025,10,10/18/2025,MX,Branded,608.39
2025,10,10/19/2025,MX,Branded,608.39
2025,10,10/20/2025,MX,Branded,608.39
2025,10,10/21/2025,MX,Branded,608.39
2025,10,10/22/2025,MX,Branded,608.39
2025,10,10/23/2025,MX,Branded,608.39
2025,10,10/24/2025,MX,Branded,608.39
2025,10,10/25/2025,MX,Branded,608.39
2025,10,10/26/2025,MX,Branded,608.39
2025,10,10/27/2025,MX,Branded,608.39
2025,10,10/28/2025,MX,Branded,608.39
2025,10,10/29/2025,MX,Branded,608.39
2025,10,10/30/2025,MX,Branded,608.39
2025,10,10/31/2025,MX,Branded,608.39
2025,11,11/01/2025,MX,Branded,568.83
2025,11,11/02/2025,MX,Branded,568.83
2025,11,11/03/2025,MX,Branded,568.83
2025,11,11/04/2025,MX,Branded,568.83
2025,11,11/05/2025,MX,Branded,568.83
2025,11,11/06/2025,MX,Branded,568.83
2025,11,11/07/2025,MX,Branded,568.83
2025,11,11/08/2025,MX,Branded,568.83
2025,11,11/09/2025,MX,Branded,568.83
2025,11,11/10/2025,MX,Branded,568.83
2025,11,11/11/2025,MX,Branded,568.83
2025,11,11/12/2025,MX,Branded,568.83
2025,11,11/13/2025,MX,Branded,568.83
2025,11,11/14/2025,MX,Branded,568.83
2025,11,11/15/2025,MX,Branded,568.83
2025,11,11/16/2025,MX,Branded,568.83
2025,11,11/17/2025,MX,Branded,568.83
2025,11,11/18/2025,MX,Branded,568.83
2025,11,11/19/2025,MX,Branded,568.83
2025,11,11/20/2025,MX,Branded,568.83
2025,11,11/21/2025,MX,Branded,568.83
2025,11,11/22/2025,MX,Branded,568.83
2025,11,11/23/2025,MX,Branded,568.83
2025,11,11/24/2025,MX,Branded,568.83
2025,11,11/25/2025,MX,Branded,568.83
2025,11,11/26/2025,MX,Branded,568.83
2025,11,11/27/2025,MX,Branded,568.83
2025,11,11/28/2025,MX,Branded,568.83
2025,11,11/29/2025,MX,Branded,568.83
2025,11,11/30/2025,MX,Branded,568.83
2025,12,12/01/2025,MX,Branded,499.39
2025,12,12/02/2025,MX,Branded,499.39
2025,12,12/03/2025,MX,Branded,499.39
2025,12,12/04/2025,MX,Branded,499.39
2025,12,12/05/2025,MX,Branded,499.39
2025,12,12/06/2025,MX,Branded,499.39
2025,12,12/07/2025,MX,Branded,499.39
2025,12,12/08/2025,MX,Branded,499.39
2025,12,12/09/2025,MX,Branded,499.39
2025,12,12/10/2025,MX,Branded,499.39
2025,12,12/11/2025,MX,Branded,499.39
2025,12,12/12/2025,MX,Branded,499.39
2025,12,12/13/2025,MX,Branded,499.39
2025,12,12/14/2025,MX,Branded,499.39
2025,12,12/15/2025,MX,Branded,499.39
2025,12,12/16/2025,MX,Branded,499.39
2025,12,12/17/2025,MX,Branded,499.39
2025,12,12/18/2025,MX,Branded,499.39
2025,12,12/19/2025,MX,Branded,499.39
2025,12,12/20/2025,MX,Branded,499.39
2025,12,12/21/2025,MX,Branded,499.39
2025,12,12/22/2025,MX,Branded,499.39
2025,12,12/23/2025,MX,Branded,499.39
2025,12,12/24/2025,MX,Branded,499.39
2025,12,12/25/2025,MX,Branded,499.39
2025,12,12/26/2025,MX,Branded,499.39
2025,12,12/27/2025,MX,Branded,499.39
2025,12,12/28/2025,MX,Branded,499.39
2025,12,12/29/2025,MX,Branded,499.39
2025,12,12/30/2025,MX,Branded,499.39
2025,12,12/31/2025,MX,Branded,499.39
2025,1,01/01/2025,AR,No Brand,1535.68
2025,1,01/02/2025,AR,No Brand,1535.68
2025,1,01/03/2025,AR,No Brand,1535.68
2025,1,01/04/2025,AR,No Brand,1535.68
2025,1,01/05/2025,AR,No Brand,1535.68
2025,1,01/06/2025,AR,No Brand,1535.68
2025,1,01/07/2025,AR,No Brand,1535.68
2025,1,01/08/2025,AR,No Brand,1535.68
2025,1,01/09/2025,AR,No Brand,1535.68
2025,1,01/10/2025,AR,No Brand,1535.68
2025,1,01/11/2025,AR,No Brand,1535.68
2025,1,01/12/2025,AR,No Brand,1535.68
2025,1,01/13/2025,AR,No Brand,1535.68
2025,1,01/14/2025,AR,No Brand,1535.68
2025,1,01/15/2025,AR,No Brand,1535.68
2025,1,01/16/2025,AR,No Brand,1535.68
2025,1,01/17/2025,AR,No Brand,1535.68
2025,1,01/18/2025,AR,No Brand,1535.68
2025,1,01/19/2025,AR,No Brand,1535.68
2025,1,01/20/2025,AR,No Brand,1535.68
2025,1,01/21/2025,AR,No Brand,1535.68
2025,1,01/22/2025,AR,No Brand,1535.68
2025,1,01/23/2025,AR,No Brand,1535.68
2025,1,01/24/2025,AR,No Brand,1535.68
2025,1,01/25/2025,AR,No Brand,1535.68
2025,1,01/26/2025,AR,No Brand,1535.68
2025,1,01/27/2025,AR,No Brand,1535.68
2025,1,01/28/2025,AR,No Brand,1535.68
2025,1,01/29/2025,AR,No Brand,1535.68
2025,1,01/30/2025,AR,No Brand,1535.68
2025,1,01/31/2025,AR,No Brand,1535.68
2025,2,02/01/2025,AR,No Brand,1499.14
2025,2,02/02/2025,AR,No Brand,1499.14
2025,2,02/03/2025,AR,No Brand,1499.14
2025,2,02/04/2025,AR,No Brand,1499.14
2025,2,02/05/2025,AR,No Brand,1499.14
2025,2,02/06/2025,AR,No Brand,1499.14
2025,2,02/07/2025,AR,No Brand,1499.14
2025,2,02/08/2025,AR,No Brand,1499.14
2025,2,02/09/2025,AR,No Brand,1499.14
2025,2,02/10/2025,AR,No Brand,1499.14
2025,2,02/11/2025,AR,No Brand,1499.14
2025,2,02/12/2025,AR,No Brand,1499.14
2025,2,02/13/2025,AR,No Brand,1499.14
2025,2,02/14/2025,AR,No Brand,1499.14
2025,2,02/15/2025,AR,No Brand,1499.14
2025,2,02/16/2025,AR,No Brand,1499.14
2025,2,02/17/2025,AR,No Brand,1499.14
2025,2,02/18/2025,AR,No Brand,1499.14
2025,2,02/19/2025,AR,No Brand,1499.14
2025,2,02/20/2025,AR,No Brand,1499.14
2025,2,02/21/2025,AR,No Brand,1499.14
2025,2,02/22/2025,AR,No Brand,1499.14
2025,2,02/23/2025,AR,No Brand,1499.14
2025,2,02/24/2025,AR,No Brand,1499.14
2025,2,02/25/2025,AR,No Brand,1499.14
2025,2,02/26/2025,AR,No Brand,1499.14
2025,2,02/27/2025,AR,No Brand,1499.14
2025,2,02/28/2025,AR,No Brand,1499.14
2025,3,03/01/2025,AR,No Brand,1431.97
2025,3,03/02/2025,AR,No Brand,1431.97
2025,3,03/03/2025,AR,No Brand,1431.97
2025,3,03/04/2025,AR,No Brand,1431.97
2025,3,03/05/2025,AR,No Brand,1431.97
2025,3,03/06/2025,AR,No Brand,1431.97
2025,3,03/07/2025,AR,No Brand,1431.97
2025,3,03/08/2025,AR,No Brand,1431.97
2025,3,03/09/2025,AR,No Brand,1431.97
2025,3,03/10/2025,AR,No Brand,1431.97
2025,3,03/11/2025,AR,No Brand,1431.97
2025,3,03/12/2025,AR,No Brand,1431.97
2025,3,03/13/2025,AR,No Brand,1431.97
2025,3,03/14/2025,AR,No Brand,1431.97
2025,3,03/15/2025,AR,No Brand,1431.97
2025,3,03/16/2025,AR,No Brand,1431.97
2025,3,03/17/2025,AR,No Brand,1431.97
2025,3,03/18/2025,AR,No Brand,1431.97
2025,3,03/19/2025,AR,No Brand,1431.97
2025,3,03/20/2025,AR,No Brand,1431.97
2025,3,03/21/2025,AR,No Brand,1431.97
2025,3,03/22/2025,AR,No Brand,1431.97
2025,3,03/23/2025,AR,No Brand,1431.97
2025,3,03/24/2025,AR,No Brand,1431.97
2025,3,03/25/2025,AR,No Brand,1431.97
2025,3,03/26/2025,AR,No Brand,1431.97
2025,3,03/27/2025,AR,No Brand,1431.97
2025,3,03/28/2025,AR,No Brand,1431.97
2025,3,03/29/2025,AR,No Brand,1431.97
2025,3,03/30/2025,AR,No Brand,1431.97
2025,3,03/31/2025,AR,No Brand,1431.97
2025,4,04/01/2025,AR,No Brand,1601.17
2025,4,04/02/2025,AR,No Brand,1601.17
2025,4,04/03/2025,AR,No Brand,1601.17
2025,4,04/04/2025,AR,No Brand,1601.17
2025,4,04/05/2025,AR,No Brand,1601.17
2025,4,04/06/2025,AR,No Brand,1601.17
2025,4,04/07/2025,AR,No Brand,1601.17
2025,4,04/08/2025,AR,No Brand,1601.17
2025,4,04/09/2025,AR,No Brand,1601.17
2025,4,04/10/2025,AR,No Brand,1601.17
2025,4,04/11/2025,AR,No Brand,1601.17
2025,4,04/12/2025,AR,No Brand,1601.17
2025,4,04/13/2025,AR,No Brand,1601.17
2025,4,04/14/2025,AR,No Brand,1601.17
2025,4,04/15/2025,AR,No Brand,1601.17
2025,4,04/16/2025,AR,No Brand,1601.17
2025,4,04/17/2025,AR,No Brand,1601.17
2025,4,04/18/2025,AR,No Brand,1601.17
2025,4,04/19/2025,AR,No Brand,1601.17
2025,4,04/20/2025,AR,No Brand,1601.17
2025,4,04/21/2025,AR,No Brand,1601.17
2025,4,04/22/2025,AR,No Brand,1601.17
2025,4,04/23/2025,AR,No Brand,1601.17
2025,4,04/24/2025,AR,No Brand,1601.17
2025,4,04/25/2025,AR,No Brand,1601.17
2025,4,04/26/2025,AR,No Brand,1601.17
2025,4,04/27/2025,AR,No Brand,1601.17
2025,4,04/28/2025,AR,No Brand,1601.17
2025,4,04/29/2025,AR,No Brand,1601.17
2025,4,04/30/2025,AR,No Brand,1601.17
2025,5,05/01/2025,AR,No Brand,1823.19
2025,5,05/02/2025,AR,No Brand,1823.19
2025,5,05/03/2025,AR,No Brand,1823.19
2025,5,05/04/2025,AR,No Brand,1823.19
2025,5,05/05/2025,AR,No Brand,1823.19
2025,5,05/06/2025,AR,No Brand,1823.19
2025,5,05/07/2025,AR,No Brand,1823.19
2025,5,05/08/2025,AR,No Brand,1823.19
2025,5,05/09/2025,AR,No Brand,1823.19
2025,5,05/10/2025,AR,No Brand,1823.19
2025,5,05/11/2025,AR,No Brand,1823.19
2025,5,05/12/2025,AR,No Brand,1823.19
2025,5,05/13/2025,AR,No Brand,1823.19
2025,5,05/14/2025,AR,No Brand,1823.19
2025,5,05/15/2025,AR,No Brand,1823.19
2025,5,05/16/2025,AR,No Brand,1823.19
2025,5,05/17/2025,AR,No Brand,1823.19
2025,5,05/18/2025,AR,No Brand,1823.19
2025,5,05/19/2025,AR,No Brand,1823.19
2025,5,05/20/2025,AR,No Brand,1823.19
2025,5,05/21/2025,AR,No Brand,1823.19
2025,5,05/22/2025,AR,No Brand,1823.19
2025,5,05/23/2025,AR,No Brand,1823.19
2025,5,05/24/2025,AR,No Brand,1823.19
2025,5,05/25/2025,AR,No Brand,1823.19
2025,5,05/26/2025,AR,No Brand,1823.19
2025,5,05/27/2025,AR,No Brand,1823.19
2025,5,05/28/2025,AR,No Brand,1823.19
2025,5,05/29/2025,AR,No Brand,1823.19
2025,5,05/30/2025,AR,No Brand,1823.19
2025,5,05/31/2025,AR,No Brand,1823.19
2025,6,06/01/2025,AR,No Brand,1449.20
2025,6,06/02/2025,AR,No Brand,1449.20
2025,6,06/03/2025,AR,No Brand,1449.20
2025,6,06/04/2025,AR,No Brand,1449.20
2025,6,06/05/2025,AR,No Brand,1449.20
2025,6,06/06/2025,AR,No Brand,1449.20
2025,6,06/07/2025,AR,No Brand,1449.20
2025,6,06/08/2025,AR,No Brand,1449.20
2025,6,06/09/2025,AR,No Brand,1449.20
2025,6,06/10/2025,AR,No Brand,1449.20
2025,6,06/11/2025,AR,No Brand,1449.20
2025,6,06/12/2025,AR,No Brand,1449.20
2025,6,06/13/2025,AR,No Brand,1449.20
2025,6,06/14/2025,AR,No Brand,1449.20
2025,6,06/15/2025,AR,No Brand,1449.20
2025,6,06/16/2025,AR,No Brand,1449.20
2025,6,06/17/2025,AR,No Brand,1449.20
2025,6,06/18/2025,AR,No Brand,1449.20
2025,6,06/19/2025,AR,No Brand,1449.20
2025,6,06/20/2025,AR,No Brand,1449.20
2025,6,06/21/2025,AR,No Brand,1449.20
2025,6,06/22/2025,AR,No Brand,1449.20
2025,6,06/23/2025,AR,No Brand,1449.20
2025,6,06/24/2025,AR,No Brand,1449.20
2025,6,06/25/2025,AR,No Brand,1449.20
2025,6,06/26/2025,AR,No Brand,1449.20
2025,6,06/27/2025,AR,No Brand,1449.20
2025,6,06/28/2025,AR,No Brand,1449.20
2025,6,06/29/2025,AR,No Brand,1449.20
2025,6,06/30/2025,AR,No Brand,1449.20
2025,7,07/01/2025,AR,No Brand,1458.81
2025,7,07/02/2025,AR,No Brand,1458.81
2025,7,07/03/2025,AR,No Brand,1458.81
2025,7,07/04/2025,AR,No Brand,1458.81
2025,7,07/05/2025,AR,No Brand,1458.81
2025,7,07/06/2025,AR,No Brand,1458.81
2025,7,07/07/2025,AR,No Brand,1458.81
2025,7,07/08/2025,AR,No Brand,1458.81
2025,7,07/09/2025,AR,No Brand,1458.81
2025,7,07/10/2025,AR,No Brand,1458.81
2025,7,07/11/2025,AR,No Brand,1458.81
2025,7,07/12/2025,AR,No Brand,1458.81
2025,7,07/13/2025,AR,No Brand,1458.81
2025,7,07/14/2025,AR,No Brand,1458.81
2025,7,07/15/2025,AR,No Brand,1458.81
2025,7,07/16/2025,AR,No Brand,1458.81
2025,7,07/17/2025,AR,No Brand,1458.81
2025,7,07/18/2025,AR,No Brand,1458.81
2025,7,07/19/2025,AR,No Brand,1458.81
2025,7,07/20/2025,AR,No Brand,1458.81
2025,7,07/21/2025,AR,No Brand,1458.81
2025,7,07/22/2025,AR,No Brand,1458.81
2025,7,07/23/2025,AR,No Brand,1458.81
2025,7,07/24/2025,AR,No Brand,1458.81
2025,7,07/25/2025,AR,No Brand,1458.81
2025,7,07/26/2025,AR,No Brand,1458.81
2025,7,07/27/2025,AR,No Brand,1458.81
2025,7,07/28/2025,AR,No Brand,1458.81
2025,7,07/29/2025,AR,No Brand,1458.81
2025,7,07/30/2025,AR,No Brand,1458.81
2025,7,07/31/2025,AR,No Brand,1458.81
2025,8,08/01/2025,AR,No Brand,1443.58
2025,8,08/02/2025,AR,No Brand,1443.58
2025,8,08/03/2025,AR,No Brand,1443.58
2025,8,08/04/2025,AR,No Brand,1443.58
2025,8,08/05/2025,AR,No Brand,1443.58
2025,8,08/06/2025,AR,No Brand,1443.58
2025,8,08/07/2025,AR,No Brand,1443.58
2025,8,08/08/2025,AR,No Brand,1443.58
2025,8,08/09/2025,AR,No Brand,1443.58
2025,8,08/10/2025,AR,No Brand,1443.58
2025,8,08/11/2025,AR,No Brand,1443.58
2025,8,08/12/2025,AR,No Brand,1443.58
2025,8,08/13/2025,AR,No Brand,1443.58
2025,8,08/14/2025,AR,No Brand,1443.58
2025,8,08/15/2025,AR,No Brand,1443.58
2025,8,08/16/2025,AR,No Brand,1443.58
2025,8,08/17/2025,AR,No Brand,1443.58
2025,8,08/18/2025,AR,No Brand,1443.58
2025,8,08/19/2025,AR,No Brand,1443.58
2025,8,08/20/2025,AR,No Brand,1443.58
2025,8,08/21/2025,AR,No Brand,1443.58
2025,8,08/22/2025,AR,No Brand,1443.58
2025,8,08/23/2025,AR,No Brand,1443.58
2025,8,08/24/2025,AR,No Brand,1443.58
2025,8,08/25/2025,AR,No Brand,1443.58
2025,8,08/26/2025,AR,No Brand,1443.58
2025,8,08/27/2025,AR,No Brand,1443.58
2025,8,08/28/2025,AR,No Brand,1443.58
2025,8,08/29/2025,AR,No Brand,1443.58
2025,8,08/30/2025,AR,No Brand,1443.58
2025,8,08/31/2025,AR,No Brand,1443.58
2025,9,09/01/2025,AR,No Brand,1604.40
2025,9,09/02/2025,AR,No Brand,1604.40
2025,9,09/03/2025,AR,No Brand,1604.40
2025,9,09/04/2025,AR,No Brand,1604.40
2025,9,09/05/2025,AR,No Brand,1604.40
2025,9,09/06/2025,AR,No Brand,1604.40
2025,9,09/07/2025,AR,No Brand,1604.40
2025,9,09/08/2025,AR,No Brand,1604.40
2025,9,09/09/2025,AR,No Brand,1604.40
2025,9,09/10/2025,AR,No Brand,1604.40
2025,9,09/11/2025,AR,No Brand,1604.40
2025,9,09/12/2025,AR,No Brand,1604.40
2025,9,09/13/2025,AR,No Brand,1604.40
2025,9,09/14/2025,AR,No Brand,1604.40
2025,9,09/15/2025,AR,No Brand,1604.40
2025,9,09/16/2025,AR,No Brand,1604.40
2025,9,09/17/2025,AR,No Brand,1604.40
2025,9,09/18/2025,AR,No Brand,1604.40
2025,9,09/19/2025,AR,No Brand,1604.40
2025,9,09/20/2025,AR,No Brand,1604.40
2025,9,09/21/2025,AR,No Brand,1604.40
2025,9,09/22/2025,AR,No Brand,1604.40
2025,9,09/23/2025,AR,No Brand,1604.40
2025,9,09/24/2025,AR,No Brand,1604.40
2025,9,09/25/2025,AR,No Brand,1604.40
2025,9,09/26/2025,AR,No Brand,1604.40
2025,9,09/27/2025,AR,No Brand,1604.40
2025,9,09/28/2025,AR,No Brand,1604.40
2025,9,09/29/2025,AR,No Brand,1604.40
2025,9,09/30/2025,AR,No Brand,1604.40
2025,10,10/01/2025,AR,No Brand,1916.39
2025,10,10/02/2025,AR,No Brand,1916.39
2025,10,10/03/2025,AR,No Brand,1916.39
2025,10,10/04/2025,AR,No Brand,1916.39
2025,10,10/05/2025,AR,No Brand,1916.39
2025,10,10/06/2025,AR,No Brand,1916.39
2025,10,10/07/2025,AR,No Brand,1916.39
2025,10,10/08/2025,AR,No Brand,1916.39
2025,10,10/09/2025,AR,No Brand,1916.39
2025,10,10/10/2025,AR,No Brand,1916.39
2025,10,10/11/2025,AR,No Brand,1916.39
2025,10,10/12/2025,AR,No Brand,1916.39
2025,10,10/13/2025,AR,No Brand,1916.39
2025,10,10/14/2025,AR,No Brand,1916.39
2025,10,10/15/2025,AR,No Brand,1916.39
2025,10,10/16/2025,AR,No Brand,1916.39
2025,10,10/17/2025,AR,No Brand,1916.39
2025,10,10/18/2025,AR,No Brand,1916.39
2025,10,10/19/2025,AR,No Brand,1916.39
2025,10,10/20/2025,AR,No Brand,1916.39
2025,10,10/21/2025,AR,No Brand,1916.39
2025,10,10/22/2025,AR,No Brand,1916.39
2025,10,10/23/2025,AR,No Brand,1916.39
2025,10,10/24/2025,AR,No Brand,1916.39
2025,10,10/25/2025,AR,No Brand,1916.39
2025,10,10/26/2025,AR,No Brand,1916.39
2025,10,10/27/2025,AR,No Brand,1916.39
2025,10,10/28/2025,AR,No Brand,1916.39
2025,10,10/29/2025,AR,No Brand,1916.39
2025,10,10/30/2025,AR,No Brand,1916.39
2025,10,10/31/2025,AR,No Brand,1916.39
2025,11,11/01/2025,AR,No Brand,1823.37
2025,11,11/02/2025,AR,No Brand,1823.37
2025,11,11/03/2025,AR,No Brand,1823.37
2025,11,11/04/2025,AR,No Brand,1823.37
2025,11,11/05/2025,AR,No Brand,1823.37
2025,11,11/06/2025,AR,No Brand,1823.37
2025,11,11/07/2025,AR,No Brand,1823.37
2025,11,11/08/2025,AR,No Brand,1823.37
2025,11,11/09/2025,AR,No Brand,1823.37
2025,11,11/10/2025,AR,No Brand,1823.37
2025,11,11/11/2025,AR,No Brand,1823.37
2025,11,11/12/2025,AR,No Brand,1823.37
2025,11,11/13/2025,AR,No Brand,1823.37
2025,11,11/14/2025,AR,No Brand,1823.37
2025,11,11/15/2025,AR,No Brand,1823.37
2025,11,11/16/2025,AR,No Brand,1823.37
2025,11,11/17/2025,AR,No Brand,1823.37
2025,11,11/18/2025,AR,No Brand,1823.37
2025,11,11/19/2025,AR,No Brand,1823.37
2025,11,11/20/2025,AR,No Brand,1823.37
2025,11,11/21/2025,AR,No Brand,1823.37
2025,11,11/22/2025,AR,No Brand,1823.37
2025,11,11/23/2025,AR,No Brand,1823.37
2025,11,11/24/2025,AR,No Brand,1823.37
2025,11,11/25/2025,AR,No Brand,1823.37
2025,11,11/26/2025,AR,No Brand,1823.37
2025,11,11/27/2025,AR,No Brand,1823.37
2025,11,11/28/2025,AR,No Brand,1823.37
2025,11,11/29/2025,AR,No Brand,1823.37
2025,11,11/30/2025,AR,No Brand,1823.37
2025,12,12/01/2025,AR,No Brand,1225.58
2025,12,12/02/2025,AR,No Brand,1225.58
2025,12,12/03/2025,AR,No Brand,1225.58
2025,12,12/04/2025,AR,No Brand,1225.58
2025,12,12/05/2025,AR,No Brand,1225.58
2025,12,12/06/2025,AR,No Brand,1225.58
2025,12,12/07/2025,AR,No Brand,1225.58
2025,12,12/08/2025,AR,No Brand,1225.58
2025,12,12/09/2025,AR,No Brand,1225.58
2025,12,12/10/2025,AR,No Brand,1225.58
2025,12,12/11/2025,AR,No Brand,1225.58
2025,12,12/12/2025,AR,No Brand,1225.58
2025,12,12/13/2025,AR,No Brand,1225.58
2025,12,12/14/2025,AR,No Brand,1225.58
2025,12,12/15/2025,AR,No Brand,1225.58
2025,12,12/16/2025,AR,No Brand,1225.58
2025,12,12/17/2025,AR,No Brand,1225.58
2025,12,12/18/2025,AR,No Brand,1225.58
2025,12,12/19/2025,AR,No Brand,1225.58
2025,12,12/20/2025,AR,No Brand,1225.58
2025,12,12/21/2025,AR,No Brand,1225.58
2025,12,12/22/2025,AR,No Brand,1225.58
2025,12,12/23/2025,AR,No Brand,1225.58
2025,12,12/24/2025,AR,No Brand,1225.58
2025,12,12/25/2025,AR,No Brand,1225.58
2025,12,12/26/2025,AR,No Brand,1225.58
2025,12,12/27/2025,AR,No Brand,1225.58
2025,12,12/28/2025,AR,No Brand,1225.58
2025,12,12/29/2025,AR,No Brand,1225.58
2025,12,12/30/2025,AR,No Brand,1225.58
2025,12,12/31/2025,AR,No Brand,1225.58
2025,1,01/01/2025,BR,No Brand,7230.45
2025,1,01/02/2025,BR,No Brand,7230.45
2025,1,01/03/2025,BR,No Brand,7230.45
2025,1,01/04/2025,BR,No Brand,7230.45
2025,1,01/05/2025,BR,No Brand,7230.45
2025,1,01/06/2025,BR,No Brand,7230.45
2025,1,01/07/2025,BR,No Brand,7230.45
2025,1,01/08/2025,BR,No Brand,7230.45
2025,1,01/09/2025,BR,No Brand,7230.45
2025,1,01/10/2025,BR,No Brand,7230.45
2025,1,01/11/2025,BR,No Brand,7230.45
2025,1,01/12/2025,BR,No Brand,7230.45
2025,1,01/13/2025,BR,No Brand,7230.45
2025,1,01/14/2025,BR,No Brand,7230.45
2025,1,01/15/2025,BR,No Brand,7230.45
2025,1,01/16/2025,BR,No Brand,7230.45
2025,1,01/17/2025,BR,No Brand,7230.45
2025,1,01/18/2025,BR,No Brand,7230.45
2025,1,01/19/2025,BR,No Brand,7230.45
2025,1,01/20/2025,BR,No Brand,7230.45
2025,1,01/21/2025,BR,No Brand,7230.45
2025,1,01/22/2025,BR,No Brand,7230.45
2025,1,01/23/2025,BR,No Brand,7230.45
2025,1,01/24/2025,BR,No Brand,7230.45
2025,1,01/25/2025,BR,No Brand,7230.45
2025,1,01/26/2025,BR,No Brand,7230.45
2025,1,01/27/2025,BR,No Brand,7230.45
2025,1,01/28/2025,BR,No Brand,7230.45
2025,1,01/29/2025,BR,No Brand,7230.45
2025,1,01/30/2025,BR,No Brand,7230.45
2025,1,01/31/2025,BR,No Brand,7230.45
2025,2,02/01/2025,BR,No Brand,5837.21
2025,2,02/02/2025,BR,No Brand,5837.21
2025,2,02/03/2025,BR,No Brand,5837.21
2025,2,02/04/2025,BR,No Brand,5837.21
2025,2,02/05/2025,BR,No Brand,5837.21
2025,2,02/06/2025,BR,No Brand,5837.21
2025,2,02/07/2025,BR,No Brand,5837.21
2025,2,02/08/2025,BR,No Brand,5837.21
2025,2,02/09/2025,BR,No Brand,5837.21
2025,2,02/10/2025,BR,No Brand,5837.21
2025,2,02/11/2025,BR,No Brand,5837.21
2025,2,02/12/2025,BR,No Brand,5837.21
2025,2,02/13/2025,BR,No Brand,5837.21
2025,2,02/14/2025,BR,No Brand,5837.21
2025,2,02/15/2025,BR,No Brand,5837.21
2025,2,02/16/2025,BR,No Brand,5837.21
2025,2,02/17/2025,BR,No Brand,5837.21
2025,2,02/18/2025,BR,No Brand,5837.21
2025,2,02/19/2025,BR,No Brand,5837.21
2025,2,02/20/2025,BR,No Brand,5837.21
2025,2,02/21/2025,BR,No Brand,5837.21
2025,2,02/22/2025,BR,No Brand,5837.21
2025,2,02/23/2025,BR,No Brand,5837.21
2025,2,02/24/2025,BR,No Brand,5837.21
2025,2,02/25/2025,BR,No Brand,5837.21
2025,2,02/26/2025,BR,No Brand,5837.21
2025,2,02/27/2025,BR,No Brand,5837.21
2025,2,02/28/2025,BR,No Brand,5837.21
2025,3,03/01/2025,BR,No Brand,6128.23
2025,3,03/02/2025,BR,No Brand,6128.23
2025,3,03/03/2025,BR,No Brand,6128.23
2025,3,03/04/2025,BR,No Brand,6128.23
2025,3,03/05/2025,BR,No Brand,6128.23
2025,3,03/06/2025,BR,No Brand,6128.23
2025,3,03/07/2025,BR,No Brand,6128.23
2025,3,03/08/2025,BR,No Brand,6128.23
2025,3,03/09/2025,BR,No Brand,6128.23
2025,3,03/10/2025,BR,No Brand,6128.23
2025,3,03/11/2025,BR,No Brand,6128.23
2025,3,03/12/2025,BR,No Brand,6128.23
2025,3,03/13/2025,BR,No Brand,6128.23
2025,3,03/14/2025,BR,No Brand,6128.23
2025,3,03/15/2025,BR,No Brand,6128.23
2025,3,03/16/2025,BR,No Brand,6128.23
2025,3,03/17/2025,BR,No Brand,6128.23
2025,3,03/18/2025,BR,No Brand,6128.23
2025,3,03/19/2025,BR,No Brand,6128.23
2025,3,03/20/2025,BR,No Brand,6128.23
2025,3,03/21/2025,BR,No Brand,6128.23
2025,3,03/22/2025,BR,No Brand,6128.23
2025,3,03/23/2025,BR,No Brand,6128.23
2025,3,03/24/2025,BR,No Brand,6128.23
2025,3,03/25/2025,BR,No Brand,6128.23
2025,3,03/26/2025,BR,No Brand,6128.23
2025,3,03/27/2025,BR,No Brand,6128.23
2025,3,03/28/2025,BR,No Brand,6128.23
2025,3,03/29/2025,BR,No Brand,6128.23
2025,3,03/30/2025,BR,No Brand,6128.23
2025,3,03/31/2025,BR,No Brand,6128.23
2025,4,04/01/2025,BR,No Brand,5906.03
2025,4,04/02/2025,BR,No Brand,5906.03
2025,4,04/03/2025,BR,No Brand,5906.03
2025,4,04/04/2025,BR,No Brand,5906.03
2025,4,04/05/2025,BR,No Brand,5906.03
2025,4,04/06/2025,BR,No Brand,5906.03
2025,4,04/07/2025,BR,No Brand,5906.03
2025,4,04/08/2025,BR,No Brand,5906.03
2025,4,04/09/2025,BR,No Brand,5906.03
2025,4,04/10/2025,BR,No Brand,5906.03
2025,4,04/11/2025,BR,No Brand,5906.03
2025,4,04/12/2025,BR,No Brand,5906.03
2025,4,04/13/2025,BR,No Brand,5906.03
2025,4,04/14/2025,BR,No Brand,5906.03
2025,4,04/15/2025,BR,No Brand,5906.03
2025,4,04/16/2025,BR,No Brand,5906.03
2025,4,04/17/2025,BR,No Brand,5906.03
2025,4,04/18/2025,BR,No Brand,5906.03
2025,4,04/19/2025,BR,No Brand,5906.03
2025,4,04/20/2025,BR,No Brand,5906.03
2025,4,04/21/2025,BR,No Brand,5906.03
2025,4,04/22/2025,BR,No Brand,5906.03
2025,4,04/23/2025,BR,No Brand,5906.03
2025,4,04/24/2025,BR,No Brand,5906.03
2025,4,04/25/2025,BR,No Brand,5906.03
2025,4,04/26/2025,BR,No Brand,5906.03
2025,4,04/27/2025,BR,No Brand,5906.03
2025,4,04/28/2025,BR,No Brand,5906.03
2025,4,04/29/2025,BR,No Brand,5906.03
2025,4,04/30/2025,BR,No Brand,5906.03
2025,5,05/01/2025,BR,No Brand,5906.35
2025,5,05/02/2025,BR,No Brand,5906.35
2025,5,05/03/2025,BR,No Brand,5906.35
2025,5,05/04/2025,BR,No Brand,5906.35
2025,5,05/05/2025,BR,No Brand,5906.35
2025,5,05/06/2025,BR,No Brand,5906.35
2025,5,05/07/2025,BR,No Brand,5906.35
2025,5,05/08/2025,BR,No Brand,5906.35
2025,5,05/09/2025,BR,No Brand,5906.35
2025,5,05/10/2025,BR,No Brand,5906.35
2025,5,05/11/2025,BR,No Brand,5906.35
2025,5,05/12/2025,BR,No Brand,5906.35
2025,5,05/13/2025,BR,No Brand,5906.35
2025,5,05/14/2025,BR,No Brand,5906.35
2025,5,05/15/2025,BR,No Brand,5906.35
2025,5,05/16/2025,BR,No Brand,5906.35
2025,5,05/17/2025,BR,No Brand,5906.35
2025,5,05/18/2025,BR,No Brand,5906.35
2025,5,05/19/2025,BR,No Brand,5906.35
2025,5,05/20/2025,BR,No Brand,5906.35
2025,5,05/21/2025,BR,No Brand,5906.35
2025,5,05/22/2025,BR,No Brand,5906.35
2025,5,05/23/2025,BR,No Brand,5906.35
2025,5,05/24/2025,BR,No Brand,5906.35
2025,5,05/25/2025,BR,No Brand,5906.35
2025,5,05/26/2025,BR,No Brand,5906.35
2025,5,05/27/2025,BR,No Brand,5906.35
2025,5,05/28/2025,BR,No Brand,5906.35
2025,5,05/29/2025,BR,No Brand,5906.35
2025,5,05/30/2025,BR,No Brand,5906.35
2025,5,05/31/2025,BR,No Brand,5906.35
2025,6,06/01/2025,BR,No Brand,5791.40
2025,6,06/02/2025,BR,No Brand,5791.40
2025,6,06/03/2025,BR,No Brand,5791.40
2025,6,06/04/2025,BR,No Brand,5791.40
2025,6,06/05/2025,BR,No Brand,5791.40
2025,6,06/06/2025,BR,No Brand,5791.40
2025,6,06/07/2025,BR,No Brand,5791.40
2025,6,06/08/2025,BR,No Brand,5791.40
2025,6,06/09/2025,BR,No Brand,5791.40
2025,6,06/10/2025,BR,No Brand,5791.40
2025,6,06/11/2025,BR,No Brand,5791.40
2025,6,06/12/2025,BR,No Brand,5791.40
2025,6,06/13/2025,BR,No Brand,5791.40
2025,6,06/14/2025,BR,No Brand,5791.40
2025,6,06/15/2025,BR,No Brand,5791.40
2025,6,06/16/2025,BR,No Brand,5791.40
2025,6,06/17/2025,BR,No Brand,5791.40
2025,6,06/18/2025,BR,No Brand,5791.40
2025,6,06/19/2025,BR,No Brand,5791.40
2025,6,06/20/2025,BR,No Brand,5791.40
2025,6,06/21/2025,BR,No Brand,5791.40
2025,6,06/22/2025,BR,No Brand,5791.40
2025,6,06/23/2025,BR,No Brand,5791.40
2025,6,06/24/2025,BR,No Brand,5791.40
2025,6,06/25/2025,BR,No Brand,5791.40
2025,6,06/26/2025,BR,No Brand,5791.40
2025,6,06/27/2025,BR,No Brand,5791.40
2025,6,06/28/2025,BR,No Brand,5791.40
2025,6,06/29/2025,BR,No Brand,5791.40
2025,6,06/30/2025,BR,No Brand,5791.40
2025,7,07/01/2025,BR,No Brand,5412.16
2025,7,07/02/2025,BR,No Brand,5412.16
2025,7,07/03/2025,BR,No Brand,5412.16
2025,7,07/04/2025,BR,No Brand,5412.16
2025,7,07/05/2025,BR,No Brand,5412.16
2025,7,07/06/2025,BR,No Brand,5412.16
2025,7,07/07/2025,BR,No Brand,5412.16
2025,7,07/08/2025,BR,No Brand,5412.16
2025,7,07/09/2025,BR,No Brand,5412.16
2025,7,07/10/2025,BR,No Brand,5412.16
2025,7,07/11/2025,BR,No Brand,5412.16
2025,7,07/12/2025,BR,No Brand,5412.16
2025,7,07/13/2025,BR,No Brand,5412.16
2025,7,07/14/2025,BR,No Brand,5412.16
2025,7,07/15/2025,BR,No Brand,5412.16
2025,7,07/16/2025,BR,No Brand,5412.16
2025,7,07/17/2025,BR,No Brand,5412.16
2025,7,07/18/2025,BR,No Brand,5412.16
2025,7,07/19/2025,BR,No Brand,5412.16
2025,7,07/20/2025,BR,No Brand,5412.16
2025,7,07/21/2025,BR,No Brand,5412.16
2025,7,07/22/2025,BR,No Brand,5412.16
2025,7,07/23/2025,BR,No Brand,5412.16
2025,7,07/24/2025,BR,No Brand,5412.16
2025,7,07/25/2025,BR,No Brand,5412.16
2025,7,07/26/2025,BR,No Brand,5412.16
2025,7,07/27/2025,BR,No Brand,5412.16
2025,7,07/28/2025,BR,No Brand,5412.16
2025,7,07/29/2025,BR,No Brand,5412.16
2025,7,07/30/2025,BR,No Brand,5412.16
2025,7,07/31/2025,BR,No Brand,5412.16
2025,8,08/01/2025,BR,No Brand,6147.58
2025,8,08/02/2025,BR,No Brand,6147.58
2025,8,08/03/2025,BR,No Brand,6147.58
2025,8,08/04/2025,BR,No Brand,6147.58
2025,8,08/05/2025,BR,No Brand,6147.58
2025,8,08/06/2025,BR,No Brand,6147.58
2025,8,08/07/2025,BR,No Brand,6147.58
2025,8,08/08/2025,BR,No Brand,6147.58
2025,8,08/09/2025,BR,No Brand,6147.58
2025,8,08/10/2025,BR,No Brand,6147.58
2025,8,08/11/2025,BR,No Brand,6147.58
2025,8,08/12/2025,BR,No Brand,6147.58
2025,8,08/13/2025,BR,No Brand,6147.58
2025,8,08/14/2025,BR,No Brand,6147.58
2025,8,08/15/2025,BR,No Brand,6147.58
2025,8,08/16/2025,BR,No Brand,6147.58
2025,8,08/17/2025,BR,No Brand,6147.58
2025,8,08/18/2025,BR,No Brand,6147.58
2025,8,08/19/2025,BR,No Brand,6147.58
2025,8,08/20/2025,BR,No Brand,6147.58
2025,8,08/21/2025,BR,No Brand,6147.58
2025,8,08/22/2025,BR,No Brand,6147.58
2025,8,08/23/2025,BR,No Brand,6147.58
2025,8,08/24/2025,BR,No Brand,6147.58
2025,8,08/25/2025,BR,No Brand,6147.58
2025,8,08/26/2025,BR,No Brand,6147.58
2025,8,08/27/2025,BR,No Brand,6147.58
2025,8,08/28/2025,BR,No Brand,6147.58
2025,8,08/29/2025,BR,No Brand,6147.58
2025,8,08/30/2025,BR,No Brand,6147.58
2025,8,08/31/2025,BR,No Brand,6147.58
2025,9,09/01/2025,BR,No Brand,6694.17
2025,9,09/02/2025,BR,No Brand,6694.17
2025,9,09/03/2025,BR,No Brand,6694.17
2025,9,09/04/2025,BR,No Brand,6694.17
2025,9,09/05/2025,BR,No Brand,6694.17
2025,9,09/06/2025,BR,No Brand,6694.17
2025,9,09/07/2025,BR,No Brand,6694.17
2025,9,09/08/2025,BR,No Brand,6694.17
2025,9,09/09/2025,BR,No Brand,6694.17
2025,9,09/10/2025,BR,No Brand,6694.17
2025,9,09/11/2025,BR,No Brand,6694.17
2025,9,09/12/2025,BR,No Brand,6694.17
2025,9,09/13/2025,BR,No Brand,6694.17
2025,9,09/14/2025,BR,No Brand,6694.17
2025,9,09/15/2025,BR,No Brand,6694.17
2025,9,09/16/2025,BR,No Brand,6694.17
2025,9,09/17/2025,BR,No Brand,6694.17
2025,9,09/18/2025,BR,No Brand,6694.17
2025,9,09/19/2025,BR,No Brand,6694.17
2025,9,09/20/2025,BR,No Brand,6694.17
2025,9,09/21/2025,BR,No Brand,6694.17
2025,9,09/22/2025,BR,No Brand,6694.17
2025,9,09/23/2025,BR,No Brand,6694.17
2025,9,09/24/2025,BR,No Brand,6694.17
2025,9,09/25/2025,BR,No Brand,6694.17
2025,9,09/26/2025,BR,No Brand,6694.17
2025,9,09/27/2025,BR,No Brand,6694.17
2025,9,09/28/2025,BR,No Brand,6694.17
2025,9,09/29/2025,BR,No Brand,6694.17
2025,9,09/30/2025,BR,No Brand,6694.17
2025,10,10/01/2025,BR,No Brand,6157.19
2025,10,10/02/2025,BR,No Brand,6157.19
2025,10,10/03/2025,BR,No Brand,6157.19
2025,10,10/04/2025,BR,No Brand,6157.19
2025,10,10/05/2025,BR,No Brand,6157.19
2025,10,10/06/2025,BR,No Brand,6157.19
2025,10,10/07/2025,BR,No Brand,6157.19
2025,10,10/08/2025,BR,No Brand,6157.19
2025,10,10/09/2025,BR,No Brand,6157.19
2025,10,10/10/2025,BR,No Brand,6157.19
2025,10,10/11/2025,BR,No Brand,6157.19
2025,10,10/12/2025,BR,No Brand,6157.19
2025,10,10/13/2025,BR,No Brand,6157.19
2025,10,10/14/2025,BR,No Brand,6157.19
2025,10,10/15/2025,BR,No Brand,6157.19
2025,10,10/16/2025,BR,No Brand,6157.19
2025,10,10/17/2025,BR,No Brand,6157.19
2025,10,10/18/2025,BR,No Brand,6157.19
2025,10,10/19/2025,BR,No Brand,6157.19
2025,10,10/20/2025,BR,No Brand,6157.19
2025,10,10/21/2025,BR,No Brand,6157.19
2025,10,10/22/2025,BR,No Brand,6157.19
2025,10,10/23/2025,BR,No Brand,6157.19
2025,10,10/24/2025,BR,No Brand,6157.19
2025,10,10/25/2025,BR,No Brand,6157.19
2025,10,10/26/2025,BR,No Brand,6157.19
2025,10,10/27/2025,BR,No Brand,6157.19
2025,10,10/28/2025,BR,No Brand,6157.19
2025,10,10/29/2025,BR,No Brand,6157.19
2025,10,10/30/2025,BR,No Brand,6157.19
2025,10,10/31/2025,BR,No Brand,6157.19
2025,11,11/01/2025,BR,No Brand,6063.17
2025,11,11/02/2025,BR,No Brand,6063.17
2025,11,11/03/2025,BR,No Brand,6063.17
2025,11,11/04/2025,BR,No Brand,6063.17
2025,11,11/05/2025,BR,No Brand,6063.17
2025,11,11/06/2025,BR,No Brand,6063.17
2025,11,11/07/2025,BR,No Brand,6063.17
2025,11,11/08/2025,BR,No Brand,6063.17
2025,11,11/09/2025,BR,No Brand,6063.17
2025,11,11/10/2025,BR,No Brand,6063.17
2025,11,11/11/2025,BR,No Brand,6063.17
2025,11,11/12/2025,BR,No Brand,6063.17
2025,11,11/13/2025,BR,No Brand,6063.17
2025,11,11/14/2025,BR,No Brand,6063.17
2025,11,11/15/2025,BR,No Brand,6063.17
2025,11,11/16/2025,BR,No Brand,6063.17
2025,11,11/17/2025,BR,No Brand,6063.17
2025,11,11/18/2025,BR,No Brand,6063.17
2025,11,11/19/2025,BR,No Brand,6063.17
2025,11,11/20/2025,BR,No Brand,6063.17
2025,11,11/21/2025,BR,No Brand,6063.17
2025,11,11/22/2025,BR,No Brand,6063.17
2025,11,11/23/2025,BR,No Brand,6063.17
2025,11,11/24/2025,BR,No Brand,6063.17
2025,11,11/25/2025,BR,No Brand,6063.17
2025,11,11/26/2025,BR,No Brand,6063.17
2025,11,11/27/2025,BR,No Brand,6063.17
2025,11,11/28/2025,BR,No Brand,6063.17
2025,11,11/29/2025,BR,No Brand,6063.17
2025,11,11/30/2025,BR,No Brand,6063.17
2025,12,12/01/2025,BR,No Brand,4999.52
2025,12,12/02/2025,BR,No Brand,4999.52
2025,12,12/03/2025,BR,No Brand,4999.52
2025,12,12/04/2025,BR,No Brand,4999.52
2025,12,12/05/2025,BR,No Brand,4999.52
2025,12,12/06/2025,BR,No Brand,4999.52
2025,12,12/07/2025,BR,No Brand,4999.52
2025,12,12/08/2025,BR,No Brand,4999.52
2025,12,12/09/2025,BR,No Brand,4999.52
2025,12,12/10/2025,BR,No Brand,4999.52
2025,12,12/11/2025,BR,No Brand,4999.52
2025,12,12/12/2025,BR,No Brand,4999.52
2025,12,12/13/2025,BR,No Brand,4999.52
2025,12,12/14/2025,BR,No Brand,4999.52
2025,12,12/15/2025,BR,No Brand,4999.52
2025,12,12/16/2025,BR,No Brand,4999.52
2025,12,12/17/2025,BR,No Brand,4999.52
2025,12,12/18/2025,BR,No Brand,4999.52
2025,12,12/19/2025,BR,No Brand,4999.52
2025,12,12/20/2025,BR,No Brand,4999.52
2025,12,12/21/2025,BR,No Brand,4999.52
2025,12,12/22/2025,BR,No Brand,4999.52
2025,12,12/23/2025,BR,No Brand,4999.52
2025,12,12/24/2025,BR,No Brand,4999.52
2025,12,12/25/2025,BR,No Brand,4999.52
2025,12,12/26/2025,BR,No Brand,4999.52
2025,12,12/27/2025,BR,No Brand,4999.52
2025,12,12/28/2025,BR,No Brand,4999.52
2025,12,12/29/2025,BR,No Brand,4999.52
2025,12,12/30/2025,BR,No Brand,4999.52
2025,12,12/31/2025,BR,No Brand,4999.52
2025,1,01/01/2025,CL,No Brand,0.00
2025,1,01/02/2025,CL,No Brand,0.00
2025,1,01/03/2025,CL,No Brand,0.00
2025,1,01/04/2025,CL,No Brand,0.00
2025,1,01/05/2025,CL,No Brand,0.00
2025,1,01/06/2025,CL,No Brand,0.00
2025,1,01/07/2025,CL,No Brand,0.00
2025,1,01/08/2025,CL,No Brand,0.00
2025,1,01/09/2025,CL,No Brand,0.00
2025,1,01/10/2025,CL,No Brand,0.00
2025,1,01/11/2025,CL,No Brand,0.00
2025,1,01/12/2025,CL,No Brand,0.00
2025,1,01/13/2025,CL,No Brand,0.00
2025,1,01/14/2025,CL,No Brand,0.00
2025,1,01/15/2025,CL,No Brand,0.00
2025,1,01/16/2025,CL,No Brand,0.00
2025,1,01/17/2025,CL,No Brand,0.00
2025,1,01/18/2025,CL,No Brand,0.00
2025,1,01/19/2025,CL,No Brand,0.00
2025,1,01/20/2025,CL,No Brand,0.00
2025,1,01/21/2025,CL,No Brand,0.00
2025,1,01/22/2025,CL,No Brand,0.00
2025,1,01/23/2025,CL,No Brand,0.00
2025,1,01/24/2025,CL,No Brand,0.00
2025,1,01/25/2025,CL,No Brand,0.00
2025,1,01/26/2025,CL,No Brand,0.00
2025,1,01/27/2025,CL,No Brand,0.00
2025,1,01/28/2025,CL,No Brand,0.00
2025,1,01/29/2025,CL,No Brand,0.00
2025,1,01/30/2025,CL,No Brand,0.00
2025,1,01/31/2025,CL,No Brand,0.00
2025,2,02/01/2025,CL,No Brand,0.00
2025,2,02/02/2025,CL,No Brand,0.00
2025,2,02/03/2025,CL,No Brand,0.00
2025,2,02/04/2025,CL,No Brand,0.00
2025,2,02/05/2025,CL,No Brand,0.00
2025,2,02/06/2025,CL,No Brand,0.00
2025,2,02/07/2025,CL,No Brand,0.00
2025,2,02/08/2025,CL,No Brand,0.00
2025,2,02/09/2025,CL,No Brand,0.00
2025,2,02/10/2025,CL,No Brand,0.00
2025,2,02/11/2025,CL,No Brand,0.00
2025,2,02/12/2025,CL,No Brand,0.00
2025,2,02/13/2025,CL,No Brand,0.00
2025,2,02/14/2025,CL,No Brand,0.00
2025,2,02/15/2025,CL,No Brand,0.00
2025,2,02/16/2025,CL,No Brand,0.00
2025,2,02/17/2025,CL,No Brand,0.00
2025,2,02/18/2025,CL,No Brand,0.00
2025,2,02/19/2025,CL,No Brand,0.00
2025,2,02/20/2025,CL,No Brand,0.00
2025,2,02/21/2025,CL,No Brand,0.00
2025,2,02/22/2025,CL,No Brand,0.00
2025,2,02/23/2025,CL,No Brand,0.00
2025,2,02/24/2025,CL,No Brand,0.00
2025,2,02/25/2025,CL,No Brand,0.00
2025,2,02/26/2025,CL,No Brand,0.00
2025,2,02/27/2025,CL,No Brand,0.00
2025,2,02/28/2025,CL,No Brand,0.00
2025,3,03/01/2025,CL,No Brand,0.00
2025,3,03/02/2025,CL,No Brand,0.00
2025,3,03/03/2025,CL,No Brand,0.00
2025,3,03/04/2025,CL,No Brand,0.00
2025,3,03/05/2025,CL,No Brand,0.00
2025,3,03/06/2025,CL,No Brand,0.00
2025,3,03/07/2025,CL,No Brand,0.00
2025,3,03/08/2025,CL,No Brand,0.00
2025,3,03/09/2025,CL,No Brand,0.00
2025,3,03/10/2025,CL,No Brand,0.00
2025,3,03/11/2025,CL,No Brand,0.00
2025,3,03/12/2025,CL,No Brand,0.00
2025,3,03/13/2025,CL,No Brand,0.00
2025,3,03/14/2025,CL,No Brand,0.00
2025,3,03/15/2025,CL,No Brand,0.00
2025,3,03/16/2025,CL,No Brand,0.00
2025,3,03/17/2025,CL,No Brand,0.00
2025,3,03/18/2025,CL,No Brand,0.00
2025,3,03/19/2025,CL,No Brand,0.00
2025,3,03/20/2025,CL,No Brand,0.00
2025,3,03/21/2025,CL,No Brand,0.00
2025,3,03/22/2025,CL,No Brand,0.00
2025,3,03/23/2025,CL,No Brand,0.00
2025,3,03/24/2025,CL,No Brand,0.00
2025,3,03/25/2025,CL,No Brand,0.00
2025,3,03/26/2025,CL,No Brand,0.00
2025,3,03/27/2025,CL,No Brand,0.00
2025,3,03/28/2025,CL,No Brand,0.00
2025,3,03/29/2025,CL,No Brand,0.00
2025,3,03/30/2025,CL,No Brand,0.00
2025,3,03/31/2025,CL,No Brand,0.00
2025,4,04/01/2025,CL,No Brand,0.00
2025,4,04/02/2025,CL,No Brand,0.00
2025,4,04/03/2025,CL,No Brand,0.00
2025,4,04/04/2025,CL,No Brand,0.00
2025,4,04/05/2025,CL,No Brand,0.00
2025,4,04/06/2025,CL,No Brand,0.00
2025,4,04/07/2025,CL,No Brand,0.00
2025,4,04/08/2025,CL,No Brand,0.00
2025,4,04/09/2025,CL,No Brand,0.00
2025,4,04/10/2025,CL,No Brand,0.00
2025,4,04/11/2025,CL,No Brand,0.00
2025,4,04/12/2025,CL,No Brand,0.00
2025,4,04/13/2025,CL,No Brand,0.00
2025,4,04/14/2025,CL,No Brand,0.00
2025,4,04/15/2025,CL,No Brand,0.00
2025,4,04/16/2025,CL,No Brand,0.00
2025,4,04/17/2025,CL,No Brand,0.00
2025,4,04/18/2025,CL,No Brand,0.00
2025,4,04/19/2025,CL,No Brand,0.00
2025,4,04/20/2025,CL,No Brand,0.00
2025,4,04/21/2025,CL,No Brand,0.00
2025,4,04/22/2025,CL,No Brand,0.00
2025,4,04/23/2025,CL,No Brand,0.00
2025,4,04/24/2025,CL,No Brand,0.00
2025,4,04/25/2025,CL,No Brand,0.00
2025,4,04/26/2025,CL,No Brand,0.00
2025,4,04/27/2025,CL,No Brand,0.00
2025,4,04/28/2025,CL,No Brand,0.00
2025,4,04/29/2025,CL,No Brand,0.00
2025,4,04/30/2025,CL,No Brand,0.00
2025,5,05/01/2025,CL,No Brand,0.00
2025,5,05/02/2025,CL,No Brand,0.00
2025,5,05/03/2025,CL,No Brand,0.00
2025,5,05/04/2025,CL,No Brand,0.00
2025,5,05/05/2025,CL,No Brand,0.00
2025,5,05/06/2025,CL,No Brand,0.00
2025,5,05/07/2025,CL,No Brand,0.00
2025,5,05/08/2025,CL,No Brand,0.00
2025,5,05/09/2025,CL,No Brand,0.00
2025,5,05/10/2025,CL,No Brand,0.00
2025,5,05/11/2025,CL,No Brand,0.00
2025,5,05/12/2025,CL,No Brand,0.00
2025,5,05/13/2025,CL,No Brand,0.00
2025,5,05/14/2025,CL,No Brand,0.00
2025,5,05/15/2025,CL,No Brand,0.00
2025,5,05/16/2025,CL,No Brand,0.00
2025,5,05/17/2025,CL,No Brand,0.00
2025,5,05/18/2025,CL,No Brand,0.00
2025,5,05/19/2025,CL,No Brand,0.00
2025,5,05/20/2025,CL,No Brand,0.00
2025,5,05/21/2025,CL,No Brand,0.00
2025,5,05/22/2025,CL,No Brand,0.00
2025,5,05/23/2025,CL,No Brand,0.00
2025,5,05/24/2025,CL,No Brand,0.00
2025,5,05/25/2025,CL,No Brand,0.00
2025,5,05/26/2025,CL,No Brand,0.00
2025,5,05/27/2025,CL,No Brand,0.00
2025,5,05/28/2025,CL,No Brand,0.00
2025,5,05/29/2025,CL,No Brand,0.00
2025,5,05/30/2025,CL,No Brand,0.00
2025,5,05/31/2025,CL,No Brand,0.00
2025,6,06/01/2025,CL,No Brand,0.00
2025,6,06/02/2025,CL,No Brand,0.00
2025,6,06/03/2025,CL,No Brand,0.00
2025,6,06/04/2025,CL,No Brand,0.00
2025,6,06/05/2025,CL,No Brand,0.00
2025,6,06/06/2025,CL,No Brand,0.00
2025,6,06/07/2025,CL,No Brand,0.00
2025,6,06/08/2025,CL,No Brand,0.00
2025,6,06/09/2025,CL,No Brand,0.00
2025,6,06/10/2025,CL,No Brand,0.00
2025,6,06/11/2025,CL,No Brand,0.00
2025,6,06/12/2025,CL,No Brand,0.00
2025,6,06/13/2025,CL,No Brand,0.00
2025,6,06/14/2025,CL,No Brand,0.00
2025,6,06/15/2025,CL,No Brand,0.00
2025,6,06/16/2025,CL,No Brand,0.00
2025,6,06/17/2025,CL,No Brand,0.00
2025,6,06/18/2025,CL,No Brand,0.00
2025,6,06/19/2025,CL,No Brand,0.00
2025,6,06/20/2025,CL,No Brand,0.00
2025,6,06/21/2025,CL,No Brand,0.00
2025,6,06/22/2025,CL,No Brand,0.00
2025,6,06/23/2025,CL,No Brand,0.00
2025,6,06/24/2025,CL,No Brand,0.00
2025,6,06/25/2025,CL,No Brand,0.00
2025,6,06/26/2025,CL,No Brand,0.00
2025,6,06/27/2025,CL,No Brand,0.00
2025,6,06/28/2025,CL,No Brand,0.00
2025,6,06/29/2025,CL,No Brand,0.00
2025,6,06/30/2025,CL,No Brand,0.00
2025,7,07/01/2025,CL,No Brand,0.00
2025,7,07/02/2025,CL,No Brand,0.00
2025,7,07/03/2025,CL,No Brand,0.00
2025,7,07/04/2025,CL,No Brand,0.00
2025,7,07/05/2025,CL,No Brand,0.00
2025,7,07/06/2025,CL,No Brand,0.00
2025,7,07/07/2025,CL,No Brand,0.00
2025,7,07/08/2025,CL,No Brand,0.00
2025,7,07/09/2025,CL,No Brand,0.00
2025,7,07/10/2025,CL,No Brand,0.00
2025,7,07/11/2025,CL,No Brand,0.00
2025,7,07/12/2025,CL,No Brand,0.00
2025,7,07/13/2025,CL,No Brand,0.00
2025,7,07/14/2025,CL,No Brand,0.00
2025,7,07/15/2025,CL,No Brand,0.00
2025,7,07/16/2025,CL,No Brand,0.00
2025,7,07/17/2025,CL,No Brand,0.00
2025,7,07/18/2025,CL,No Brand,0.00
2025,7,07/19/2025,CL,No Brand,0.00
2025,7,07/20/2025,CL,No Brand,0.00
2025,7,07/21/2025,CL,No Brand,0.00
2025,7,07/22/2025,CL,No Brand,0.00
2025,7,07/23/2025,CL,No Brand,0.00
2025,7,07/24/2025,CL,No Brand,0.00
2025,7,07/25/2025,CL,No Brand,0.00
2025,7,07/26/2025,CL,No Brand,0.00
2025,7,07/27/2025,CL,No Brand,0.00
2025,7,07/28/2025,CL,No Brand,0.00
2025,7,07/29/2025,CL,No Brand,0.00
2025,7,07/30/2025,CL,No Brand,0.00
2025,7,07/31/2025,CL,No Brand,0.00
2025,8,08/01/2025,CL,No Brand,0.00
2025,8,08/02/2025,CL,No Brand,0.00
2025,8,08/03/2025,CL,No Brand,0.00
2025,8,08/04/2025,CL,No Brand,0.00
2025,8,08/05/2025,CL,No Brand,0.00
2025,8,08/06/2025,CL,No Brand,0.00
2025,8,08/07/2025,CL,No Brand,0.00
2025,8,08/08/2025,CL,No Brand,0.00
2025,8,08/09/2025,CL,No Brand,0.00
2025,8,08/10/2025,CL,No Brand,0.00
2025,8,08/11/2025,CL,No Brand,0.00
2025,8,08/12/2025,CL,No Brand,0.00
2025,8,08/13/2025,CL,No Brand,0.00
2025,8,08/14/2025,CL,No Brand,0.00
2025,8,08/15/2025,CL,No Brand,0.00
2025,8,08/16/2025,CL,No Brand,0.00
2025,8,08/17/2025,CL,No Brand,0.00
2025,8,08/18/2025,CL,No Brand,0.00
2025,8,08/19/2025,CL,No Brand,0.00
2025,8,08/20/2025,CL,No Brand,0.00
2025,8,08/21/2025,CL,No Brand,0.00
2025,8,08/22/2025,CL,No Brand,0.00
2025,8,08/23/2025,CL,No Brand,0.00
2025,8,08/24/2025,CL,No Brand,0.00
2025,8,08/25/2025,CL,No Brand,0.00
2025,8,08/26/2025,CL,No Brand,0.00
2025,8,08/27/2025,CL,No Brand,0.00
2025,8,08/28/2025,CL,No Brand,0.00
2025,8,08/29/2025,CL,No Brand,0.00
2025,8,08/30/2025,CL,No Brand,0.00
2025,8,08/31/2025,CL,No Brand,0.00
2025,9,09/01/2025,CL,No Brand,0.00
2025,9,09/02/2025,CL,No Brand,0.00
2025,9,09/03/2025,CL,No Brand,0.00
2025,9,09/04/2025,CL,No Brand,0.00
2025,9,09/05/2025,CL,No Brand,0.00
2025,9,09/06/2025,CL,No Brand,0.00
2025,9,09/07/2025,CL,No Brand,0.00
2025,9,09/08/2025,CL,No Brand,0.00
2025,9,09/09/2025,CL,No Brand,0.00
2025,9,09/10/2025,CL,No Brand,0.00
2025,9,09/11/2025,CL,No Brand,0.00
2025,9,09/12/2025,CL,No Brand,0.00
2025,9,09/13/2025,CL,No Brand,0.00
2025,9,09/14/2025,CL,No Brand,0.00
2025,9,09/15/2025,CL,No Brand,0.00
2025,9,09/16/2025,CL,No Brand,0.00
2025,9,09/17/2025,CL,No Brand,0.00
2025,9,09/18/2025,CL,No Brand,0.00
2025,9,09/19/2025,CL,No Brand,0.00
2025,9,09/20/2025,CL,No Brand,0.00
2025,9,09/21/2025,CL,No Brand,0.00
2025,9,09/22/2025,CL,No Brand,0.00
2025,9,09/23/2025,CL,No Brand,0.00
2025,9,09/24/2025,CL,No Brand,0.00
2025,9,09/25/2025,CL,No Brand,0.00
2025,9,09/26/2025,CL,No Brand,0.00
2025,9,09/27/2025,CL,No Brand,0.00
2025,9,09/28/2025,CL,No Brand,0.00
2025,9,09/29/2025,CL,No Brand,0.00
2025,9,09/30/2025,CL,No Brand,0.00
2025,10,10/01/2025,CL,No Brand,0.00
2025,10,10/02/2025,CL,No Brand,0.00
2025,10,10/03/2025,CL,No Brand,0.00
2025,10,10/04/2025,CL,No Brand,0.00
2025,10,10/05/2025,CL,No Brand,0.00
2025,10,10/06/2025,CL,No Brand,0.00
2025,10,10/07/2025,CL,No Brand,0.00
2025,10,10/08/2025,CL,No Brand,0.00
2025,10,10/09/2025,CL,No Brand,0.00
2025,10,10/10/2025,CL,No Brand,0.00
2025,10,10/11/2025,CL,No Brand,0.00
2025,10,10/12/2025,CL,No Brand,0.00
2025,10,10/13/2025,CL,No Brand,0.00
2025,10,10/14/2025,CL,No Brand,0.00
2025,10,10/15/2025,CL,No Brand,0.00
2025,10,10/16/2025,CL,No Brand,0.00
2025,10,10/17/2025,CL,No Brand,0.00
2025,10,10/18/2025,CL,No Brand,0.00
2025,10,10/19/2025,CL,No Brand,0.00
2025,10,10/20/2025,CL,No Brand,0.00
2025,10,10/21/2025,CL,No Brand,0.00
2025,10,10/22/2025,CL,No Brand,0.00
2025,10,10/23/2025,CL,No Brand,0.00
2025,10,10/24/2025,CL,No Brand,0.00
2025,10,10/25/2025,CL,No Brand,0.00
2025,10,10/26/2025,CL,No Brand,0.00
2025,10,10/27/2025,CL,No Brand,0.00
2025,10,10/28/2025,CL,No Brand,0.00
2025,10,10/29/2025,CL,No Brand,0.00
2025,10,10/30/2025,CL,No Brand,0.00
2025,10,10/31/2025,CL,No Brand,0.00
2025,11,11/01/2025,CL,No Brand,0.00
2025,11,11/02/2025,CL,No Brand,0.00
2025,11,11/03/2025,CL,No Brand,0.00
2025,11,11/04/2025,CL,No Brand,0.00
2025,11,11/05/2025,CL,No Brand,0.00
2025,11,11/06/2025,CL,No Brand,0.00
2025,11,11/07/2025,CL,No Brand,0.00
2025,11,11/08/2025,CL,No Brand,0.00
2025,11,11/09/2025,CL,No Brand,0.00
2025,11,11/10/2025,CL,No Brand,0.00
2025,11,11/11/2025,CL,No Brand,0.00
2025,11,11/12/2025,CL,No Brand,0.00
2025,11,11/13/2025,CL,No Brand,0.00
2025,11,11/14/2025,CL,No Brand,0.00
2025,11,11/15/2025,CL,No Brand,0.00
2025,11,11/16/2025,CL,No Brand,0.00
2025,11,11/17/2025,CL,No Brand,0.00
2025,11,11/18/2025,CL,No Brand,0.00
2025,11,11/19/2025,CL,No Brand,0.00
2025,11,11/20/2025,CL,No Brand,0.00
2025,11,11/21/2025,CL,No Brand,0.00
2025,11,11/22/2025,CL,No Brand,0.00
2025,11,11/23/2025,CL,No Brand,0.00
2025,11,11/24/2025,CL,No Brand,0.00
2025,11,11/25/2025,CL,No Brand,0.00
2025,11,11/26/2025,CL,No Brand,0.00
2025,11,11/27/2025,CL,No Brand,0.00
2025,11,11/28/2025,CL,No Brand,0.00
2025,11,11/29/2025,CL,No Brand,0.00
2025,11,11/30/2025,CL,No Brand,0.00
2025,12,12/01/2025,CL,No Brand,0.00
2025,12,12/02/2025,CL,No Brand,0.00
2025,12,12/03/2025,CL,No Brand,0.00
2025,12,12/04/2025,CL,No Brand,0.00
2025,12,12/05/2025,CL,No Brand,0.00
2025,12,12/06/2025,CL,No Brand,0.00
2025,12,12/07/2025,CL,No Brand,0.00
2025,12,12/08/2025,CL,No Brand,0.00
2025,12,12/09/2025,CL,No Brand,0.00
2025,12,12/10/2025,CL,No Brand,0.00
2025,12,12/11/2025,CL,No Brand,0.00
2025,12,12/12/2025,CL,No Brand,0.00
2025,12,12/13/2025,CL,No Brand,0.00
2025,12,12/14/2025,CL,No Brand,0.00
2025,12,12/15/2025,CL,No Brand,0.00
2025,12,12/16/2025,CL,No Brand,0.00
2025,12,12/17/2025,CL,No Brand,0.00
2025,12,12/18/2025,CL,No Brand,0.00
2025,12,12/19/2025,CL,No Brand,0.00
2025,12,12/20/2025,CL,No Brand,0.00
2025,12,12/21/2025,CL,No Brand,0.00
2025,12,12/22/2025,CL,No Brand,0.00
2025,12,12/23/2025,CL,No Brand,0.00
2025,12,12/24/2025,CL,No Brand,0.00
2025,12,12/25/2025,CL,No Brand,0.00
2025,12,12/26/2025,CL,No Brand,0.00
2025,12,12/27/2025,CL,No Brand,0.00
2025,12,12/28/2025,CL,No Brand,0.00
2025,12,12/29/2025,CL,No Brand,0.00
2025,12,12/30/2025,CL,No Brand,0.00
2025,12,12/31/2025,CL,No Brand,0.00
2025,1,01/01/2025,CO,No Brand,0.00
2025,1,01/02/2025,CO,No Brand,0.00
2025,1,01/03/2025,CO,No Brand,0.00
2025,1,01/04/2025,CO,No Brand,0.00
2025,1,01/05/2025,CO,No Brand,0.00
2025,1,01/06/2025,CO,No Brand,0.00
2025,1,01/07/2025,CO,No Brand,0.00
2025,1,01/08/2025,CO,No Brand,0.00
2025,1,01/09/2025,CO,No Brand,0.00
2025,1,01/10/2025,CO,No Brand,0.00
2025,1,01/11/2025,CO,No Brand,0.00
2025,1,01/12/2025,CO,No Brand,0.00
2025,1,01/13/2025,CO,No Brand,0.00
2025,1,01/14/2025,CO,No Brand,0.00
2025,1,01/15/2025,CO,No Brand,0.00
2025,1,01/16/2025,CO,No Brand,0.00
2025,1,01/17/2025,CO,No Brand,0.00
2025,1,01/18/2025,CO,No Brand,0.00
2025,1,01/19/2025,CO,No Brand,0.00
2025,1,01/20/2025,CO,No Brand,0.00
2025,1,01/21/2025,CO,No Brand,0.00
2025,1,01/22/2025,CO,No Brand,0.00
2025,1,01/23/2025,CO,No Brand,0.00
2025,1,01/24/2025,CO,No Brand,0.00
2025,1,01/25/2025,CO,No Brand,0.00
2025,1,01/26/2025,CO,No Brand,0.00
2025,1,01/27/2025,CO,No Brand,0.00
2025,1,01/28/2025,CO,No Brand,0.00
2025,1,01/29/2025,CO,No Brand,0.00
2025,1,01/30/2025,CO,No Brand,0.00
2025,1,01/31/2025,CO,No Brand,0.00
2025,2,02/01/2025,CO,No Brand,0.00
2025,2,02/02/2025,CO,No Brand,0.00
2025,2,02/03/2025,CO,No Brand,0.00
2025,2,02/04/2025,CO,No Brand,0.00
2025,2,02/05/2025,CO,No Brand,0.00
2025,2,02/06/2025,CO,No Brand,0.00
2025,2,02/07/2025,CO,No Brand,0.00
2025,2,02/08/2025,CO,No Brand,0.00
2025,2,02/09/2025,CO,No Brand,0.00
2025,2,02/10/2025,CO,No Brand,0.00
2025,2,02/11/2025,CO,No Brand,0.00
2025,2,02/12/2025,CO,No Brand,0.00
2025,2,02/13/2025,CO,No Brand,0.00
2025,2,02/14/2025,CO,No Brand,0.00
2025,2,02/15/2025,CO,No Brand,0.00
2025,2,02/16/2025,CO,No Brand,0.00
2025,2,02/17/2025,CO,No Brand,0.00
2025,2,02/18/2025,CO,No Brand,0.00
2025,2,02/19/2025,CO,No Brand,0.00
2025,2,02/20/2025,CO,No Brand,0.00
2025,2,02/21/2025,CO,No Brand,0.00
2025,2,02/22/2025,CO,No Brand,0.00
2025,2,02/23/2025,CO,No Brand,0.00
2025,2,02/24/2025,CO,No Brand,0.00
2025,2,02/25/2025,CO,No Brand,0.00
2025,2,02/26/2025,CO,No Brand,0.00
2025,2,02/27/2025,CO,No Brand,0.00
2025,2,02/28/2025,CO,No Brand,0.00
2025,3,03/01/2025,CO,No Brand,0.00
2025,3,03/02/2025,CO,No Brand,0.00
2025,3,03/03/2025,CO,No Brand,0.00
2025,3,03/04/2025,CO,No Brand,0.00
2025,3,03/05/2025,CO,No Brand,0.00
2025,3,03/06/2025,CO,No Brand,0.00
2025,3,03/07/2025,CO,No Brand,0.00
2025,3,03/08/2025,CO,No Brand,0.00
2025,3,03/09/2025,CO,No Brand,0.00
2025,3,03/10/2025,CO,No Brand,0.00
2025,3,03/11/2025,CO,No Brand,0.00
2025,3,03/12/2025,CO,No Brand,0.00
2025,3,03/13/2025,CO,No Brand,0.00
2025,3,03/14/2025,CO,No Brand,0.00
2025,3,03/15/2025,CO,No Brand,0.00
2025,3,03/16/2025,CO,No Brand,0.00
2025,3,03/17/2025,CO,No Brand,0.00
2025,3,03/18/2025,CO,No Brand,0.00
2025,3,03/19/2025,CO,No Brand,0.00
2025,3,03/20/2025,CO,No Brand,0.00
2025,3,03/21/2025,CO,No Brand,0.00
2025,3,03/22/2025,CO,No Brand,0.00
2025,3,03/23/2025,CO,No Brand,0.00
2025,3,03/24/2025,CO,No Brand,0.00
2025,3,03/25/2025,CO,No Brand,0.00
2025,3,03/26/2025,CO,No Brand,0.00
2025,3,03/27/2025,CO,No Brand,0.00
2025,3,03/28/2025,CO,No Brand,0.00
2025,3,03/29/2025,CO,No Brand,0.00
2025,3,03/30/2025,CO,No Brand,0.00
2025,3,03/31/2025,CO,No Brand,0.00
2025,4,04/01/2025,CO,No Brand,0.00
2025,4,04/02/2025,CO,No Brand,0.00
2025,4,04/03/2025,CO,No Brand,0.00
2025,4,04/04/2025,CO,No Brand,0.00
2025,4,04/05/2025,CO,No Brand,0.00
2025,4,04/06/2025,CO,No Brand,0.00
2025,4,04/07/2025,CO,No Brand,0.00
2025,4,04/08/2025,CO,No Brand,0.00
2025,4,04/09/2025,CO,No Brand,0.00
2025,4,04/10/2025,CO,No Brand,0.00
2025,4,04/11/2025,CO,No Brand,0.00
2025,4,04/12/2025,CO,No Brand,0.00
2025,4,04/13/2025,CO,No Brand,0.00
2025,4,04/14/2025,CO,No Brand,0.00
2025,4,04/15/2025,CO,No Brand,0.00
2025,4,04/16/2025,CO,No Brand,0.00
2025,4,04/17/2025,CO,No Brand,0.00
2025,4,04/18/2025,CO,No Brand,0.00
2025,4,04/19/2025,CO,No Brand,0.00
2025,4,04/20/2025,CO,No Brand,0.00
2025,4,04/21/2025,CO,No Brand,0.00
2025,4,04/22/2025,CO,No Brand,0.00
2025,4,04/23/2025,CO,No Brand,0.00
2025,4,04/24/2025,CO,No Brand,0.00
2025,4,04/25/2025,CO,No Brand,0.00
2025,4,04/26/2025,CO,No Brand,0.00
2025,4,04/27/2025,CO,No Brand,0.00
2025,4,04/28/2025,CO,No Brand,0.00
2025,4,04/29/2025,CO,No Brand,0.00
2025,4,04/30/2025,CO,No Brand,0.00
2025,5,05/01/2025,CO,No Brand,0.00
2025,5,05/02/2025,CO,No Brand,0.00
2025,5,05/03/2025,CO,No Brand,0.00
2025,5,05/04/2025,CO,No Brand,0.00
2025,5,05/05/2025,CO,No Brand,0.00
2025,5,05/06/2025,CO,No Brand,0.00
2025,5,05/07/2025,CO,No Brand,0.00
2025,5,05/08/2025,CO,No Brand,0.00
2025,5,05/09/2025,CO,No Brand,0.00
2025,5,05/10/2025,CO,No Brand,0.00
2025,5,05/11/2025,CO,No Brand,0.00
2025,5,05/12/2025,CO,No Brand,0.00
2025,5,05/13/2025,CO,No Brand,0.00
2025,5,05/14/2025,CO,No Brand,0.00
2025,5,05/15/2025,CO,No Brand,0.00
2025,5,05/16/2025,CO,No Brand,0.00
2025,5,05/17/2025,CO,No Brand,0.00
2025,5,05/18/2025,CO,No Brand,0.00
2025,5,05/19/2025,CO,No Brand,0.00
2025,5,05/20/2025,CO,No Brand,0.00
2025,5,05/21/2025,CO,No Brand,0.00
2025,5,05/22/2025,CO,No Brand,0.00
2025,5,05/23/2025,CO,No Brand,0.00
2025,5,05/24/2025,CO,No Brand,0.00
2025,5,05/25/2025,CO,No Brand,0.00
2025,5,05/26/2025,CO,No Brand,0.00
2025,5,05/27/2025,CO,No Brand,0.00
2025,5,05/28/2025,CO,No Brand,0.00
2025,5,05/29/2025,CO,No Brand,0.00
2025,5,05/30/2025,CO,No Brand,0.00
2025,5,05/31/2025,CO,No Brand,0.00
2025,6,06/01/2025,CO,No Brand,0.00
2025,6,06/02/2025,CO,No Brand,0.00
2025,6,06/03/2025,CO,No Brand,0.00
2025,6,06/04/2025,CO,No Brand,0.00
2025,6,06/05/2025,CO,No Brand,0.00
2025,6,06/06/2025,CO,No Brand,0.00
2025,6,06/07/2025,CO,No Brand,0.00
2025,6,06/08/2025,CO,No Brand,0.00
2025,6,06/09/2025,CO,No Brand,0.00
2025,6,06/10/2025,CO,No Brand,0.00
2025,6,06/11/2025,CO,No Brand,0.00
2025,6,06/12/2025,CO,No Brand,0.00
2025,6,06/13/2025,CO,No Brand,0.00
2025,6,06/14/2025,CO,No Brand,0.00
2025,6,06/15/2025,CO,No Brand,0.00
2025,6,06/16/2025,CO,No Brand,0.00
2025,6,06/17/2025,CO,No Brand,0.00
2025,6,06/18/2025,CO,No Brand,0.00
2025,6,06/19/2025,CO,No Brand,0.00
2025,6,06/20/2025,CO,No Brand,0.00
2025,6,06/21/2025,CO,No Brand,0.00
2025,6,06/22/2025,CO,No Brand,0.00
2025,6,06/23/2025,CO,No Brand,0.00
2025,6,06/24/2025,CO,No Brand,0.00
2025,6,06/25/2025,CO,No Brand,0.00
2025,6,06/26/2025,CO,No Brand,0.00
2025,6,06/27/2025,CO,No Brand,0.00
2025,6,06/28/2025,CO,No Brand,0.00
2025,6,06/29/2025,CO,No Brand,0.00
2025,6,06/30/2025,CO,No Brand,0.00
2025,7,07/01/2025,CO,No Brand,0.00
2025,7,07/02/2025,CO,No Brand,0.00
2025,7,07/03/2025,CO,No Brand,0.00
2025,7,07/04/2025,CO,No Brand,0.00
2025,7,07/05/2025,CO,No Brand,0.00
2025,7,07/06/2025,CO,No Brand,0.00
2025,7,07/07/2025,CO,No Brand,0.00
2025,7,07/08/2025,CO,No Brand,0.00
2025,7,07/09/2025,CO,No Brand,0.00
2025,7,07/10/2025,CO,No Brand,0.00
2025,7,07/11/2025,CO,No Brand,0.00
2025,7,07/12/2025,CO,No Brand,0.00
2025,7,07/13/2025,CO,No Brand,0.00
2025,7,07/14/2025,CO,No Brand,0.00
2025,7,07/15/2025,CO,No Brand,0.00
2025,7,07/16/2025,CO,No Brand,0.00
2025,7,07/17/2025,CO,No Brand,0.00
2025,7,07/18/2025,CO,No Brand,0.00
2025,7,07/19/2025,CO,No Brand,0.00
2025,7,07/20/2025,CO,No Brand,0.00
2025,7,07/21/2025,CO,No Brand,0.00
2025,7,07/22/2025,CO,No Brand,0.00
2025,7,07/23/2025,CO,No Brand,0.00
2025,7,07/24/2025,CO,No Brand,0.00
2025,7,07/25/2025,CO,No Brand,0.00
2025,7,07/26/2025,CO,No Brand,0.00
2025,7,07/27/2025,CO,No Brand,0.00
2025,7,07/28/2025,CO,No Brand,0.00
2025,7,07/29/2025,CO,No Brand,0.00
2025,7,07/30/2025,CO,No Brand,0.00
2025,7,07/31/2025,CO,No Brand,0.00
2025,8,08/01/2025,CO,No Brand,0.00
2025,8,08/02/2025,CO,No Brand,0.00
2025,8,08/03/2025,CO,No Brand,0.00
2025,8,08/04/2025,CO,No Brand,0.00
2025,8,08/05/2025,CO,No Brand,0.00
2025,8,08/06/2025,CO,No Brand,0.00
2025,8,08/07/2025,CO,No Brand,0.00
2025,8,08/08/2025,CO,No Brand,0.00
2025,8,08/09/2025,CO,No Brand,0.00
2025,8,08/10/2025,CO,No Brand,0.00
2025,8,08/11/2025,CO,No Brand,0.00
2025,8,08/12/2025,CO,No Brand,0.00
2025,8,08/13/2025,CO,No Brand,0.00
2025,8,08/14/2025,CO,No Brand,0.00
2025,8,08/15/2025,CO,No Brand,0.00
2025,8,08/16/2025,CO,No Brand,0.00
2025,8,08/17/2025,CO,No Brand,0.00
2025,8,08/18/2025,CO,No Brand,0.00
2025,8,08/19/2025,CO,No Brand,0.00
2025,8,08/20/2025,CO,No Brand,0.00
2025,8,08/21/2025,CO,No Brand,0.00
2025,8,08/22/2025,CO,No Brand,0.00
2025,8,08/23/2025,CO,No Brand,0.00
2025,8,08/24/2025,CO,No Brand,0.00
2025,8,08/25/2025,CO,No Brand,0.00
2025,8,08/26/2025,CO,No Brand,0.00
2025,8,08/27/2025,CO,No Brand,0.00
2025,8,08/28/2025,CO,No Brand,0.00
2025,8,08/29/2025,CO,No Brand,0.00
2025,8,08/30/2025,CO,No Brand,0.00
2025,8,08/31/2025,CO,No Brand,0.00
2025,9,09/01/2025,CO,No Brand,0.00
2025,9,09/02/2025,CO,No Brand,0.00
2025,9,09/03/2025,CO,No Brand,0.00
2025,9,09/04/2025,CO,No Brand,0.00
2025,9,09/05/2025,CO,No Brand,0.00
2025,9,09/06/2025,CO,No Brand,0.00
2025,9,09/07/2025,CO,No Brand,0.00
2025,9,09/08/2025,CO,No Brand,0.00
2025,9,09/09/2025,CO,No Brand,0.00
2025,9,09/10/2025,CO,No Brand,0.00
2025,9,09/11/2025,CO,No Brand,0.00
2025,9,09/12/2025,CO,No Brand,0.00
2025,9,09/13/2025,CO,No Brand,0.00
2025,9,09/14/2025,CO,No Brand,0.00
2025,9,09/15/2025,CO,No Brand,0.00
2025,9,09/16/2025,CO,No Brand,0.00
2025,9,09/17/2025,CO,No Brand,0.00
2025,9,09/18/2025,CO,No Brand,0.00
2025,9,09/19/2025,CO,No Brand,0.00
2025,9,09/20/2025,CO,No Brand,0.00
2025,9,09/21/2025,CO,No Brand,0.00
2025,9,09/22/2025,CO,No Brand,0.00
2025,9,09/23/2025,CO,No Brand,0.00
2025,9,09/24/2025,CO,No Brand,0.00
2025,9,09/25/2025,CO,No Brand,0.00
2025,9,09/26/2025,CO,No Brand,0.00
2025,9,09/27/2025,CO,No Brand,0.00
2025,9,09/28/2025,CO,No Brand,0.00
2025,9,09/29/2025,CO,No Brand,0.00
2025,9,09/30/2025,CO,No Brand,0.00
2025,10,10/01/2025,CO,No Brand,0.00
2025,10,10/02/2025,CO,No Brand,0.00
2025,10,10/03/2025,CO,No Brand,0.00
2025,10,10/04/2025,CO,No Brand,0.00
2025,10,10/05/2025,CO,No Brand,0.00
2025,10,10/06/2025,CO,No Brand,0.00
2025,10,10/07/2025,CO,No Brand,0.00
2025,10,10/08/2025,CO,No Brand,0.00
2025,10,10/09/2025,CO,No Brand,0.00
2025,10,10/10/2025,CO,No Brand,0.00
2025,10,10/11/2025,CO,No Brand,0.00
2025,10,10/12/2025,CO,No Brand,0.00
2025,10,10/13/2025,CO,No Brand,0.00
2025,10,10/14/2025,CO,No Brand,0.00
2025,10,10/15/2025,CO,No Brand,0.00
2025,10,10/16/2025,CO,No Brand,0.00
2025,10,10/17/2025,CO,No Brand,0.00
2025,10,10/18/2025,CO,No Brand,0.00
2025,10,10/19/2025,CO,No Brand,0.00
2025,10,10/20/2025,CO,No Brand,0.00
2025,10,10/21/2025,CO,No Brand,0.00
2025,10,10/22/2025,CO,No Brand,0.00
2025,10,10/23/2025,CO,No Brand,0.00
2025,10,10/24/2025,CO,No Brand,0.00
2025,10,10/25/2025,CO,No Brand,0.00
2025,10,10/26/2025,CO,No Brand,0.00
2025,10,10/27/2025,CO,No Brand,0.00
2025,10,10/28/2025,CO,No Brand,0.00
2025,10,10/29/2025,CO,No Brand,0.00
2025,10,10/30/2025,CO,No Brand,0.00
2025,10,10/31/2025,CO,No Brand,0.00
2025,11,11/01/2025,CO,No Brand,0.00
2025,11,11/02/2025,CO,No Brand,0.00
2025,11,11/03/2025,CO,No Brand,0.00
2025,11,11/04/2025,CO,No Brand,0.00
2025,11,11/05/2025,CO,No Brand,0.00
2025,11,11/06/2025,CO,No Brand,0.00
2025,11,11/07/2025,CO,No Brand,0.00
2025,11,11/08/2025,CO,No Brand,0.00
2025,11,11/09/2025,CO,No Brand,0.00
2025,11,11/10/2025,CO,No Brand,0.00
2025,11,11/11/2025,CO,No Brand,0.00
2025,11,11/12/2025,CO,No Brand,0.00
2025,11,11/13/2025,CO,No Brand,0.00
2025,11,11/14/2025,CO,No Brand,0.00
2025,11,11/15/2025,CO,No Brand,0.00
2025,11,11/16/2025,CO,No Brand,0.00
2025,11,11/17/2025,CO,No Brand,0.00
2025,11,11/18/2025,CO,No Brand,0.00
2025,11,11/19/2025,CO,No Brand,0.00
2025,11,11/20/2025,CO,No Brand,0.00
2025,11,11/21/2025,CO,No Brand,0.00
2025,11,11/22/2025,CO,No Brand,0.00
2025,11,11/23/2025,CO,No Brand,0.00
2025,11,11/24/2025,CO,No Brand,0.00
2025,11,11/25/2025,CO,No Brand,0.00
2025,11,11/26/2025,CO,No Brand,0.00
2025,11,11/27/2025,CO,No Brand,0.00
2025,11,11/28/2025,CO,No Brand,0.00
2025,11,11/29/2025,CO,No Brand,0.00
2025,11,11/30/2025,CO,No Brand,0.00
2025,12,12/01/2025,CO,No Brand,0.00
2025,12,12/02/2025,CO,No Brand,0.00
2025,12,12/03/2025,CO,No Brand,0.00
2025,12,12/04/2025,CO,No Brand,0.00
2025,12,12/05/2025,CO,No Brand,0.00
2025,12,12/06/2025,CO,No Brand,0.00
2025,12,12/07/2025,CO,No Brand,0.00
2025,12,12/08/2025,CO,No Brand,0.00
2025,12,12/09/2025,CO,No Brand,0.00
2025,12,12/10/2025,CO,No Brand,0.00
2025,12,12/11/2025,CO,No Brand,0.00
2025,12,12/12/2025,CO,No Brand,0.00
2025,12,12/13/2025,CO,No Brand,0.00
2025,12,12/14/2025,CO,No Brand,0.00
2025,12,12/15/2025,CO,No Brand,0.00
2025,12,12/16/2025,CO,No Brand,0.00
2025,12,12/17/2025,CO,No Brand,0.00
2025,12,12/18/2025,CO,No Brand,0.00
2025,12,12/19/2025,CO,No Brand,0.00
2025,12,12/20/2025,CO,No Brand,0.00
2025,12,12/21/2025,CO,No Brand,0.00
2025,12,12/22/2025,CO,No Brand,0.00
2025,12,12/23/2025,CO,No Brand,0.00
2025,12,12/24/2025,CO,No Brand,0.00
2025,12,12/25/2025,CO,No Brand,0.00
2025,12,12/26/2025,CO,No Brand,0.00
2025,12,12/27/2025,CO,No Brand,0.00
2025,12,12/28/2025,CO,No Brand,0.00
2025,12,12/29/2025,CO,No Brand,0.00
2025,12,12/30/2025,CO,No Brand,0.00
2025,12,12/31/2025,CO,No Brand,0.00
2025,1,01/01/2025,MX,No Brand,3708.52
2025,1,01/02/2025,MX,No Brand,3708.52
2025,1,01/03/2025,MX,No Brand,3708.52
2025,1,01/04/2025,MX,No Brand,3708.52
2025,1,01/05/2025,MX,No Brand,3708.52
2025,1,01/06/2025,MX,No Brand,3708.52
2025,1,01/07/2025,MX,No Brand,3708.52
2025,1,01/08/2025,MX,No Brand,3708.52
2025,1,01/09/2025,MX,No Brand,3708.52
2025,1,01/10/2025,MX,No Brand,3708.52
2025,1,01/11/2025,MX,No Brand,3708.52
2025,1,01/12/2025,MX,No Brand,3708.52
2025,1,01/13/2025,MX,No Brand,3708.52
2025,1,01/14/2025,MX,No Brand,3708.52
2025,1,01/15/2025,MX,No Brand,3708.52
2025,1,01/16/2025,MX,No Brand,3708.52
2025,1,01/17/2025,MX,No Brand,3708.52
2025,1,01/18/2025,MX,No Brand,3708.52
2025,1,01/19/2025,MX,No Brand,3708.52
2025,1,01/20/2025,MX,No Brand,3708.52
2025,1,01/21/2025,MX,No Brand,3708.52
2025,1,01/22/2025,MX,No Brand,3708.52
2025,1,01/23/2025,MX,No Brand,3708.52
2025,1,01/24/2025,MX,No Brand,3708.52
2025,1,01/25/2025,MX,No Brand,3708.52
2025,1,01/26/2025,MX,No Brand,3708.52
2025,1,01/27/2025,MX,No Brand,3708.52
2025,1,01/28/2025,MX,No Brand,3708.52
2025,1,01/29/2025,MX,No Brand,3708.52
2025,1,01/30/2025,MX,No Brand,3708.52
2025,1,01/31/2025,MX,No Brand,3708.52
2025,2,02/01/2025,MX,No Brand,3530.82
2025,2,02/02/2025,MX,No Brand,3530.82
2025,2,02/03/2025,MX,No Brand,3530.82
2025,2,02/04/2025,MX,No Brand,3530.82
2025,2,02/05/2025,MX,No Brand,3530.82
2025,2,02/06/2025,MX,No Brand,3530.82
2025,2,02/07/2025,MX,No Brand,3530.82
2025,2,02/08/2025,MX,No Brand,3530.82
2025,2,02/09/2025,MX,No Brand,3530.82
2025,2,02/10/2025,MX,No Brand,3530.82
2025,2,02/11/2025,MX,No Brand,3530.82
2025,2,02/12/2025,MX,No Brand,3530.82
2025,2,02/13/2025,MX,No Brand,3530.82
2025,2,02/14/2025,MX,No Brand,3530.82
2025,2,02/15/2025,MX,No Brand,3530.82
2025,2,02/16/2025,MX,No Brand,3530.82
2025,2,02/17/2025,MX,No Brand,3530.82
2025,2,02/18/2025,MX,No Brand,3530.82
2025,2,02/19/2025,MX,No Brand,3530.82
2025,2,02/20/2025,MX,No Brand,3530.82
2025,2,02/21/2025,MX,No Brand,3530.82
2025,2,02/22/2025,MX,No Brand,3530.82
2025,2,02/23/2025,MX,No Brand,3530.82
2025,2,02/24/2025,MX,No Brand,3530.82
2025,2,02/25/2025,MX,No Brand,3530.82
2025,2,02/26/2025,MX,No Brand,3530.82
2025,2,02/27/2025,MX,No Brand,3530.82
2025,2,02/28/2025,MX,No Brand,3530.82
2025,3,03/01/2025,MX,No Brand,3090.87
2025,3,03/02/2025,MX,No Brand,3090.87
2025,3,03/03/2025,MX,No Brand,3090.87
2025,3,03/04/2025,MX,No Brand,3090.87
2025,3,03/05/2025,MX,No Brand,3090.87
2025,3,03/06/2025,MX,No Brand,3090.87
2025,3,03/07/2025,MX,No Brand,3090.87
2025,3,03/08/2025,MX,No Brand,3090.87
2025,3,03/09/2025,MX,No Brand,3090.87
2025,3,03/10/2025,MX,No Brand,3090.87
2025,3,03/11/2025,MX,No Brand,3090.87
2025,3,03/12/2025,MX,No Brand,3090.87
2025,3,03/13/2025,MX,No Brand,3090.87
2025,3,03/14/2025,MX,No Brand,3090.87
2025,3,03/15/2025,MX,No Brand,3090.87
2025,3,03/16/2025,MX,No Brand,3090.87
2025,3,03/17/2025,MX,No Brand,3090.87
2025,3,03/18/2025,MX,No Brand,3090.87
2025,3,03/19/2025,MX,No Brand,3090.87
2025,3,03/20/2025,MX,No Brand,3090.87
2025,3,03/21/2025,MX,No Brand,3090.87
2025,3,03/22/2025,MX,No Brand,3090.87
2025,3,03/23/2025,MX,No Brand,3090.87
2025,3,03/24/2025,MX,No Brand,3090.87
2025,3,03/25/2025,MX,No Brand,3090.87
2025,3,03/26/2025,MX,No Brand,3090.87
2025,3,03/27/2025,MX,No Brand,3090.87
2025,3,03/28/2025,MX,No Brand,3090.87
2025,3,03/29/2025,MX,No Brand,3090.87
2025,3,03/30/2025,MX,No Brand,3090.87
2025,3,03/31/2025,MX,No Brand,3090.87
2025,4,04/01/2025,MX,No Brand,3189.67
2025,4,04/02/2025,MX,No Brand,3189.67
2025,4,04/03/2025,MX,No Brand,3189.67
2025,4,04/04/2025,MX,No Brand,3189.67
2025,4,04/05/2025,MX,No Brand,3189.67
2025,4,04/06/2025,MX,No Brand,3189.67
2025,4,04/07/2025,MX,No Brand,3189.67
2025,4,04/08/2025,MX,No Brand,3189.67
2025,4,04/09/2025,MX,No Brand,3189.67
2025,4,04/10/2025,MX,No Brand,3189.67
2025,4,04/11/2025,MX,No Brand,3189.67
2025,4,04/12/2025,MX,No Brand,3189.67
2025,4,04/13/2025,MX,No Brand,3189.67
2025,4,04/14/2025,MX,No Brand,3189.67
2025,4,04/15/2025,MX,No Brand,3189.67
2025,4,04/16/2025,MX,No Brand,3189.67
2025,4,04/17/2025,MX,No Brand,3189.67
2025,4,04/18/2025,MX,No Brand,3189.67
2025,4,04/19/2025,MX,No Brand,3189.67
2025,4,04/20/2025,MX,No Brand,3189.67
2025,4,04/21/2025,MX,No Brand,3189.67
2025,4,04/22/2025,MX,No Brand,3189.67
2025,4,04/23/2025,MX,No Brand,3189.67
2025,4,04/24/2025,MX,No Brand,3189.67
2025,4,04/25/2025,MX,No Brand,3189.67
2025,4,04/26/2025,MX,No Brand,3189.67
2025,4,04/27/2025,MX,No Brand,3189.67
2025,4,04/28/2025,MX,No Brand,3189.67
2025,4,04/29/2025,MX,No Brand,3189.67
2025,4,04/30/2025,MX,No Brand,3189.67
2025,5,05/01/2025,MX,No Brand,3116.39
2025,5,05/02/2025,MX,No Brand,3116.39
2025,5,05/03/2025,MX,No Brand,3116.39
2025,5,05/04/2025,MX,No Brand,3116.39
2025,5,05/05/2025,MX,No Brand,3116.39
2025,5,05/06/2025,MX,No Brand,3116.39
2025,5,05/07/2025,MX,No Brand,3116.39
2025,5,05/08/2025,MX,No Brand,3116.39
2025,5,05/09/2025,MX,No Brand,3116.39
2025,5,05/10/2025,MX,No Brand,3116.39
2025,5,05/11/2025,MX,No Brand,3116.39
2025,5,05/12/2025,MX,No Brand,3116.39
2025,5,05/13/2025,MX,No Brand,3116.39
2025,5,05/14/2025,MX,No Brand,3116.39
2025,5,05/15/2025,MX,No Brand,3116.39
2025,5,05/16/2025,MX,No Brand,3116.39
2025,5,05/17/2025,MX,No Brand,3116.39
2025,5,05/18/2025,MX,No Brand,3116.39
2025,5,05/19/2025,MX,No Brand,3116.39
2025,5,05/20/2025,MX,No Brand,3116.39
2025,5,05/21/2025,MX,No Brand,3116.39
2025,5,05/22/2025,MX,No Brand,3116.39
2025,5,05/23/2025,MX,No Brand,3116.39
2025,5,05/24/2025,MX,No Brand,3116.39
2025,5,05/25/2025,MX,No Brand,3116.39
2025,5,05/26/2025,MX,No Brand,3116.39
2025,5,05/27/2025,MX,No Brand,3116.39
2025,5,05/28/2025,MX,No Brand,3116.39
2025,5,05/29/2025,MX,No Brand,3116.39
2025,5,05/30/2025,MX,No Brand,3116.39
2025,5,05/31/2025,MX,No Brand,3116.39
2025,6,06/01/2025,MX,No Brand,3220.27
2025,6,06/02/2025,MX,No Brand,3220.27
2025,6,06/03/2025,MX,No Brand,3220.27
2025,6,06/04/2025,MX,No Brand,3220.27
2025,6,06/05/2025,MX,No Brand,3220.27
2025,6,06/06/2025,MX,No Brand,3220.27
2025,6,06/07/2025,MX,No Brand,3220.27
2025,6,06/08/2025,MX,No Brand,3220.27
2025,6,06/09/2025,MX,No Brand,3220.27
2025,6,06/10/2025,MX,No Brand,3220.27
2025,6,06/11/2025,MX,No Brand,3220.27
2025,6,06/12/2025,MX,No Brand,3220.27
2025,6,06/13/2025,MX,No Brand,3220.27
2025,6,06/14/2025,MX,No Brand,3220.27
2025,6,06/15/2025,MX,No Brand,3220.27
2025,6,06/16/2025,MX,No Brand,3220.27
2025,6,06/17/2025,MX,No Brand,3220.27
2025,6,06/18/2025,MX,No Brand,3220.27
2025,6,06/19/2025,MX,No Brand,3220.27
2025,6,06/20/2025,MX,No Brand,3220.27
2025,6,06/21/2025,MX,No Brand,3220.27
2025,6,06/22/2025,MX,No Brand,3220.27
2025,6,06/23/2025,MX,No Brand,3220.27
2025,6,06/24/2025,MX,No Brand,3220.27
2025,6,06/25/2025,MX,No Brand,3220.27
2025,6,06/26/2025,MX,No Brand,3220.27
2025,6,06/27/2025,MX,No Brand,3220.27
2025,6,06/28/2025,MX,No Brand,3220.27
2025,6,06/29/2025,MX,No Brand,3220.27
2025,6,06/30/2025,MX,No Brand,3220.27
2025,7,07/01/2025,MX,No Brand,2898.13
2025,7,07/02/2025,MX,No Brand,2898.13
2025,7,07/03/2025,MX,No Brand,2898.13
2025,7,07/04/2025,MX,No Brand,2898.13
2025,7,07/05/2025,MX,No Brand,2898.13
2025,7,07/06/2025,MX,No Brand,2898.13
2025,7,07/07/2025,MX,No Brand,2898.13
2025,7,07/08/2025,MX,No Brand,2898.13
2025,7,07/09/2025,MX,No Brand,2898.13
2025,7,07/10/2025,MX,No Brand,2898.13
2025,7,07/11/2025,MX,No Brand,2898.13
2025,7,07/12/2025,MX,No Brand,2898.13
2025,7,07/13/2025,MX,No Brand,2898.13
2025,7,07/14/2025,MX,No Brand,2898.13
2025,7,07/15/2025,MX,No Brand,2898.13
2025,7,07/16/2025,MX,No Brand,2898.13
2025,7,07/17/2025,MX,No Brand,2898.13
2025,7,07/18/2025,MX,No Brand,2898.13
2025,7,07/19/2025,MX,No Brand,2898.13
2025,7,07/20/2025,MX,No Brand,2898.13
2025,7,07/21/2025,MX,No Brand,2898.13
2025,7,07/22/2025,MX,No Brand,2898.13
2025,7,07/23/2025,MX,No Brand,2898.13
2025,7,07/24/2025,MX,No Brand,2898.13
2025,7,07/25/2025,MX,No Brand,2898.13
2025,7,07/26/2025,MX,No Brand,2898.13
2025,7,07/27/2025,MX,No Brand,2898.13
2025,7,07/28/2025,MX,No Brand,2898.13
2025,7,07/29/2025,MX,No Brand,2898.13
2025,7,07/30/2025,MX,No Brand,2898.13
2025,7,07/31/2025,MX,No Brand,2898.13
2025,8,08/01/2025,MX,No Brand,2886.32
2025,8,08/02/2025,MX,No Brand,2886.32
2025,8,08/03/2025,MX,No Brand,2886.32
2025,8,08/04/2025,MX,No Brand,2886.32
2025,8,08/05/2025,MX,No Brand,2886.32
2025,8,08/06/2025,MX,No Brand,2886.32
2025,8,08/07/2025,MX,No Brand,2886.32
2025,8,08/08/2025,MX,No Brand,2886.32
2025,8,08/09/2025,MX,No Brand,2886.32
2025,8,08/10/2025,MX,No Brand,2886.32
2025,8,08/11/2025,MX,No Brand,2886.32
2025,8,08/12/2025,MX,No Brand,2886.32
2025,8,08/13/2025,MX,No Brand,2886.32
2025,8,08/14/2025,MX,No Brand,2886.32
2025,8,08/15/2025,MX,No Brand,2886.32
2025,8,08/16/2025,MX,No Brand,2886.32
2025,8,08/17/2025,MX,No Brand,2886.32
2025,8,08/18/2025,MX,No Brand,2886.32
2025,8,08/19/2025,MX,No Brand,2886.32
2025,8,08/20/2025,MX,No Brand,2886.32
2025,8,08/21/2025,MX,No Brand,2886.32
2025,8,08/22/2025,MX,No Brand,2886.32
2025,8,08/23/2025,MX,No Brand,2886.32
2025,8,08/24/2025,MX,No Brand,2886.32
2025,8,08/25/2025,MX,No Brand,2886.32
2025,8,08/26/2025,MX,No Brand,2886.32
2025,8,08/27/2025,MX,No Brand,2886.32
2025,8,08/28/2025,MX,No Brand,2886.32
2025,8,08/29/2025,MX,No Brand,2886.32
2025,8,08/30/2025,MX,No Brand,2886.32
2025,8,08/31/2025,MX,No Brand,2886.32
2025,9,09/01/2025,MX,No Brand,3319.30
2025,9,09/02/2025,MX,No Brand,3319.30
2025,9,09/03/2025,MX,No Brand,3319.30
2025,9,09/04/2025,MX,No Brand,3319.30
2025,9,09/05/2025,MX,No Brand,3319.30
2025,9,09/06/2025,MX,No Brand,3319.30
2025,9,09/07/2025,MX,No Brand,3319.30
2025,9,09/08/2025,MX,No Brand,3319.30
2025,9,09/09/2025,MX,No Brand,3319.30
2025,9,09/10/2025,MX,No Brand,3319.30
2025,9,09/11/2025,MX,No Brand,3319.30
2025,9,09/12/2025,MX,No Brand,3319.30
2025,9,09/13/2025,MX,No Brand,3319.30
2025,9,09/14/2025,MX,No Brand,3319.30
2025,9,09/15/2025,MX,No Brand,3319.30
2025,9,09/16/2025,MX,No Brand,3319.30
2025,9,09/17/2025,MX,No Brand,3319.30
2025,9,09/18/2025,MX,No Brand,3319.30
2025,9,09/19/2025,MX,No Brand,3319.30
2025,9,09/20/2025,MX,No Brand,3319.30
2025,9,09/21/2025,MX,No Brand,3319.30
2025,9,09/22/2025,MX,No Brand,3319.30
2025,9,09/23/2025,MX,No Brand,3319.30
2025,9,09/24/2025,MX,No Brand,3319.30
2025,9,09/25/2025,MX,No Brand,3319.30
2025,9,09/26/2025,MX,No Brand,3319.30
2025,9,09/27/2025,MX,No Brand,3319.30
2025,9,09/28/2025,MX,No Brand,3319.30
2025,9,09/29/2025,MX,No Brand,3319.30
2025,9,09/30/2025,MX,No Brand,3319.30
2025,10,10/01/2025,MX,No Brand,3297.03
2025,10,10/02/2025,MX,No Brand,3297.03
2025,10,10/03/2025,MX,No Brand,3297.03
2025,10,10/04/2025,MX,No Brand,3297.03
2025,10,10/05/2025,MX,No Brand,3297.03
2025,10,10/06/2025,MX,No Brand,3297.03
2025,10,10/07/2025,MX,No Brand,3297.03
2025,10,10/08/2025,MX,No Brand,3297.03
2025,10,10/09/2025,MX,No Brand,3297.03
2025,10,10/10/2025,MX,No Brand,3297.03
2025,10,10/11/2025,MX,No Brand,3297.03
2025,10,10/12/2025,MX,No Brand,3297.03
2025,10,10/13/2025,MX,No Brand,3297.03
2025,10,10/14/2025,MX,No Brand,3297.03
2025,10,10/15/2025,MX,No Brand,3297.03
2025,10,10/16/2025,MX,No Brand,3297.03
2025,10,10/17/2025,MX,No Brand,3297.03
2025,10,10/18/2025,MX,No Brand,3297.03
2025,10,10/19/2025,MX,No Brand,3297.03
2025,10,10/20/2025,MX,No Brand,3297.03
2025,10,10/21/2025,MX,No Brand,3297.03
2025,10,10/22/2025,MX,No Brand,3297.03
2025,10,10/23/2025,MX,No Brand,3297.03
2025,10,10/24/2025,MX,No Brand,3297.03
2025,10,10/25/2025,MX,No Brand,3297.03
2025,10,10/26/2025,MX,No Brand,3297.03
2025,10,10/27/2025,MX,No Brand,3297.03
2025,10,10/28/2025,MX,No Brand,3297.03
2025,10,10/29/2025,MX,No Brand,3297.03
2025,10,10/30/2025,MX,No Brand,3297.03
2025,10,10/31/2025,MX,No Brand,3297.03
2025,11,11/01/2025,MX,No Brand,3771.47
2025,11,11/02/2025,MX,No Brand,3771.47
2025,11,11/03/2025,MX,No Brand,3771.47
2025,11,11/04/2025,MX,No Brand,3771.47
2025,11,11/05/2025,MX,No Brand,3771.47
2025,11,11/06/2025,MX,No Brand,3771.47
2025,11,11/07/2025,MX,No Brand,3771.47
2025,11,11/08/2025,MX,No Brand,3771.47
2025,11,11/09/2025,MX,No Brand,3771.47
2025,11,11/10/2025,MX,No Brand,3771.47
2025,11,11/11/2025,MX,No Brand,3771.47
2025,11,11/12/2025,MX,No Brand,3771.47
2025,11,11/13/2025,MX,No Brand,3771.47
2025,11,11/14/2025,MX,No Brand,3771.47
2025,11,11/15/2025,MX,No Brand,3771.47
2025,11,11/16/2025,MX,No Brand,3771.47
2025,11,11/17/2025,MX,No Brand,3771.47
2025,11,11/18/2025,MX,No Brand,3771.47
2025,11,11/19/2025,MX,No Brand,3771.47
2025,11,11/20/2025,MX,No Brand,3771.47
2025,11,11/21/2025,MX,No Brand,3771.47
2025,11,11/22/2025,MX,No Brand,3771.47
2025,11,11/23/2025,MX,No Brand,3771.47
2025,11,11/24/2025,MX,No Brand,3771.47
2025,11,11/25/2025,MX,No Brand,3771.47
2025,11,11/26/2025,MX,No Brand,3771.47
2025,11,11/27/2025,MX,No Brand,3771.47
2025,11,11/28/2025,MX,No Brand,3771.47
2025,11,11/29/2025,MX,No Brand,3771.47
2025,11,11/30/2025,MX,No Brand,3771.47
2025,12,12/01/2025,MX,No Brand,3202.03
2025,12,12/02/2025,MX,No Brand,3202.03
2025,12,12/03/2025,MX,No Brand,3202.03
2025,12,12/04/2025,MX,No Brand,3202.03
2025,12,12/05/2025,MX,No Brand,3202.03
2025,12,12/06/2025,MX,No Brand,3202.03
2025,12,12/07/2025,MX,No Brand,3202.03
2025,12,12/08/2025,MX,No Brand,3202.03
2025,12,12/09/2025,MX,No Brand,3202.03
2025,12,12/10/2025,MX,No Brand,3202.03
2025,12,12/11/2025,MX,No Brand,3202.03
2025,12,12/12/2025,MX,No Brand,3202.03
2025,12,12/13/2025,MX,No Brand,3202.03
2025,12,12/14/2025,MX,No Brand,3202.03
2025,12,12/15/2025,MX,No Brand,3202.03
2025,12,12/16/2025,MX,No Brand,3202.03
2025,12,12/17/2025,MX,No Brand,3202.03
2025,12,12/18/2025,MX,No Brand,3202.03
2025,12,12/19/2025,MX,No Brand,3202.03
2025,12,12/20/2025,MX,No Brand,3202.03
2025,12,12/21/2025,MX,No Brand,3202.03
2025,12,12/22/2025,MX,No Brand,3202.03
2025,12,12/23/2025,MX,No Brand,3202.03
2025,12,12/24/2025,MX,No Brand,3202.03
2025,12,12/25/2025,MX,No Brand,3202.03
2025,12,12/26/2025,MX,No Brand,3202.03
2025,12,12/27/2025,MX,No Brand,3202.03
2025,12,12/28/2025,MX,No Brand,3202.03
2025,12,12/29/2025,MX,No Brand,3202.03
2025,12,12/30/2025,MX,No Brand,3202.03
2025,12,12/31/2025,MX,No Brand,3202.03
2024,1,01/01/2024,AR,Branded,2741.45
2024,1,01/02/2024,AR,Branded,2741.45
2024,1,01/03/2024,AR,Branded,2741.45
2024,1,01/04/2024,AR,Branded,2741.45
2024,1,01/05/2024,AR,Branded,2741.45
2024,1,01/06/2024,AR,Branded,2741.45
2024,1,01/07/2024,AR,Branded,2741.45
2024,1,01/08/2024,AR,Branded,2741.45
2024,1,01/09/2024,AR,Branded,2741.45
2024,1,01/10/2024,AR,Branded,2741.45
2024,1,01/11/2024,AR,Branded,2741.45
2024,1,01/12/2024,AR,Branded,2741.45
2024,1,01/13/2024,AR,Branded,2741.45
2024,1,01/14/2024,AR,Branded,2741.45
2024,1,01/15/2024,AR,Branded,2741.45
2024,1,01/16/2024,AR,Branded,2741.45
2024,1,01/17/2024,AR,Branded,2741.45
2024,1,01/18/2024,AR,Branded,2741.45
2024,1,01/19/2024,AR,Branded,2741.45
2024,1,01/20/2024,AR,Branded,2741.45
2024,1,01/21/2024,AR,Branded,2741.45
2024,1,01/22/2024,AR,Branded,2741.45
2024,1,01/23/2024,AR,Branded,2741.45
2024,1,01/24/2024,AR,Branded,2741.45
2024,1,01/25/2024,AR,Branded,2741.45
2024,1,01/26/2024,AR,Branded,2741.45
2024,1,01/27/2024,AR,Branded,2741.45
2024,1,01/28/2024,AR,Branded,2741.45
2024,1,01/29/2024,AR,Branded,2741.45
2024,1,01/30/2024,AR,Branded,2741.45
2024,1,01/31/2024,AR,Branded,2741.45
2024,2,02/01/2024,AR,Branded,2782.38
2024,2,02/02/2024,AR,Branded,2782.38
2024,2,02/03/2024,AR,Branded,2782.38
2024,2,02/04/2024,AR,Branded,2782.38
2024,2,02/05/2024,AR,Branded,2782.38
2024,2,02/06/2024,AR,Branded,2782.38
2024,2,02/07/2024,AR,Branded,2782.38
2024,2,02/08/2024,AR,Branded,2782.38
2024,2,02/09/2024,AR,Branded,2782.38
2024,2,02/10/2024,AR,Branded,2782.38
2024,2,02/11/2024,AR,Branded,2782.38
2024,2,02/12/2024,AR,Branded,2782.38
2024,2,02/13/2024,AR,Branded,2782.38
2024,2,02/14/2024,AR,Branded,2782.38
2024,2,02/15/2024,AR,Branded,2782.38
2024,2,02/16/2024,AR,Branded,2782.38
2024,2,02/17/2024,AR,Branded,2782.38
2024,2,02/18/2024,AR,Branded,2782.38
2024,2,02/19/2024,AR,Branded,2782.38
2024,2,02/20/2024,AR,Branded,2782.38
2024,2,02/21/2024,AR,Branded,2782.38
2024,2,02/22/2024,AR,Branded,2782.38
2024,2,02/23/2024,AR,Branded,2782.38
2024,2,02/24/2024,AR,Branded,2782.38
2024,2,02/25/2024,AR,Branded,2782.38
2024,2,02/26/2024,AR,Branded,2782.38
2024,2,02/27/2024,AR,Branded,2782.38
2024,2,02/28/2024,AR,Branded,2782.38
2024,2,02/29/2024,AR,Branded,2782.38
2024,3,03/01/2024,AR,Branded,3329.13
2024,3,03/02/2024,AR,Branded,3329.13
2024,3,03/03/2024,AR,Branded,3329.13
2024,3,03/04/2024,AR,Branded,3329.13
2024,3,03/05/2024,AR,Branded,3329.13
2024,3,03/06/2024,AR,Branded,3329.13
2024,3,03/07/2024,AR,Branded,3329.13
2024,3,03/08/2024,AR,Branded,3329.13
2024,3,03/09/2024,AR,Branded,3329.13
2024,3,03/10/2024,AR,Branded,3329.13
2024,3,03/11/2024,AR,Branded,3329.13
2024,3,03/12/2024,AR,Branded,3329.13
2024,3,03/13/2024,AR,Branded,3329.13
2024,3,03/14/2024,AR,Branded,3329.13
2024,3,03/15/2024,AR,Branded,3329.13
2024,3,03/16/2024,AR,Branded,3329.13
2024,3,03/17/2024,AR,Branded,3329.13
2024,3,03/18/2024,AR,Branded,3329.13
2024,3,03/19/2024,AR,Branded,3329.13
2024,3,03/20/2024,AR,Branded,3329.13
2024,3,03/21/2024,AR,Branded,3329.13
2024,3,03/22/2024,AR,Branded,3329.13
2024,3,03/23/2024,AR,Branded,3329.13
2024,3,03/24/2024,AR,Branded,3329.13
2024,3,03/25/2024,AR,Branded,3329.13
2024,3,03/26/2024,AR,Branded,3329.13
2024,3,03/27/2024,AR,Branded,3329.13
2024,3,03/28/2024,AR,Branded,3329.13
2024,3,03/29/2024,AR,Branded,3329.13
2024,3,03/30/2024,AR,Branded,3329.13
2024,3,03/31/2024,AR,Branded,3329.13
2024,4,04/01/2024,AR,Branded,3646.97
2024,4,04/02/2024,AR,Branded,3646.97
2024,4,04/03/2024,AR,Branded,3646.97
2024,4,04/04/2024,AR,Branded,3646.97
2024,4,04/05/2024,AR,Branded,3646.97
2024,4,04/06/2024,AR,Branded,3646.97
2024,4,04/07/2024,AR,Branded,3646.97
2024,4,04/08/2024,AR,Branded,3646.97
2024,4,04/09/2024,AR,Branded,3646.97
2024,4,04/10/2024,AR,Branded,3646.97
2024,4,04/11/2024,AR,Branded,3646.97
2024,4,04/12/2024,AR,Branded,3646.97
2024,4,04/13/2024,AR,Branded,3646.97
2024,4,04/14/2024,AR,Branded,3646.97
2024,4,04/15/2024,AR,Branded,3646.97
2024,4,04/16/2024,AR,Branded,3646.97
2024,4,04/17/2024,AR,Branded,3646.97
2024,4,04/18/2024,AR,Branded,3646.97
2024,4,04/19/2024,AR,Branded,3646.97
2024,4,04/20/2024,AR,Branded,3646.97
2024,4,04/21/2024,AR,Branded,3646.97
2024,4,04/22/2024,AR,Branded,3646.97
2024,4,04/23/2024,AR,Branded,3646.97
2024,4,04/24/2024,AR,Branded,3646.97
2024,4,04/25/2024,AR,Branded,3646.97
2024,4,04/26/2024,AR,Branded,3646.97
2024,4,04/27/2024,AR,Branded,3646.97
2024,4,04/28/2024,AR,Branded,3646.97
2024,4,04/29/2024,AR,Branded,3646.97
2024,4,04/30/2024,AR,Branded,3646.97
2024,5,05/01/2024,AR,Branded,3798.06
2024,5,05/02/2024,AR,Branded,3798.06
2024,5,05/03/2024,AR,Branded,3798.06
2024,5,05/04/2024,AR,Branded,3798.06
2024,5,05/05/2024,AR,Branded,3798.06
2024,5,05/06/2024,AR,Branded,3798.06
2024,5,05/07/2024,AR,Branded,3798.06
2024,5,05/08/2024,AR,Branded,3798.06
2024,5,05/09/2024,AR,Branded,3798.06
2024,5,05/10/2024,AR,Branded,3798.06
2024,5,05/11/2024,AR,Branded,3798.06
2024,5,05/12/2024,AR,Branded,3798.06
2024,5,05/13/2024,AR,Branded,3798.06
2024,5,05/14/2024,AR,Branded,3798.06
2024,5,05/15/2024,AR,Branded,3798.06
2024,5,05/16/2024,AR,Branded,3798.06
2024,5,05/17/2024,AR,Branded,3798.06
2024,5,05/18/2024,AR,Branded,3798.06
2024,5,05/19/2024,AR,Branded,3798.06
2024,5,05/20/2024,AR,Branded,3798.06
2024,5,05/21/2024,AR,Branded,3798.06
2024,5,05/22/2024,AR,Branded,3798.06
2024,5,05/23/2024,AR,Branded,3798.06
2024,5,05/24/2024,AR,Branded,3798.06
2024,5,05/25/2024,AR,Branded,3798.06
2024,5,05/26/2024,AR,Branded,3798.06
2024,5,05/27/2024,AR,Branded,3798.06
2024,5,05/28/2024,AR,Branded,3798.06
2024,5,05/29/2024,AR,Branded,3798.06
2024,5,05/30/2024,AR,Branded,3798.06
2024,5,05/31/2024,AR,Branded,3798.06
2024,6,06/01/2024,AR,Branded,3839.97
2024,6,06/02/2024,AR,Branded,3839.97
2024,6,06/03/2024,AR,Branded,3839.97
2024,6,06/04/2024,AR,Branded,3839.97
2024,6,06/05/2024,AR,Branded,3839.97
2024,6,06/06/2024,AR,Branded,3839.97
2024,6,06/07/2024,AR,Branded,3839.97
2024,6,06/08/2024,AR,Branded,3839.97
2024,6,06/09/2024,AR,Branded,3839.97
2024,6,06/10/2024,AR,Branded,3839.97
2024,6,06/11/2024,AR,Branded,3839.97
2024,6,06/12/2024,AR,Branded,3839.97
2024,6,06/13/2024,AR,Branded,3839.97
2024,6,06/14/2024,AR,Branded,3839.97
2024,6,06/15/2024,AR,Branded,3839.97
2024,6,06/16/2024,AR,Branded,3839.97
2024,6,06/17/2024,AR,Branded,3839.97
2024,6,06/18/2024,AR,Branded,3839.97
2024,6,06/19/2024,AR,Branded,3839.97
2024,6,06/20/2024,AR,Branded,3839.97
2024,6,06/21/2024,AR,Branded,3839.97
2024,6,06/22/2024,AR,Branded,3839.97
2024,6,06/23/2024,AR,Branded,3839.97
2024,6,06/24/2024,AR,Branded,3839.97
2024,6,06/25/2024,AR,Branded,3839.97
2024,6,06/26/2024,AR,Branded,3839.97
2024,6,06/27/2024,AR,Branded,3839.97
2024,6,06/28/2024,AR,Branded,3839.97
2024,6,06/29/2024,AR,Branded,3839.97
2024,6,06/30/2024,AR,Branded,3839.97
2024,7,07/01/2024,AR,Branded,3882.26
2024,7,07/02/2024,AR,Branded,3882.26
2024,7,07/03/2024,AR,Branded,3882.26
2024,7,07/04/2024,AR,Branded,3882.26
2024,7,07/05/2024,AR,Branded,3882.26
2024,7,07/06/2024,AR,Branded,3882.26
2024,7,07/07/2024,AR,Branded,3882.26
2024,7,07/08/2024,AR,Branded,3882.26
2024,7,07/09/2024,AR,Branded,3882.26
2024,7,07/10/2024,AR,Branded,3882.26
2024,7,07/11/2024,AR,Branded,3882.26
2024,7,07/12/2024,AR,Branded,3882.26
2024,7,07/13/2024,AR,Branded,3882.26
2024,7,07/14/2024,AR,Branded,3882.26
2024,7,07/15/2024,AR,Branded,3882.26
2024,7,07/16/2024,AR,Branded,3882.26
2024,7,07/17/2024,AR,Branded,3882.26
2024,7,07/18/2024,AR,Branded,3882.26
2024,7,07/19/2024,AR,Branded,3882.26
2024,7,07/20/2024,AR,Branded,3882.26
2024,7,07/21/2024,AR,Branded,3882.26
2024,7,07/22/2024,AR,Branded,3882.26
2024,7,07/23/2024,AR,Branded,3882.26
2024,7,07/24/2024,AR,Branded,3882.26
2024,7,07/25/2024,AR,Branded,3882.26
2024,7,07/26/2024,AR,Branded,3882.26
2024,7,07/27/2024,AR,Branded,3882.26
2024,7,07/28/2024,AR,Branded,3882.26
2024,7,07/29/2024,AR,Branded,3882.26
2024,7,07/30/2024,AR,Branded,3882.26
2024,7,07/31/2024,AR,Branded,3882.26
2024,8,08/01/2024,AR,Branded,4177.87
2024,8,08/02/2024,AR,Branded,4177.87
2024,8,08/03/2024,AR,Branded,4177.87
2024,8,08/04/2024,AR,Branded,4177.87
2024,8,08/05/2024,AR,Branded,4177.87
2024,8,08/06/2024,AR,Branded,4177.87
2024,8,08/07/2024,AR,Branded,4177.87
2024,8,08/08/2024,AR,Branded,4177.87
2024,8,08/09/2024,AR,Branded,4177.87
2024,8,08/10/2024,AR,Branded,4177.87
2024,8,08/11/2024,AR,Branded,4177.87
2024,8,08/12/2024,AR,Branded,4177.87
2024,8,08/13/2024,AR,Branded,4177.87
2024,8,08/14/2024,AR,Branded,4177.87
2024,8,08/15/2024,AR,Branded,4177.87
2024,8,08/16/2024,AR,Branded,4177.87
2024,8,08/17/2024,AR,Branded,4177.87
2024,8,08/18/2024,AR,Branded,4177.87
2024,8,08/19/2024,AR,Branded,4177.87
2024,8,08/20/2024,AR,Branded,4177.87
2024,8,08/21/2024,AR,Branded,4177.87
2024,8,08/22/2024,AR,Branded,4177.87
2024,8,08/23/2024,AR,Branded,4177.87
2024,8,08/24/2024,AR,Branded,4177.87
2024,8,08/25/2024,AR,Branded,4177.87
2024,8,08/26/2024,AR,Branded,4177.87
2024,8,08/27/2024,AR,Branded,4177.87
2024,8,08/28/2024,AR,Branded,4177.87
2024,8,08/29/2024,AR,Branded,4177.87
2024,8,08/30/2024,AR,Branded,4177.87
2024,8,08/31/2024,AR,Branded,4177.87
2024,9,09/01/2024,AR,Branded,4223.97
2024,9,09/02/2024,AR,Branded,4223.97
2024,9,09/03/2024,AR,Branded,4223.97
2024,9,09/04/2024,AR,Branded,4223.97
2024,9,09/05/2024,AR,Branded,4223.97
2024,9,09/06/2024,AR,Branded,4223.97
2024,9,09/07/2024,AR,Branded,4223.97
2024,9,09/08/2024,AR,Branded,4223.97
2024,9,09/09/2024,AR,Branded,4223.97
2024,9,09/10/2024,AR,Branded,4223.97
2024,9,09/11/2024,AR,Branded,4223.97
2024,9,09/12/2024,AR,Branded,4223.97
2024,9,09/13/2024,AR,Branded,4223.97
2024,9,09/14/2024,AR,Branded,4223.97
2024,9,09/15/2024,AR,Branded,4223.97
2024,9,09/16/2024,AR,Branded,4223.97
2024,9,09/17/2024,AR,Branded,4223.97
2024,9,09/18/2024,AR,Branded,4223.97
2024,9,09/19/2024,AR,Branded,4223.97
2024,9,09/20/2024,AR,Branded,4223.97
2024,9,09/21/2024,AR,Branded,4223.97
2024,9,09/22/2024,AR,Branded,4223.97
2024,9,09/23/2024,AR,Branded,4223.97
2024,9,09/24/2024,AR,Branded,4223.97
2024,9,09/25/2024,AR,Branded,4223.97
2024,9,09/26/2024,AR,Branded,4223.97
2024,9,09/27/2024,AR,Branded,4223.97
2024,9,09/28/2024,AR,Branded,4223.97
2024,9,09/29/2024,AR,Branded,4223.97
2024,9,09/30/2024,AR,Branded,4223.97
2024,10,10/01/2024,AR,Branded,3941.94
2024,10,10/02/2024,AR,Branded,3941.94
2024,10,10/03/2024,AR,Branded,3941.94
2024,10,10/04/2024,AR,Branded,3941.94
2024,10,10/05/2024,AR,Branded,3941.94
2024,10,10/06/2024,AR,Branded,3941.94
2024,10,10/07/2024,AR,Branded,3941.94
2024,10,10/08/2024,AR,Branded,3941.94
2024,10,10/09/2024,AR,Branded,3941.94
2024,10,10/10/2024,AR,Branded,3941.94
2024,10,10/11/2024,AR,Branded,3941.94
2024,10,10/12/2024,AR,Branded,3941.94
2024,10,10/13/2024,AR,Branded,3941.94
2024,10,10/14/2024,AR,Branded,3941.94
2024,10,10/15/2024,AR,Branded,3941.94
2024,10,10/16/2024,AR,Branded,3941.94
2024,10,10/17/2024,AR,Branded,3941.94
2024,10,10/18/2024,AR,Branded,3941.94
2024,10,10/19/2024,AR,Branded,3941.94
2024,10,10/20/2024,AR,Branded,3941.94
2024,10,10/21/2024,AR,Branded,3941.94
2024,10,10/22/2024,AR,Branded,3941.94
2024,10,10/23/2024,AR,Branded,3941.94
2024,10,10/24/2024,AR,Branded,3941.94
2024,10,10/25/2024,AR,Branded,3941.94
2024,10,10/26/2024,AR,Branded,3941.94
2024,10,10/27/2024,AR,Branded,3941.94
2024,10,10/28/2024,AR,Branded,3941.94
2024,10,10/29/2024,AR,Branded,3941.94
2024,10,10/30/2024,AR,Branded,3941.94
2024,10,10/31/2024,AR,Branded,3941.94
2024,11,11/01/2024,AR,Branded,4333.33
2024,11,11/02/2024,AR,Branded,4333.33
2024,11,11/03/2024,AR,Branded,4333.33
2024,11,11/04/2024,AR,Branded,4333.33
2024,11,11/05/2024,AR,Branded,4333.33
2024,11,11/06/2024,AR,Branded,4333.33
2024,11,11/07/2024,AR,Branded,4333.33
2024,11,11/08/2024,AR,Branded,4333.33
2024,11,11/09/2024,AR,Branded,4333.33
2024,11,11/10/2024,AR,Branded,4333.33
2024,11,11/11/2024,AR,Branded,4333.33
2024,11,11/12/2024,AR,Branded,4333.33
2024,11,11/13/2024,AR,Branded,4333.33
2024,11,11/14/2024,AR,Branded,4333.33
2024,11,11/15/2024,AR,Branded,4333.33
2024,11,11/16/2024,AR,Branded,4333.33
2024,11,11/17/2024,AR,Branded,4333.33
2024,11,11/18/2024,AR,Branded,4333.33
2024,11,11/19/2024,AR,Branded,4333.33
2024,11,11/20/2024,AR,Branded,4333.33
2024,11,11/21/2024,AR,Branded,4333.33
2024,11,11/22/2024,AR,Branded,4333.33
2024,11,11/23/2024,AR,Branded,4333.33
2024,11,11/24/2024,AR,Branded,4333.33
2024,11,11/25/2024,AR,Branded,4333.33
2024,11,11/26/2024,AR,Branded,4333.33
2024,11,11/27/2024,AR,Branded,4333.33
2024,11,11/28/2024,AR,Branded,4333.33
2024,11,11/29/2024,AR,Branded,4333.33
2024,11,11/30/2024,AR,Branded,4333.33
2024,12,12/01/2024,AR,Branded,4516.13
2024,12,12/02/2024,AR,Branded,4516.13
2024,12,12/03/2024,AR,Branded,4516.13
2024,12,12/04/2024,AR,Branded,4516.13
2024,12,12/05/2024,AR,Branded,4516.13
2024,12,12/06/2024,AR,Branded,4516.13
2024,12,12/07/2024,AR,Branded,4516.13
2024,12,12/08/2024,AR,Branded,4516.13
2024,12,12/09/2024,AR,Branded,4516.13
2024,12,12/10/2024,AR,Branded,4516.13
2024,12,12/11/2024,AR,Branded,4516.13
2024,12,12/12/2024,AR,Branded,4516.13
2024,12,12/13/2024,AR,Branded,4516.13
2024,12,12/14/2024,AR,Branded,4516.13
2024,12,12/15/2024,AR,Branded,4516.13
2024,12,12/16/2024,AR,Branded,4516.13
2024,12,12/17/2024,AR,Branded,4516.13
2024,12,12/18/2024,AR,Branded,4516.13
2024,12,12/19/2024,AR,Branded,4516.13
2024,12,12/20/2024,AR,Branded,4516.13
2024,12,12/21/2024,AR,Branded,4516.13
2024,12,12/22/2024,AR,Branded,4516.13
2024,12,12/23/2024,AR,Branded,4516.13
2024,12,12/24/2024,AR,Branded,4516.13
2024,12,12/25/2024,AR,Branded,4516.13
2024,12,12/26/2024,AR,Branded,4516.13
2024,12,12/27/2024,AR,Branded,4516.13
2024,12,12/28/2024,AR,Branded,4516.13
2024,12,12/29/2024,AR,Branded,4516.13
2024,12,12/30/2024,AR,Branded,4516.13
2024,12,12/31/2024,AR,Branded,4516.13
2024,1,01/01/2024,BR,Branded,12264.42
2024,1,01/02/2024,BR,Branded,12264.42
2024,1,01/03/2024,BR,Branded,12264.42
2024,1,01/04/2024,BR,Branded,12264.42
2024,1,01/05/2024,BR,Branded,12264.42
2024,1,01/06/2024,BR,Branded,12264.42
2024,1,01/07/2024,BR,Branded,12264.42
2024,1,01/08/2024,BR,Branded,12264.42
2024,1,01/09/2024,BR,Branded,12264.42
2024,1,01/10/2024,BR,Branded,12264.42
2024,1,01/11/2024,BR,Branded,12264.42
2024,1,01/12/2024,BR,Branded,12264.42
2024,1,01/13/2024,BR,Branded,12264.42
2024,1,01/14/2024,BR,Branded,12264.42
2024,1,01/15/2024,BR,Branded,12264.42
2024,1,01/16/2024,BR,Branded,12264.42
2024,1,01/17/2024,BR,Branded,12264.42
2024,1,01/18/2024,BR,Branded,12264.42
2024,1,01/19/2024,BR,Branded,12264.42
2024,1,01/20/2024,BR,Branded,12264.42
2024,1,01/21/2024,BR,Branded,12264.42
2024,1,01/22/2024,BR,Branded,12264.42
2024,1,01/23/2024,BR,Branded,12264.42
2024,1,01/24/2024,BR,Branded,12264.42
2024,1,01/25/2024,BR,Branded,12264.42
2024,1,01/26/2024,BR,Branded,12264.42
2024,1,01/27/2024,BR,Branded,12264.42
2024,1,01/28/2024,BR,Branded,12264.42
2024,1,01/29/2024,BR,Branded,12264.42
2024,1,01/30/2024,BR,Branded,12264.42
2024,1,01/31/2024,BR,Branded,12264.42
2024,2,02/01/2024,BR,Branded,12642.17
2024,2,02/02/2024,BR,Branded,12642.17
2024,2,02/03/2024,BR,Branded,12642.17
2024,2,02/04/2024,BR,Branded,12642.17
2024,2,02/05/2024,BR,Branded,12642.17
2024,2,02/06/2024,BR,Branded,12642.17
2024,2,02/07/2024,BR,Branded,12642.17
2024,2,02/08/2024,BR,Branded,12642.17
2024,2,02/09/2024,BR,Branded,12642.17
2024,2,02/10/2024,BR,Branded,12642.17
2024,2,02/11/2024,BR,Branded,12642.17
2024,2,02/12/2024,BR,Branded,12642.17
2024,2,02/13/2024,BR,Branded,12642.17
2024,2,02/14/2024,BR,Branded,12642.17
2024,2,02/15/2024,BR,Branded,12642.17
2024,2,02/16/2024,BR,Branded,12642.17
2024,2,02/17/2024,BR,Branded,12642.17
2024,2,02/18/2024,BR,Branded,12642.17
2024,2,02/19/2024,BR,Branded,12642.17
2024,2,02/20/2024,BR,Branded,12642.17
2024,2,02/21/2024,BR,Branded,12642.17
2024,2,02/22/2024,BR,Branded,12642.17
2024,2,02/23/2024,BR,Branded,12642.17
2024,2,02/24/2024,BR,Branded,12642.17
2024,2,02/25/2024,BR,Branded,12642.17
2024,2,02/26/2024,BR,Branded,12642.17
2024,2,02/27/2024,BR,Branded,12642.17
2024,2,02/28/2024,BR,Branded,12642.17
2024,2,02/29/2024,BR,Branded,12642.17
2024,3,03/01/2024,BR,Branded,12656.52
2024,3,03/02/2024,BR,Branded,12656.52
2024,3,03/03/2024,BR,Branded,12656.52
2024,3,03/04/2024,BR,Branded,12656.52
2024,3,03/05/2024,BR,Branded,12656.52
2024,3,03/06/2024,BR,Branded,12656.52
2024,3,03/07/2024,BR,Branded,12656.52
2024,3,03/08/2024,BR,Branded,12656.52
2024,3,03/09/2024,BR,Branded,12656.52
2024,3,03/10/2024,BR,Branded,12656.52
2024,3,03/11/2024,BR,Branded,12656.52
2024,3,03/12/2024,BR,Branded,12656.52
2024,3,03/13/2024,BR,Branded,12656.52
2024,3,03/14/2024,BR,Branded,12656.52
2024,3,03/15/2024,BR,Branded,12656.52
2024,3,03/16/2024,BR,Branded,12656.52
2024,3,03/17/2024,BR,Branded,12656.52
2024,3,03/18/2024,BR,Branded,12656.52
2024,3,03/19/2024,BR,Branded,12656.52
2024,3,03/20/2024,BR,Branded,12656.52
2024,3,03/21/2024,BR,Branded,12656.52
2024,3,03/22/2024,BR,Branded,12656.52
2024,3,03/23/2024,BR,Branded,12656.52
2024,3,03/24/2024,BR,Branded,12656.52
2024,3,03/25/2024,BR,Branded,12656.52
2024,3,03/26/2024,BR,Branded,12656.52
2024,3,03/27/2024,BR,Branded,12656.52
2024,3,03/28/2024,BR,Branded,12656.52
2024,3,03/29/2024,BR,Branded,12656.52
2024,3,03/30/2024,BR,Branded,12656.52
2024,3,03/31/2024,BR,Branded,12656.52
2024,4,04/01/2024,BR,Branded,12436.43
2024,4,04/02/2024,BR,Branded,12436.43
2024,4,04/03/2024,BR,Branded,12436.43
2024,4,04/04/2024,BR,Branded,12436.43
2024,4,04/05/2024,BR,Branded,12436.43
2024,4,04/06/2024,BR,Branded,12436.43
2024,4,04/07/2024,BR,Branded,12436.43
2024,4,04/08/2024,BR,Branded,12436.43
2024,4,04/09/2024,BR,Branded,12436.43
2024,4,04/10/2024,BR,Branded,12436.43
2024,4,04/11/2024,BR,Branded,12436.43
2024,4,04/12/2024,BR,Branded,12436.43
2024,4,04/13/2024,BR,Branded,12436.43
2024,4,04/14/2024,BR,Branded,12436.43
2024,4,04/15/2024,BR,Branded,12436.43
2024,4,04/16/2024,BR,Branded,12436.43
2024,4,04/17/2024,BR,Branded,12436.43
2024,4,04/18/2024,BR,Branded,12436.43
2024,4,04/19/2024,BR,Branded,12436.43
2024,4,04/20/2024,BR,Branded,12436.43
2024,4,04/21/2024,BR,Branded,12436.43
2024,4,04/22/2024,BR,Branded,12436.43
2024,4,04/23/2024,BR,Branded,12436.43
2024,4,04/24/2024,BR,Branded,12436.43
2024,4,04/25/2024,BR,Branded,12436.43
2024,4,04/26/2024,BR,Branded,12436.43
2024,4,04/27/2024,BR,Branded,12436.43
2024,4,04/28/2024,BR,Branded,12436.43
2024,4,04/29/2024,BR,Branded,12436.43
2024,4,04/30/2024,BR,Branded,12436.43
2024,5,05/01/2024,BR,Branded,13050.90
2024,5,05/02/2024,BR,Branded,13050.90
2024,5,05/03/2024,BR,Branded,13050.90
2024,5,05/04/2024,BR,Branded,13050.90
2024,5,05/05/2024,BR,Branded,13050.90
2024,5,05/06/2024,BR,Branded,13050.90
2024,5,05/07/2024,BR,Branded,13050.90
2024,5,05/08/2024,BR,Branded,13050.90
2024,5,05/09/2024,BR,Branded,13050.90
2024,5,05/10/2024,BR,Branded,13050.90
2024,5,05/11/2024,BR,Branded,13050.90
2024,5,05/12/2024,BR,Branded,13050.90
2024,5,05/13/2024,BR,Branded,13050.90
2024,5,05/14/2024,BR,Branded,13050.90
2024,5,05/15/2024,BR,Branded,13050.90
2024,5,05/16/2024,BR,Branded,13050.90
2024,5,05/17/2024,BR,Branded,13050.90
2024,5,05/18/2024,BR,Branded,13050.90
2024,5,05/19/2024,BR,Branded,13050.90
2024,5,05/20/2024,BR,Branded,13050.90
2024,5,05/21/2024,BR,Branded,13050.90
2024,5,05/22/2024,BR,Branded,13050.90
2024,5,05/23/2024,BR,Branded,13050.90
2024,5,05/24/2024,BR,Branded,13050.90
2024,5,05/25/2024,BR,Branded,13050.90
2024,5,05/26/2024,BR,Branded,13050.90
2024,5,05/27/2024,BR,Branded,13050.90
2024,5,05/28/2024,BR,Branded,13050.90
2024,5,05/29/2024,BR,Branded,13050.90
2024,5,05/30/2024,BR,Branded,13050.90
2024,5,05/31/2024,BR,Branded,13050.90
2024,6,06/01/2024,BR,Branded,12745.77
2024,6,06/02/2024,BR,Branded,12745.77
2024,6,06/03/2024,BR,Branded,12745.77
2024,6,06/04/2024,BR,Branded,12745.77
2024,6,06/05/2024,BR,Branded,12745.77
2024,6,06/06/2024,BR,Branded,12745.77
2024,6,06/07/2024,BR,Branded,12745.77
2024,6,06/08/2024,BR,Branded,12745.77
2024,6,06/09/2024,BR,Branded,12745.77
2024,6,06/10/2024,BR,Branded,12745.77
2024,6,06/11/2024,BR,Branded,12745.77
2024,6,06/12/2024,BR,Branded,12745.77
2024,6,06/13/2024,BR,Branded,12745.77
2024,6,06/14/2024,BR,Branded,12745.77
2024,6,06/15/2024,BR,Branded,12745.77
2024,6,06/16/2024,BR,Branded,12745.77
2024,6,06/17/2024,BR,Branded,12745.77
2024,6,06/18/2024,BR,Branded,12745.77
2024,6,06/19/2024,BR,Branded,12745.77
2024,6,06/20/2024,BR,Branded,12745.77
2024,6,06/21/2024,BR,Branded,12745.77
2024,6,06/22/2024,BR,Branded,12745.77
2024,6,06/23/2024,BR,Branded,12745.77
2024,6,06/24/2024,BR,Branded,12745.77
2024,6,06/25/2024,BR,Branded,12745.77
2024,6,06/26/2024,BR,Branded,12745.77
2024,6,06/27/2024,BR,Branded,12745.77
2024,6,06/28/2024,BR,Branded,12745.77
2024,6,06/29/2024,BR,Branded,12745.77
2024,6,06/30/2024,BR,Branded,12745.77
2024,7,07/01/2024,BR,Branded,9628.19
2024,7,07/02/2024,BR,Branded,9628.19
2024,7,07/03/2024,BR,Branded,9628.19
2024,7,07/04/2024,BR,Branded,9628.19
2024,7,07/05/2024,BR,Branded,9628.19
2024,7,07/06/2024,BR,Branded,9628.19
2024,7,07/07/2024,BR,Branded,9628.19
2024,7,07/08/2024,BR,Branded,9628.19
2024,7,07/09/2024,BR,Branded,9628.19
2024,7,07/10/2024,BR,Branded,9628.19
2024,7,07/11/2024,BR,Branded,9628.19
2024,7,07/12/2024,BR,Branded,9628.19
2024,7,07/13/2024,BR,Branded,9628.19
2024,7,07/14/2024,BR,Branded,9628.19
2024,7,07/15/2024,BR,Branded,9628.19
2024,7,07/16/2024,BR,Branded,9628.19
2024,7,07/17/2024,BR,Branded,9628.19
2024,7,07/18/2024,BR,Branded,9628.19
2024,7,07/19/2024,BR,Branded,9628.19
2024,7,07/20/2024,BR,Branded,9628.19
2024,7,07/21/2024,BR,Branded,9628.19
2024,7,07/22/2024,BR,Branded,9628.19
2024,7,07/23/2024,BR,Branded,9628.19
2024,7,07/24/2024,BR,Branded,9628.19
2024,7,07/25/2024,BR,Branded,9628.19
2024,7,07/26/2024,BR,Branded,9628.19
2024,7,07/27/2024,BR,Branded,9628.19
2024,7,07/28/2024,BR,Branded,9628.19
2024,7,07/29/2024,BR,Branded,9628.19
2024,7,07/30/2024,BR,Branded,9628.19
2024,7,07/31/2024,BR,Branded,9628.19
2024,8,08/01/2024,BR,Branded,10440.71
2024,8,08/02/2024,BR,Branded,10440.71
2024,8,08/03/2024,BR,Branded,10440.71
2024,8,08/04/2024,BR,Branded,10440.71
2024,8,08/05/2024,BR,Branded,10440.71
2024,8,08/06/2024,BR,Branded,10440.71
2024,8,08/07/2024,BR,Branded,10440.71
2024,8,08/08/2024,BR,Branded,10440.71
2024,8,08/09/2024,BR,Branded,10440.71
2024,8,08/10/2024,BR,Branded,10440.71
2024,8,08/11/2024,BR,Branded,10440.71
2024,8,08/12/2024,BR,Branded,10440.71
2024,8,08/13/2024,BR,Branded,10440.71
2024,8,08/14/2024,BR,Branded,10440.71
2024,8,08/15/2024,BR,Branded,10440.71
2024,8,08/16/2024,BR,Branded,10440.71
2024,8,08/17/2024,BR,Branded,10440.71
2024,8,08/18/2024,BR,Branded,10440.71
2024,8,08/19/2024,BR,Branded,10440.71
2024,8,08/20/2024,BR,Branded,10440.71
2024,8,08/21/2024,BR,Branded,10440.71
2024,8,08/22/2024,BR,Branded,10440.71
2024,8,08/23/2024,BR,Branded,10440.71
2024,8,08/24/2024,BR,Branded,10440.71
2024,8,08/25/2024,BR,Branded,10440.71
2024,8,08/26/2024,BR,Branded,10440.71
2024,8,08/27/2024,BR,Branded,10440.71
2024,8,08/28/2024,BR,Branded,10440.71
2024,8,08/29/2024,BR,Branded,10440.71
2024,8,08/30/2024,BR,Branded,10440.71
2024,8,08/31/2024,BR,Branded,10440.71
2024,9,09/01/2024,BR,Branded,10196.60
2024,9,09/02/2024,BR,Branded,10196.60
2024,9,09/03/2024,BR,Branded,10196.60
2024,9,09/04/2024,BR,Branded,10196.60
2024,9,09/05/2024,BR,Branded,10196.60
2024,9,09/06/2024,BR,Branded,10196.60
2024,9,09/07/2024,BR,Branded,10196.60
2024,9,09/08/2024,BR,Branded,10196.60
2024,9,09/09/2024,BR,Branded,10196.60
2024,9,09/10/2024,BR,Branded,10196.60
2024,9,09/11/2024,BR,Branded,10196.60
2024,9,09/12/2024,BR,Branded,10196.60
2024,9,09/13/2024,BR,Branded,10196.60
2024,9,09/14/2024,BR,Branded,10196.60
2024,9,09/15/2024,BR,Branded,10196.60
2024,9,09/16/2024,BR,Branded,10196.60
2024,9,09/17/2024,BR,Branded,10196.60
2024,9,09/18/2024,BR,Branded,10196.60
2024,9,09/19/2024,BR,Branded,10196.60
2024,9,09/20/2024,BR,Branded,10196.60
2024,9,09/21/2024,BR,Branded,10196.60
2024,9,09/22/2024,BR,Branded,10196.60
2024,9,09/23/2024,BR,Branded,10196.60
2024,9,09/24/2024,BR,Branded,10196.60
2024,9,09/25/2024,BR,Branded,10196.60
2024,9,09/26/2024,BR,Branded,10196.60
2024,9,09/27/2024,BR,Branded,10196.60
2024,9,09/28/2024,BR,Branded,10196.60
2024,9,09/29/2024,BR,Branded,10196.60
2024,9,09/30/2024,BR,Branded,10196.60
2024,10,10/01/2024,BR,Branded,9194.84
2024,10,10/02/2024,BR,Branded,9194.84
2024,10,10/03/2024,BR,Branded,9194.84
2024,10,10/04/2024,BR,Branded,9194.84
2024,10,10/05/2024,BR,Branded,9194.84
2024,10,10/06/2024,BR,Branded,9194.84
2024,10,10/07/2024,BR,Branded,9194.84
2024,10,10/08/2024,BR,Branded,9194.84
2024,10,10/09/2024,BR,Branded,9194.84
2024,10,10/10/2024,BR,Branded,9194.84
2024,10,10/11/2024,BR,Branded,9194.84
2024,10,10/12/2024,BR,Branded,9194.84
2024,10,10/13/2024,BR,Branded,9194.84
2024,10,10/14/2024,BR,Branded,9194.84
2024,10,10/15/2024,BR,Branded,9194.84
2024,10,10/16/2024,BR,Branded,9194.84
2024,10,10/17/2024,BR,Branded,9194.84
2024,10,10/18/2024,BR,Branded,9194.84
2024,10,10/19/2024,BR,Branded,9194.84
2024,10,10/20/2024,BR,Branded,9194.84
2024,10,10/21/2024,BR,Branded,9194.84
2024,10,10/22/2024,BR,Branded,9194.84
2024,10,10/23/2024,BR,Branded,9194.84
2024,10,10/24/2024,BR,Branded,9194.84
2024,10,10/25/2024,BR,Branded,9194.84
2024,10,10/26/2024,BR,Branded,9194.84
2024,10,10/27/2024,BR,Branded,9194.84
2024,10,10/28/2024,BR,Branded,9194.84
2024,10,10/29/2024,BR,Branded,9194.84
2024,10,10/30/2024,BR,Branded,9194.84
2024,10,10/31/2024,BR,Branded,9194.84
2024,11,11/01/2024,BR,Branded,9658.00
2024,11,11/02/2024,BR,Branded,9658.00
2024,11,11/03/2024,BR,Branded,9658.00
2024,11,11/04/2024,BR,Branded,9658.00
2024,11,11/05/2024,BR,Branded,9658.00
2024,11,11/06/2024,BR,Branded,9658.00
2024,11,11/07/2024,BR,Branded,9658.00
2024,11,11/08/2024,BR,Branded,9658.00
2024,11,11/09/2024,BR,Branded,9658.00
2024,11,11/10/2024,BR,Branded,9658.00
2024,11,11/11/2024,BR,Branded,9658.00
2024,11,11/12/2024,BR,Branded,9658.00
2024,11,11/13/2024,BR,Branded,9658.00
2024,11,11/14/2024,BR,Branded,9658.00
2024,11,11/15/2024,BR,Branded,9658.00
2024,11,11/16/2024,BR,Branded,9658.00
2024,11,11/17/2024,BR,Branded,9658.00
2024,11,11/18/2024,BR,Branded,9658.00
2024,11,11/19/2024,BR,Branded,9658.00
2024,11,11/20/2024,BR,Branded,9658.00
2024,11,11/21/2024,BR,Branded,9658.00
2024,11,11/22/2024,BR,Branded,9658.00
2024,11,11/23/2024,BR,Branded,9658.00
2024,11,11/24/2024,BR,Branded,9658.00
2024,11,11/25/2024,BR,Branded,9658.00
2024,11,11/26/2024,BR,Branded,9658.00
2024,11,11/27/2024,BR,Branded,9658.00
2024,11,11/28/2024,BR,Branded,9658.00
2024,11,11/29/2024,BR,Branded,9658.00
2024,11,11/30/2024,BR,Branded,9658.00
2024,12,12/01/2024,BR,Branded,9632.58
2024,12,12/02/2024,BR,Branded,9632.58
2024,12,12/03/2024,BR,Branded,9632.58
2024,12,12/04/2024,BR,Branded,9632.58
2024,12,12/05/2024,BR,Branded,9632.58
2024,12,12/06/2024,BR,Branded,9632.58
2024,12,12/07/2024,BR,Branded,9632.58
2024,12,12/08/2024,BR,Branded,9632.58
2024,12,12/09/2024,BR,Branded,9632.58
2024,12,12/10/2024,BR,Branded,9632.58
2024,12,12/11/2024,BR,Branded,9632.58
2024,12,12/12/2024,BR,Branded,9632.58
2024,12,12/13/2024,BR,Branded,9632.58
2024,12,12/14/2024,BR,Branded,9632.58
2024,12,12/15/2024,BR,Branded,9632.58
2024,12,12/16/2024,BR,Branded,9632.58
2024,12,12/17/2024,BR,Branded,9632.58
2024,12,12/18/2024,BR,Branded,9632.58
2024,12,12/19/2024,BR,Branded,9632.58
2024,12,12/20/2024,BR,Branded,9632.58
2024,12,12/21/2024,BR,Branded,9632.58
2024,12,12/22/2024,BR,Branded,9632.58
2024,12,12/23/2024,BR,Branded,9632.58
2024,12,12/24/2024,BR,Branded,9632.58
2024,12,12/25/2024,BR,Branded,9632.58
2024,12,12/26/2024,BR,Branded,9632.58
2024,12,12/27/2024,BR,Branded,9632.58
2024,12,12/28/2024,BR,Branded,9632.58
2024,12,12/29/2024,BR,Branded,9632.58
2024,12,12/30/2024,BR,Branded,9632.58
2024,12,12/31/2024,BR,Branded,9632.58
2024,1,01/01/2024,CL,Branded,35.48
2024,1,01/02/2024,CL,Branded,35.48
2024,1,01/03/2024,CL,Branded,35.48
2024,1,01/04/2024,CL,Branded,35.48
2024,1,01/05/2024,CL,Branded,35.48
2024,1,01/06/2024,CL,Branded,35.48
2024,1,01/07/2024,CL,Branded,35.48
2024,1,01/08/2024,CL,Branded,35.48
2024,1,01/09/2024,CL,Branded,35.48
2024,1,01/10/2024,CL,Branded,35.48
2024,1,01/11/2024,CL,Branded,35.48
2024,1,01/12/2024,CL,Branded,35.48
2024,1,01/13/2024,CL,Branded,35.48
2024,1,01/14/2024,CL,Branded,35.48
2024,1,01/15/2024,CL,Branded,35.48
2024,1,01/16/2024,CL,Branded,35.48
2024,1,01/17/2024,CL,Branded,35.48
2024,1,01/18/2024,CL,Branded,35.48
2024,1,01/19/2024,CL,Branded,35.48
2024,1,01/20/2024,CL,Branded,35.48
2024,1,01/21/2024,CL,Branded,35.48
2024,1,01/22/2024,CL,Branded,35.48
2024,1,01/23/2024,CL,Branded,35.48
2024,1,01/24/2024,CL,Branded,35.48
2024,1,01/25/2024,CL,Branded,35.48
2024,1,01/26/2024,CL,Branded,35.48
2024,1,01/27/2024,CL,Branded,35.48
2024,1,01/28/2024,CL,Branded,35.48
2024,1,01/29/2024,CL,Branded,35.48
2024,1,01/30/2024,CL,Branded,35.48
2024,1,01/31/2024,CL,Branded,35.48
2024,2,02/01/2024,CL,Branded,41.72
2024,2,02/02/2024,CL,Branded,41.72
2024,2,02/03/2024,CL,Branded,41.72
2024,2,02/04/2024,CL,Branded,41.72
2024,2,02/05/2024,CL,Branded,41.72
2024,2,02/06/2024,CL,Branded,41.72
2024,2,02/07/2024,CL,Branded,41.72
2024,2,02/08/2024,CL,Branded,41.72
2024,2,02/09/2024,CL,Branded,41.72
2024,2,02/10/2024,CL,Branded,41.72
2024,2,02/11/2024,CL,Branded,41.72
2024,2,02/12/2024,CL,Branded,41.72
2024,2,02/13/2024,CL,Branded,41.72
2024,2,02/14/2024,CL,Branded,41.72
2024,2,02/15/2024,CL,Branded,41.72
2024,2,02/16/2024,CL,Branded,41.72
2024,2,02/17/2024,CL,Branded,41.72
2024,2,02/18/2024,CL,Branded,41.72
2024,2,02/19/2024,CL,Branded,41.72
2024,2,02/20/2024,CL,Branded,41.72
2024,2,02/21/2024,CL,Branded,41.72
2024,2,02/22/2024,CL,Branded,41.72
2024,2,02/23/2024,CL,Branded,41.72
2024,2,02/24/2024,CL,Branded,41.72
2024,2,02/25/2024,CL,Branded,41.72
2024,2,02/26/2024,CL,Branded,41.72
2024,2,02/27/2024,CL,Branded,41.72
2024,2,02/28/2024,CL,Branded,41.72
2024,2,02/29/2024,CL,Branded,41.72
2024,3,03/01/2024,CL,Branded,44.90
2024,3,03/02/2024,CL,Branded,44.90
2024,3,03/03/2024,CL,Branded,44.90
2024,3,03/04/2024,CL,Branded,44.90
2024,3,03/05/2024,CL,Branded,44.90
2024,3,03/06/2024,CL,Branded,44.90
2024,3,03/07/2024,CL,Branded,44.90
2024,3,03/08/2024,CL,Branded,44.90
2024,3,03/09/2024,CL,Branded,44.90
2024,3,03/10/2024,CL,Branded,44.90
2024,3,03/11/2024,CL,Branded,44.90
2024,3,03/12/2024,CL,Branded,44.90
2024,3,03/13/2024,CL,Branded,44.90
2024,3,03/14/2024,CL,Branded,44.90
2024,3,03/15/2024,CL,Branded,44.90
2024,3,03/16/2024,CL,Branded,44.90
2024,3,03/17/2024,CL,Branded,44.90
2024,3,03/18/2024,CL,Branded,44.90
2024,3,03/19/2024,CL,Branded,44.90
2024,3,03/20/2024,CL,Branded,44.90
2024,3,03/21/2024,CL,Branded,44.90
2024,3,03/22/2024,CL,Branded,44.90
2024,3,03/23/2024,CL,Branded,44.90
2024,3,03/24/2024,CL,Branded,44.90
2024,3,03/25/2024,CL,Branded,44.90
2024,3,03/26/2024,CL,Branded,44.90
2024,3,03/27/2024,CL,Branded,44.90
2024,3,03/28/2024,CL,Branded,44.90
2024,3,03/29/2024,CL,Branded,44.90
2024,3,03/30/2024,CL,Branded,44.90
2024,3,03/31/2024,CL,Branded,44.90
2024,4,04/01/2024,CL,Branded,51.03
2024,4,04/02/2024,CL,Branded,51.03
2024,4,04/03/2024,CL,Branded,51.03
2024,4,04/04/2024,CL,Branded,51.03
2024,4,04/05/2024,CL,Branded,51.03
2024,4,04/06/2024,CL,Branded,51.03
2024,4,04/07/2024,CL,Branded,51.03
2024,4,04/08/2024,CL,Branded,51.03
2024,4,04/09/2024,CL,Branded,51.03
2024,4,04/10/2024,CL,Branded,51.03
2024,4,04/11/2024,CL,Branded,51.03
2024,4,04/12/2024,CL,Branded,51.03
2024,4,04/13/2024,CL,Branded,51.03
2024,4,04/14/2024,CL,Branded,51.03
2024,4,04/15/2024,CL,Branded,51.03
2024,4,04/16/2024,CL,Branded,51.03
2024,4,04/17/2024,CL,Branded,51.03
2024,4,04/18/2024,CL,Branded,51.03
2024,4,04/19/2024,CL,Branded,51.03
2024,4,04/20/2024,CL,Branded,51.03
2024,4,04/21/2024,CL,Branded,51.03
2024,4,04/22/2024,CL,Branded,51.03
2024,4,04/23/2024,CL,Branded,51.03
2024,4,04/24/2024,CL,Branded,51.03
2024,4,04/25/2024,CL,Branded,51.03
2024,4,04/26/2024,CL,Branded,51.03
2024,4,04/27/2024,CL,Branded,51.03
2024,4,04/28/2024,CL,Branded,51.03
2024,4,04/29/2024,CL,Branded,51.03
2024,4,04/30/2024,CL,Branded,51.03
2024,5,05/01/2024,CL,Branded,54.32
2024,5,05/02/2024,CL,Branded,54.32
2024,5,05/03/2024,CL,Branded,54.32
2024,5,05/04/2024,CL,Branded,54.32
2024,5,05/05/2024,CL,Branded,54.32
2024,5,05/06/2024,CL,Branded,54.32
2024,5,05/07/2024,CL,Branded,54.32
2024,5,05/08/2024,CL,Branded,54.32
2024,5,05/09/2024,CL,Branded,54.32
2024,5,05/10/2024,CL,Branded,54.32
2024,5,05/11/2024,CL,Branded,54.32
2024,5,05/12/2024,CL,Branded,54.32
2024,5,05/13/2024,CL,Branded,54.32
2024,5,05/14/2024,CL,Branded,54.32
2024,5,05/15/2024,CL,Branded,54.32
2024,5,05/16/2024,CL,Branded,54.32
2024,5,05/17/2024,CL,Branded,54.32
2024,5,05/18/2024,CL,Branded,54.32
2024,5,05/19/2024,CL,Branded,54.32
2024,5,05/20/2024,CL,Branded,54.32
2024,5,05/21/2024,CL,Branded,54.32
2024,5,05/22/2024,CL,Branded,54.32
2024,5,05/23/2024,CL,Branded,54.32
2024,5,05/24/2024,CL,Branded,54.32
2024,5,05/25/2024,CL,Branded,54.32
2024,5,05/26/2024,CL,Branded,54.32
2024,5,05/27/2024,CL,Branded,54.32
2024,5,05/28/2024,CL,Branded,54.32
2024,5,05/29/2024,CL,Branded,54.32
2024,5,05/30/2024,CL,Branded,54.32
2024,5,05/31/2024,CL,Branded,54.32
2024,6,06/01/2024,CL,Branded,61.73
2024,6,06/02/2024,CL,Branded,61.73
2024,6,06/03/2024,CL,Branded,61.73
2024,6,06/04/2024,CL,Branded,61.73
2024,6,06/05/2024,CL,Branded,61.73
2024,6,06/06/2024,CL,Branded,61.73
2024,6,06/07/2024,CL,Branded,61.73
2024,6,06/08/2024,CL,Branded,61.73
2024,6,06/09/2024,CL,Branded,61.73
2024,6,06/10/2024,CL,Branded,61.73
2024,6,06/11/2024,CL,Branded,61.73
2024,6,06/12/2024,CL,Branded,61.73
2024,6,06/13/2024,CL,Branded,61.73
2024,6,06/14/2024,CL,Branded,61.73
2024,6,06/15/2024,CL,Branded,61.73
2024,6,06/16/2024,CL,Branded,61.73
2024,6,06/17/2024,CL,Branded,61.73
2024,6,06/18/2024,CL,Branded,61.73
2024,6,06/19/2024,CL,Branded,61.73
2024,6,06/20/2024,CL,Branded,61.73
2024,6,06/21/2024,CL,Branded,61.73
2024,6,06/22/2024,CL,Branded,61.73
2024,6,06/23/2024,CL,Branded,61.73
2024,6,06/24/2024,CL,Branded,61.73
2024,6,06/25/2024,CL,Branded,61.73
2024,6,06/26/2024,CL,Branded,61.73
2024,6,06/27/2024,CL,Branded,61.73
2024,6,06/28/2024,CL,Branded,61.73
2024,6,06/29/2024,CL,Branded,61.73
2024,6,06/30/2024,CL,Branded,61.73
2024,7,07/01/2024,CL,Branded,74.94
2024,7,07/02/2024,CL,Branded,74.94
2024,7,07/03/2024,CL,Branded,74.94
2024,7,07/04/2024,CL,Branded,74.94
2024,7,07/05/2024,CL,Branded,74.94
2024,7,07/06/2024,CL,Branded,74.94
2024,7,07/07/2024,CL,Branded,74.94
2024,7,07/08/2024,CL,Branded,74.94
2024,7,07/09/2024,CL,Branded,74.94
2024,7,07/10/2024,CL,Branded,74.94
2024,7,07/11/2024,CL,Branded,74.94
2024,7,07/12/2024,CL,Branded,74.94
2024,7,07/13/2024,CL,Branded,74.94
2024,7,07/14/2024,CL,Branded,74.94
2024,7,07/15/2024,CL,Branded,74.94
2024,7,07/16/2024,CL,Branded,74.94
2024,7,07/17/2024,CL,Branded,74.94
2024,7,07/18/2024,CL,Branded,74.94
2024,7,07/19/2024,CL,Branded,74.94
2024,7,07/20/2024,CL,Branded,74.94
2024,7,07/21/2024,CL,Branded,74.94
2024,7,07/22/2024,CL,Branded,74.94
2024,7,07/23/2024,CL,Branded,74.94
2024,7,07/24/2024,CL,Branded,74.94
2024,7,07/25/2024,CL,Branded,74.94
2024,7,07/26/2024,CL,Branded,74.94
2024,7,07/27/2024,CL,Branded,74.94
2024,7,07/28/2024,CL,Branded,74.94
2024,7,07/29/2024,CL,Branded,74.94
2024,7,07/30/2024,CL,Branded,74.94
2024,7,07/31/2024,CL,Branded,74.94
2024,8,08/01/2024,CL,Branded,84.68
2024,8,08/02/2024,CL,Branded,84.68
2024,8,08/03/2024,CL,Branded,84.68
2024,8,08/04/2024,CL,Branded,84.68
2024,8,08/05/2024,CL,Branded,84.68
2024,8,08/06/2024,CL,Branded,84.68
2024,8,08/07/2024,CL,Branded,84.68
2024,8,08/08/2024,CL,Branded,84.68
2024,8,08/09/2024,CL,Branded,84.68
2024,8,08/10/2024,CL,Branded,84.68
2024,8,08/11/2024,CL,Branded,84.68
2024,8,08/12/2024,CL,Branded,84.68
2024,8,08/13/2024,CL,Branded,84.68
2024,8,08/14/2024,CL,Branded,84.68
2024,8,08/15/2024,CL,Branded,84.68
2024,8,08/16/2024,CL,Branded,84.68
2024,8,08/17/2024,CL,Branded,84.68
2024,8,08/18/2024,CL,Branded,84.68
2024,8,08/19/2024,CL,Branded,84.68
2024,8,08/20/2024,CL,Branded,84.68
2024,8,08/21/2024,CL,Branded,84.68
2024,8,08/22/2024,CL,Branded,84.68
2024,8,08/23/2024,CL,Branded,84.68
2024,8,08/24/2024,CL,Branded,84.68
2024,8,08/25/2024,CL,Branded,84.68
2024,8,08/26/2024,CL,Branded,84.68
2024,8,08/27/2024,CL,Branded,84.68
2024,8,08/28/2024,CL,Branded,84.68
2024,8,08/29/2024,CL,Branded,84.68
2024,8,08/30/2024,CL,Branded,84.68
2024,8,08/31/2024,CL,Branded,84.68
2024,9,09/01/2024,CL,Branded,98.90
2024,9,09/02/2024,CL,Branded,98.90
2024,9,09/03/2024,CL,Branded,98.90
2024,9,09/04/2024,CL,Branded,98.90
2024,9,09/05/2024,CL,Branded,98.90
2024,9,09/06/2024,CL,Branded,98.90
2024,9,09/07/2024,CL,Branded,98.90
2024,9,09/08/2024,CL,Branded,98.90
2024,9,09/09/2024,CL,Branded,98.90
2024,9,09/10/2024,CL,Branded,98.90
2024,9,09/11/2024,CL,Branded,98.90
2024,9,09/12/2024,CL,Branded,98.90
2024,9,09/13/2024,CL,Branded,98.90
2024,9,09/14/2024,CL,Branded,98.90
2024,9,09/15/2024,CL,Branded,98.90
2024,9,09/16/2024,CL,Branded,98.90
2024,9,09/17/2024,CL,Branded,98.90
2024,9,09/18/2024,CL,Branded,98.90
2024,9,09/19/2024,CL,Branded,98.90
2024,9,09/20/2024,CL,Branded,98.90
2024,9,09/21/2024,CL,Branded,98.90
2024,9,09/22/2024,CL,Branded,98.90
2024,9,09/23/2024,CL,Branded,98.90
2024,9,09/24/2024,CL,Branded,98.90
2024,9,09/25/2024,CL,Branded,98.90
2024,9,09/26/2024,CL,Branded,98.90
2024,9,09/27/2024,CL,Branded,98.90
2024,9,09/28/2024,CL,Branded,98.90
2024,9,09/29/2024,CL,Branded,98.90
2024,9,09/30/2024,CL,Branded,98.90
2024,10,10/01/2024,CL,Branded,94.03
2024,10,10/02/2024,CL,Branded,94.03
2024,10,10/03/2024,CL,Branded,94.03
2024,10,10/04/2024,CL,Branded,94.03
2024,10,10/05/2024,CL,Branded,94.03
2024,10,10/06/2024,CL,Branded,94.03
2024,10,10/07/2024,CL,Branded,94.03
2024,10,10/08/2024,CL,Branded,94.03
2024,10,10/09/2024,CL,Branded,94.03
2024,10,10/10/2024,CL,Branded,94.03
2024,10,10/11/2024,CL,Branded,94.03
2024,10,10/12/2024,CL,Branded,94.03
2024,10,10/13/2024,CL,Branded,94.03
2024,10,10/14/2024,CL,Branded,94.03
2024,10,10/15/2024,CL,Branded,94.03
2024,10,10/16/2024,CL,Branded,94.03
2024,10,10/17/2024,CL,Branded,94.03
2024,10,10/18/2024,CL,Branded,94.03
2024,10,10/19/2024,CL,Branded,94.03
2024,10,10/20/2024,CL,Branded,94.03
2024,10,10/21/2024,CL,Branded,94.03
2024,10,10/22/2024,CL,Branded,94.03
2024,10,10/23/2024,CL,Branded,94.03
2024,10,10/24/2024,CL,Branded,94.03
2024,10,10/25/2024,CL,Branded,94.03
2024,10,10/26/2024,CL,Branded,94.03
2024,10,10/27/2024,CL,Branded,94.03
2024,10,10/28/2024,CL,Branded,94.03
2024,10,10/29/2024,CL,Branded,94.03
2024,10,10/30/2024,CL,Branded,94.03
2024,10,10/31/2024,CL,Branded,94.03
2024,11,11/01/2024,CL,Branded,109.80
2024,11,11/02/2024,CL,Branded,109.80
2024,11,11/03/2024,CL,Branded,109.80
2024,11,11/04/2024,CL,Branded,109.80
2024,11,11/05/2024,CL,Branded,109.80
2024,11,11/06/2024,CL,Branded,109.80
2024,11,11/07/2024,CL,Branded,109.80
2024,11,11/08/2024,CL,Branded,109.80
2024,11,11/09/2024,CL,Branded,109.80
2024,11,11/10/2024,CL,Branded,109.80
2024,11,11/11/2024,CL,Branded,109.80
2024,11,11/12/2024,CL,Branded,109.80
2024,11,11/13/2024,CL,Branded,109.80
2024,11,11/14/2024,CL,Branded,109.80
2024,11,11/15/2024,CL,Branded,109.80
2024,11,11/16/2024,CL,Branded,109.80
2024,11,11/17/2024,CL,Branded,109.80
2024,11,11/18/2024,CL,Branded,109.80
2024,11,11/19/2024,CL,Branded,109.80
2024,11,11/20/2024,CL,Branded,109.80
2024,11,11/21/2024,CL,Branded,109.80
2024,11,11/22/2024,CL,Branded,109.80
2024,11,11/23/2024,CL,Branded,109.80
2024,11,11/24/2024,CL,Branded,109.80
2024,11,11/25/2024,CL,Branded,109.80
2024,11,11/26/2024,CL,Branded,109.80
2024,11,11/27/2024,CL,Branded,109.80
2024,11,11/28/2024,CL,Branded,109.80
2024,11,11/29/2024,CL,Branded,109.80
2024,11,11/30/2024,CL,Branded,109.80
2024,12,12/01/2024,CL,Branded,85.00
2024,12,12/02/2024,CL,Branded,85.00
2024,12,12/03/2024,CL,Branded,85.00
2024,12,12/04/2024,CL,Branded,85.00
2024,12,12/05/2024,CL,Branded,85.00
2024,12,12/06/2024,CL,Branded,85.00
2024,12,12/07/2024,CL,Branded,85.00
2024,12,12/08/2024,CL,Branded,85.00
2024,12,12/09/2024,CL,Branded,85.00
2024,12,12/10/2024,CL,Branded,85.00
2024,12,12/11/2024,CL,Branded,85.00
2024,12,12/12/2024,CL,Branded,85.00
2024,12,12/13/2024,CL,Branded,85.00
2024,12,12/14/2024,CL,Branded,85.00
2024,12,12/15/2024,CL,Branded,85.00
2024,12,12/16/2024,CL,Branded,85.00
2024,12,12/17/2024,CL,Branded,85.00
2024,12,12/18/2024,CL,Branded,85.00
2024,12,12/19/2024,CL,Branded,85.00
2024,12,12/20/2024,CL,Branded,85.00
2024,12,12/21/2024,CL,Branded,85.00
2024,12,12/22/2024,CL,Branded,85.00
2024,12,12/23/2024,CL,Branded,85.00
2024,12,12/24/2024,CL,Branded,85.00
2024,12,12/25/2024,CL,Branded,85.00
2024,12,12/26/2024,CL,Branded,85.00
2024,12,12/27/2024,CL,Branded,85.00
2024,12,12/28/2024,CL,Branded,85.00
2024,12,12/29/2024,CL,Branded,85.00
2024,12,12/30/2024,CL,Branded,85.00
2024,12,12/31/2024,CL,Branded,85.00
2024,1,01/01/2024,CO,Branded,177.42
2024,1,01/02/2024,CO,Branded,177.42
2024,1,01/03/2024,CO,Branded,177.42
2024,1,01/04/2024,CO,Branded,177.42
2024,1,01/05/2024,CO,Branded,177.42
2024,1,01/06/2024,CO,Branded,177.42
2024,1,01/07/2024,CO,Branded,177.42
2024,1,01/08/2024,CO,Branded,177.42
2024,1,01/09/2024,CO,Branded,177.42
2024,1,01/10/2024,CO,Branded,177.42
2024,1,01/11/2024,CO,Branded,177.42
2024,1,01/12/2024,CO,Branded,177.42
2024,1,01/13/2024,CO,Branded,177.42
2024,1,01/14/2024,CO,Branded,177.42
2024,1,01/15/2024,CO,Branded,177.42
2024,1,01/16/2024,CO,Branded,177.42
2024,1,01/17/2024,CO,Branded,177.42
2024,1,01/18/2024,CO,Branded,177.42
2024,1,01/19/2024,CO,Branded,177.42
2024,1,01/20/2024,CO,Branded,177.42
2024,1,01/21/2024,CO,Branded,177.42
2024,1,01/22/2024,CO,Branded,177.42
2024,1,01/23/2024,CO,Branded,177.42
2024,1,01/24/2024,CO,Branded,177.42
2024,1,01/25/2024,CO,Branded,177.42
2024,1,01/26/2024,CO,Branded,177.42
2024,1,01/27/2024,CO,Branded,177.42
2024,1,01/28/2024,CO,Branded,177.42
2024,1,01/29/2024,CO,Branded,177.42
2024,1,01/30/2024,CO,Branded,177.42
2024,1,01/31/2024,CO,Branded,177.42
2024,2,02/01/2024,CO,Branded,172.41
2024,2,02/02/2024,CO,Branded,172.41
2024,2,02/03/2024,CO,Branded,172.41
2024,2,02/04/2024,CO,Branded,172.41
2024,2,02/05/2024,CO,Branded,172.41
2024,2,02/06/2024,CO,Branded,172.41
2024,2,02/07/2024,CO,Branded,172.41
2024,2,02/08/2024,CO,Branded,172.41
2024,2,02/09/2024,CO,Branded,172.41
2024,2,02/10/2024,CO,Branded,172.41
2024,2,02/11/2024,CO,Branded,172.41
2024,2,02/12/2024,CO,Branded,172.41
2024,2,02/13/2024,CO,Branded,172.41
2024,2,02/14/2024,CO,Branded,172.41
2024,2,02/15/2024,CO,Branded,172.41
2024,2,02/16/2024,CO,Branded,172.41
2024,2,02/17/2024,CO,Branded,172.41
2024,2,02/18/2024,CO,Branded,172.41
2024,2,02/19/2024,CO,Branded,172.41
2024,2,02/20/2024,CO,Branded,172.41
2024,2,02/21/2024,CO,Branded,172.41
2024,2,02/22/2024,CO,Branded,172.41
2024,2,02/23/2024,CO,Branded,172.41
2024,2,02/24/2024,CO,Branded,172.41
2024,2,02/25/2024,CO,Branded,172.41
2024,2,02/26/2024,CO,Branded,172.41
2024,2,02/27/2024,CO,Branded,172.41
2024,2,02/28/2024,CO,Branded,172.41
2024,2,02/29/2024,CO,Branded,172.41
2024,3,03/01/2024,CO,Branded,214.77
2024,3,03/02/2024,CO,Branded,214.77
2024,3,03/03/2024,CO,Branded,214.77
2024,3,03/04/2024,CO,Branded,214.77
2024,3,03/05/2024,CO,Branded,214.77
2024,3,03/06/2024,CO,Branded,214.77
2024,3,03/07/2024,CO,Branded,214.77
2024,3,03/08/2024,CO,Branded,214.77
2024,3,03/09/2024,CO,Branded,214.77
2024,3,03/10/2024,CO,Branded,214.77
2024,3,03/11/2024,CO,Branded,214.77
2024,3,03/12/2024,CO,Branded,214.77
2024,3,03/13/2024,CO,Branded,214.77
2024,3,03/14/2024,CO,Branded,214.77
2024,3,03/15/2024,CO,Branded,214.77
2024,3,03/16/2024,CO,Branded,214.77
2024,3,03/17/2024,CO,Branded,214.77
2024,3,03/18/2024,CO,Branded,214.77
2024,3,03/19/2024,CO,Branded,214.77
2024,3,03/20/2024,CO,Branded,214.77
2024,3,03/21/2024,CO,Branded,214.77
2024,3,03/22/2024,CO,Branded,214.77
2024,3,03/23/2024,CO,Branded,214.77
2024,3,03/24/2024,CO,Branded,214.77
2024,3,03/25/2024,CO,Branded,214.77
2024,3,03/26/2024,CO,Branded,214.77
2024,3,03/27/2024,CO,Branded,214.77
2024,3,03/28/2024,CO,Branded,214.77
2024,3,03/29/2024,CO,Branded,214.77
2024,3,03/30/2024,CO,Branded,214.77
2024,3,03/31/2024,CO,Branded,214.77
2024,4,04/01/2024,CO,Branded,202.07
2024,4,04/02/2024,CO,Branded,202.07
2024,4,04/03/2024,CO,Branded,202.07
2024,4,04/04/2024,CO,Branded,202.07
2024,4,04/05/2024,CO,Branded,202.07
2024,4,04/06/2024,CO,Branded,202.07
2024,4,04/07/2024,CO,Branded,202.07
2024,4,04/08/2024,CO,Branded,202.07
2024,4,04/09/2024,CO,Branded,202.07
2024,4,04/10/2024,CO,Branded,202.07
2024,4,04/11/2024,CO,Branded,202.07
2024,4,04/12/2024,CO,Branded,202.07
2024,4,04/13/2024,CO,Branded,202.07
2024,4,04/14/2024,CO,Branded,202.07
2024,4,04/15/2024,CO,Branded,202.07
2024,4,04/16/2024,CO,Branded,202.07
2024,4,04/17/2024,CO,Branded,202.07
2024,4,04/18/2024,CO,Branded,202.07
2024,4,04/19/2024,CO,Branded,202.07
2024,4,04/20/2024,CO,Branded,202.07
2024,4,04/21/2024,CO,Branded,202.07
2024,4,04/22/2024,CO,Branded,202.07
2024,4,04/23/2024,CO,Branded,202.07
2024,4,04/24/2024,CO,Branded,202.07
2024,4,04/25/2024,CO,Branded,202.07
2024,4,04/26/2024,CO,Branded,202.07
2024,4,04/27/2024,CO,Branded,202.07
2024,4,04/28/2024,CO,Branded,202.07
2024,4,04/29/2024,CO,Branded,202.07
2024,4,04/30/2024,CO,Branded,202.07
2024,5,05/01/2024,CO,Branded,229.29
2024,5,05/02/2024,CO,Branded,229.29
2024,5,05/03/2024,CO,Branded,229.29
2024,5,05/04/2024,CO,Branded,229.29
2024,5,05/05/2024,CO,Branded,229.29
2024,5,05/06/2024,CO,Branded,229.29
2024,5,05/07/2024,CO,Branded,229.29
2024,5,05/08/2024,CO,Branded,229.29
2024,5,05/09/2024,CO,Branded,229.29
2024,5,05/10/2024,CO,Branded,229.29
2024,5,05/11/2024,CO,Branded,229.29
2024,5,05/12/2024,CO,Branded,229.29
2024,5,05/13/2024,CO,Branded,229.29
2024,5,05/14/2024,CO,Branded,229.29
2024,5,05/15/2024,CO,Branded,229.29
2024,5,05/16/2024,CO,Branded,229.29
2024,5,05/17/2024,CO,Branded,229.29
2024,5,05/18/2024,CO,Branded,229.29
2024,5,05/19/2024,CO,Branded,229.29
2024,5,05/20/2024,CO,Branded,229.29
2024,5,05/21/2024,CO,Branded,229.29
2024,5,05/22/2024,CO,Branded,229.29
2024,5,05/23/2024,CO,Branded,229.29
2024,5,05/24/2024,CO,Branded,229.29
2024,5,05/25/2024,CO,Branded,229.29
2024,5,05/26/2024,CO,Branded,229.29
2024,5,05/27/2024,CO,Branded,229.29
2024,5,05/28/2024,CO,Branded,229.29
2024,5,05/29/2024,CO,Branded,229.29
2024,5,05/30/2024,CO,Branded,229.29
2024,5,05/31/2024,CO,Branded,229.29
2024,6,06/01/2024,CO,Branded,247.67
2024,6,06/02/2024,CO,Branded,247.67
2024,6,06/03/2024,CO,Branded,247.67
2024,6,06/04/2024,CO,Branded,247.67
2024,6,06/05/2024,CO,Branded,247.67
2024,6,06/06/2024,CO,Branded,247.67
2024,6,06/07/2024,CO,Branded,247.67
2024,6,06/08/2024,CO,Branded,247.67
2024,6,06/09/2024,CO,Branded,247.67
2024,6,06/10/2024,CO,Branded,247.67
2024,6,06/11/2024,CO,Branded,247.67
2024,6,06/12/2024,CO,Branded,247.67
2024,6,06/13/2024,CO,Branded,247.67
2024,6,06/14/2024,CO,Branded,247.67
2024,6,06/15/2024,CO,Branded,247.67
2024,6,06/16/2024,CO,Branded,247.67
2024,6,06/17/2024,CO,Branded,247.67
2024,6,06/18/2024,CO,Branded,247.67
2024,6,06/19/2024,CO,Branded,247.67
2024,6,06/20/2024,CO,Branded,247.67
2024,6,06/21/2024,CO,Branded,247.67
2024,6,06/22/2024,CO,Branded,247.67
2024,6,06/23/2024,CO,Branded,247.67
2024,6,06/24/2024,CO,Branded,247.67
2024,6,06/25/2024,CO,Branded,247.67
2024,6,06/26/2024,CO,Branded,247.67
2024,6,06/27/2024,CO,Branded,247.67
2024,6,06/28/2024,CO,Branded,247.67
2024,6,06/29/2024,CO,Branded,247.67
2024,6,06/30/2024,CO,Branded,247.67
2024,7,07/01/2024,CO,Branded,242.81
2024,7,07/02/2024,CO,Branded,242.81
2024,7,07/03/2024,CO,Branded,242.81
2024,7,07/04/2024,CO,Branded,242.81
2024,7,07/05/2024,CO,Branded,242.81
2024,7,07/06/2024,CO,Branded,242.81
2024,7,07/07/2024,CO,Branded,242.81
2024,7,07/08/2024,CO,Branded,242.81
2024,7,07/09/2024,CO,Branded,242.81
2024,7,07/10/2024,CO,Branded,242.81
2024,7,07/11/2024,CO,Branded,242.81
2024,7,07/12/2024,CO,Branded,242.81
2024,7,07/13/2024,CO,Branded,242.81
2024,7,07/14/2024,CO,Branded,242.81
2024,7,07/15/2024,CO,Branded,242.81
2024,7,07/16/2024,CO,Branded,242.81
2024,7,07/17/2024,CO,Branded,242.81
2024,7,07/18/2024,CO,Branded,242.81
2024,7,07/19/2024,CO,Branded,242.81
2024,7,07/20/2024,CO,Branded,242.81
2024,7,07/21/2024,CO,Branded,242.81
2024,7,07/22/2024,CO,Branded,242.81
2024,7,07/23/2024,CO,Branded,242.81
2024,7,07/24/2024,CO,Branded,242.81
2024,7,07/25/2024,CO,Branded,242.81
2024,7,07/26/2024,CO,Branded,242.81
2024,7,07/27/2024,CO,Branded,242.81
2024,7,07/28/2024,CO,Branded,242.81
2024,7,07/29/2024,CO,Branded,242.81
2024,7,07/30/2024,CO,Branded,242.81
2024,7,07/31/2024,CO,Branded,242.81
2024,8,08/01/2024,CO,Branded,263.81
2024,8,08/02/2024,CO,Branded,263.81
2024,8,08/03/2024,CO,Branded,263.81
2024,8,08/04/2024,CO,Branded,263.81
2024,8,08/05/2024,CO,Branded,263.81
2024,8,08/06/2024,CO,Branded,263.81
2024,8,08/07/2024,CO,Branded,263.81
2024,8,08/08/2024,CO,Branded,263.81
2024,8,08/09/2024,CO,Branded,263.81
2024,8,08/10/2024,CO,Branded,263.81
2024,8,08/11/2024,CO,Branded,263.81
2024,8,08/12/2024,CO,Branded,263.81
2024,8,08/13/2024,CO,Branded,263.81
2024,8,08/14/2024,CO,Branded,263.81
2024,8,08/15/2024,CO,Branded,263.81
2024,8,08/16/2024,CO,Branded,263.81
2024,8,08/17/2024,CO,Branded,263.81
2024,8,08/18/2024,CO,Branded,263.81
2024,8,08/19/2024,CO,Branded,263.81
2024,8,08/20/2024,CO,Branded,263.81
2024,8,08/21/2024,CO,Branded,263.81
2024,8,08/22/2024,CO,Branded,263.81
2024,8,08/23/2024,CO,Branded,263.81
2024,8,08/24/2024,CO,Branded,263.81
2024,8,08/25/2024,CO,Branded,263.81
2024,8,08/26/2024,CO,Branded,263.81
2024,8,08/27/2024,CO,Branded,263.81
2024,8,08/28/2024,CO,Branded,263.81
2024,8,08/29/2024,CO,Branded,263.81
2024,8,08/30/2024,CO,Branded,263.81
2024,8,08/31/2024,CO,Branded,263.81
2024,9,09/01/2024,CO,Branded,275.73
2024,9,09/02/2024,CO,Branded,275.73
2024,9,09/03/2024,CO,Branded,275.73
2024,9,09/04/2024,CO,Branded,275.73
2024,9,09/05/2024,CO,Branded,275.73
2024,9,09/06/2024,CO,Branded,275.73
2024,9,09/07/2024,CO,Branded,275.73
2024,9,09/08/2024,CO,Branded,275.73
2024,9,09/09/2024,CO,Branded,275.73
2024,9,09/10/2024,CO,Branded,275.73
2024,9,09/11/2024,CO,Branded,275.73
2024,9,09/12/2024,CO,Branded,275.73
2024,9,09/13/2024,CO,Branded,275.73
2024,9,09/14/2024,CO,Branded,275.73
2024,9,09/15/2024,CO,Branded,275.73
2024,9,09/16/2024,CO,Branded,275.73
2024,9,09/17/2024,CO,Branded,275.73
2024,9,09/18/2024,CO,Branded,275.73
2024,9,09/19/2024,CO,Branded,275.73
2024,9,09/20/2024,CO,Branded,275.73
2024,9,09/21/2024,CO,Branded,275.73
2024,9,09/22/2024,CO,Branded,275.73
2024,9,09/23/2024,CO,Branded,275.73
2024,9,09/24/2024,CO,Branded,275.73
2024,9,09/25/2024,CO,Branded,275.73
2024,9,09/26/2024,CO,Branded,275.73
2024,9,09/27/2024,CO,Branded,275.73
2024,9,09/28/2024,CO,Branded,275.73
2024,9,09/29/2024,CO,Branded,275.73
2024,9,09/30/2024,CO,Branded,275.73
2024,10,10/01/2024,CO,Branded,327.48
2024,10,10/02/2024,CO,Branded,327.48
2024,10,10/03/2024,CO,Branded,327.48
2024,10,10/04/2024,CO,Branded,327.48
2024,10,10/05/2024,CO,Branded,327.48
2024,10,10/06/2024,CO,Branded,327.48
2024,10,10/07/2024,CO,Branded,327.48
2024,10,10/08/2024,CO,Branded,327.48
2024,10,10/09/2024,CO,Branded,327.48
2024,10,10/10/2024,CO,Branded,327.48
2024,10,10/11/2024,CO,Branded,327.48
2024,10,10/12/2024,CO,Branded,327.48
2024,10,10/13/2024,CO,Branded,327.48
2024,10,10/14/2024,CO,Branded,327.48
2024,10,10/15/2024,CO,Branded,327.48
2024,10,10/16/2024,CO,Branded,327.48
2024,10,10/17/2024,CO,Branded,327.48
2024,10,10/18/2024,CO,Branded,327.48
2024,10,10/19/2024,CO,Branded,327.48
2024,10,10/20/2024,CO,Branded,327.48
2024,10,10/21/2024,CO,Branded,327.48
2024,10,10/22/2024,CO,Branded,327.48
2024,10,10/23/2024,CO,Branded,327.48
2024,10,10/24/2024,CO,Branded,327.48
2024,10,10/25/2024,CO,Branded,327.48
2024,10,10/26/2024,CO,Branded,327.48
2024,10,10/27/2024,CO,Branded,327.48
2024,10,10/28/2024,CO,Branded,327.48
2024,10,10/29/2024,CO,Branded,327.48
2024,10,10/30/2024,CO,Branded,327.48
2024,10,10/31/2024,CO,Branded,327.48
2024,11,11/01/2024,CO,Branded,338.40
2024,11,11/02/2024,CO,Branded,338.40
2024,11,11/03/2024,CO,Branded,338.40
2024,11,11/04/2024,CO,Branded,338.40
2024,11,11/05/2024,CO,Branded,338.40
2024,11,11/06/2024,CO,Branded,338.40
2024,11,11/07/2024,CO,Branded,338.40
2024,11,11/08/2024,CO,Branded,338.40
2024,11,11/09/2024,CO,Branded,338.40
2024,11,11/10/2024,CO,Branded,338.40
2024,11,11/11/2024,CO,Branded,338.40
2024,11,11/12/2024,CO,Branded,338.40
2024,11,11/13/2024,CO,Branded,338.40
2024,11,11/14/2024,CO,Branded,338.40
2024,11,11/15/2024,CO,Branded,338.40
2024,11,11/16/2024,CO,Branded,338.40
2024,11,11/17/2024,CO,Branded,338.40
2024,11,11/18/2024,CO,Branded,338.40
2024,11,11/19/2024,CO,Branded,338.40
2024,11,11/20/2024,CO,Branded,338.40
2024,11,11/21/2024,CO,Branded,338.40
2024,11,11/22/2024,CO,Branded,338.40
2024,11,11/23/2024,CO,Branded,338.40
2024,11,11/24/2024,CO,Branded,338.40
2024,11,11/25/2024,CO,Branded,338.40
2024,11,11/26/2024,CO,Branded,338.40
2024,11,11/27/2024,CO,Branded,338.40
2024,11,11/28/2024,CO,Branded,338.40
2024,11,11/29/2024,CO,Branded,338.40
2024,11,11/30/2024,CO,Branded,338.40
2024,12,12/01/2024,CO,Branded,262.00
2024,12,12/02/2024,CO,Branded,262.00
2024,12,12/03/2024,CO,Branded,262.00
2024,12,12/04/2024,CO,Branded,262.00
2024,12,12/05/2024,CO,Branded,262.00
2024,12,12/06/2024,CO,Branded,262.00
2024,12,12/07/2024,CO,Branded,262.00
2024,12,12/08/2024,CO,Branded,262.00
2024,12,12/09/2024,CO,Branded,262.00
2024,12,12/10/2024,CO,Branded,262.00
2024,12,12/11/2024,CO,Branded,262.00
2024,12,12/12/2024,CO,Branded,262.00
2024,12,12/13/2024,CO,Branded,262.00
2024,12,12/14/2024,CO,Branded,262.00
2024,12,12/15/2024,CO,Branded,262.00
2024,12,12/16/2024,CO,Branded,262.00
2024,12,12/17/2024,CO,Branded,262.00
2024,12,12/18/2024,CO,Branded,262.00
2024,12,12/19/2024,CO,Branded,262.00
2024,12,12/20/2024,CO,Branded,262.00
2024,12,12/21/2024,CO,Branded,262.00
2024,12,12/22/2024,CO,Branded,262.00
2024,12,12/23/2024,CO,Branded,262.00
2024,12,12/24/2024,CO,Branded,262.00
2024,12,12/25/2024,CO,Branded,262.00
2024,12,12/26/2024,CO,Branded,262.00
2024,12,12/27/2024,CO,Branded,262.00
2024,12,12/28/2024,CO,Branded,262.00
2024,12,12/29/2024,CO,Branded,262.00
2024,12,12/30/2024,CO,Branded,262.00
2024,12,12/31/2024,CO,Branded,262.00
2024,1,01/01/2024,MX,Branded,553.16
2024,1,01/02/2024,MX,Branded,553.16
2024,1,01/03/2024,MX,Branded,553.16
2024,1,01/04/2024,MX,Branded,553.16
2024,1,01/05/2024,MX,Branded,553.16
2024,1,01/06/2024,MX,Branded,553.16
2024,1,01/07/2024,MX,Branded,553.16
2024,1,01/08/2024,MX,Branded,553.16
2024,1,01/09/2024,MX,Branded,553.16
2024,1,01/10/2024,MX,Branded,553.16
2024,1,01/11/2024,MX,Branded,553.16
2024,1,01/12/2024,MX,Branded,553.16
2024,1,01/13/2024,MX,Branded,553.16
2024,1,01/14/2024,MX,Branded,553.16
2024,1,01/15/2024,MX,Branded,553.16
2024,1,01/16/2024,MX,Branded,553.16
2024,1,01/17/2024,MX,Branded,553.16
2024,1,01/18/2024,MX,Branded,553.16
2024,1,01/19/2024,MX,Branded,553.16
2024,1,01/20/2024,MX,Branded,553.16
2024,1,01/21/2024,MX,Branded,553.16
2024,1,01/22/2024,MX,Branded,553.16
2024,1,01/23/2024,MX,Branded,553.16
2024,1,01/24/2024,MX,Branded,553.16
2024,1,01/25/2024,MX,Branded,553.16
2024,1,01/26/2024,MX,Branded,553.16
2024,1,01/27/2024,MX,Branded,553.16
2024,1,01/28/2024,MX,Branded,553.16
2024,1,01/29/2024,MX,Branded,553.16
2024,1,01/30/2024,MX,Branded,553.16
2024,1,01/31/2024,MX,Branded,553.16
2024,2,02/01/2024,MX,Branded,572.03
2024,2,02/02/2024,MX,Branded,572.03
2024,2,02/03/2024,MX,Branded,572.03
2024,2,02/04/2024,MX,Branded,572.03
2024,2,02/05/2024,MX,Branded,572.03
2024,2,02/06/2024,MX,Branded,572.03
2024,2,02/07/2024,MX,Branded,572.03
2024,2,02/08/2024,MX,Branded,572.03
2024,2,02/09/2024,MX,Branded,572.03
2024,2,02/10/2024,MX,Branded,572.03
2024,2,02/11/2024,MX,Branded,572.03
2024,2,02/12/2024,MX,Branded,572.03
2024,2,02/13/2024,MX,Branded,572.03
2024,2,02/14/2024,MX,Branded,572.03
2024,2,02/15/2024,MX,Branded,572.03
2024,2,02/16/2024,MX,Branded,572.03
2024,2,02/17/2024,MX,Branded,572.03
2024,2,02/18/2024,MX,Branded,572.03
2024,2,02/19/2024,MX,Branded,572.03
2024,2,02/20/2024,MX,Branded,572.03
2024,2,02/21/2024,MX,Branded,572.03
2024,2,02/22/2024,MX,Branded,572.03
2024,2,02/23/2024,MX,Branded,572.03
2024,2,02/24/2024,MX,Branded,572.03
2024,2,02/25/2024,MX,Branded,572.03
2024,2,02/26/2024,MX,Branded,572.03
2024,2,02/27/2024,MX,Branded,572.03
2024,2,02/28/2024,MX,Branded,572.03
2024,2,02/29/2024,MX,Branded,572.03
2024,3,03/01/2024,MX,Branded,588.52
2024,3,03/02/2024,MX,Branded,588.52
2024,3,03/03/2024,MX,Branded,588.52
2024,3,03/04/2024,MX,Branded,588.52
2024,3,03/05/2024,MX,Branded,588.52
2024,3,03/06/2024,MX,Branded,588.52
2024,3,03/07/2024,MX,Branded,588.52
2024,3,03/08/2024,MX,Branded,588.52
2024,3,03/09/2024,MX,Branded,588.52
2024,3,03/10/2024,MX,Branded,588.52
2024,3,03/11/2024,MX,Branded,588.52
2024,3,03/12/2024,MX,Branded,588.52
2024,3,03/13/2024,MX,Branded,588.52
2024,3,03/14/2024,MX,Branded,588.52
2024,3,03/15/2024,MX,Branded,588.52
2024,3,03/16/2024,MX,Branded,588.52
2024,3,03/17/2024,MX,Branded,588.52
2024,3,03/18/2024,MX,Branded,588.52
2024,3,03/19/2024,MX,Branded,588.52
2024,3,03/20/2024,MX,Branded,588.52
2024,3,03/21/2024,MX,Branded,588.52
2024,3,03/22/2024,MX,Branded,588.52
2024,3,03/23/2024,MX,Branded,588.52
2024,3,03/24/2024,MX,Branded,588.52
2024,3,03/25/2024,MX,Branded,588.52
2024,3,03/26/2024,MX,Branded,588.52
2024,3,03/27/2024,MX,Branded,588.52
2024,3,03/28/2024,MX,Branded,588.52
2024,3,03/29/2024,MX,Branded,588.52
2024,3,03/30/2024,MX,Branded,588.52
2024,3,03/31/2024,MX,Branded,588.52
2024,4,04/01/2024,MX,Branded,492.27
2024,4,04/02/2024,MX,Branded,492.27
2024,4,04/03/2024,MX,Branded,492.27
2024,4,04/04/2024,MX,Branded,492.27
2024,4,04/05/2024,MX,Branded,492.27
2024,4,04/06/2024,MX,Branded,492.27
2024,4,04/07/2024,MX,Branded,492.27
2024,4,04/08/2024,MX,Branded,492.27
2024,4,04/09/2024,MX,Branded,492.27
2024,4,04/10/2024,MX,Branded,492.27
2024,4,04/11/2024,MX,Branded,492.27
2024,4,04/12/2024,MX,Branded,492.27
2024,4,04/13/2024,MX,Branded,492.27
2024,4,04/14/2024,MX,Branded,492.27
2024,4,04/15/2024,MX,Branded,492.27
2024,4,04/16/2024,MX,Branded,492.27
2024,4,04/17/2024,MX,Branded,492.27
2024,4,04/18/2024,MX,Branded,492.27
2024,4,04/19/2024,MX,Branded,492.27
2024,4,04/20/2024,MX,Branded,492.27
2024,4,04/21/2024,MX,Branded,492.27
2024,4,04/22/2024,MX,Branded,492.27
2024,4,04/23/2024,MX,Branded,492.27
2024,4,04/24/2024,MX,Branded,492.27
2024,4,04/25/2024,MX,Branded,492.27
2024,4,04/26/2024,MX,Branded,492.27
2024,4,04/27/2024,MX,Branded,492.27
2024,4,04/28/2024,MX,Branded,492.27
2024,4,04/29/2024,MX,Branded,492.27
2024,4,04/30/2024,MX,Branded,492.27
2024,5,05/01/2024,MX,Branded,558.97
2024,5,05/02/2024,MX,Branded,558.97
2024,5,05/03/2024,MX,Branded,558.97
2024,5,05/04/2024,MX,Branded,558.97
2024,5,05/05/2024,MX,Branded,558.97
2024,5,05/06/2024,MX,Branded,558.97
2024,5,05/07/2024,MX,Branded,558.97
2024,5,05/08/2024,MX,Branded,558.97
2024,5,05/09/2024,MX,Branded,558.97
2024,5,05/10/2024,MX,Branded,558.97
2024,5,05/11/2024,MX,Branded,558.97
2024,5,05/12/2024,MX,Branded,558.97
2024,5,05/13/2024,MX,Branded,558.97
2024,5,05/14/2024,MX,Branded,558.97
2024,5,05/15/2024,MX,Branded,558.97
2024,5,05/16/2024,MX,Branded,558.97
2024,5,05/17/2024,MX,Branded,558.97
2024,5,05/18/2024,MX,Branded,558.97
2024,5,05/19/2024,MX,Branded,558.97
2024,5,05/20/2024,MX,Branded,558.97
2024,5,05/21/2024,MX,Branded,558.97
2024,5,05/22/2024,MX,Branded,558.97
2024,5,05/23/2024,MX,Branded,558.97
2024,5,05/24/2024,MX,Branded,558.97
2024,5,05/25/2024,MX,Branded,558.97
2024,5,05/26/2024,MX,Branded,558.97
2024,5,05/27/2024,MX,Branded,558.97
2024,5,05/28/2024,MX,Branded,558.97
2024,5,05/29/2024,MX,Branded,558.97
2024,5,05/30/2024,MX,Branded,558.97
2024,5,05/31/2024,MX,Branded,558.97
2024,6,06/01/2024,MX,Branded,544.57
2024,6,06/02/2024,MX,Branded,544.57
2024,6,06/03/2024,MX,Branded,544.57
2024,6,06/04/2024,MX,Branded,544.57
2024,6,06/05/2024,MX,Branded,544.57
2024,6,06/06/2024,MX,Branded,544.57
2024,6,06/07/2024,MX,Branded,544.57
2024,6,06/08/2024,MX,Branded,544.57
2024,6,06/09/2024,MX,Branded,544.57
2024,6,06/10/2024,MX,Branded,544.57
2024,6,06/11/2024,MX,Branded,544.57
2024,6,06/12/2024,MX,Branded,544.57
2024,6,06/13/2024,MX,Branded,544.57
2024,6,06/14/2024,MX,Branded,544.57
2024,6,06/15/2024,MX,Branded,544.57
2024,6,06/16/2024,MX,Branded,544.57
2024,6,06/17/2024,MX,Branded,544.57
2024,6,06/18/2024,MX,Branded,544.57
2024,6,06/19/2024,MX,Branded,544.57
2024,6,06/20/2024,MX,Branded,544.57
2024,6,06/21/2024,MX,Branded,544.57
2024,6,06/22/2024,MX,Branded,544.57
2024,6,06/23/2024,MX,Branded,544.57
2024,6,06/24/2024,MX,Branded,544.57
2024,6,06/25/2024,MX,Branded,544.57
2024,6,06/26/2024,MX,Branded,544.57
2024,6,06/27/2024,MX,Branded,544.57
2024,6,06/28/2024,MX,Branded,544.57
2024,6,06/29/2024,MX,Branded,544.57
2024,6,06/30/2024,MX,Branded,544.57
2024,7,07/01/2024,MX,Branded,513.03
2024,7,07/02/2024,MX,Branded,513.03
2024,7,07/03/2024,MX,Branded,513.03
2024,7,07/04/2024,MX,Branded,513.03
2024,7,07/05/2024,MX,Branded,513.03
2024,7,07/06/2024,MX,Branded,513.03
2024,7,07/07/2024,MX,Branded,513.03
2024,7,07/08/2024,MX,Branded,513.03
2024,7,07/09/2024,MX,Branded,513.03
2024,7,07/10/2024,MX,Branded,513.03
2024,7,07/11/2024,MX,Branded,513.03
2024,7,07/12/2024,MX,Branded,513.03
2024,7,07/13/2024,MX,Branded,513.03
2024,7,07/14/2024,MX,Branded,513.03
2024,7,07/15/2024,MX,Branded,513.03
2024,7,07/16/2024,MX,Branded,513.03
2024,7,07/17/2024,MX,Branded,513.03
2024,7,07/18/2024,MX,Branded,513.03
2024,7,07/19/2024,MX,Branded,513.03
2024,7,07/20/2024,MX,Branded,513.03
2024,7,07/21/2024,MX,Branded,513.03
2024,7,07/22/2024,MX,Branded,513.03
2024,7,07/23/2024,MX,Branded,513.03
2024,7,07/24/2024,MX,Branded,513.03
2024,7,07/25/2024,MX,Branded,513.03
2024,7,07/26/2024,MX,Branded,513.03
2024,7,07/27/2024,MX,Branded,513.03
2024,7,07/28/2024,MX,Branded,513.03
2024,7,07/29/2024,MX,Branded,513.03
2024,7,07/30/2024,MX,Branded,513.03
2024,7,07/31/2024,MX,Branded,513.03
2024,8,08/01/2024,MX,Branded,564.32
2024,8,08/02/2024,MX,Branded,564.32
2024,8,08/03/2024,MX,Branded,564.32
2024,8,08/04/2024,MX,Branded,564.32
2024,8,08/05/2024,MX,Branded,564.32
2024,8,08/06/2024,MX,Branded,564.32
2024,8,08/07/2024,MX,Branded,564.32
2024,8,08/08/2024,MX,Branded,564.32
2024,8,08/09/2024,MX,Branded,564.32
2024,8,08/10/2024,MX,Branded,564.32
2024,8,08/11/2024,MX,Branded,564.32
2024,8,08/12/2024,MX,Branded,564.32
2024,8,08/13/2024,MX,Branded,564.32
2024,8,08/14/2024,MX,Branded,564.32
2024,8,08/15/2024,MX,Branded,564.32
2024,8,08/16/2024,MX,Branded,564.32
2024,8,08/17/2024,MX,Branded,564.32
2024,8,08/18/2024,MX,Branded,564.32
2024,8,08/19/2024,MX,Branded,564.32
2024,8,08/20/2024,MX,Branded,564.32
2024,8,08/21/2024,MX,Branded,564.32
2024,8,08/22/2024,MX,Branded,564.32
2024,8,08/23/2024,MX,Branded,564.32
2024,8,08/24/2024,MX,Branded,564.32
2024,8,08/25/2024,MX,Branded,564.32
2024,8,08/26/2024,MX,Branded,564.32
2024,8,08/27/2024,MX,Branded,564.32
2024,8,08/28/2024,MX,Branded,564.32
2024,8,08/29/2024,MX,Branded,564.32
2024,8,08/30/2024,MX,Branded,564.32
2024,8,08/31/2024,MX,Branded,564.32
2024,9,09/01/2024,MX,Branded,641.47
2024,9,09/02/2024,MX,Branded,641.47
2024,9,09/03/2024,MX,Branded,641.47
2024,9,09/04/2024,MX,Branded,641.47
2024,9,09/05/2024,MX,Branded,641.47
2024,9,09/06/2024,MX,Branded,641.47
2024,9,09/07/2024,MX,Branded,641.47
2024,9,09/08/2024,MX,Branded,641.47
2024,9,09/09/2024,MX,Branded,641.47
2024,9,09/10/2024,MX,Branded,641.47
2024,9,09/11/2024,MX,Branded,641.47
2024,9,09/12/2024,MX,Branded,641.47
2024,9,09/13/2024,MX,Branded,641.47
2024,9,09/14/2024,MX,Branded,641.47
2024,9,09/15/2024,MX,Branded,641.47
2024,9,09/16/2024,MX,Branded,641.47
2024,9,09/17/2024,MX,Branded,641.47
2024,9,09/18/2024,MX,Branded,641.47
2024,9,09/19/2024,MX,Branded,641.47
2024,9,09/20/2024,MX,Branded,641.47
2024,9,09/21/2024,MX,Branded,641.47
2024,9,09/22/2024,MX,Branded,641.47
2024,9,09/23/2024,MX,Branded,641.47
2024,9,09/24/2024,MX,Branded,641.47
2024,9,09/25/2024,MX,Branded,641.47
2024,9,09/26/2024,MX,Branded,641.47
2024,9,09/27/2024,MX,Branded,641.47
2024,9,09/28/2024,MX,Branded,641.47
2024,9,09/29/2024,MX,Branded,641.47
2024,9,09/30/2024,MX,Branded,641.47
2024,10,10/01/2024,MX,Branded,889.90
2024,10,10/02/2024,MX,Branded,889.90
2024,10,10/03/2024,MX,Branded,889.90
2024,10,10/04/2024,MX,Branded,889.90
2024,10,10/05/2024,MX,Branded,889.90
2024,10,10/06/2024,MX,Branded,889.90
2024,10,10/07/2024,MX,Branded,889.90
2024,10,10/08/2024,MX,Branded,889.90
2024,10,10/09/2024,MX,Branded,889.90
2024,10,10/10/2024,MX,Branded,889.90
2024,10,10/11/2024,MX,Branded,889.90
2024,10,10/12/2024,MX,Branded,889.90
2024,10,10/13/2024,MX,Branded,889.90
2024,10,10/14/2024,MX,Branded,889.90
2024,10,10/15/2024,MX,Branded,889.90
2024,10,10/16/2024,MX,Branded,889.90
2024,10,10/17/2024,MX,Branded,889.90
2024,10,10/18/2024,MX,Branded,889.90
2024,10,10/19/2024,MX,Branded,889.90
2024,10,10/20/2024,MX,Branded,889.90
2024,10,10/21/2024,MX,Branded,889.90
2024,10,10/22/2024,MX,Branded,889.90
2024,10,10/23/2024,MX,Branded,889.90
2024,10,10/24/2024,MX,Branded,889.90
2024,10,10/25/2024,MX,Branded,889.90
2024,10,10/26/2024,MX,Branded,889.90
2024,10,10/27/2024,MX,Branded,889.90
2024,10,10/28/2024,MX,Branded,889.90
2024,10,10/29/2024,MX,Branded,889.90
2024,10,10/30/2024,MX,Branded,889.90
2024,10,10/31/2024,MX,Branded,889.90
2024,11,11/01/2024,MX,Branded,897.53
2024,11,11/02/2024,MX,Branded,897.53
2024,11,11/03/2024,MX,Branded,897.53
2024,11,11/04/2024,MX,Branded,897.53
2024,11,11/05/2024,MX,Branded,897.53
2024,11,11/06/2024,MX,Branded,897.53
2024,11,11/07/2024,MX,Branded,897.53
2024,11,11/08/2024,MX,Branded,897.53
2024,11,11/09/2024,MX,Branded,897.53
2024,11,11/10/2024,MX,Branded,897.53
2024,11,11/11/2024,MX,Branded,897.53
2024,11,11/12/2024,MX,Branded,897.53
2024,11,11/13/2024,MX,Branded,897.53
2024,11,11/14/2024,MX,Branded,897.53
2024,11,11/15/2024,MX,Branded,897.53
2024,11,11/16/2024,MX,Branded,897.53
2024,11,11/17/2024,MX,Branded,897.53
2024,11,11/18/2024,MX,Branded,897.53
2024,11,11/19/2024,MX,Branded,897.53
2024,11,11/20/2024,MX,Branded,897.53
2024,11,11/21/2024,MX,Branded,897.53
2024,11,11/22/2024,MX,Branded,897.53
2024,11,11/23/2024,MX,Branded,897.53
2024,11,11/24/2024,MX,Branded,897.53
2024,11,11/25/2024,MX,Branded,897.53
2024,11,11/26/2024,MX,Branded,897.53
2024,11,11/27/2024,MX,Branded,897.53
2024,11,11/28/2024,MX,Branded,897.53
2024,11,11/29/2024,MX,Branded,897.53
2024,11,11/30/2024,MX,Branded,897.53
2024,12,12/01/2024,MX,Branded,640.42
2024,12,12/02/2024,MX,Branded,640.42
2024,12,12/03/2024,MX,Branded,640.42
2024,12,12/04/2024,MX,Branded,640.42
2024,12,12/05/2024,MX,Branded,640.42
2024,12,12/06/2024,MX,Branded,640.42
2024,12,12/07/2024,MX,Branded,640.42
2024,12,12/08/2024,MX,Branded,640.42
2024,12,12/09/2024,MX,Branded,640.42
2024,12,12/10/2024,MX,Branded,640.42
2024,12,12/11/2024,MX,Branded,640.42
2024,12,12/12/2024,MX,Branded,640.42
2024,12,12/13/2024,MX,Branded,640.42
2024,12,12/14/2024,MX,Branded,640.42
2024,12,12/15/2024,MX,Branded,640.42
2024,12,12/16/2024,MX,Branded,640.42
2024,12,12/17/2024,MX,Branded,640.42
2024,12,12/18/2024,MX,Branded,640.42
2024,12,12/19/2024,MX,Branded,640.42
2024,12,12/20/2024,MX,Branded,640.42
2024,12,12/21/2024,MX,Branded,640.42
2024,12,12/22/2024,MX,Branded,640.42
2024,12,12/23/2024,MX,Branded,640.42
2024,12,12/24/2024,MX,Branded,640.42
2024,12,12/25/2024,MX,Branded,640.42
2024,12,12/26/2024,MX,Branded,640.42
2024,12,12/27/2024,MX,Branded,640.42
2024,12,12/28/2024,MX,Branded,640.42
2024,12,12/29/2024,MX,Branded,640.42
2024,12,12/30/2024,MX,Branded,640.42
2024,12,12/31/2024,MX,Branded,640.42
2024,1,01/01/2024,AR,No Brand,0.00
2024,1,01/02/2024,AR,No Brand,0.00
2024,1,01/03/2024,AR,No Brand,0.00
2024,1,01/04/2024,AR,No Brand,0.00
2024,1,01/05/2024,AR,No Brand,0.00
2024,1,01/06/2024,AR,No Brand,0.00
2024,1,01/07/2024,AR,No Brand,0.00
2024,1,01/08/2024,AR,No Brand,0.00
2024,1,01/09/2024,AR,No Brand,0.00
2024,1,01/10/2024,AR,No Brand,0.00
2024,1,01/11/2024,AR,No Brand,0.00
2024,1,01/12/2024,AR,No Brand,0.00
2024,1,01/13/2024,AR,No Brand,0.00
2024,1,01/14/2024,AR,No Brand,0.00
2024,1,01/15/2024,AR,No Brand,0.00
2024,1,01/16/2024,AR,No Brand,0.00
2024,1,01/17/2024,AR,No Brand,0.00
2024,1,01/18/2024,AR,No Brand,0.00
2024,1,01/19/2024,AR,No Brand,0.00
2024,1,01/20/2024,AR,No Brand,0.00
2024,1,01/21/2024,AR,No Brand,0.00
2024,1,01/22/2024,AR,No Brand,0.00
2024,1,01/23/2024,AR,No Brand,0.00
2024,1,01/24/2024,AR,No Brand,0.00
2024,1,01/25/2024,AR,No Brand,0.00
2024,1,01/26/2024,AR,No Brand,0.00
2024,1,01/27/2024,AR,No Brand,0.00
2024,1,01/28/2024,AR,No Brand,0.00
2024,1,01/29/2024,AR,No Brand,0.00
2024,1,01/30/2024,AR,No Brand,0.00
2024,1,01/31/2024,AR,No Brand,0.00
2024,2,02/01/2024,AR,No Brand,0.00
2024,2,02/02/2024,AR,No Brand,0.00
2024,2,02/03/2024,AR,No Brand,0.00
2024,2,02/04/2024,AR,No Brand,0.00
2024,2,02/05/2024,AR,No Brand,0.00
2024,2,02/06/2024,AR,No Brand,0.00
2024,2,02/07/2024,AR,No Brand,0.00
2024,2,02/08/2024,AR,No Brand,0.00
2024,2,02/09/2024,AR,No Brand,0.00
2024,2,02/10/2024,AR,No Brand,0.00
2024,2,02/11/2024,AR,No Brand,0.00
2024,2,02/12/2024,AR,No Brand,0.00
2024,2,02/13/2024,AR,No Brand,0.00
2024,2,02/14/2024,AR,No Brand,0.00
2024,2,02/15/2024,AR,No Brand,0.00
2024,2,02/16/2024,AR,No Brand,0.00
2024,2,02/17/2024,AR,No Brand,0.00
2024,2,02/18/2024,AR,No Brand,0.00
2024,2,02/19/2024,AR,No Brand,0.00
2024,2,02/20/2024,AR,No Brand,0.00
2024,2,02/21/2024,AR,No Brand,0.00
2024,2,02/22/2024,AR,No Brand,0.00
2024,2,02/23/2024,AR,No Brand,0.00
2024,2,02/24/2024,AR,No Brand,0.00
2024,2,02/25/2024,AR,No Brand,0.00
2024,2,02/26/2024,AR,No Brand,0.00
2024,2,02/27/2024,AR,No Brand,0.00
2024,2,02/28/2024,AR,No Brand,0.00
2024,2,02/29/2024,AR,No Brand,0.00
2024,3,03/01/2024,AR,No Brand,0.00
2024,3,03/02/2024,AR,No Brand,0.00
2024,3,03/03/2024,AR,No Brand,0.00
2024,3,03/04/2024,AR,No Brand,0.00
2024,3,03/05/2024,AR,No Brand,0.00
2024,3,03/06/2024,AR,No Brand,0.00
2024,3,03/07/2024,AR,No Brand,0.00
2024,3,03/08/2024,AR,No Brand,0.00
2024,3,03/09/2024,AR,No Brand,0.00
2024,3,03/10/2024,AR,No Brand,0.00
2024,3,03/11/2024,AR,No Brand,0.00
2024,3,03/12/2024,AR,No Brand,0.00
2024,3,03/13/2024,AR,No Brand,0.00
2024,3,03/14/2024,AR,No Brand,0.00
2024,3,03/15/2024,AR,No Brand,0.00
2024,3,03/16/2024,AR,No Brand,0.00
2024,3,03/17/2024,AR,No Brand,0.00
2024,3,03/18/2024,AR,No Brand,0.00
2024,3,03/19/2024,AR,No Brand,0.00
2024,3,03/20/2024,AR,No Brand,0.00
2024,3,03/21/2024,AR,No Brand,0.00
2024,3,03/22/2024,AR,No Brand,0.00
2024,3,03/23/2024,AR,No Brand,0.00
2024,3,03/24/2024,AR,No Brand,0.00
2024,3,03/25/2024,AR,No Brand,0.00
2024,3,03/26/2024,AR,No Brand,0.00
2024,3,03/27/2024,AR,No Brand,0.00
2024,3,03/28/2024,AR,No Brand,0.00
2024,3,03/29/2024,AR,No Brand,0.00
2024,3,03/30/2024,AR,No Brand,0.00
2024,3,03/31/2024,AR,No Brand,0.00
2024,4,04/01/2024,AR,No Brand,0.00
2024,4,04/02/2024,AR,No Brand,0.00
2024,4,04/03/2024,AR,No Brand,0.00
2024,4,04/04/2024,AR,No Brand,0.00
2024,4,04/05/2024,AR,No Brand,0.00
2024,4,04/06/2024,AR,No Brand,0.00
2024,4,04/07/2024,AR,No Brand,0.00
2024,4,04/08/2024,AR,No Brand,0.00
2024,4,04/09/2024,AR,No Brand,0.00
2024,4,04/10/2024,AR,No Brand,0.00
2024,4,04/11/2024,AR,No Brand,0.00
2024,4,04/12/2024,AR,No Brand,0.00
2024,4,04/13/2024,AR,No Brand,0.00
2024,4,04/14/2024,AR,No Brand,0.00
2024,4,04/15/2024,AR,No Brand,0.00
2024,4,04/16/2024,AR,No Brand,0.00
2024,4,04/17/2024,AR,No Brand,0.00
2024,4,04/18/2024,AR,No Brand,0.00
2024,4,04/19/2024,AR,No Brand,0.00
2024,4,04/20/2024,AR,No Brand,0.00
2024,4,04/21/2024,AR,No Brand,0.00
2024,4,04/22/2024,AR,No Brand,0.00
2024,4,04/23/2024,AR,No Brand,0.00
2024,4,04/24/2024,AR,No Brand,0.00
2024,4,04/25/2024,AR,No Brand,0.00
2024,4,04/26/2024,AR,No Brand,0.00
2024,4,04/27/2024,AR,No Brand,0.00
2024,4,04/28/2024,AR,No Brand,0.00
2024,4,04/29/2024,AR,No Brand,0.00
2024,4,04/30/2024,AR,No Brand,0.00
2024,5,05/01/2024,AR,No Brand,0.00
2024,5,05/02/2024,AR,No Brand,0.00
2024,5,05/03/2024,AR,No Brand,0.00
2024,5,05/04/2024,AR,No Brand,0.00
2024,5,05/05/2024,AR,No Brand,0.00
2024,5,05/06/2024,AR,No Brand,0.00
2024,5,05/07/2024,AR,No Brand,0.00
2024,5,05/08/2024,AR,No Brand,0.00
2024,5,05/09/2024,AR,No Brand,0.00
2024,5,05/10/2024,AR,No Brand,0.00
2024,5,05/11/2024,AR,No Brand,0.00
2024,5,05/12/2024,AR,No Brand,0.00
2024,5,05/13/2024,AR,No Brand,0.00
2024,5,05/14/2024,AR,No Brand,0.00
2024,5,05/15/2024,AR,No Brand,0.00
2024,5,05/16/2024,AR,No Brand,0.00
2024,5,05/17/2024,AR,No Brand,0.00
2024,5,05/18/2024,AR,No Brand,0.00
2024,5,05/19/2024,AR,No Brand,0.00
2024,5,05/20/2024,AR,No Brand,0.00
2024,5,05/21/2024,AR,No Brand,0.00
2024,5,05/22/2024,AR,No Brand,0.00
2024,5,05/23/2024,AR,No Brand,0.00
2024,5,05/24/2024,AR,No Brand,0.00
2024,5,05/25/2024,AR,No Brand,0.00
2024,5,05/26/2024,AR,No Brand,0.00
2024,5,05/27/2024,AR,No Brand,0.00
2024,5,05/28/2024,AR,No Brand,0.00
2024,5,05/29/2024,AR,No Brand,0.00
2024,5,05/30/2024,AR,No Brand,0.00
2024,5,05/31/2024,AR,No Brand,0.00
2024,6,06/01/2024,AR,No Brand,0.00
2024,6,06/02/2024,AR,No Brand,0.00
2024,6,06/03/2024,AR,No Brand,0.00
2024,6,06/04/2024,AR,No Brand,0.00
2024,6,06/05/2024,AR,No Brand,0.00
2024,6,06/06/2024,AR,No Brand,0.00
2024,6,06/07/2024,AR,No Brand,0.00
2024,6,06/08/2024,AR,No Brand,0.00
2024,6,06/09/2024,AR,No Brand,0.00
2024,6,06/10/2024,AR,No Brand,0.00
2024,6,06/11/2024,AR,No Brand,0.00
2024,6,06/12/2024,AR,No Brand,0.00
2024,6,06/13/2024,AR,No Brand,0.00
2024,6,06/14/2024,AR,No Brand,0.00
2024,6,06/15/2024,AR,No Brand,0.00
2024,6,06/16/2024,AR,No Brand,0.00
2024,6,06/17/2024,AR,No Brand,0.00
2024,6,06/18/2024,AR,No Brand,0.00
2024,6,06/19/2024,AR,No Brand,0.00
2024,6,06/20/2024,AR,No Brand,0.00
2024,6,06/21/2024,AR,No Brand,0.00
2024,6,06/22/2024,AR,No Brand,0.00
2024,6,06/23/2024,AR,No Brand,0.00
2024,6,06/24/2024,AR,No Brand,0.00
2024,6,06/25/2024,AR,No Brand,0.00
2024,6,06/26/2024,AR,No Brand,0.00
2024,6,06/27/2024,AR,No Brand,0.00
2024,6,06/28/2024,AR,No Brand,0.00
2024,6,06/29/2024,AR,No Brand,0.00
2024,6,06/30/2024,AR,No Brand,0.00
2024,7,07/01/2024,AR,No Brand,0.00
2024,7,07/02/2024,AR,No Brand,0.00
2024,7,07/03/2024,AR,No Brand,0.00
2024,7,07/04/2024,AR,No Brand,0.00
2024,7,07/05/2024,AR,No Brand,0.00
2024,7,07/06/2024,AR,No Brand,0.00
2024,7,07/07/2024,AR,No Brand,0.00
2024,7,07/08/2024,AR,No Brand,0.00
2024,7,07/09/2024,AR,No Brand,0.00
2024,7,07/10/2024,AR,No Brand,0.00
2024,7,07/11/2024,AR,No Brand,0.00
2024,7,07/12/2024,AR,No Brand,0.00
2024,7,07/13/2024,AR,No Brand,0.00
2024,7,07/14/2024,AR,No Brand,0.00
2024,7,07/15/2024,AR,No Brand,0.00
2024,7,07/16/2024,AR,No Brand,0.00
2024,7,07/17/2024,AR,No Brand,0.00
2024,7,07/18/2024,AR,No Brand,0.00
2024,7,07/19/2024,AR,No Brand,0.00
2024,7,07/20/2024,AR,No Brand,0.00
2024,7,07/21/2024,AR,No Brand,0.00
2024,7,07/22/2024,AR,No Brand,0.00
2024,7,07/23/2024,AR,No Brand,0.00
2024,7,07/24/2024,AR,No Brand,0.00
2024,7,07/25/2024,AR,No Brand,0.00
2024,7,07/26/2024,AR,No Brand,0.00
2024,7,07/27/2024,AR,No Brand,0.00
2024,7,07/28/2024,AR,No Brand,0.00
2024,7,07/29/2024,AR,No Brand,0.00
2024,7,07/30/2024,AR,No Brand,0.00
2024,7,07/31/2024,AR,No Brand,0.00
2024,8,08/01/2024,AR,No Brand,0.00
2024,8,08/02/2024,AR,No Brand,0.00
2024,8,08/03/2024,AR,No Brand,0.00
2024,8,08/04/2024,AR,No Brand,0.00
2024,8,08/05/2024,AR,No Brand,0.00
2024,8,08/06/2024,AR,No Brand,0.00
2024,8,08/07/2024,AR,No Brand,0.00
2024,8,08/08/2024,AR,No Brand,0.00
2024,8,08/09/2024,AR,No Brand,0.00
2024,8,08/10/2024,AR,No Brand,0.00
2024,8,08/11/2024,AR,No Brand,0.00
2024,8,08/12/2024,AR,No Brand,0.00
2024,8,08/13/2024,AR,No Brand,0.00
2024,8,08/14/2024,AR,No Brand,0.00
2024,8,08/15/2024,AR,No Brand,0.00
2024,8,08/16/2024,AR,No Brand,0.00
2024,8,08/17/2024,AR,No Brand,0.00
2024,8,08/18/2024,AR,No Brand,0.00
2024,8,08/19/2024,AR,No Brand,0.00
2024,8,08/20/2024,AR,No Brand,0.00
2024,8,08/21/2024,AR,No Brand,0.00
2024,8,08/22/2024,AR,No Brand,0.00
2024,8,08/23/2024,AR,No Brand,0.00
2024,8,08/24/2024,AR,No Brand,0.00
2024,8,08/25/2024,AR,No Brand,0.00
2024,8,08/26/2024,AR,No Brand,0.00
2024,8,08/27/2024,AR,No Brand,0.00
2024,8,08/28/2024,AR,No Brand,0.00
2024,8,08/29/2024,AR,No Brand,0.00
2024,8,08/30/2024,AR,No Brand,0.00
2024,8,08/31/2024,AR,No Brand,0.00
2024,9,09/01/2024,AR,No Brand,0.00
2024,9,09/02/2024,AR,No Brand,0.00
2024,9,09/03/2024,AR,No Brand,0.00
2024,9,09/04/2024,AR,No Brand,0.00
2024,9,09/05/2024,AR,No Brand,0.00
2024,9,09/06/2024,AR,No Brand,0.00
2024,9,09/07/2024,AR,No Brand,0.00
2024,9,09/08/2024,AR,No Brand,0.00
2024,9,09/09/2024,AR,No Brand,0.00
2024,9,09/10/2024,AR,No Brand,0.00
2024,9,09/11/2024,AR,No Brand,0.00
2024,9,09/12/2024,AR,No Brand,0.00
2024,9,09/13/2024,AR,No Brand,0.00
2024,9,09/14/2024,AR,No Brand,0.00
2024,9,09/15/2024,AR,No Brand,0.00
2024,9,09/16/2024,AR,No Brand,0.00
2024,9,09/17/2024,AR,No Brand,0.00
2024,9,09/18/2024,AR,No Brand,0.00
2024,9,09/19/2024,AR,No Brand,0.00
2024,9,09/20/2024,AR,No Brand,0.00
2024,9,09/21/2024,AR,No Brand,0.00
2024,9,09/22/2024,AR,No Brand,0.00
2024,9,09/23/2024,AR,No Brand,0.00
2024,9,09/24/2024,AR,No Brand,0.00
2024,9,09/25/2024,AR,No Brand,0.00
2024,9,09/26/2024,AR,No Brand,0.00
2024,9,09/27/2024,AR,No Brand,0.00
2024,9,09/28/2024,AR,No Brand,0.00
2024,9,09/29/2024,AR,No Brand,0.00
2024,9,09/30/2024,AR,No Brand,0.00
2024,10,10/01/2024,AR,No Brand,0.00
2024,10,10/02/2024,AR,No Brand,0.00
2024,10,10/03/2024,AR,No Brand,0.00
2024,10,10/04/2024,AR,No Brand,0.00
2024,10,10/05/2024,AR,No Brand,0.00
2024,10,10/06/2024,AR,No Brand,0.00
2024,10,10/07/2024,AR,No Brand,0.00
2024,10,10/08/2024,AR,No Brand,0.00
2024,10,10/09/2024,AR,No Brand,0.00
2024,10,10/10/2024,AR,No Brand,0.00
2024,10,10/11/2024,AR,No Brand,0.00
2024,10,10/12/2024,AR,No Brand,0.00
2024,10,10/13/2024,AR,No Brand,0.00
2024,10,10/14/2024,AR,No Brand,0.00
2024,10,10/15/2024,AR,No Brand,0.00
2024,10,10/16/2024,AR,No Brand,0.00
2024,10,10/17/2024,AR,No Brand,0.00
2024,10,10/18/2024,AR,No Brand,0.00
2024,10,10/19/2024,AR,No Brand,0.00
2024,10,10/20/2024,AR,No Brand,0.00
2024,10,10/21/2024,AR,No Brand,0.00
2024,10,10/22/2024,AR,No Brand,0.00
2024,10,10/23/2024,AR,No Brand,0.00
2024,10,10/24/2024,AR,No Brand,0.00
2024,10,10/25/2024,AR,No Brand,0.00
2024,10,10/26/2024,AR,No Brand,0.00
2024,10,10/27/2024,AR,No Brand,0.00
2024,10,10/28/2024,AR,No Brand,0.00
2024,10,10/29/2024,AR,No Brand,0.00
2024,10,10/30/2024,AR,No Brand,0.00
2024,10,10/31/2024,AR,No Brand,0.00
2024,11,11/01/2024,AR,No Brand,0.00
2024,11,11/02/2024,AR,No Brand,0.00
2024,11,11/03/2024,AR,No Brand,0.00
2024,11,11/04/2024,AR,No Brand,0.00
2024,11,11/05/2024,AR,No Brand,0.00
2024,11,11/06/2024,AR,No Brand,0.00
2024,11,11/07/2024,AR,No Brand,0.00
2024,11,11/08/2024,AR,No Brand,0.00
2024,11,11/09/2024,AR,No Brand,0.00
2024,11,11/10/2024,AR,No Brand,0.00
2024,11,11/11/2024,AR,No Brand,0.00
2024,11,11/12/2024,AR,No Brand,0.00
2024,11,11/13/2024,AR,No Brand,0.00
2024,11,11/14/2024,AR,No Brand,0.00
2024,11,11/15/2024,AR,No Brand,0.00
2024,11,11/16/2024,AR,No Brand,0.00
2024,11,11/17/2024,AR,No Brand,0.00
2024,11,11/18/2024,AR,No Brand,0.00
2024,11,11/19/2024,AR,No Brand,0.00
2024,11,11/20/2024,AR,No Brand,0.00
2024,11,11/21/2024,AR,No Brand,0.00
2024,11,11/22/2024,AR,No Brand,0.00
2024,11,11/23/2024,AR,No Brand,0.00
2024,11,11/24/2024,AR,No Brand,0.00
2024,11,11/25/2024,AR,No Brand,0.00
2024,11,11/26/2024,AR,No Brand,0.00
2024,11,11/27/2024,AR,No Brand,0.00
2024,11,11/28/2024,AR,No Brand,0.00
2024,11,11/29/2024,AR,No Brand,0.00
2024,11,11/30/2024,AR,No Brand,0.00
2024,12,12/01/2024,AR,No Brand,0.00
2024,12,12/02/2024,AR,No Brand,0.00
2024,12,12/03/2024,AR,No Brand,0.00
2024,12,12/04/2024,AR,No Brand,0.00
2024,12,12/05/2024,AR,No Brand,0.00
2024,12,12/06/2024,AR,No Brand,0.00
2024,12,12/07/2024,AR,No Brand,0.00
2024,12,12/08/2024,AR,No Brand,0.00
2024,12,12/09/2024,AR,No Brand,0.00
2024,12,12/10/2024,AR,No Brand,0.00
2024,12,12/11/2024,AR,No Brand,0.00
2024,12,12/12/2024,AR,No Brand,0.00
2024,12,12/13/2024,AR,No Brand,0.00
2024,12,12/14/2024,AR,No Brand,0.00
2024,12,12/15/2024,AR,No Brand,0.00
2024,12,12/16/2024,AR,No Brand,0.00
2024,12,12/17/2024,AR,No Brand,0.00
2024,12,12/18/2024,AR,No Brand,0.00
2024,12,12/19/2024,AR,No Brand,0.00
2024,12,12/20/2024,AR,No Brand,0.00
2024,12,12/21/2024,AR,No Brand,0.00
2024,12,12/22/2024,AR,No Brand,0.00
2024,12,12/23/2024,AR,No Brand,0.00
2024,12,12/24/2024,AR,No Brand,0.00
2024,12,12/25/2024,AR,No Brand,0.00
2024,12,12/26/2024,AR,No Brand,0.00
2024,12,12/27/2024,AR,No Brand,0.00
2024,12,12/28/2024,AR,No Brand,0.00
2024,12,12/29/2024,AR,No Brand,0.00
2024,12,12/30/2024,AR,No Brand,0.00
2024,12,12/31/2024,AR,No Brand,0.00
2024,1,01/01/2024,BR,No Brand,0.00
2024,1,01/02/2024,BR,No Brand,0.00
2024,1,01/03/2024,BR,No Brand,0.00
2024,1,01/04/2024,BR,No Brand,0.00
2024,1,01/05/2024,BR,No Brand,0.00
2024,1,01/06/2024,BR,No Brand,0.00
2024,1,01/07/2024,BR,No Brand,0.00
2024,1,01/08/2024,BR,No Brand,0.00
2024,1,01/09/2024,BR,No Brand,0.00
2024,1,01/10/2024,BR,No Brand,0.00
2024,1,01/11/2024,BR,No Brand,0.00
2024,1,01/12/2024,BR,No Brand,0.00
2024,1,01/13/2024,BR,No Brand,0.00
2024,1,01/14/2024,BR,No Brand,0.00
2024,1,01/15/2024,BR,No Brand,0.00
2024,1,01/16/2024,BR,No Brand,0.00
2024,1,01/17/2024,BR,No Brand,0.00
2024,1,01/18/2024,BR,No Brand,0.00
2024,1,01/19/2024,BR,No Brand,0.00
2024,1,01/20/2024,BR,No Brand,0.00
2024,1,01/21/2024,BR,No Brand,0.00
2024,1,01/22/2024,BR,No Brand,0.00
2024,1,01/23/2024,BR,No Brand,0.00
2024,1,01/24/2024,BR,No Brand,0.00
2024,1,01/25/2024,BR,No Brand,0.00
2024,1,01/26/2024,BR,No Brand,0.00
2024,1,01/27/2024,BR,No Brand,0.00
2024,1,01/28/2024,BR,No Brand,0.00
2024,1,01/29/2024,BR,No Brand,0.00
2024,1,01/30/2024,BR,No Brand,0.00
2024,1,01/31/2024,BR,No Brand,0.00
2024,2,02/01/2024,BR,No Brand,0.00
2024,2,02/02/2024,BR,No Brand,0.00
2024,2,02/03/2024,BR,No Brand,0.00
2024,2,02/04/2024,BR,No Brand,0.00
2024,2,02/05/2024,BR,No Brand,0.00
2024,2,02/06/2024,BR,No Brand,0.00
2024,2,02/07/2024,BR,No Brand,0.00
2024,2,02/08/2024,BR,No Brand,0.00
2024,2,02/09/2024,BR,No Brand,0.00
2024,2,02/10/2024,BR,No Brand,0.00
2024,2,02/11/2024,BR,No Brand,0.00
2024,2,02/12/2024,BR,No Brand,0.00
2024,2,02/13/2024,BR,No Brand,0.00
2024,2,02/14/2024,BR,No Brand,0.00
2024,2,02/15/2024,BR,No Brand,0.00
2024,2,02/16/2024,BR,No Brand,0.00
2024,2,02/17/2024,BR,No Brand,0.00
2024,2,02/18/2024,BR,No Brand,0.00
2024,2,02/19/2024,BR,No Brand,0.00
2024,2,02/20/2024,BR,No Brand,0.00
2024,2,02/21/2024,BR,No Brand,0.00
2024,2,02/22/2024,BR,No Brand,0.00
2024,2,02/23/2024,BR,No Brand,0.00
2024,2,02/24/2024,BR,No Brand,0.00
2024,2,02/25/2024,BR,No Brand,0.00
2024,2,02/26/2024,BR,No Brand,0.00
2024,2,02/27/2024,BR,No Brand,0.00
2024,2,02/28/2024,BR,No Brand,0.00
2024,2,02/29/2024,BR,No Brand,0.00
2024,3,03/01/2024,BR,No Brand,0.00
2024,3,03/02/2024,BR,No Brand,0.00
2024,3,03/03/2024,BR,No Brand,0.00
2024,3,03/04/2024,BR,No Brand,0.00
2024,3,03/05/2024,BR,No Brand,0.00
2024,3,03/06/2024,BR,No Brand,0.00
2024,3,03/07/2024,BR,No Brand,0.00
2024,3,03/08/2024,BR,No Brand,0.00
2024,3,03/09/2024,BR,No Brand,0.00
2024,3,03/10/2024,BR,No Brand,0.00
2024,3,03/11/2024,BR,No Brand,0.00
2024,3,03/12/2024,BR,No Brand,0.00
2024,3,03/13/2024,BR,No Brand,0.00
2024,3,03/14/2024,BR,No Brand,0.00
2024,3,03/15/2024,BR,No Brand,0.00
2024,3,03/16/2024,BR,No Brand,0.00
2024,3,03/17/2024,BR,No Brand,0.00
2024,3,03/18/2024,BR,No Brand,0.00
2024,3,03/19/2024,BR,No Brand,0.00
2024,3,03/20/2024,BR,No Brand,0.00
2024,3,03/21/2024,BR,No Brand,0.00
2024,3,03/22/2024,BR,No Brand,0.00
2024,3,03/23/2024,BR,No Brand,0.00
2024,3,03/24/2024,BR,No Brand,0.00
2024,3,03/25/2024,BR,No Brand,0.00
2024,3,03/26/2024,BR,No Brand,0.00
2024,3,03/27/2024,BR,No Brand,0.00
2024,3,03/28/2024,BR,No Brand,0.00
2024,3,03/29/2024,BR,No Brand,0.00
2024,3,03/30/2024,BR,No Brand,0.00
2024,3,03/31/2024,BR,No Brand,0.00
2024,4,04/01/2024,BR,No Brand,0.00
2024,4,04/02/2024,BR,No Brand,0.00
2024,4,04/03/2024,BR,No Brand,0.00
2024,4,04/04/2024,BR,No Brand,0.00
2024,4,04/05/2024,BR,No Brand,0.00
2024,4,04/06/2024,BR,No Brand,0.00
2024,4,04/07/2024,BR,No Brand,0.00
2024,4,04/08/2024,BR,No Brand,0.00
2024,4,04/09/2024,BR,No Brand,0.00
2024,4,04/10/2024,BR,No Brand,0.00
2024,4,04/11/2024,BR,No Brand,0.00
2024,4,04/12/2024,BR,No Brand,0.00
2024,4,04/13/2024,BR,No Brand,0.00
2024,4,04/14/2024,BR,No Brand,0.00
2024,4,04/15/2024,BR,No Brand,0.00
2024,4,04/16/2024,BR,No Brand,0.00
2024,4,04/17/2024,BR,No Brand,0.00
2024,4,04/18/2024,BR,No Brand,0.00
2024,4,04/19/2024,BR,No Brand,0.00
2024,4,04/20/2024,BR,No Brand,0.00
2024,4,04/21/2024,BR,No Brand,0.00
2024,4,04/22/2024,BR,No Brand,0.00
2024,4,04/23/2024,BR,No Brand,0.00
2024,4,04/24/2024,BR,No Brand,0.00
2024,4,04/25/2024,BR,No Brand,0.00
2024,4,04/26/2024,BR,No Brand,0.00
2024,4,04/27/2024,BR,No Brand,0.00
2024,4,04/28/2024,BR,No Brand,0.00
2024,4,04/29/2024,BR,No Brand,0.00
2024,4,04/30/2024,BR,No Brand,0.00
2024,5,05/01/2024,BR,No Brand,0.00
2024,5,05/02/2024,BR,No Brand,0.00
2024,5,05/03/2024,BR,No Brand,0.00
2024,5,05/04/2024,BR,No Brand,0.00
2024,5,05/05/2024,BR,No Brand,0.00
2024,5,05/06/2024,BR,No Brand,0.00
2024,5,05/07/2024,BR,No Brand,0.00
2024,5,05/08/2024,BR,No Brand,0.00
2024,5,05/09/2024,BR,No Brand,0.00
2024,5,05/10/2024,BR,No Brand,0.00
2024,5,05/11/2024,BR,No Brand,0.00
2024,5,05/12/2024,BR,No Brand,0.00
2024,5,05/13/2024,BR,No Brand,0.00
2024,5,05/14/2024,BR,No Brand,0.00
2024,5,05/15/2024,BR,No Brand,0.00
2024,5,05/16/2024,BR,No Brand,0.00
2024,5,05/17/2024,BR,No Brand,0.00
2024,5,05/18/2024,BR,No Brand,0.00
2024,5,05/19/2024,BR,No Brand,0.00
2024,5,05/20/2024,BR,No Brand,0.00
2024,5,05/21/2024,BR,No Brand,0.00
2024,5,05/22/2024,BR,No Brand,0.00
2024,5,05/23/2024,BR,No Brand,0.00
2024,5,05/24/2024,BR,No Brand,0.00
2024,5,05/25/2024,BR,No Brand,0.00
2024,5,05/26/2024,BR,No Brand,0.00
2024,5,05/27/2024,BR,No Brand,0.00
2024,5,05/28/2024,BR,No Brand,0.00
2024,5,05/29/2024,BR,No Brand,0.00
2024,5,05/30/2024,BR,No Brand,0.00
2024,5,05/31/2024,BR,No Brand,0.00
2024,6,06/01/2024,BR,No Brand,0.00
2024,6,06/02/2024,BR,No Brand,0.00
2024,6,06/03/2024,BR,No Brand,0.00
2024,6,06/04/2024,BR,No Brand,0.00
2024,6,06/05/2024,BR,No Brand,0.00
2024,6,06/06/2024,BR,No Brand,0.00
2024,6,06/07/2024,BR,No Brand,0.00
2024,6,06/08/2024,BR,No Brand,0.00
2024,6,06/09/2024,BR,No Brand,0.00
2024,6,06/10/2024,BR,No Brand,0.00
2024,6,06/11/2024,BR,No Brand,0.00
2024,6,06/12/2024,BR,No Brand,0.00
2024,6,06/13/2024,BR,No Brand,0.00
2024,6,06/14/2024,BR,No Brand,0.00
2024,6,06/15/2024,BR,No Brand,0.00
2024,6,06/16/2024,BR,No Brand,0.00
2024,6,06/17/2024,BR,No Brand,0.00
2024,6,06/18/2024,BR,No Brand,0.00
2024,6,06/19/2024,BR,No Brand,0.00
2024,6,06/20/2024,BR,No Brand,0.00
2024,6,06/21/2024,BR,No Brand,0.00
2024,6,06/22/2024,BR,No Brand,0.00
2024,6,06/23/2024,BR,No Brand,0.00
2024,6,06/24/2024,BR,No Brand,0.00
2024,6,06/25/2024,BR,No Brand,0.00
2024,6,06/26/2024,BR,No Brand,0.00
2024,6,06/27/2024,BR,No Brand,0.00
2024,6,06/28/2024,BR,No Brand,0.00
2024,6,06/29/2024,BR,No Brand,0.00
2024,6,06/30/2024,BR,No Brand,0.00
2024,7,07/01/2024,BR,No Brand,0.00
2024,7,07/02/2024,BR,No Brand,0.00
2024,7,07/03/2024,BR,No Brand,0.00
2024,7,07/04/2024,BR,No Brand,0.00
2024,7,07/05/2024,BR,No Brand,0.00
2024,7,07/06/2024,BR,No Brand,0.00
2024,7,07/07/2024,BR,No Brand,0.00
2024,7,07/08/2024,BR,No Brand,0.00
2024,7,07/09/2024,BR,No Brand,0.00
2024,7,07/10/2024,BR,No Brand,0.00
2024,7,07/11/2024,BR,No Brand,0.00
2024,7,07/12/2024,BR,No Brand,0.00
2024,7,07/13/2024,BR,No Brand,0.00
2024,7,07/14/2024,BR,No Brand,0.00
2024,7,07/15/2024,BR,No Brand,0.00
2024,7,07/16/2024,BR,No Brand,0.00
2024,7,07/17/2024,BR,No Brand,0.00
2024,7,07/18/2024,BR,No Brand,0.00
2024,7,07/19/2024,BR,No Brand,0.00
2024,7,07/20/2024,BR,No Brand,0.00
2024,7,07/21/2024,BR,No Brand,0.00
2024,7,07/22/2024,BR,No Brand,0.00
2024,7,07/23/2024,BR,No Brand,0.00
2024,7,07/24/2024,BR,No Brand,0.00
2024,7,07/25/2024,BR,No Brand,0.00
2024,7,07/26/2024,BR,No Brand,0.00
2024,7,07/27/2024,BR,No Brand,0.00
2024,7,07/28/2024,BR,No Brand,0.00
2024,7,07/29/2024,BR,No Brand,0.00
2024,7,07/30/2024,BR,No Brand,0.00
2024,7,07/31/2024,BR,No Brand,0.00
2024,8,08/01/2024,BR,No Brand,0.00
2024,8,08/02/2024,BR,No Brand,0.00
2024,8,08/03/2024,BR,No Brand,0.00
2024,8,08/04/2024,BR,No Brand,0.00
2024,8,08/05/2024,BR,No Brand,0.00
2024,8,08/06/2024,BR,No Brand,0.00
2024,8,08/07/2024,BR,No Brand,0.00
2024,8,08/08/2024,BR,No Brand,0.00
2024,8,08/09/2024,BR,No Brand,0.00
2024,8,08/10/2024,BR,No Brand,0.00
2024,8,08/11/2024,BR,No Brand,0.00
2024,8,08/12/2024,BR,No Brand,0.00
2024,8,08/13/2024,BR,No Brand,0.00
2024,8,08/14/2024,BR,No Brand,0.00
2024,8,08/15/2024,BR,No Brand,0.00
2024,8,08/16/2024,BR,No Brand,0.00
2024,8,08/17/2024,BR,No Brand,0.00
2024,8,08/18/2024,BR,No Brand,0.00
2024,8,08/19/2024,BR,No Brand,0.00
2024,8,08/20/2024,BR,No Brand,0.00
2024,8,08/21/2024,BR,No Brand,0.00
2024,8,08/22/2024,BR,No Brand,0.00
2024,8,08/23/2024,BR,No Brand,0.00
2024,8,08/24/2024,BR,No Brand,0.00
2024,8,08/25/2024,BR,No Brand,0.00
2024,8,08/26/2024,BR,No Brand,0.00
2024,8,08/27/2024,BR,No Brand,0.00
2024,8,08/28/2024,BR,No Brand,0.00
2024,8,08/29/2024,BR,No Brand,0.00
2024,8,08/30/2024,BR,No Brand,0.00
2024,8,08/31/2024,BR,No Brand,0.00
2024,9,09/01/2024,BR,No Brand,0.00
2024,9,09/02/2024,BR,No Brand,0.00
2024,9,09/03/2024,BR,No Brand,0.00
2024,9,09/04/2024,BR,No Brand,0.00
2024,9,09/05/2024,BR,No Brand,0.00
2024,9,09/06/2024,BR,No Brand,0.00
2024,9,09/07/2024,BR,No Brand,0.00
2024,9,09/08/2024,BR,No Brand,0.00
2024,9,09/09/2024,BR,No Brand,0.00
2024,9,09/10/2024,BR,No Brand,0.00
2024,9,09/11/2024,BR,No Brand,0.00
2024,9,09/12/2024,BR,No Brand,0.00
2024,9,09/13/2024,BR,No Brand,0.00
2024,9,09/14/2024,BR,No Brand,0.00
2024,9,09/15/2024,BR,No Brand,0.00
2024,9,09/16/2024,BR,No Brand,0.00
2024,9,09/17/2024,BR,No Brand,0.00
2024,9,09/18/2024,BR,No Brand,0.00
2024,9,09/19/2024,BR,No Brand,0.00
2024,9,09/20/2024,BR,No Brand,0.00
2024,9,09/21/2024,BR,No Brand,0.00
2024,9,09/22/2024,BR,No Brand,0.00
2024,9,09/23/2024,BR,No Brand,0.00
2024,9,09/24/2024,BR,No Brand,0.00
2024,9,09/25/2024,BR,No Brand,0.00
2024,9,09/26/2024,BR,No Brand,0.00
2024,9,09/27/2024,BR,No Brand,0.00
2024,9,09/28/2024,BR,No Brand,0.00
2024,9,09/29/2024,BR,No Brand,0.00
2024,9,09/30/2024,BR,No Brand,0.00
2024,10,10/01/2024,BR,No Brand,0.00
2024,10,10/02/2024,BR,No Brand,0.00
2024,10,10/03/2024,BR,No Brand,0.00
2024,10,10/04/2024,BR,No Brand,0.00
2024,10,10/05/2024,BR,No Brand,0.00
2024,10,10/06/2024,BR,No Brand,0.00
2024,10,10/07/2024,BR,No Brand,0.00
2024,10,10/08/2024,BR,No Brand,0.00
2024,10,10/09/2024,BR,No Brand,0.00
2024,10,10/10/2024,BR,No Brand,0.00
2024,10,10/11/2024,BR,No Brand,0.00
2024,10,10/12/2024,BR,No Brand,0.00
2024,10,10/13/2024,BR,No Brand,0.00
2024,10,10/14/2024,BR,No Brand,0.00
2024,10,10/15/2024,BR,No Brand,0.00
2024,10,10/16/2024,BR,No Brand,0.00
2024,10,10/17/2024,BR,No Brand,0.00
2024,10,10/18/2024,BR,No Brand,0.00
2024,10,10/19/2024,BR,No Brand,0.00
2024,10,10/20/2024,BR,No Brand,0.00
2024,10,10/21/2024,BR,No Brand,0.00
2024,10,10/22/2024,BR,No Brand,0.00
2024,10,10/23/2024,BR,No Brand,0.00
2024,10,10/24/2024,BR,No Brand,0.00
2024,10,10/25/2024,BR,No Brand,0.00
2024,10,10/26/2024,BR,No Brand,0.00
2024,10,10/27/2024,BR,No Brand,0.00
2024,10,10/28/2024,BR,No Brand,0.00
2024,10,10/29/2024,BR,No Brand,0.00
2024,10,10/30/2024,BR,No Brand,0.00
2024,10,10/31/2024,BR,No Brand,0.00
2024,11,11/01/2024,BR,No Brand,0.00
2024,11,11/02/2024,BR,No Brand,0.00
2024,11,11/03/2024,BR,No Brand,0.00
2024,11,11/04/2024,BR,No Brand,0.00
2024,11,11/05/2024,BR,No Brand,0.00
2024,11,11/06/2024,BR,No Brand,0.00
2024,11,11/07/2024,BR,No Brand,0.00
2024,11,11/08/2024,BR,No Brand,0.00
2024,11,11/09/2024,BR,No Brand,0.00
2024,11,11/10/2024,BR,No Brand,0.00
2024,11,11/11/2024,BR,No Brand,0.00
2024,11,11/12/2024,BR,No Brand,0.00
2024,11,11/13/2024,BR,No Brand,0.00
2024,11,11/14/2024,BR,No Brand,0.00
2024,11,11/15/2024,BR,No Brand,0.00
2024,11,11/16/2024,BR,No Brand,0.00
2024,11,11/17/2024,BR,No Brand,0.00
2024,11,11/18/2024,BR,No Brand,0.00
2024,11,11/19/2024,BR,No Brand,0.00
2024,11,11/20/2024,BR,No Brand,0.00
2024,11,11/21/2024,BR,No Brand,0.00
2024,11,11/22/2024,BR,No Brand,0.00
2024,11,11/23/2024,BR,No Brand,0.00
2024,11,11/24/2024,BR,No Brand,0.00
2024,11,11/25/2024,BR,No Brand,0.00
2024,11,11/26/2024,BR,No Brand,0.00
2024,11,11/27/2024,BR,No Brand,0.00
2024,11,11/28/2024,BR,No Brand,0.00
2024,11,11/29/2024,BR,No Brand,0.00
2024,11,11/30/2024,BR,No Brand,0.00
2024,12,12/01/2024,BR,No Brand,0.00
2024,12,12/02/2024,BR,No Brand,0.00
2024,12,12/03/2024,BR,No Brand,0.00
2024,12,12/04/2024,BR,No Brand,0.00
2024,12,12/05/2024,BR,No Brand,0.00
2024,12,12/06/2024,BR,No Brand,0.00
2024,12,12/07/2024,BR,No Brand,0.00
2024,12,12/08/2024,BR,No Brand,0.00
2024,12,12/09/2024,BR,No Brand,0.00
2024,12,12/10/2024,BR,No Brand,0.00
2024,12,12/11/2024,BR,No Brand,0.00
2024,12,12/12/2024,BR,No Brand,0.00
2024,12,12/13/2024,BR,No Brand,0.00
2024,12,12/14/2024,BR,No Brand,0.00
2024,12,12/15/2024,BR,No Brand,0.00
2024,12,12/16/2024,BR,No Brand,0.00
2024,12,12/17/2024,BR,No Brand,0.00
2024,12,12/18/2024,BR,No Brand,0.00
2024,12,12/19/2024,BR,No Brand,0.00
2024,12,12/20/2024,BR,No Brand,0.00
2024,12,12/21/2024,BR,No Brand,0.00
2024,12,12/22/2024,BR,No Brand,0.00
2024,12,12/23/2024,BR,No Brand,0.00
2024,12,12/24/2024,BR,No Brand,0.00
2024,12,12/25/2024,BR,No Brand,0.00
2024,12,12/26/2024,BR,No Brand,0.00
2024,12,12/27/2024,BR,No Brand,0.00
2024,12,12/28/2024,BR,No Brand,0.00
2024,12,12/29/2024,BR,No Brand,0.00
2024,12,12/30/2024,BR,No Brand,0.00
2024,12,12/31/2024,BR,No Brand,0.00
2024,1,01/01/2024,CL,No Brand,0.00
2024,1,01/02/2024,CL,No Brand,0.00
2024,1,01/03/2024,CL,No Brand,0.00
2024,1,01/04/2024,CL,No Brand,0.00
2024,1,01/05/2024,CL,No Brand,0.00
2024,1,01/06/2024,CL,No Brand,0.00
2024,1,01/07/2024,CL,No Brand,0.00
2024,1,01/08/2024,CL,No Brand,0.00
2024,1,01/09/2024,CL,No Brand,0.00
2024,1,01/10/2024,CL,No Brand,0.00
2024,1,01/11/2024,CL,No Brand,0.00
2024,1,01/12/2024,CL,No Brand,0.00
2024,1,01/13/2024,CL,No Brand,0.00
2024,1,01/14/2024,CL,No Brand,0.00
2024,1,01/15/2024,CL,No Brand,0.00
2024,1,01/16/2024,CL,No Brand,0.00
2024,1,01/17/2024,CL,No Brand,0.00
2024,1,01/18/2024,CL,No Brand,0.00
2024,1,01/19/2024,CL,No Brand,0.00
2024,1,01/20/2024,CL,No Brand,0.00
2024,1,01/21/2024,CL,No Brand,0.00
2024,1,01/22/2024,CL,No Brand,0.00
2024,1,01/23/2024,CL,No Brand,0.00
2024,1,01/24/2024,CL,No Brand,0.00
2024,1,01/25/2024,CL,No Brand,0.00
2024,1,01/26/2024,CL,No Brand,0.00
2024,1,01/27/2024,CL,No Brand,0.00
2024,1,01/28/2024,CL,No Brand,0.00
2024,1,01/29/2024,CL,No Brand,0.00
2024,1,01/30/2024,CL,No Brand,0.00
2024,1,01/31/2024,CL,No Brand,0.00
2024,2,02/01/2024,CL,No Brand,0.00
2024,2,02/02/2024,CL,No Brand,0.00
2024,2,02/03/2024,CL,No Brand,0.00
2024,2,02/04/2024,CL,No Brand,0.00
2024,2,02/05/2024,CL,No Brand,0.00
2024,2,02/06/2024,CL,No Brand,0.00
2024,2,02/07/2024,CL,No Brand,0.00
2024,2,02/08/2024,CL,No Brand,0.00
2024,2,02/09/2024,CL,No Brand,0.00
2024,2,02/10/2024,CL,No Brand,0.00
2024,2,02/11/2024,CL,No Brand,0.00
2024,2,02/12/2024,CL,No Brand,0.00
2024,2,02/13/2024,CL,No Brand,0.00
2024,2,02/14/2024,CL,No Brand,0.00
2024,2,02/15/2024,CL,No Brand,0.00
2024,2,02/16/2024,CL,No Brand,0.00
2024,2,02/17/2024,CL,No Brand,0.00
2024,2,02/18/2024,CL,No Brand,0.00
2024,2,02/19/2024,CL,No Brand,0.00
2024,2,02/20/2024,CL,No Brand,0.00
2024,2,02/21/2024,CL,No Brand,0.00
2024,2,02/22/2024,CL,No Brand,0.00
2024,2,02/23/2024,CL,No Brand,0.00
2024,2,02/24/2024,CL,No Brand,0.00
2024,2,02/25/2024,CL,No Brand,0.00
2024,2,02/26/2024,CL,No Brand,0.00
2024,2,02/27/2024,CL,No Brand,0.00
2024,2,02/28/2024,CL,No Brand,0.00
2024,2,02/29/2024,CL,No Brand,0.00
2024,3,03/01/2024,CL,No Brand,0.00
2024,3,03/02/2024,CL,No Brand,0.00
2024,3,03/03/2024,CL,No Brand,0.00
2024,3,03/04/2024,CL,No Brand,0.00
2024,3,03/05/2024,CL,No Brand,0.00
2024,3,03/06/2024,CL,No Brand,0.00
2024,3,03/07/2024,CL,No Brand,0.00
2024,3,03/08/2024,CL,No Brand,0.00
2024,3,03/09/2024,CL,No Brand,0.00
2024,3,03/10/2024,CL,No Brand,0.00
2024,3,03/11/2024,CL,No Brand,0.00
2024,3,03/12/2024,CL,No Brand,0.00
2024,3,03/13/2024,CL,No Brand,0.00
2024,3,03/14/2024,CL,No Brand,0.00
2024,3,03/15/2024,CL,No Brand,0.00
2024,3,03/16/2024,CL,No Brand,0.00
2024,3,03/17/2024,CL,No Brand,0.00
2024,3,03/18/2024,CL,No Brand,0.00
2024,3,03/19/2024,CL,No Brand,0.00
2024,3,03/20/2024,CL,No Brand,0.00
2024,3,03/21/2024,CL,No Brand,0.00
2024,3,03/22/2024,CL,No Brand,0.00
2024,3,03/23/2024,CL,No Brand,0.00
2024,3,03/24/2024,CL,No Brand,0.00
2024,3,03/25/2024,CL,No Brand,0.00
2024,3,03/26/2024,CL,No Brand,0.00
2024,3,03/27/2024,CL,No Brand,0.00
2024,3,03/28/2024,CL,No Brand,0.00
2024,3,03/29/2024,CL,No Brand,0.00
2024,3,03/30/2024,CL,No Brand,0.00
2024,3,03/31/2024,CL,No Brand,0.00
2024,4,04/01/2024,CL,No Brand,0.00
2024,4,04/02/2024,CL,No Brand,0.00
2024,4,04/03/2024,CL,No Brand,0.00
2024,4,04/04/2024,CL,No Brand,0.00
2024,4,04/05/2024,CL,No Brand,0.00
2024,4,04/06/2024,CL,No Brand,0.00
2024,4,04/07/2024,CL,No Brand,0.00
2024,4,04/08/2024,CL,No Brand,0.00
2024,4,04/09/2024,CL,No Brand,0.00
2024,4,04/10/2024,CL,No Brand,0.00
2024,4,04/11/2024,CL,No Brand,0.00
2024,4,04/12/2024,CL,No Brand,0.00
2024,4,04/13/2024,CL,No Brand,0.00
2024,4,04/14/2024,CL,No Brand,0.00
2024,4,04/15/2024,CL,No Brand,0.00
2024,4,04/16/2024,CL,No Brand,0.00
2024,4,04/17/2024,CL,No Brand,0.00
2024,4,04/18/2024,CL,No Brand,0.00
2024,4,04/19/2024,CL,No Brand,0.00
2024,4,04/20/2024,CL,No Brand,0.00
2024,4,04/21/2024,CL,No Brand,0.00
2024,4,04/22/2024,CL,No Brand,0.00
2024,4,04/23/2024,CL,No Brand,0.00
2024,4,04/24/2024,CL,No Brand,0.00
2024,4,04/25/2024,CL,No Brand,0.00
2024,4,04/26/2024,CL,No Brand,0.00
2024,4,04/27/2024,CL,No Brand,0.00
2024,4,04/28/2024,CL,No Brand,0.00
2024,4,04/29/2024,CL,No Brand,0.00
2024,4,04/30/2024,CL,No Brand,0.00
2024,5,05/01/2024,CL,No Brand,0.00
2024,5,05/02/2024,CL,No Brand,0.00
2024,5,05/03/2024,CL,No Brand,0.00
2024,5,05/04/2024,CL,No Brand,0.00
2024,5,05/05/2024,CL,No Brand,0.00
2024,5,05/06/2024,CL,No Brand,0.00
2024,5,05/07/2024,CL,No Brand,0.00
2024,5,05/08/2024,CL,No Brand,0.00
2024,5,05/09/2024,CL,No Brand,0.00
2024,5,05/10/2024,CL,No Brand,0.00
2024,5,05/11/2024,CL,No Brand,0.00
2024,5,05/12/2024,CL,No Brand,0.00
2024,5,05/13/2024,CL,No Brand,0.00
2024,5,05/14/2024,CL,No Brand,0.00
2024,5,05/15/2024,CL,No Brand,0.00
2024,5,05/16/2024,CL,No Brand,0.00
2024,5,05/17/2024,CL,No Brand,0.00
2024,5,05/18/2024,CL,No Brand,0.00
2024,5,05/19/2024,CL,No Brand,0.00
2024,5,05/20/2024,CL,No Brand,0.00
2024,5,05/21/2024,CL,No Brand,0.00
2024,5,05/22/2024,CL,No Brand,0.00
2024,5,05/23/2024,CL,No Brand,0.00
2024,5,05/24/2024,CL,No Brand,0.00
2024,5,05/25/2024,CL,No Brand,0.00
2024,5,05/26/2024,CL,No Brand,0.00
2024,5,05/27/2024,CL,No Brand,0.00
2024,5,05/28/2024,CL,No Brand,0.00
2024,5,05/29/2024,CL,No Brand,0.00
2024,5,05/30/2024,CL,No Brand,0.00
2024,5,05/31/2024,CL,No Brand,0.00
2024,6,06/01/2024,CL,No Brand,0.00
2024,6,06/02/2024,CL,No Brand,0.00
2024,6,06/03/2024,CL,No Brand,0.00
2024,6,06/04/2024,CL,No Brand,0.00
2024,6,06/05/2024,CL,No Brand,0.00
2024,6,06/06/2024,CL,No Brand,0.00
2024,6,06/07/2024,CL,No Brand,0.00
2024,6,06/08/2024,CL,No Brand,0.00
2024,6,06/09/2024,CL,No Brand,0.00
2024,6,06/10/2024,CL,No Brand,0.00
2024,6,06/11/2024,CL,No Brand,0.00
2024,6,06/12/2024,CL,No Brand,0.00
2024,6,06/13/2024,CL,No Brand,0.00
2024,6,06/14/2024,CL,No Brand,0.00
2024,6,06/15/2024,CL,No Brand,0.00
2024,6,06/16/2024,CL,No Brand,0.00
2024,6,06/17/2024,CL,No Brand,0.00
2024,6,06/18/2024,CL,No Brand,0.00
2024,6,06/19/2024,CL,No Brand,0.00
2024,6,06/20/2024,CL,No Brand,0.00
2024,6,06/21/2024,CL,No Brand,0.00
2024,6,06/22/2024,CL,No Brand,0.00
2024,6,06/23/2024,CL,No Brand,0.00
2024,6,06/24/2024,CL,No Brand,0.00
2024,6,06/25/2024,CL,No Brand,0.00
2024,6,06/26/2024,CL,No Brand,0.00
2024,6,06/27/2024,CL,No Brand,0.00
2024,6,06/28/2024,CL,No Brand,0.00
2024,6,06/29/2024,CL,No Brand,0.00
2024,6,06/30/2024,CL,No Brand,0.00
2024,7,07/01/2024,CL,No Brand,0.00
2024,7,07/02/2024,CL,No Brand,0.00
2024,7,07/03/2024,CL,No Brand,0.00
2024,7,07/04/2024,CL,No Brand,0.00
2024,7,07/05/2024,CL,No Brand,0.00
2024,7,07/06/2024,CL,No Brand,0.00
2024,7,07/07/2024,CL,No Brand,0.00
2024,7,07/08/2024,CL,No Brand,0.00
2024,7,07/09/2024,CL,No Brand,0.00
2024,7,07/10/2024,CL,No Brand,0.00
2024,7,07/11/2024,CL,No Brand,0.00
2024,7,07/12/2024,CL,No Brand,0.00
2024,7,07/13/2024,CL,No Brand,0.00
2024,7,07/14/2024,CL,No Brand,0.00
2024,7,07/15/2024,CL,No Brand,0.00
2024,7,07/16/2024,CL,No Brand,0.00
2024,7,07/17/2024,CL,No Brand,0.00
2024,7,07/18/2024,CL,No Brand,0.00
2024,7,07/19/2024,CL,No Brand,0.00
2024,7,07/20/2024,CL,No Brand,0.00
2024,7,07/21/2024,CL,No Brand,0.00
2024,7,07/22/2024,CL,No Brand,0.00
2024,7,07/23/2024,CL,No Brand,0.00
2024,7,07/24/2024,CL,No Brand,0.00
2024,7,07/25/2024,CL,No Brand,0.00
2024,7,07/26/2024,CL,No Brand,0.00
2024,7,07/27/2024,CL,No Brand,0.00
2024,7,07/28/2024,CL,No Brand,0.00
2024,7,07/29/2024,CL,No Brand,0.00
2024,7,07/30/2024,CL,No Brand,0.00
2024,7,07/31/2024,CL,No Brand,0.00
2024,8,08/01/2024,CL,No Brand,0.00
2024,8,08/02/2024,CL,No Brand,0.00
2024,8,08/03/2024,CL,No Brand,0.00
2024,8,08/04/2024,CL,No Brand,0.00
2024,8,08/05/2024,CL,No Brand,0.00
2024,8,08/06/2024,CL,No Brand,0.00
2024,8,08/07/2024,CL,No Brand,0.00
2024,8,08/08/2024,CL,No Brand,0.00
2024,8,08/09/2024,CL,No Brand,0.00
2024,8,08/10/2024,CL,No Brand,0.00
2024,8,08/11/2024,CL,No Brand,0.00
2024,8,08/12/2024,CL,No Brand,0.00
2024,8,08/13/2024,CL,No Brand,0.00
2024,8,08/14/2024,CL,No Brand,0.00
2024,8,08/15/2024,CL,No Brand,0.00
2024,8,08/16/2024,CL,No Brand,0.00
2024,8,08/17/2024,CL,No Brand,0.00
2024,8,08/18/2024,CL,No Brand,0.00
2024,8,08/19/2024,CL,No Brand,0.00
2024,8,08/20/2024,CL,No Brand,0.00
2024,8,08/21/2024,CL,No Brand,0.00
2024,8,08/22/2024,CL,No Brand,0.00
2024,8,08/23/2024,CL,No Brand,0.00
2024,8,08/24/2024,CL,No Brand,0.00
2024,8,08/25/2024,CL,No Brand,0.00
2024,8,08/26/2024,CL,No Brand,0.00
2024,8,08/27/2024,CL,No Brand,0.00
2024,8,08/28/2024,CL,No Brand,0.00
2024,8,08/29/2024,CL,No Brand,0.00
2024,8,08/30/2024,CL,No Brand,0.00
2024,8,08/31/2024,CL,No Brand,0.00
2024,9,09/01/2024,CL,No Brand,0.00
2024,9,09/02/2024,CL,No Brand,0.00
2024,9,09/03/2024,CL,No Brand,0.00
2024,9,09/04/2024,CL,No Brand,0.00
2024,9,09/05/2024,CL,No Brand,0.00
2024,9,09/06/2024,CL,No Brand,0.00
2024,9,09/07/2024,CL,No Brand,0.00
2024,9,09/08/2024,CL,No Brand,0.00
2024,9,09/09/2024,CL,No Brand,0.00
2024,9,09/10/2024,CL,No Brand,0.00
2024,9,09/11/2024,CL,No Brand,0.00
2024,9,09/12/2024,CL,No Brand,0.00
2024,9,09/13/2024,CL,No Brand,0.00
2024,9,09/14/2024,CL,No Brand,0.00
2024,9,09/15/2024,CL,No Brand,0.00
2024,9,09/16/2024,CL,No Brand,0.00
2024,9,09/17/2024,CL,No Brand,0.00
2024,9,09/18/2024,CL,No Brand,0.00
2024,9,09/19/2024,CL,No Brand,0.00
2024,9,09/20/2024,CL,No Brand,0.00
2024,9,09/21/2024,CL,No Brand,0.00
2024,9,09/22/2024,CL,No Brand,0.00
2024,9,09/23/2024,CL,No Brand,0.00
2024,9,09/24/2024,CL,No Brand,0.00
2024,9,09/25/2024,CL,No Brand,0.00
2024,9,09/26/2024,CL,No Brand,0.00
2024,9,09/27/2024,CL,No Brand,0.00
2024,9,09/28/2024,CL,No Brand,0.00
2024,9,09/29/2024,CL,No Brand,0.00
2024,9,09/30/2024,CL,No Brand,0.00
2024,10,10/01/2024,CL,No Brand,0.00
2024,10,10/02/2024,CL,No Brand,0.00
2024,10,10/03/2024,CL,No Brand,0.00
2024,10,10/04/2024,CL,No Brand,0.00
2024,10,10/05/2024,CL,No Brand,0.00
2024,10,10/06/2024,CL,No Brand,0.00
2024,10,10/07/2024,CL,No Brand,0.00
2024,10,10/08/2024,CL,No Brand,0.00
2024,10,10/09/2024,CL,No Brand,0.00
2024,10,10/10/2024,CL,No Brand,0.00
2024,10,10/11/2024,CL,No Brand,0.00
2024,10,10/12/2024,CL,No Brand,0.00
2024,10,10/13/2024,CL,No Brand,0.00
2024,10,10/14/2024,CL,No Brand,0.00
2024,10,10/15/2024,CL,No Brand,0.00
2024,10,10/16/2024,CL,No Brand,0.00
2024,10,10/17/2024,CL,No Brand,0.00
2024,10,10/18/2024,CL,No Brand,0.00
2024,10,10/19/2024,CL,No Brand,0.00
2024,10,10/20/2024,CL,No Brand,0.00
2024,10,10/21/2024,CL,No Brand,0.00
2024,10,10/22/2024,CL,No Brand,0.00
2024,10,10/23/2024,CL,No Brand,0.00
2024,10,10/24/2024,CL,No Brand,0.00
2024,10,10/25/2024,CL,No Brand,0.00
2024,10,10/26/2024,CL,No Brand,0.00
2024,10,10/27/2024,CL,No Brand,0.00
2024,10,10/28/2024,CL,No Brand,0.00
2024,10,10/29/2024,CL,No Brand,0.00
2024,10,10/30/2024,CL,No Brand,0.00
2024,10,10/31/2024,CL,No Brand,0.00
2024,11,11/01/2024,CL,No Brand,0.00
2024,11,11/02/2024,CL,No Brand,0.00
2024,11,11/03/2024,CL,No Brand,0.00
2024,11,11/04/2024,CL,No Brand,0.00
2024,11,11/05/2024,CL,No Brand,0.00
2024,11,11/06/2024,CL,No Brand,0.00
2024,11,11/07/2024,CL,No Brand,0.00
2024,11,11/08/2024,CL,No Brand,0.00
2024,11,11/09/2024,CL,No Brand,0.00
2024,11,11/10/2024,CL,No Brand,0.00
2024,11,11/11/2024,CL,No Brand,0.00
2024,11,11/12/2024,CL,No Brand,0.00
2024,11,11/13/2024,CL,No Brand,0.00
2024,11,11/14/2024,CL,No Brand,0.00
2024,11,11/15/2024,CL,No Brand,0.00
2024,11,11/16/2024,CL,No Brand,0.00
2024,11,11/17/2024,CL,No Brand,0.00
2024,11,11/18/2024,CL,No Brand,0.00
2024,11,11/19/2024,CL,No Brand,0.00
2024,11,11/20/2024,CL,No Brand,0.00
2024,11,11/21/2024,CL,No Brand,0.00
2024,11,11/22/2024,CL,No Brand,0.00
2024,11,11/23/2024,CL,No Brand,0.00
2024,11,11/24/2024,CL,No Brand,0.00
2024,11,11/25/2024,CL,No Brand,0.00
2024,11,11/26/2024,CL,No Brand,0.00
2024,11,11/27/2024,CL,No Brand,0.00
2024,11,11/28/2024,CL,No Brand,0.00
2024,11,11/29/2024,CL,No Brand,0.00
2024,11,11/30/2024,CL,No Brand,0.00
2024,12,12/01/2024,CL,No Brand,0.00
2024,12,12/02/2024,CL,No Brand,0.00
2024,12,12/03/2024,CL,No Brand,0.00
2024,12,12/04/2024,CL,No Brand,0.00
2024,12,12/05/2024,CL,No Brand,0.00
2024,12,12/06/2024,CL,No Brand,0.00
2024,12,12/07/2024,CL,No Brand,0.00
2024,12,12/08/2024,CL,No Brand,0.00
2024,12,12/09/2024,CL,No Brand,0.00
2024,12,12/10/2024,CL,No Brand,0.00
2024,12,12/11/2024,CL,No Brand,0.00
2024,12,12/12/2024,CL,No Brand,0.00
2024,12,12/13/2024,CL,No Brand,0.00
2024,12,12/14/2024,CL,No Brand,0.00
2024,12,12/15/2024,CL,No Brand,0.00
2024,12,12/16/2024,CL,No Brand,0.00
2024,12,12/17/2024,CL,No Brand,0.00
2024,12,12/18/2024,CL,No Brand,0.00
2024,12,12/19/2024,CL,No Brand,0.00
2024,12,12/20/2024,CL,No Brand,0.00
2024,12,12/21/2024,CL,No Brand,0.00
2024,12,12/22/2024,CL,No Brand,0.00
2024,12,12/23/2024,CL,No Brand,0.00
2024,12,12/24/2024,CL,No Brand,0.00
2024,12,12/25/2024,CL,No Brand,0.00
2024,12,12/26/2024,CL,No Brand,0.00
2024,12,12/27/2024,CL,No Brand,0.00
2024,12,12/28/2024,CL,No Brand,0.00
2024,12,12/29/2024,CL,No Brand,0.00
2024,12,12/30/2024,CL,No Brand,0.00
2024,12,12/31/2024,CL,No Brand,0.00
2024,1,01/01/2024,CO,No Brand,0.00
2024,1,01/02/2024,CO,No Brand,0.00
2024,1,01/03/2024,CO,No Brand,0.00
2024,1,01/04/2024,CO,No Brand,0.00
2024,1,01/05/2024,CO,No Brand,0.00
2024,1,01/06/2024,CO,No Brand,0.00
2024,1,01/07/2024,CO,No Brand,0.00
2024,1,01/08/2024,CO,No Brand,0.00
2024,1,01/09/2024,CO,No Brand,0.00
2024,1,01/10/2024,CO,No Brand,0.00
2024,1,01/11/2024,CO,No Brand,0.00
2024,1,01/12/2024,CO,No Brand,0.00
2024,1,01/13/2024,CO,No Brand,0.00
2024,1,01/14/2024,CO,No Brand,0.00
2024,1,01/15/2024,CO,No Brand,0.00
2024,1,01/16/2024,CO,No Brand,0.00
2024,1,01/17/2024,CO,No Brand,0.00
2024,1,01/18/2024,CO,No Brand,0.00
2024,1,01/19/2024,CO,No Brand,0.00
2024,1,01/20/2024,CO,No Brand,0.00
2024,1,01/21/2024,CO,No Brand,0.00
2024,1,01/22/2024,CO,No Brand,0.00
2024,1,01/23/2024,CO,No Brand,0.00
2024,1,01/24/2024,CO,No Brand,0.00
2024,1,01/25/2024,CO,No Brand,0.00
2024,1,01/26/2024,CO,No Brand,0.00
2024,1,01/27/2024,CO,No Brand,0.00
2024,1,01/28/2024,CO,No Brand,0.00
2024,1,01/29/2024,CO,No Brand,0.00
2024,1,01/30/2024,CO,No Brand,0.00
2024,1,01/31/2024,CO,No Brand,0.00
2024,2,02/01/2024,CO,No Brand,0.00
2024,2,02/02/2024,CO,No Brand,0.00
2024,2,02/03/2024,CO,No Brand,0.00
2024,2,02/04/2024,CO,No Brand,0.00
2024,2,02/05/2024,CO,No Brand,0.00
2024,2,02/06/2024,CO,No Brand,0.00
2024,2,02/07/2024,CO,No Brand,0.00
2024,2,02/08/2024,CO,No Brand,0.00
2024,2,02/09/2024,CO,No Brand,0.00
2024,2,02/10/2024,CO,No Brand,0.00
2024,2,02/11/2024,CO,No Brand,0.00
2024,2,02/12/2024,CO,No Brand,0.00
2024,2,02/13/2024,CO,No Brand,0.00
2024,2,02/14/2024,CO,No Brand,0.00
2024,2,02/15/2024,CO,No Brand,0.00
2024,2,02/16/2024,CO,No Brand,0.00
2024,2,02/17/2024,CO,No Brand,0.00
2024,2,02/18/2024,CO,No Brand,0.00
2024,2,02/19/2024,CO,No Brand,0.00
2024,2,02/20/2024,CO,No Brand,0.00
2024,2,02/21/2024,CO,No Brand,0.00
2024,2,02/22/2024,CO,No Brand,0.00
2024,2,02/23/2024,CO,No Brand,0.00
2024,2,02/24/2024,CO,No Brand,0.00
2024,2,02/25/2024,CO,No Brand,0.00
2024,2,02/26/2024,CO,No Brand,0.00
2024,2,02/27/2024,CO,No Brand,0.00
2024,2,02/28/2024,CO,No Brand,0.00
2024,2,02/29/2024,CO,No Brand,0.00
2024,3,03/01/2024,CO,No Brand,0.00
2024,3,03/02/2024,CO,No Brand,0.00
2024,3,03/03/2024,CO,No Brand,0.00
2024,3,03/04/2024,CO,No Brand,0.00
2024,3,03/05/2024,CO,No Brand,0.00
2024,3,03/06/2024,CO,No Brand,0.00
2024,3,03/07/2024,CO,No Brand,0.00
2024,3,03/08/2024,CO,No Brand,0.00
2024,3,03/09/2024,CO,No Brand,0.00
2024,3,03/10/2024,CO,No Brand,0.00
2024,3,03/11/2024,CO,No Brand,0.00
2024,3,03/12/2024,CO,No Brand,0.00
2024,3,03/13/2024,CO,No Brand,0.00
2024,3,03/14/2024,CO,No Brand,0.00
2024,3,03/15/2024,CO,No Brand,0.00
2024,3,03/16/2024,CO,No Brand,0.00
2024,3,03/17/2024,CO,No Brand,0.00
2024,3,03/18/2024,CO,No Brand,0.00
2024,3,03/19/2024,CO,No Brand,0.00
2024,3,03/20/2024,CO,No Brand,0.00
2024,3,03/21/2024,CO,No Brand,0.00
2024,3,03/22/2024,CO,No Brand,0.00
2024,3,03/23/2024,CO,No Brand,0.00
2024,3,03/24/2024,CO,No Brand,0.00
2024,3,03/25/2024,CO,No Brand,0.00
2024,3,03/26/2024,CO,No Brand,0.00
2024,3,03/27/2024,CO,No Brand,0.00
2024,3,03/28/2024,CO,No Brand,0.00
2024,3,03/29/2024,CO,No Brand,0.00
2024,3,03/30/2024,CO,No Brand,0.00
2024,3,03/31/2024,CO,No Brand,0.00
2024,4,04/01/2024,CO,No Brand,0.00
2024,4,04/02/2024,CO,No Brand,0.00
2024,4,04/03/2024,CO,No Brand,0.00
2024,4,04/04/2024,CO,No Brand,0.00
2024,4,04/05/2024,CO,No Brand,0.00
2024,4,04/06/2024,CO,No Brand,0.00
2024,4,04/07/2024,CO,No Brand,0.00
2024,4,04/08/2024,CO,No Brand,0.00
2024,4,04/09/2024,CO,No Brand,0.00
2024,4,04/10/2024,CO,No Brand,0.00
2024,4,04/11/2024,CO,No Brand,0.00
2024,4,04/12/2024,CO,No Brand,0.00
2024,4,04/13/2024,CO,No Brand,0.00
2024,4,04/14/2024,CO,No Brand,0.00
2024,4,04/15/2024,CO,No Brand,0.00
2024,4,04/16/2024,CO,No Brand,0.00
2024,4,04/17/2024,CO,No Brand,0.00
2024,4,04/18/2024,CO,No Brand,0.00
2024,4,04/19/2024,CO,No Brand,0.00
2024,4,04/20/2024,CO,No Brand,0.00
2024,4,04/21/2024,CO,No Brand,0.00
2024,4,04/22/2024,CO,No Brand,0.00
2024,4,04/23/2024,CO,No Brand,0.00
2024,4,04/24/2024,CO,No Brand,0.00
2024,4,04/25/2024,CO,No Brand,0.00
2024,4,04/26/2024,CO,No Brand,0.00
2024,4,04/27/2024,CO,No Brand,0.00
2024,4,04/28/2024,CO,No Brand,0.00
2024,4,04/29/2024,CO,No Brand,0.00
2024,4,04/30/2024,CO,No Brand,0.00
2024,5,05/01/2024,CO,No Brand,0.00
2024,5,05/02/2024,CO,No Brand,0.00
2024,5,05/03/2024,CO,No Brand,0.00
2024,5,05/04/2024,CO,No Brand,0.00
2024,5,05/05/2024,CO,No Brand,0.00
2024,5,05/06/2024,CO,No Brand,0.00
2024,5,05/07/2024,CO,No Brand,0.00
2024,5,05/08/2024,CO,No Brand,0.00
2024,5,05/09/2024,CO,No Brand,0.00
2024,5,05/10/2024,CO,No Brand,0.00
2024,5,05/11/2024,CO,No Brand,0.00
2024,5,05/12/2024,CO,No Brand,0.00
2024,5,05/13/2024,CO,No Brand,0.00
2024,5,05/14/2024,CO,No Brand,0.00
2024,5,05/15/2024,CO,No Brand,0.00
2024,5,05/16/2024,CO,No Brand,0.00
2024,5,05/17/2024,CO,No Brand,0.00
2024,5,05/18/2024,CO,No Brand,0.00
2024,5,05/19/2024,CO,No Brand,0.00
2024,5,05/20/2024,CO,No Brand,0.00
2024,5,05/21/2024,CO,No Brand,0.00
2024,5,05/22/2024,CO,No Brand,0.00
2024,5,05/23/2024,CO,No Brand,0.00
2024,5,05/24/2024,CO,No Brand,0.00
2024,5,05/25/2024,CO,No Brand,0.00
2024,5,05/26/2024,CO,No Brand,0.00
2024,5,05/27/2024,CO,No Brand,0.00
2024,5,05/28/2024,CO,No Brand,0.00
2024,5,05/29/2024,CO,No Brand,0.00
2024,5,05/30/2024,CO,No Brand,0.00
2024,5,05/31/2024,CO,No Brand,0.00
2024,6,06/01/2024,CO,No Brand,0.00
2024,6,06/02/2024,CO,No Brand,0.00
2024,6,06/03/2024,CO,No Brand,0.00
2024,6,06/04/2024,CO,No Brand,0.00
2024,6,06/05/2024,CO,No Brand,0.00
2024,6,06/06/2024,CO,No Brand,0.00
2024,6,06/07/2024,CO,No Brand,0.00
2024,6,06/08/2024,CO,No Brand,0.00
2024,6,06/09/2024,CO,No Brand,0.00
2024,6,06/10/2024,CO,No Brand,0.00
2024,6,06/11/2024,CO,No Brand,0.00
2024,6,06/12/2024,CO,No Brand,0.00
2024,6,06/13/2024,CO,No Brand,0.00
2024,6,06/14/2024,CO,No Brand,0.00
2024,6,06/15/2024,CO,No Brand,0.00
2024,6,06/16/2024,CO,No Brand,0.00
2024,6,06/17/2024,CO,No Brand,0.00
2024,6,06/18/2024,CO,No Brand,0.00
2024,6,06/19/2024,CO,No Brand,0.00
2024,6,06/20/2024,CO,No Brand,0.00
2024,6,06/21/2024,CO,No Brand,0.00
2024,6,06/22/2024,CO,No Brand,0.00
2024,6,06/23/2024,CO,No Brand,0.00
2024,6,06/24/2024,CO,No Brand,0.00
2024,6,06/25/2024,CO,No Brand,0.00
2024,6,06/26/2024,CO,No Brand,0.00
2024,6,06/27/2024,CO,No Brand,0.00
2024,6,06/28/2024,CO,No Brand,0.00
2024,6,06/29/2024,CO,No Brand,0.00
2024,6,06/30/2024,CO,No Brand,0.00
2024,7,07/01/2024,CO,No Brand,0.00
2024,7,07/02/2024,CO,No Brand,0.00
2024,7,07/03/2024,CO,No Brand,0.00
2024,7,07/04/2024,CO,No Brand,0.00
2024,7,07/05/2024,CO,No Brand,0.00
2024,7,07/06/2024,CO,No Brand,0.00
2024,7,07/07/2024,CO,No Brand,0.00
2024,7,07/08/2024,CO,No Brand,0.00
2024,7,07/09/2024,CO,No Brand,0.00
2024,7,07/10/2024,CO,No Brand,0.00
2024,7,07/11/2024,CO,No Brand,0.00
2024,7,07/12/2024,CO,No Brand,0.00
2024,7,07/13/2024,CO,No Brand,0.00
2024,7,07/14/2024,CO,No Brand,0.00
2024,7,07/15/2024,CO,No Brand,0.00
2024,7,07/16/2024,CO,No Brand,0.00
2024,7,07/17/2024,CO,No Brand,0.00
2024,7,07/18/2024,CO,No Brand,0.00
2024,7,07/19/2024,CO,No Brand,0.00
2024,7,07/20/2024,CO,No Brand,0.00
2024,7,07/21/2024,CO,No Brand,0.00
2024,7,07/22/2024,CO,No Brand,0.00
2024,7,07/23/2024,CO,No Brand,0.00
2024,7,07/24/2024,CO,No Brand,0.00
2024,7,07/25/2024,CO,No Brand,0.00
2024,7,07/26/2024,CO,No Brand,0.00
2024,7,07/27/2024,CO,No Brand,0.00
2024,7,07/28/2024,CO,No Brand,0.00
2024,7,07/29/2024,CO,No Brand,0.00
2024,7,07/30/2024,CO,No Brand,0.00
2024,7,07/31/2024,CO,No Brand,0.00
2024,8,08/01/2024,CO,No Brand,0.00
2024,8,08/02/2024,CO,No Brand,0.00
2024,8,08/03/2024,CO,No Brand,0.00
2024,8,08/04/2024,CO,No Brand,0.00
2024,8,08/05/2024,CO,No Brand,0.00
2024,8,08/06/2024,CO,No Brand,0.00
2024,8,08/07/2024,CO,No Brand,0.00
2024,8,08/08/2024,CO,No Brand,0.00
2024,8,08/09/2024,CO,No Brand,0.00
2024,8,08/10/2024,CO,No Brand,0.00
2024,8,08/11/2024,CO,No Brand,0.00
2024,8,08/12/2024,CO,No Brand,0.00
2024,8,08/13/2024,CO,No Brand,0.00
2024,8,08/14/2024,CO,No Brand,0.00
2024,8,08/15/2024,CO,No Brand,0.00
2024,8,08/16/2024,CO,No Brand,0.00
2024,8,08/17/2024,CO,No Brand,0.00
2024,8,08/18/2024,CO,No Brand,0.00
2024,8,08/19/2024,CO,No Brand,0.00
2024,8,08/20/2024,CO,No Brand,0.00
2024,8,08/21/2024,CO,No Brand,0.00
2024,8,08/22/2024,CO,No Brand,0.00
2024,8,08/23/2024,CO,No Brand,0.00
2024,8,08/24/2024,CO,No Brand,0.00
2024,8,08/25/2024,CO,No Brand,0.00
2024,8,08/26/2024,CO,No Brand,0.00
2024,8,08/27/2024,CO,No Brand,0.00
2024,8,08/28/2024,CO,No Brand,0.00
2024,8,08/29/2024,CO,No Brand,0.00
2024,8,08/30/2024,CO,No Brand,0.00
2024,8,08/31/2024,CO,No Brand,0.00
2024,9,09/01/2024,CO,No Brand,0.00
2024,9,09/02/2024,CO,No Brand,0.00
2024,9,09/03/2024,CO,No Brand,0.00
2024,9,09/04/2024,CO,No Brand,0.00
2024,9,09/05/2024,CO,No Brand,0.00
2024,9,09/06/2024,CO,No Brand,0.00
2024,9,09/07/2024,CO,No Brand,0.00
2024,9,09/08/2024,CO,No Brand,0.00
2024,9,09/09/2024,CO,No Brand,0.00
2024,9,09/10/2024,CO,No Brand,0.00
2024,9,09/11/2024,CO,No Brand,0.00
2024,9,09/12/2024,CO,No Brand,0.00
2024,9,09/13/2024,CO,No Brand,0.00
2024,9,09/14/2024,CO,No Brand,0.00
2024,9,09/15/2024,CO,No Brand,0.00
2024,9,09/16/2024,CO,No Brand,0.00
2024,9,09/17/2024,CO,No Brand,0.00
2024,9,09/18/2024,CO,No Brand,0.00
2024,9,09/19/2024,CO,No Brand,0.00
2024,9,09/20/2024,CO,No Brand,0.00
2024,9,09/21/2024,CO,No Brand,0.00
2024,9,09/22/2024,CO,No Brand,0.00
2024,9,09/23/2024,CO,No Brand,0.00
2024,9,09/24/2024,CO,No Brand,0.00
2024,9,09/25/2024,CO,No Brand,0.00
2024,9,09/26/2024,CO,No Brand,0.00
2024,9,09/27/2024,CO,No Brand,0.00
2024,9,09/28/2024,CO,No Brand,0.00
2024,9,09/29/2024,CO,No Brand,0.00
2024,9,09/30/2024,CO,No Brand,0.00
2024,10,10/01/2024,CO,No Brand,0.00
2024,10,10/02/2024,CO,No Brand,0.00
2024,10,10/03/2024,CO,No Brand,0.00
2024,10,10/04/2024,CO,No Brand,0.00
2024,10,10/05/2024,CO,No Brand,0.00
2024,10,10/06/2024,CO,No Brand,0.00
2024,10,10/07/2024,CO,No Brand,0.00
2024,10,10/08/2024,CO,No Brand,0.00
2024,10,10/09/2024,CO,No Brand,0.00
2024,10,10/10/2024,CO,No Brand,0.00
2024,10,10/11/2024,CO,No Brand,0.00
2024,10,10/12/2024,CO,No Brand,0.00
2024,10,10/13/2024,CO,No Brand,0.00
2024,10,10/14/2024,CO,No Brand,0.00
2024,10,10/15/2024,CO,No Brand,0.00
2024,10,10/16/2024,CO,No Brand,0.00
2024,10,10/17/2024,CO,No Brand,0.00
2024,10,10/18/2024,CO,No Brand,0.00
2024,10,10/19/2024,CO,No Brand,0.00
2024,10,10/20/2024,CO,No Brand,0.00
2024,10,10/21/2024,CO,No Brand,0.00
2024,10,10/22/2024,CO,No Brand,0.00
2024,10,10/23/2024,CO,No Brand,0.00
2024,10,10/24/2024,CO,No Brand,0.00
2024,10,10/25/2024,CO,No Brand,0.00
2024,10,10/26/2024,CO,No Brand,0.00
2024,10,10/27/2024,CO,No Brand,0.00
2024,10,10/28/2024,CO,No Brand,0.00
2024,10,10/29/2024,CO,No Brand,0.00
2024,10,10/30/2024,CO,No Brand,0.00
2024,10,10/31/2024,CO,No Brand,0.00
2024,11,11/01/2024,CO,No Brand,0.00
2024,11,11/02/2024,CO,No Brand,0.00
2024,11,11/03/2024,CO,No Brand,0.00
2024,11,11/04/2024,CO,No Brand,0.00
2024,11,11/05/2024,CO,No Brand,0.00
2024,11,11/06/2024,CO,No Brand,0.00
2024,11,11/07/2024,CO,No Brand,0.00
2024,11,11/08/2024,CO,No Brand,0.00
2024,11,11/09/2024,CO,No Brand,0.00
2024,11,11/10/2024,CO,No Brand,0.00
2024,11,11/11/2024,CO,No Brand,0.00
2024,11,11/12/2024,CO,No Brand,0.00
2024,11,11/13/2024,CO,No Brand,0.00
2024,11,11/14/2024,CO,No Brand,0.00
2024,11,11/15/2024,CO,No Brand,0.00
2024,11,11/16/2024,CO,No Brand,0.00
2024,11,11/17/2024,CO,No Brand,0.00
2024,11,11/18/2024,CO,No Brand,0.00
2024,11,11/19/2024,CO,No Brand,0.00
2024,11,11/20/2024,CO,No Brand,0.00
2024,11,11/21/2024,CO,No Brand,0.00
2024,11,11/22/2024,CO,No Brand,0.00
2024,11,11/23/2024,CO,No Brand,0.00
2024,11,11/24/2024,CO,No Brand,0.00
2024,11,11/25/2024,CO,No Brand,0.00
2024,11,11/26/2024,CO,No Brand,0.00
2024,11,11/27/2024,CO,No Brand,0.00
2024,11,11/28/2024,CO,No Brand,0.00
2024,11,11/29/2024,CO,No Brand,0.00
2024,11,11/30/2024,CO,No Brand,0.00
2024,12,12/01/2024,CO,No Brand,0.00
2024,12,12/02/2024,CO,No Brand,0.00
2024,12,12/03/2024,CO,No Brand,0.00
2024,12,12/04/2024,CO,No Brand,0.00
2024,12,12/05/2024,CO,No Brand,0.00
2024,12,12/06/2024,CO,No Brand,0.00
2024,12,12/07/2024,CO,No Brand,0.00
2024,12,12/08/2024,CO,No Brand,0.00
2024,12,12/09/2024,CO,No Brand,0.00
2024,12,12/10/2024,CO,No Brand,0.00
2024,12,12/11/2024,CO,No Brand,0.00
2024,12,12/12/2024,CO,No Brand,0.00
2024,12,12/13/2024,CO,No Brand,0.00
2024,12,12/14/2024,CO,No Brand,0.00
2024,12,12/15/2024,CO,No Brand,0.00
2024,12,12/16/2024,CO,No Brand,0.00
2024,12,12/17/2024,CO,No Brand,0.00
2024,12,12/18/2024,CO,No Brand,0.00
2024,12,12/19/2024,CO,No Brand,0.00
2024,12,12/20/2024,CO,No Brand,0.00
2024,12,12/21/2024,CO,No Brand,0.00
2024,12,12/22/2024,CO,No Brand,0.00
2024,12,12/23/2024,CO,No Brand,0.00
2024,12,12/24/2024,CO,No Brand,0.00
2024,12,12/25/2024,CO,No Brand,0.00
2024,12,12/26/2024,CO,No Brand,0.00
2024,12,12/27/2024,CO,No Brand,0.00
2024,12,12/28/2024,CO,No Brand,0.00
2024,12,12/29/2024,CO,No Brand,0.00
2024,12,12/30/2024,CO,No Brand,0.00
2024,12,12/31/2024,CO,No Brand,0.00
2024,1,01/01/2024,MX,No Brand,0.00
2024,1,01/02/2024,MX,No Brand,0.00
2024,1,01/03/2024,MX,No Brand,0.00
2024,1,01/04/2024,MX,No Brand,0.00
2024,1,01/05/2024,MX,No Brand,0.00
2024,1,01/06/2024,MX,No Brand,0.00
2024,1,01/07/2024,MX,No Brand,0.00
2024,1,01/08/2024,MX,No Brand,0.00
2024,1,01/09/2024,MX,No Brand,0.00
2024,1,01/10/2024,MX,No Brand,0.00
2024,1,01/11/2024,MX,No Brand,0.00
2024,1,01/12/2024,MX,No Brand,0.00
2024,1,01/13/2024,MX,No Brand,0.00
2024,1,01/14/2024,MX,No Brand,0.00
2024,1,01/15/2024,MX,No Brand,0.00
2024,1,01/16/2024,MX,No Brand,0.00
2024,1,01/17/2024,MX,No Brand,0.00
2024,1,01/18/2024,MX,No Brand,0.00
2024,1,01/19/2024,MX,No Brand,0.00
2024,1,01/20/2024,MX,No Brand,0.00
2024,1,01/21/2024,MX,No Brand,0.00
2024,1,01/22/2024,MX,No Brand,0.00
2024,1,01/23/2024,MX,No Brand,0.00
2024,1,01/24/2024,MX,No Brand,0.00
2024,1,01/25/2024,MX,No Brand,0.00
2024,1,01/26/2024,MX,No Brand,0.00
2024,1,01/27/2024,MX,No Brand,0.00
2024,1,01/28/2024,MX,No Brand,0.00
2024,1,01/29/2024,MX,No Brand,0.00
2024,1,01/30/2024,MX,No Brand,0.00
2024,1,01/31/2024,MX,No Brand,0.00
2024,2,02/01/2024,MX,No Brand,0.00
2024,2,02/02/2024,MX,No Brand,0.00
2024,2,02/03/2024,MX,No Brand,0.00
2024,2,02/04/2024,MX,No Brand,0.00
2024,2,02/05/2024,MX,No Brand,0.00
2024,2,02/06/2024,MX,No Brand,0.00
2024,2,02/07/2024,MX,No Brand,0.00
2024,2,02/08/2024,MX,No Brand,0.00
2024,2,02/09/2024,MX,No Brand,0.00
2024,2,02/10/2024,MX,No Brand,0.00
2024,2,02/11/2024,MX,No Brand,0.00
2024,2,02/12/2024,MX,No Brand,0.00
2024,2,02/13/2024,MX,No Brand,0.00
2024,2,02/14/2024,MX,No Brand,0.00
2024,2,02/15/2024,MX,No Brand,0.00
2024,2,02/16/2024,MX,No Brand,0.00
2024,2,02/17/2024,MX,No Brand,0.00
2024,2,02/18/2024,MX,No Brand,0.00
2024,2,02/19/2024,MX,No Brand,0.00
2024,2,02/20/2024,MX,No Brand,0.00
2024,2,02/21/2024,MX,No Brand,0.00
2024,2,02/22/2024,MX,No Brand,0.00
2024,2,02/23/2024,MX,No Brand,0.00
2024,2,02/24/2024,MX,No Brand,0.00
2024,2,02/25/2024,MX,No Brand,0.00
2024,2,02/26/2024,MX,No Brand,0.00
2024,2,02/27/2024,MX,No Brand,0.00
2024,2,02/28/2024,MX,No Brand,0.00
2024,2,02/29/2024,MX,No Brand,0.00
2024,3,03/01/2024,MX,No Brand,0.00
2024,3,03/02/2024,MX,No Brand,0.00
2024,3,03/03/2024,MX,No Brand,0.00
2024,3,03/04/2024,MX,No Brand,0.00
2024,3,03/05/2024,MX,No Brand,0.00
2024,3,03/06/2024,MX,No Brand,0.00
2024,3,03/07/2024,MX,No Brand,0.00
2024,3,03/08/2024,MX,No Brand,0.00
2024,3,03/09/2024,MX,No Brand,0.00
2024,3,03/10/2024,MX,No Brand,0.00
2024,3,03/11/2024,MX,No Brand,0.00
2024,3,03/12/2024,MX,No Brand,0.00
2024,3,03/13/2024,MX,No Brand,0.00
2024,3,03/14/2024,MX,No Brand,0.00
2024,3,03/15/2024,MX,No Brand,0.00
2024,3,03/16/2024,MX,No Brand,0.00
2024,3,03/17/2024,MX,No Brand,0.00
2024,3,03/18/2024,MX,No Brand,0.00
2024,3,03/19/2024,MX,No Brand,0.00
2024,3,03/20/2024,MX,No Brand,0.00
2024,3,03/21/2024,MX,No Brand,0.00
2024,3,03/22/2024,MX,No Brand,0.00
2024,3,03/23/2024,MX,No Brand,0.00
2024,3,03/24/2024,MX,No Brand,0.00
2024,3,03/25/2024,MX,No Brand,0.00
2024,3,03/26/2024,MX,No Brand,0.00
2024,3,03/27/2024,MX,No Brand,0.00
2024,3,03/28/2024,MX,No Brand,0.00
2024,3,03/29/2024,MX,No Brand,0.00
2024,3,03/30/2024,MX,No Brand,0.00
2024,3,03/31/2024,MX,No Brand,0.00
2024,4,04/01/2024,MX,No Brand,0.00
2024,4,04/02/2024,MX,No Brand,0.00
2024,4,04/03/2024,MX,No Brand,0.00
2024,4,04/04/2024,MX,No Brand,0.00
2024,4,04/05/2024,MX,No Brand,0.00
2024,4,04/06/2024,MX,No Brand,0.00
2024,4,04/07/2024,MX,No Brand,0.00
2024,4,04/08/2024,MX,No Brand,0.00
2024,4,04/09/2024,MX,No Brand,0.00
2024,4,04/10/2024,MX,No Brand,0.00
2024,4,04/11/2024,MX,No Brand,0.00
2024,4,04/12/2024,MX,No Brand,0.00
2024,4,04/13/2024,MX,No Brand,0.00
2024,4,04/14/2024,MX,No Brand,0.00
2024,4,04/15/2024,MX,No Brand,0.00
2024,4,04/16/2024,MX,No Brand,0.00
2024,4,04/17/2024,MX,No Brand,0.00
2024,4,04/18/2024,MX,No Brand,0.00
2024,4,04/19/2024,MX,No Brand,0.00
2024,4,04/20/2024,MX,No Brand,0.00
2024,4,04/21/2024,MX,No Brand,0.00
2024,4,04/22/2024,MX,No Brand,0.00
2024,4,04/23/2024,MX,No Brand,0.00
2024,4,04/24/2024,MX,No Brand,0.00
2024,4,04/25/2024,MX,No Brand,0.00
2024,4,04/26/2024,MX,No Brand,0.00
2024,4,04/27/2024,MX,No Brand,0.00
2024,4,04/28/2024,MX,No Brand,0.00
2024,4,04/29/2024,MX,No Brand,0.00
2024,4,04/30/2024,MX,No Brand,0.00
2024,5,05/01/2024,MX,No Brand,0.00
2024,5,05/02/2024,MX,No Brand,0.00
2024,5,05/03/2024,MX,No Brand,0.00
2024,5,05/04/2024,MX,No Brand,0.00
2024,5,05/05/2024,MX,No Brand,0.00
2024,5,05/06/2024,MX,No Brand,0.00
2024,5,05/07/2024,MX,No Brand,0.00
2024,5,05/08/2024,MX,No Brand,0.00
2024,5,05/09/2024,MX,No Brand,0.00
2024,5,05/10/2024,MX,No Brand,0.00
2024,5,05/11/2024,MX,No Brand,0.00
2024,5,05/12/2024,MX,No Brand,0.00
2024,5,05/13/2024,MX,No Brand,0.00
2024,5,05/14/2024,MX,No Brand,0.00
2024,5,05/15/2024,MX,No Brand,0.00
2024,5,05/16/2024,MX,No Brand,0.00
2024,5,05/17/2024,MX,No Brand,0.00
2024,5,05/18/2024,MX,No Brand,0.00
2024,5,05/19/2024,MX,No Brand,0.00
2024,5,05/20/2024,MX,No Brand,0.00
2024,5,05/21/2024,MX,No Brand,0.00
2024,5,05/22/2024,MX,No Brand,0.00
2024,5,05/23/2024,MX,No Brand,0.00
2024,5,05/24/2024,MX,No Brand,0.00
2024,5,05/25/2024,MX,No Brand,0.00
2024,5,05/26/2024,MX,No Brand,0.00
2024,5,05/27/2024,MX,No Brand,0.00
2024,5,05/28/2024,MX,No Brand,0.00
2024,5,05/29/2024,MX,No Brand,0.00
2024,5,05/30/2024,MX,No Brand,0.00
2024,5,05/31/2024,MX,No Brand,0.00
2024,6,06/01/2024,MX,No Brand,0.00
2024,6,06/02/2024,MX,No Brand,0.00
2024,6,06/03/2024,MX,No Brand,0.00
2024,6,06/04/2024,MX,No Brand,0.00
2024,6,06/05/2024,MX,No Brand,0.00
2024,6,06/06/2024,MX,No Brand,0.00
2024,6,06/07/2024,MX,No Brand,0.00
2024,6,06/08/2024,MX,No Brand,0.00
2024,6,06/09/2024,MX,No Brand,0.00
2024,6,06/10/2024,MX,No Brand,0.00
2024,6,06/11/2024,MX,No Brand,0.00
2024,6,06/12/2024,MX,No Brand,0.00
2024,6,06/13/2024,MX,No Brand,0.00
2024,6,06/14/2024,MX,No Brand,0.00
2024,6,06/15/2024,MX,No Brand,0.00
2024,6,06/16/2024,MX,No Brand,0.00
2024,6,06/17/2024,MX,No Brand,0.00
2024,6,06/18/2024,MX,No Brand,0.00
2024,6,06/19/2024,MX,No Brand,0.00
2024,6,06/20/2024,MX,No Brand,0.00
2024,6,06/21/2024,MX,No Brand,0.00
2024,6,06/22/2024,MX,No Brand,0.00
2024,6,06/23/2024,MX,No Brand,0.00
2024,6,06/24/2024,MX,No Brand,0.00
2024,6,06/25/2024,MX,No Brand,0.00
2024,6,06/26/2024,MX,No Brand,0.00
2024,6,06/27/2024,MX,No Brand,0.00
2024,6,06/28/2024,MX,No Brand,0.00
2024,6,06/29/2024,MX,No Brand,0.00
2024,6,06/30/2024,MX,No Brand,0.00
2024,7,07/01/2024,MX,No Brand,0.00
2024,7,07/02/2024,MX,No Brand,0.00
2024,7,07/03/2024,MX,No Brand,0.00
2024,7,07/04/2024,MX,No Brand,0.00
2024,7,07/05/2024,MX,No Brand,0.00
2024,7,07/06/2024,MX,No Brand,0.00
2024,7,07/07/2024,MX,No Brand,0.00
2024,7,07/08/2024,MX,No Brand,0.00
2024,7,07/09/2024,MX,No Brand,0.00
2024,7,07/10/2024,MX,No Brand,0.00
2024,7,07/11/2024,MX,No Brand,0.00
2024,7,07/12/2024,MX,No Brand,0.00
2024,7,07/13/2024,MX,No Brand,0.00
2024,7,07/14/2024,MX,No Brand,0.00
2024,7,07/15/2024,MX,No Brand,0.00
2024,7,07/16/2024,MX,No Brand,0.00
2024,7,07/17/2024,MX,No Brand,0.00
2024,7,07/18/2024,MX,No Brand,0.00
2024,7,07/19/2024,MX,No Brand,0.00
2024,7,07/20/2024,MX,No Brand,0.00
2024,7,07/21/2024,MX,No Brand,0.00
2024,7,07/22/2024,MX,No Brand,0.00
2024,7,07/23/2024,MX,No Brand,0.00
2024,7,07/24/2024,MX,No Brand,0.00
2024,7,07/25/2024,MX,No Brand,0.00
2024,7,07/26/2024,MX,No Brand,0.00
2024,7,07/27/2024,MX,No Brand,0.00
2024,7,07/28/2024,MX,No Brand,0.00
2024,7,07/29/2024,MX,No Brand,0.00
2024,7,07/30/2024,MX,No Brand,0.00
2024,7,07/31/2024,MX,No Brand,0.00
2024,8,08/01/2024,MX,No Brand,0.00
2024,8,08/02/2024,MX,No Brand,0.00
2024,8,08/03/2024,MX,No Brand,0.00
2024,8,08/04/2024,MX,No Brand,0.00
2024,8,08/05/2024,MX,No Brand,0.00
2024,8,08/06/2024,MX,No Brand,0.00
2024,8,08/07/2024,MX,No Brand,0.00
2024,8,08/08/2024,MX,No Brand,0.00
2024,8,08/09/2024,MX,No Brand,0.00
2024,8,08/10/2024,MX,No Brand,0.00
2024,8,08/11/2024,MX,No Brand,0.00
2024,8,08/12/2024,MX,No Brand,0.00
2024,8,08/13/2024,MX,No Brand,0.00
2024,8,08/14/2024,MX,No Brand,0.00
2024,8,08/15/2024,MX,No Brand,0.00
2024,8,08/16/2024,MX,No Brand,0.00
2024,8,08/17/2024,MX,No Brand,0.00
2024,8,08/18/2024,MX,No Brand,0.00
2024,8,08/19/2024,MX,No Brand,0.00
2024,8,08/20/2024,MX,No Brand,0.00
2024,8,08/21/2024,MX,No Brand,0.00
2024,8,08/22/2024,MX,No Brand,0.00
2024,8,08/23/2024,MX,No Brand,0.00
2024,8,08/24/2024,MX,No Brand,0.00
2024,8,08/25/2024,MX,No Brand,0.00
2024,8,08/26/2024,MX,No Brand,0.00
2024,8,08/27/2024,MX,No Brand,0.00
2024,8,08/28/2024,MX,No Brand,0.00
2024,8,08/29/2024,MX,No Brand,0.00
2024,8,08/30/2024,MX,No Brand,0.00
2024,8,08/31/2024,MX,No Brand,0.00
2024,9,09/01/2024,MX,No Brand,0.00
2024,9,09/02/2024,MX,No Brand,0.00
2024,9,09/03/2024,MX,No Brand,0.00
2024,9,09/04/2024,MX,No Brand,0.00
2024,9,09/05/2024,MX,No Brand,0.00
2024,9,09/06/2024,MX,No Brand,0.00
2024,9,09/07/2024,MX,No Brand,0.00
2024,9,09/08/2024,MX,No Brand,0.00
2024,9,09/09/2024,MX,No Brand,0.00
2024,9,09/10/2024,MX,No Brand,0.00
2024,9,09/11/2024,MX,No Brand,0.00
2024,9,09/12/2024,MX,No Brand,0.00
2024,9,09/13/2024,MX,No Brand,0.00
2024,9,09/14/2024,MX,No Brand,0.00
2024,9,09/15/2024,MX,No Brand,0.00
2024,9,09/16/2024,MX,No Brand,0.00
2024,9,09/17/2024,MX,No Brand,0.00
2024,9,09/18/2024,MX,No Brand,0.00
2024,9,09/19/2024,MX,No Brand,0.00
2024,9,09/20/2024,MX,No Brand,0.00
2024,9,09/21/2024,MX,No Brand,0.00
2024,9,09/22/2024,MX,No Brand,0.00
2024,9,09/23/2024,MX,No Brand,0.00
2024,9,09/24/2024,MX,No Brand,0.00
2024,9,09/25/2024,MX,No Brand,0.00
2024,9,09/26/2024,MX,No Brand,0.00
2024,9,09/27/2024,MX,No Brand,0.00
2024,9,09/28/2024,MX,No Brand,0.00
2024,9,09/29/2024,MX,No Brand,0.00
2024,9,09/30/2024,MX,No Brand,0.00
2024,10,10/01/2024,MX,No Brand,0.00
2024,10,10/02/2024,MX,No Brand,0.00
2024,10,10/03/2024,MX,No Brand,0.00
2024,10,10/04/2024,MX,No Brand,0.00
2024,10,10/05/2024,MX,No Brand,0.00
2024,10,10/06/2024,MX,No Brand,0.00
2024,10,10/07/2024,MX,No Brand,0.00
2024,10,10/08/2024,MX,No Brand,0.00
2024,10,10/09/2024,MX,No Brand,0.00
2024,10,10/10/2024,MX,No Brand,0.00
2024,10,10/11/2024,MX,No Brand,0.00
2024,10,10/12/2024,MX,No Brand,0.00
2024,10,10/13/2024,MX,No Brand,0.00
2024,10,10/14/2024,MX,No Brand,0.00
2024,10,10/15/2024,MX,No Brand,0.00
2024,10,10/16/2024,MX,No Brand,0.00
2024,10,10/17/2024,MX,No Brand,0.00
2024,10,10/18/2024,MX,No Brand,0.00
2024,10,10/19/2024,MX,No Brand,0.00
2024,10,10/20/2024,MX,No Brand,0.00
2024,10,10/21/2024,MX,No Brand,0.00
2024,10,10/22/2024,MX,No Brand,0.00
2024,10,10/23/2024,MX,No Brand,0.00
2024,10,10/24/2024,MX,No Brand,0.00
2024,10,10/25/2024,MX,No Brand,0.00
2024,10,10/26/2024,MX,No Brand,0.00
2024,10,10/27/2024,MX,No Brand,0.00
2024,10,10/28/2024,MX,No Brand,0.00
2024,10,10/29/2024,MX,No Brand,0.00
2024,10,10/30/2024,MX,No Brand,0.00
2024,10,10/31/2024,MX,No Brand,0.00
2024,11,11/01/2024,MX,No Brand,0.00
2024,11,11/02/2024,MX,No Brand,0.00
2024,11,11/03/2024,MX,No Brand,0.00
2024,11,11/04/2024,MX,No Brand,0.00
2024,11,11/05/2024,MX,No Brand,0.00
2024,11,11/06/2024,MX,No Brand,0.00
2024,11,11/07/2024,MX,No Brand,0.00
2024,11,11/08/2024,MX,No Brand,0.00
2024,11,11/09/2024,MX,No Brand,0.00
2024,11,11/10/2024,MX,No Brand,0.00
2024,11,11/11/2024,MX,No Brand,0.00
2024,11,11/12/2024,MX,No Brand,0.00
2024,11,11/13/2024,MX,No Brand,0.00
2024,11,11/14/2024,MX,No Brand,0.00
2024,11,11/15/2024,MX,No Brand,0.00
2024,11,11/16/2024,MX,No Brand,0.00
2024,11,11/17/2024,MX,No Brand,0.00
2024,11,11/18/2024,MX,No Brand,0.00
2024,11,11/19/2024,MX,No Brand,0.00
2024,11,11/20/2024,MX,No Brand,0.00
2024,11,11/21/2024,MX,No Brand,0.00
2024,11,11/22/2024,MX,No Brand,0.00
2024,11,11/23/2024,MX,No Brand,0.00
2024,11,11/24/2024,MX,No Brand,0.00
2024,11,11/25/2024,MX,No Brand,0.00
2024,11,11/26/2024,MX,No Brand,0.00
2024,11,11/27/2024,MX,No Brand,0.00
2024,11,11/28/2024,MX,No Brand,0.00
2024,11,11/29/2024,MX,No Brand,0.00
2024,11,11/30/2024,MX,No Brand,0.00
2024,12,12/01/2024,MX,No Brand,0.00
2024,12,12/02/2024,MX,No Brand,0.00
2024,12,12/03/2024,MX,No Brand,0.00
2024,12,12/04/2024,MX,No Brand,0.00
2024,12,12/05/2024,MX,No Brand,0.00
2024,12,12/06/2024,MX,No Brand,0.00
2024,12,12/07/2024,MX,No Brand,0.00
2024,12,12/08/2024,MX,No Brand,0.00
2024,12,12/09/2024,MX,No Brand,0.00
2024,12,12/10/2024,MX,No Brand,0.00
2024,12,12/11/2024,MX,No Brand,0.00
2024,12,12/12/2024,MX,No Brand,0.00
2024,12,12/13/2024,MX,No Brand,0.00
2024,12,12/14/2024,MX,No Brand,0.00
2024,12,12/15/2024,MX,No Brand,0.00
2024,12,12/16/2024,MX,No Brand,0.00
2024,12,12/17/2024,MX,No Brand,0.00
2024,12,12/18/2024,MX,No Brand,0.00
2024,12,12/19/2024,MX,No Brand,0.00
2024,12,12/20/2024,MX,No Brand,0.00
2024,12,12/21/2024,MX,No Brand,0.00
2024,12,12/22/2024,MX,No Brand,0.00
2024,12,12/23/2024,MX,No Brand,0.00
2024,12,12/24/2024,MX,No Brand,0.00
2024,12,12/25/2024,MX,No Brand,0.00
2024,12,12/26/2024,MX,No Brand,0.00
2024,12,12/27/2024,MX,No Brand,0.00
2024,12,12/28/2024,MX,No Brand,0.00
2024,12,12/29/2024,MX,No Brand,0.00
2024,12,12/30/2024,MX,No Brand,0.00
2024,12,12/31/2024,MX,No Brand,0.00
2023,1,01/01/2023,AR,Branded,2778.65
2023,1,01/02/2023,AR,Branded,2778.65
2023,1,01/03/2023,AR,Branded,2778.65
2023,1,01/04/2023,AR,Branded,2778.65
2023,1,01/05/2023,AR,Branded,2778.65
2023,1,01/06/2023,AR,Branded,2778.65
2023,1,01/07/2023,AR,Branded,2778.65
2023,1,01/08/2023,AR,Branded,2778.65
2023,1,01/09/2023,AR,Branded,2778.65
2023,1,01/10/2023,AR,Branded,2778.65
2023,1,01/11/2023,AR,Branded,2778.65
2023,1,01/12/2023,AR,Branded,2778.65
2023,1,01/13/2023,AR,Branded,2778.65
2023,1,01/14/2023,AR,Branded,2778.65
2023,1,01/15/2023,AR,Branded,2778.65
2023,1,01/16/2023,AR,Branded,2778.65
2023,1,01/17/2023,AR,Branded,2778.65
2023,1,01/18/2023,AR,Branded,2778.65
2023,1,01/19/2023,AR,Branded,2778.65
2023,1,01/20/2023,AR,Branded,2778.65
2023,1,01/21/2023,AR,Branded,2778.65
2023,1,01/22/2023,AR,Branded,2778.65
2023,1,01/23/2023,AR,Branded,2778.65
2023,1,01/24/2023,AR,Branded,2778.65
2023,1,01/25/2023,AR,Branded,2778.65
2023,1,01/26/2023,AR,Branded,2778.65
2023,1,01/27/2023,AR,Branded,2778.65
2023,1,01/28/2023,AR,Branded,2778.65
2023,1,01/29/2023,AR,Branded,2778.65
2023,1,01/30/2023,AR,Branded,2778.65
2023,1,01/31/2023,AR,Branded,2778.65
2023,2,02/01/2023,AR,Branded,3083.29
2023,2,02/02/2023,AR,Branded,3083.29
2023,2,02/03/2023,AR,Branded,3083.29
2023,2,02/04/2023,AR,Branded,3083.29
2023,2,02/05/2023,AR,Branded,3083.29
2023,2,02/06/2023,AR,Branded,3083.29
2023,2,02/07/2023,AR,Branded,3083.29
2023,2,02/08/2023,AR,Branded,3083.29
2023,2,02/09/2023,AR,Branded,3083.29
2023,2,02/10/2023,AR,Branded,3083.29
2023,2,02/11/2023,AR,Branded,3083.29
2023,2,02/12/2023,AR,Branded,3083.29
2023,2,02/13/2023,AR,Branded,3083.29
2023,2,02/14/2023,AR,Branded,3083.29
2023,2,02/15/2023,AR,Branded,3083.29
2023,2,02/16/2023,AR,Branded,3083.29
2023,2,02/17/2023,AR,Branded,3083.29
2023,2,02/18/2023,AR,Branded,3083.29
2023,2,02/19/2023,AR,Branded,3083.29
2023,2,02/20/2023,AR,Branded,3083.29
2023,2,02/21/2023,AR,Branded,3083.29
2023,2,02/22/2023,AR,Branded,3083.29
2023,2,02/23/2023,AR,Branded,3083.29
2023,2,02/24/2023,AR,Branded,3083.29
2023,2,02/25/2023,AR,Branded,3083.29
2023,2,02/26/2023,AR,Branded,3083.29
2023,2,02/27/2023,AR,Branded,3083.29
2023,2,02/28/2023,AR,Branded,3083.29
2023,3,03/01/2023,AR,Branded,3263.77
2023,3,03/02/2023,AR,Branded,3263.77
2023,3,03/03/2023,AR,Branded,3263.77
2023,3,03/04/2023,AR,Branded,3263.77
2023,3,03/05/2023,AR,Branded,3263.77
2023,3,03/06/2023,AR,Branded,3263.77
2023,3,03/07/2023,AR,Branded,3263.77
2023,3,03/08/2023,AR,Branded,3263.77
2023,3,03/09/2023,AR,Branded,3263.77
2023,3,03/10/2023,AR,Branded,3263.77
2023,3,03/11/2023,AR,Branded,3263.77
2023,3,03/12/2023,AR,Branded,3263.77
2023,3,03/13/2023,AR,Branded,3263.77
2023,3,03/14/2023,AR,Branded,3263.77
2023,3,03/15/2023,AR,Branded,3263.77
2023,3,03/16/2023,AR,Branded,3263.77
2023,3,03/17/2023,AR,Branded,3263.77
2023,3,03/18/2023,AR,Branded,3263.77
2023,3,03/19/2023,AR,Branded,3263.77
2023,3,03/20/2023,AR,Branded,3263.77
2023,3,03/21/2023,AR,Branded,3263.77
2023,3,03/22/2023,AR,Branded,3263.77
2023,3,03/23/2023,AR,Branded,3263.77
2023,3,03/24/2023,AR,Branded,3263.77
2023,3,03/25/2023,AR,Branded,3263.77
2023,3,03/26/2023,AR,Branded,3263.77
2023,3,03/27/2023,AR,Branded,3263.77
2023,3,03/28/2023,AR,Branded,3263.77
2023,3,03/29/2023,AR,Branded,3263.77
2023,3,03/30/2023,AR,Branded,3263.77
2023,3,03/31/2023,AR,Branded,3263.77
2023,4,04/01/2023,AR,Branded,3449.47
2023,4,04/02/2023,AR,Branded,3449.47
2023,4,04/03/2023,AR,Branded,3449.47
2023,4,04/04/2023,AR,Branded,3449.47
2023,4,04/05/2023,AR,Branded,3449.47
2023,4,04/06/2023,AR,Branded,3449.47
2023,4,04/07/2023,AR,Branded,3449.47
2023,4,04/08/2023,AR,Branded,3449.47
2023,4,04/09/2023,AR,Branded,3449.47
2023,4,04/10/2023,AR,Branded,3449.47
2023,4,04/11/2023,AR,Branded,3449.47
2023,4,04/12/2023,AR,Branded,3449.47
2023,4,04/13/2023,AR,Branded,3449.47
2023,4,04/14/2023,AR,Branded,3449.47
2023,4,04/15/2023,AR,Branded,3449.47
2023,4,04/16/2023,AR,Branded,3449.47
2023,4,04/17/2023,AR,Branded,3449.47
2023,4,04/18/2023,AR,Branded,3449.47
2023,4,04/19/2023,AR,Branded,3449.47
2023,4,04/20/2023,AR,Branded,3449.47
2023,4,04/21/2023,AR,Branded,3449.47
2023,4,04/22/2023,AR,Branded,3449.47
2023,4,04/23/2023,AR,Branded,3449.47
2023,4,04/24/2023,AR,Branded,3449.47
2023,4,04/25/2023,AR,Branded,3449.47
2023,4,04/26/2023,AR,Branded,3449.47
2023,4,04/27/2023,AR,Branded,3449.47
2023,4,04/28/2023,AR,Branded,3449.47
2023,4,04/29/2023,AR,Branded,3449.47
2023,4,04/30/2023,AR,Branded,3449.47
2023,5,05/01/2023,AR,Branded,3508.13
2023,5,05/02/2023,AR,Branded,3508.13
2023,5,05/03/2023,AR,Branded,3508.13
2023,5,05/04/2023,AR,Branded,3508.13
2023,5,05/05/2023,AR,Branded,3508.13
2023,5,05/06/2023,AR,Branded,3508.13
2023,5,05/07/2023,AR,Branded,3508.13
2023,5,05/08/2023,AR,Branded,3508.13
2023,5,05/09/2023,AR,Branded,3508.13
2023,5,05/10/2023,AR,Branded,3508.13
2023,5,05/11/2023,AR,Branded,3508.13
2023,5,05/12/2023,AR,Branded,3508.13
2023,5,05/13/2023,AR,Branded,3508.13
2023,5,05/14/2023,AR,Branded,3508.13
2023,5,05/15/2023,AR,Branded,3508.13
2023,5,05/16/2023,AR,Branded,3508.13
2023,5,05/17/2023,AR,Branded,3508.13
2023,5,05/18/2023,AR,Branded,3508.13
2023,5,05/19/2023,AR,Branded,3508.13
2023,5,05/20/2023,AR,Branded,3508.13
2023,5,05/21/2023,AR,Branded,3508.13
2023,5,05/22/2023,AR,Branded,3508.13
2023,5,05/23/2023,AR,Branded,3508.13
2023,5,05/24/2023,AR,Branded,3508.13
2023,5,05/25/2023,AR,Branded,3508.13
2023,5,05/26/2023,AR,Branded,3508.13
2023,5,05/27/2023,AR,Branded,3508.13
2023,5,05/28/2023,AR,Branded,3508.13
2023,5,05/29/2023,AR,Branded,3508.13
2023,5,05/30/2023,AR,Branded,3508.13
2023,5,05/31/2023,AR,Branded,3508.13
2023,6,06/01/2023,AR,Branded,3557.97
2023,6,06/02/2023,AR,Branded,3557.97
2023,6,06/03/2023,AR,Branded,3557.97
2023,6,06/04/2023,AR,Branded,3557.97
2023,6,06/05/2023,AR,Branded,3557.97
2023,6,06/06/2023,AR,Branded,3557.97
2023,6,06/07/2023,AR,Branded,3557.97
2023,6,06/08/2023,AR,Branded,3557.97
2023,6,06/09/2023,AR,Branded,3557.97
2023,6,06/10/2023,AR,Branded,3557.97
2023,6,06/11/2023,AR,Branded,3557.97
2023,6,06/12/2023,AR,Branded,3557.97
2023,6,06/13/2023,AR,Branded,3557.97
2023,6,06/14/2023,AR,Branded,3557.97
2023,6,06/15/2023,AR,Branded,3557.97
2023,6,06/16/2023,AR,Branded,3557.97
2023,6,06/17/2023,AR,Branded,3557.97
2023,6,06/18/2023,AR,Branded,3557.97
2023,6,06/19/2023,AR,Branded,3557.97
2023,6,06/20/2023,AR,Branded,3557.97
2023,6,06/21/2023,AR,Branded,3557.97
2023,6,06/22/2023,AR,Branded,3557.97
2023,6,06/23/2023,AR,Branded,3557.97
2023,6,06/24/2023,AR,Branded,3557.97
2023,6,06/25/2023,AR,Branded,3557.97
2023,6,06/26/2023,AR,Branded,3557.97
2023,6,06/27/2023,AR,Branded,3557.97
2023,6,06/28/2023,AR,Branded,3557.97
2023,6,06/29/2023,AR,Branded,3557.97
2023,6,06/30/2023,AR,Branded,3557.97
2023,7,07/01/2023,AR,Branded,3395.97
2023,7,07/02/2023,AR,Branded,3395.97
2023,7,07/03/2023,AR,Branded,3395.97
2023,7,07/04/2023,AR,Branded,3395.97
2023,7,07/05/2023,AR,Branded,3395.97
2023,7,07/06/2023,AR,Branded,3395.97
2023,7,07/07/2023,AR,Branded,3395.97
2023,7,07/08/2023,AR,Branded,3395.97
2023,7,07/09/2023,AR,Branded,3395.97
2023,7,07/10/2023,AR,Branded,3395.97
2023,7,07/11/2023,AR,Branded,3395.97
2023,7,07/12/2023,AR,Branded,3395.97
2023,7,07/13/2023,AR,Branded,3395.97
2023,7,07/14/2023,AR,Branded,3395.97
2023,7,07/15/2023,AR,Branded,3395.97
2023,7,07/16/2023,AR,Branded,3395.97
2023,7,07/17/2023,AR,Branded,3395.97
2023,7,07/18/2023,AR,Branded,3395.97
2023,7,07/19/2023,AR,Branded,3395.97
2023,7,07/20/2023,AR,Branded,3395.97
2023,7,07/21/2023,AR,Branded,3395.97
2023,7,07/22/2023,AR,Branded,3395.97
2023,7,07/23/2023,AR,Branded,3395.97
2023,7,07/24/2023,AR,Branded,3395.97
2023,7,07/25/2023,AR,Branded,3395.97
2023,7,07/26/2023,AR,Branded,3395.97
2023,7,07/27/2023,AR,Branded,3395.97
2023,7,07/28/2023,AR,Branded,3395.97
2023,7,07/29/2023,AR,Branded,3395.97
2023,7,07/30/2023,AR,Branded,3395.97
2023,7,07/31/2023,AR,Branded,3395.97
2023,8,08/01/2023,AR,Branded,3571.58
2023,8,08/02/2023,AR,Branded,3571.58
2023,8,08/03/2023,AR,Branded,3571.58
2023,8,08/04/2023,AR,Branded,3571.58
2023,8,08/05/2023,AR,Branded,3571.58
2023,8,08/06/2023,AR,Branded,3571.58
2023,8,08/07/2023,AR,Branded,3571.58
2023,8,08/08/2023,AR,Branded,3571.58
2023,8,08/09/2023,AR,Branded,3571.58
2023,8,08/10/2023,AR,Branded,3571.58
2023,8,08/11/2023,AR,Branded,3571.58
2023,8,08/12/2023,AR,Branded,3571.58
2023,8,08/13/2023,AR,Branded,3571.58
2023,8,08/14/2023,AR,Branded,3571.58
2023,8,08/15/2023,AR,Branded,3571.58
2023,8,08/16/2023,AR,Branded,3571.58
2023,8,08/17/2023,AR,Branded,3571.58
2023,8,08/18/2023,AR,Branded,3571.58
2023,8,08/19/2023,AR,Branded,3571.58
2023,8,08/20/2023,AR,Branded,3571.58
2023,8,08/21/2023,AR,Branded,3571.58
2023,8,08/22/2023,AR,Branded,3571.58
2023,8,08/23/2023,AR,Branded,3571.58
2023,8,08/24/2023,AR,Branded,3571.58
2023,8,08/25/2023,AR,Branded,3571.58
2023,8,08/26/2023,AR,Branded,3571.58
2023,8,08/27/2023,AR,Branded,3571.58
2023,8,08/28/2023,AR,Branded,3571.58
2023,8,08/29/2023,AR,Branded,3571.58
2023,8,08/30/2023,AR,Branded,3571.58
2023,8,08/31/2023,AR,Branded,3571.58
2023,9,09/01/2023,AR,Branded,3636.03
2023,9,09/02/2023,AR,Branded,3636.03
2023,9,09/03/2023,AR,Branded,3636.03
2023,9,09/04/2023,AR,Branded,3636.03
2023,9,09/05/2023,AR,Branded,3636.03
2023,9,09/06/2023,AR,Branded,3636.03
2023,9,09/07/2023,AR,Branded,3636.03
2023,9,09/08/2023,AR,Branded,3636.03
2023,9,09/09/2023,AR,Branded,3636.03
2023,9,09/10/2023,AR,Branded,3636.03
2023,9,09/11/2023,AR,Branded,3636.03
2023,9,09/12/2023,AR,Branded,3636.03
2023,9,09/13/2023,AR,Branded,3636.03
2023,9,09/14/2023,AR,Branded,3636.03
2023,9,09/15/2023,AR,Branded,3636.03
2023,9,09/16/2023,AR,Branded,3636.03
2023,9,09/17/2023,AR,Branded,3636.03
2023,9,09/18/2023,AR,Branded,3636.03
2023,9,09/19/2023,AR,Branded,3636.03
2023,9,09/20/2023,AR,Branded,3636.03
2023,9,09/21/2023,AR,Branded,3636.03
2023,9,09/22/2023,AR,Branded,3636.03
2023,9,09/23/2023,AR,Branded,3636.03
2023,9,09/24/2023,AR,Branded,3636.03
2023,9,09/25/2023,AR,Branded,3636.03
2023,9,09/26/2023,AR,Branded,3636.03
2023,9,09/27/2023,AR,Branded,3636.03
2023,9,09/28/2023,AR,Branded,3636.03
2023,9,09/29/2023,AR,Branded,3636.03
2023,9,09/30/2023,AR,Branded,3636.03
2023,10,10/01/2023,AR,Branded,3433.55
2023,10,10/02/2023,AR,Branded,3433.55
2023,10,10/03/2023,AR,Branded,3433.55
2023,10,10/04/2023,AR,Branded,3433.55
2023,10,10/05/2023,AR,Branded,3433.55
2023,10,10/06/2023,AR,Branded,3433.55
2023,10,10/07/2023,AR,Branded,3433.55
2023,10,10/08/2023,AR,Branded,3433.55
2023,10,10/09/2023,AR,Branded,3433.55
2023,10,10/10/2023,AR,Branded,3433.55
2023,10,10/11/2023,AR,Branded,3433.55
2023,10,10/12/2023,AR,Branded,3433.55
2023,10,10/13/2023,AR,Branded,3433.55
2023,10,10/14/2023,AR,Branded,3433.55
2023,10,10/15/2023,AR,Branded,3433.55
2023,10,10/16/2023,AR,Branded,3433.55
2023,10,10/17/2023,AR,Branded,3433.55
2023,10,10/18/2023,AR,Branded,3433.55
2023,10,10/19/2023,AR,Branded,3433.55
2023,10,10/20/2023,AR,Branded,3433.55
2023,10,10/21/2023,AR,Branded,3433.55
2023,10,10/22/2023,AR,Branded,3433.55
2023,10,10/23/2023,AR,Branded,3433.55
2023,10,10/24/2023,AR,Branded,3433.55
2023,10,10/25/2023,AR,Branded,3433.55
2023,10,10/26/2023,AR,Branded,3433.55
2023,10,10/27/2023,AR,Branded,3433.55
2023,10,10/28/2023,AR,Branded,3433.55
2023,10,10/29/2023,AR,Branded,3433.55
2023,10,10/30/2023,AR,Branded,3433.55
2023,10,10/31/2023,AR,Branded,3433.55
2023,11,11/01/2023,AR,Branded,3492.50
2023,11,11/02/2023,AR,Branded,3492.50
2023,11,11/03/2023,AR,Branded,3492.50
2023,11,11/04/2023,AR,Branded,3492.50
2023,11,11/05/2023,AR,Branded,3492.50
2023,11,11/06/2023,AR,Branded,3492.50
2023,11,11/07/2023,AR,Branded,3492.50
2023,11,11/08/2023,AR,Branded,3492.50
2023,11,11/09/2023,AR,Branded,3492.50
2023,11,11/10/2023,AR,Branded,3492.50
2023,11,11/11/2023,AR,Branded,3492.50
2023,11,11/12/2023,AR,Branded,3492.50
2023,11,11/13/2023,AR,Branded,3492.50
2023,11,11/14/2023,AR,Branded,3492.50
2023,11,11/15/2023,AR,Branded,3492.50
2023,11,11/16/2023,AR,Branded,3492.50
2023,11,11/17/2023,AR,Branded,3492.50
2023,11,11/18/2023,AR,Branded,3492.50
2023,11,11/19/2023,AR,Branded,3492.50
2023,11,11/20/2023,AR,Branded,3492.50
2023,11,11/21/2023,AR,Branded,3492.50
2023,11,11/22/2023,AR,Branded,3492.50
2023,11,11/23/2023,AR,Branded,3492.50
2023,11,11/24/2023,AR,Branded,3492.50
2023,11,11/25/2023,AR,Branded,3492.50
2023,11,11/26/2023,AR,Branded,3492.50
2023,11,11/27/2023,AR,Branded,3492.50
2023,11,11/28/2023,AR,Branded,3492.50
2023,11,11/29/2023,AR,Branded,3492.50
2023,11,11/30/2023,AR,Branded,3492.50
2023,12,12/01/2023,AR,Branded,2702.65
2023,12,12/02/2023,AR,Branded,2702.65
2023,12,12/03/2023,AR,Branded,2702.65
2023,12,12/04/2023,AR,Branded,2702.65
2023,12,12/05/2023,AR,Branded,2702.65
2023,12,12/06/2023,AR,Branded,2702.65
2023,12,12/07/2023,AR,Branded,2702.65
2023,12,12/08/2023,AR,Branded,2702.65
2023,12,12/09/2023,AR,Branded,2702.65
2023,12,12/10/2023,AR,Branded,2702.65
2023,12,12/11/2023,AR,Branded,2702.65
2023,12,12/12/2023,AR,Branded,2702.65
2023,12,12/13/2023,AR,Branded,2702.65
2023,12,12/14/2023,AR,Branded,2702.65
2023,12,12/15/2023,AR,Branded,2702.65
2023,12,12/16/2023,AR,Branded,2702.65
2023,12,12/17/2023,AR,Branded,2702.65
2023,12,12/18/2023,AR,Branded,2702.65
2023,12,12/19/2023,AR,Branded,2702.65
2023,12,12/20/2023,AR,Branded,2702.65
2023,12,12/21/2023,AR,Branded,2702.65
2023,12,12/22/2023,AR,Branded,2702.65
2023,12,12/23/2023,AR,Branded,2702.65
2023,12,12/24/2023,AR,Branded,2702.65
2023,12,12/25/2023,AR,Branded,2702.65
2023,12,12/26/2023,AR,Branded,2702.65
2023,12,12/27/2023,AR,Branded,2702.65
2023,12,12/28/2023,AR,Branded,2702.65
2023,12,12/29/2023,AR,Branded,2702.65
2023,12,12/30/2023,AR,Branded,2702.65
2023,12,12/31/2023,AR,Branded,2702.65
2023,1,01/01/2023,BR,Branded,8522.94
2023,1,01/02/2023,BR,Branded,8522.94
2023,1,01/03/2023,BR,Branded,8522.94
2023,1,01/04/2023,BR,Branded,8522.94
2023,1,01/05/2023,BR,Branded,8522.94
2023,1,01/06/2023,BR,Branded,8522.94
2023,1,01/07/2023,BR,Branded,8522.94
2023,1,01/08/2023,BR,Branded,8522.94
2023,1,01/09/2023,BR,Branded,8522.94
2023,1,01/10/2023,BR,Branded,8522.94
2023,1,01/11/2023,BR,Branded,8522.94
2023,1,01/12/2023,BR,Branded,8522.94
2023,1,01/13/2023,BR,Branded,8522.94
2023,1,01/14/2023,BR,Branded,8522.94
2023,1,01/15/2023,BR,Branded,8522.94
2023,1,01/16/2023,BR,Branded,8522.94
2023,1,01/17/2023,BR,Branded,8522.94
2023,1,01/18/2023,BR,Branded,8522.94
2023,1,01/19/2023,BR,Branded,8522.94
2023,1,01/20/2023,BR,Branded,8522.94
2023,1,01/21/2023,BR,Branded,8522.94
2023,1,01/22/2023,BR,Branded,8522.94
2023,1,01/23/2023,BR,Branded,8522.94
2023,1,01/24/2023,BR,Branded,8522.94
2023,1,01/25/2023,BR,Branded,8522.94
2023,1,01/26/2023,BR,Branded,8522.94
2023,1,01/27/2023,BR,Branded,8522.94
2023,1,01/28/2023,BR,Branded,8522.94
2023,1,01/29/2023,BR,Branded,8522.94
2023,1,01/30/2023,BR,Branded,8522.94
2023,1,01/31/2023,BR,Branded,8522.94
2023,2,02/01/2023,BR,Branded,9986.29
2023,2,02/02/2023,BR,Branded,9986.29
2023,2,02/03/2023,BR,Branded,9986.29
2023,2,02/04/2023,BR,Branded,9986.29
2023,2,02/05/2023,BR,Branded,9986.29
2023,2,02/06/2023,BR,Branded,9986.29
2023,2,02/07/2023,BR,Branded,9986.29
2023,2,02/08/2023,BR,Branded,9986.29
2023,2,02/09/2023,BR,Branded,9986.29
2023,2,02/10/2023,BR,Branded,9986.29
2023,2,02/11/2023,BR,Branded,9986.29
2023,2,02/12/2023,BR,Branded,9986.29
2023,2,02/13/2023,BR,Branded,9986.29
2023,2,02/14/2023,BR,Branded,9986.29
2023,2,02/15/2023,BR,Branded,9986.29
2023,2,02/16/2023,BR,Branded,9986.29
2023,2,02/17/2023,BR,Branded,9986.29
2023,2,02/18/2023,BR,Branded,9986.29
2023,2,02/19/2023,BR,Branded,9986.29
2023,2,02/20/2023,BR,Branded,9986.29
2023,2,02/21/2023,BR,Branded,9986.29
2023,2,02/22/2023,BR,Branded,9986.29
2023,2,02/23/2023,BR,Branded,9986.29
2023,2,02/24/2023,BR,Branded,9986.29
2023,2,02/25/2023,BR,Branded,9986.29
2023,2,02/26/2023,BR,Branded,9986.29
2023,2,02/27/2023,BR,Branded,9986.29
2023,2,02/28/2023,BR,Branded,9986.29
2023,3,03/01/2023,BR,Branded,9717.94
2023,3,03/02/2023,BR,Branded,9717.94
2023,3,03/03/2023,BR,Branded,9717.94
2023,3,03/04/2023,BR,Branded,9717.94
2023,3,03/05/2023,BR,Branded,9717.94
2023,3,03/06/2023,BR,Branded,9717.94
2023,3,03/07/2023,BR,Branded,9717.94
2023,3,03/08/2023,BR,Branded,9717.94
2023,3,03/09/2023,BR,Branded,9717.94
2023,3,03/10/2023,BR,Branded,9717.94
2023,3,03/11/2023,BR,Branded,9717.94
2023,3,03/12/2023,BR,Branded,9717.94
2023,3,03/13/2023,BR,Branded,9717.94
2023,3,03/14/2023,BR,Branded,9717.94
2023,3,03/15/2023,BR,Branded,9717.94
2023,3,03/16/2023,BR,Branded,9717.94
2023,3,03/17/2023,BR,Branded,9717.94
2023,3,03/18/2023,BR,Branded,9717.94
2023,3,03/19/2023,BR,Branded,9717.94
2023,3,03/20/2023,BR,Branded,9717.94
2023,3,03/21/2023,BR,Branded,9717.94
2023,3,03/22/2023,BR,Branded,9717.94
2023,3,03/23/2023,BR,Branded,9717.94
2023,3,03/24/2023,BR,Branded,9717.94
2023,3,03/25/2023,BR,Branded,9717.94
2023,3,03/26/2023,BR,Branded,9717.94
2023,3,03/27/2023,BR,Branded,9717.94
2023,3,03/28/2023,BR,Branded,9717.94
2023,3,03/29/2023,BR,Branded,9717.94
2023,3,03/30/2023,BR,Branded,9717.94
2023,3,03/31/2023,BR,Branded,9717.94
2023,4,04/01/2023,BR,Branded,9936.83
2023,4,04/02/2023,BR,Branded,9936.83
2023,4,04/03/2023,BR,Branded,9936.83
2023,4,04/04/2023,BR,Branded,9936.83
2023,4,04/05/2023,BR,Branded,9936.83
2023,4,04/06/2023,BR,Branded,9936.83
2023,4,04/07/2023,BR,Branded,9936.83
2023,4,04/08/2023,BR,Branded,9936.83
2023,4,04/09/2023,BR,Branded,9936.83
2023,4,04/10/2023,BR,Branded,9936.83
2023,4,04/11/2023,BR,Branded,9936.83
2023,4,04/12/2023,BR,Branded,9936.83
2023,4,04/13/2023,BR,Branded,9936.83
2023,4,04/14/2023,BR,Branded,9936.83
2023,4,04/15/2023,BR,Branded,9936.83
2023,4,04/16/2023,BR,Branded,9936.83
2023,4,04/17/2023,BR,Branded,9936.83
2023,4,04/18/2023,BR,Branded,9936.83
2023,4,04/19/2023,BR,Branded,9936.83
2023,4,04/20/2023,BR,Branded,9936.83
2023,4,04/21/2023,BR,Branded,9936.83
2023,4,04/22/2023,BR,Branded,9936.83
2023,4,04/23/2023,BR,Branded,9936.83
2023,4,04/24/2023,BR,Branded,9936.83
2023,4,04/25/2023,BR,Branded,9936.83
2023,4,04/26/2023,BR,Branded,9936.83
2023,4,04/27/2023,BR,Branded,9936.83
2023,4,04/28/2023,BR,Branded,9936.83
2023,4,04/29/2023,BR,Branded,9936.83
2023,4,04/30/2023,BR,Branded,9936.83
2023,5,05/01/2023,BR,Branded,9661.74
2023,5,05/02/2023,BR,Branded,9661.74
2023,5,05/03/2023,BR,Branded,9661.74
2023,5,05/04/2023,BR,Branded,9661.74
2023,5,05/05/2023,BR,Branded,9661.74
2023,5,05/06/2023,BR,Branded,9661.74
2023,5,05/07/2023,BR,Branded,9661.74
2023,5,05/08/2023,BR,Branded,9661.74
2023,5,05/09/2023,BR,Branded,9661.74
2023,5,05/10/2023,BR,Branded,9661.74
2023,5,05/11/2023,BR,Branded,9661.74
2023,5,05/12/2023,BR,Branded,9661.74
2023,5,05/13/2023,BR,Branded,9661.74
2023,5,05/14/2023,BR,Branded,9661.74
2023,5,05/15/2023,BR,Branded,9661.74
2023,5,05/16/2023,BR,Branded,9661.74
2023,5,05/17/2023,BR,Branded,9661.74
2023,5,05/18/2023,BR,Branded,9661.74
2023,5,05/19/2023,BR,Branded,9661.74
2023,5,05/20/2023,BR,Branded,9661.74
2023,5,05/21/2023,BR,Branded,9661.74
2023,5,05/22/2023,BR,Branded,9661.74
2023,5,05/23/2023,BR,Branded,9661.74
2023,5,05/24/2023,BR,Branded,9661.74
2023,5,05/25/2023,BR,Branded,9661.74
2023,5,05/26/2023,BR,Branded,9661.74
2023,5,05/27/2023,BR,Branded,9661.74
2023,5,05/28/2023,BR,Branded,9661.74
2023,5,05/29/2023,BR,Branded,9661.74
2023,5,05/30/2023,BR,Branded,9661.74
2023,5,05/31/2023,BR,Branded,9661.74
2023,6,06/01/2023,BR,Branded,9874.67
2023,6,06/02/2023,BR,Branded,9874.67
2023,6,06/03/2023,BR,Branded,9874.67
2023,6,06/04/2023,BR,Branded,9874.67
2023,6,06/05/2023,BR,Branded,9874.67
2023,6,06/06/2023,BR,Branded,9874.67
2023,6,06/07/2023,BR,Branded,9874.67
2023,6,06/08/2023,BR,Branded,9874.67
2023,6,06/09/2023,BR,Branded,9874.67
2023,6,06/10/2023,BR,Branded,9874.67
2023,6,06/11/2023,BR,Branded,9874.67
2023,6,06/12/2023,BR,Branded,9874.67
2023,6,06/13/2023,BR,Branded,9874.67
2023,6,06/14/2023,BR,Branded,9874.67
2023,6,06/15/2023,BR,Branded,9874.67
2023,6,06/16/2023,BR,Branded,9874.67
2023,6,06/17/2023,BR,Branded,9874.67
2023,6,06/18/2023,BR,Branded,9874.67
2023,6,06/19/2023,BR,Branded,9874.67
2023,6,06/20/2023,BR,Branded,9874.67
2023,6,06/21/2023,BR,Branded,9874.67
2023,6,06/22/2023,BR,Branded,9874.67
2023,6,06/23/2023,BR,Branded,9874.67
2023,6,06/24/2023,BR,Branded,9874.67
2023,6,06/25/2023,BR,Branded,9874.67
2023,6,06/26/2023,BR,Branded,9874.67
2023,6,06/27/2023,BR,Branded,9874.67
2023,6,06/28/2023,BR,Branded,9874.67
2023,6,06/29/2023,BR,Branded,9874.67
2023,6,06/30/2023,BR,Branded,9874.67
2023,7,07/01/2023,BR,Branded,9919.65
2023,7,07/02/2023,BR,Branded,9919.65
2023,7,07/03/2023,BR,Branded,9919.65
2023,7,07/04/2023,BR,Branded,9919.65
2023,7,07/05/2023,BR,Branded,9919.65
2023,7,07/06/2023,BR,Branded,9919.65
2023,7,07/07/2023,BR,Branded,9919.65
2023,7,07/08/2023,BR,Branded,9919.65
2023,7,07/09/2023,BR,Branded,9919.65
2023,7,07/10/2023,BR,Branded,9919.65
2023,7,07/11/2023,BR,Branded,9919.65
2023,7,07/12/2023,BR,Branded,9919.65
2023,7,07/13/2023,BR,Branded,9919.65
2023,7,07/14/2023,BR,Branded,9919.65
2023,7,07/15/2023,BR,Branded,9919.65
2023,7,07/16/2023,BR,Branded,9919.65
2023,7,07/17/2023,BR,Branded,9919.65
2023,7,07/18/2023,BR,Branded,9919.65
2023,7,07/19/2023,BR,Branded,9919.65
2023,7,07/20/2023,BR,Branded,9919.65
2023,7,07/21/2023,BR,Branded,9919.65
2023,7,07/22/2023,BR,Branded,9919.65
2023,7,07/23/2023,BR,Branded,9919.65
2023,7,07/24/2023,BR,Branded,9919.65
2023,7,07/25/2023,BR,Branded,9919.65
2023,7,07/26/2023,BR,Branded,9919.65
2023,7,07/27/2023,BR,Branded,9919.65
2023,7,07/28/2023,BR,Branded,9919.65
2023,7,07/29/2023,BR,Branded,9919.65
2023,7,07/30/2023,BR,Branded,9919.65
2023,7,07/31/2023,BR,Branded,9919.65
2023,8,08/01/2023,BR,Branded,10550.45
2023,8,08/02/2023,BR,Branded,10550.45
2023,8,08/03/2023,BR,Branded,10550.45
2023,8,08/04/2023,BR,Branded,10550.45
2023,8,08/05/2023,BR,Branded,10550.45
2023,8,08/06/2023,BR,Branded,10550.45
2023,8,08/07/2023,BR,Branded,10550.45
2023,8,08/08/2023,BR,Branded,10550.45
2023,8,08/09/2023,BR,Branded,10550.45
2023,8,08/10/2023,BR,Branded,10550.45
2023,8,08/11/2023,BR,Branded,10550.45
2023,8,08/12/2023,BR,Branded,10550.45
2023,8,08/13/2023,BR,Branded,10550.45
2023,8,08/14/2023,BR,Branded,10550.45
2023,8,08/15/2023,BR,Branded,10550.45
2023,8,08/16/2023,BR,Branded,10550.45
2023,8,08/17/2023,BR,Branded,10550.45
2023,8,08/18/2023,BR,Branded,10550.45
2023,8,08/19/2023,BR,Branded,10550.45
2023,8,08/20/2023,BR,Branded,10550.45
2023,8,08/21/2023,BR,Branded,10550.45
2023,8,08/22/2023,BR,Branded,10550.45
2023,8,08/23/2023,BR,Branded,10550.45
2023,8,08/24/2023,BR,Branded,10550.45
2023,8,08/25/2023,BR,Branded,10550.45
2023,8,08/26/2023,BR,Branded,10550.45
2023,8,08/27/2023,BR,Branded,10550.45
2023,8,08/28/2023,BR,Branded,10550.45
2023,8,08/29/2023,BR,Branded,10550.45
2023,8,08/30/2023,BR,Branded,10550.45
2023,8,08/31/2023,BR,Branded,10550.45
2023,9,09/01/2023,BR,Branded,10885.90
2023,9,09/02/2023,BR,Branded,10885.90
2023,9,09/03/2023,BR,Branded,10885.90
2023,9,09/04/2023,BR,Branded,10885.90
2023,9,09/05/2023,BR,Branded,10885.90
2023,9,09/06/2023,BR,Branded,10885.90
2023,9,09/07/2023,BR,Branded,10885.90
2023,9,09/08/2023,BR,Branded,10885.90
2023,9,09/09/2023,BR,Branded,10885.90
2023,9,09/10/2023,BR,Branded,10885.90
2023,9,09/11/2023,BR,Branded,10885.90
2023,9,09/12/2023,BR,Branded,10885.90
2023,9,09/13/2023,BR,Branded,10885.90
2023,9,09/14/2023,BR,Branded,10885.90
2023,9,09/15/2023,BR,Branded,10885.90
2023,9,09/16/2023,BR,Branded,10885.90
2023,9,09/17/2023,BR,Branded,10885.90
2023,9,09/18/2023,BR,Branded,10885.90
2023,9,09/19/2023,BR,Branded,10885.90
2023,9,09/20/2023,BR,Branded,10885.90
2023,9,09/21/2023,BR,Branded,10885.90
2023,9,09/22/2023,BR,Branded,10885.90
2023,9,09/23/2023,BR,Branded,10885.90
2023,9,09/24/2023,BR,Branded,10885.90
2023,9,09/25/2023,BR,Branded,10885.90
2023,9,09/26/2023,BR,Branded,10885.90
2023,9,09/27/2023,BR,Branded,10885.90
2023,9,09/28/2023,BR,Branded,10885.90
2023,9,09/29/2023,BR,Branded,10885.90
2023,9,09/30/2023,BR,Branded,10885.90
2023,10,10/01/2023,BR,Branded,10435.00
2023,10,10/02/2023,BR,Branded,10435.00
2023,10,10/03/2023,BR,Branded,10435.00
2023,10,10/04/2023,BR,Branded,10435.00
2023,10,10/05/2023,BR,Branded,10435.00
2023,10,10/06/2023,BR,Branded,10435.00
2023,10,10/07/2023,BR,Branded,10435.00
2023,10,10/08/2023,BR,Branded,10435.00
2023,10,10/09/2023,BR,Branded,10435.00
2023,10,10/10/2023,BR,Branded,10435.00
2023,10,10/11/2023,BR,Branded,10435.00
2023,10,10/12/2023,BR,Branded,10435.00
2023,10,10/13/2023,BR,Branded,10435.00
2023,10,10/14/2023,BR,Branded,10435.00
2023,10,10/15/2023,BR,Branded,10435.00
2023,10,10/16/2023,BR,Branded,10435.00
2023,10,10/17/2023,BR,Branded,10435.00
2023,10,10/18/2023,BR,Branded,10435.00
2023,10,10/19/2023,BR,Branded,10435.00
2023,10,10/20/2023,BR,Branded,10435.00
2023,10,10/21/2023,BR,Branded,10435.00
2023,10,10/22/2023,BR,Branded,10435.00
2023,10,10/23/2023,BR,Branded,10435.00
2023,10,10/24/2023,BR,Branded,10435.00
2023,10,10/25/2023,BR,Branded,10435.00
2023,10,10/26/2023,BR,Branded,10435.00
2023,10,10/27/2023,BR,Branded,10435.00
2023,10,10/28/2023,BR,Branded,10435.00
2023,10,10/29/2023,BR,Branded,10435.00
2023,10,10/30/2023,BR,Branded,10435.00
2023,10,10/31/2023,BR,Branded,10435.00
2023,11,11/01/2023,BR,Branded,11105.80
2023,11,11/02/2023,BR,Branded,11105.80
2023,11,11/03/2023,BR,Branded,11105.80
2023,11,11/04/2023,BR,Branded,11105.80
2023,11,11/05/2023,BR,Branded,11105.80
2023,11,11/06/2023,BR,Branded,11105.80
2023,11,11/07/2023,BR,Branded,11105.80
2023,11,11/08/2023,BR,Branded,11105.80
2023,11,11/09/2023,BR,Branded,11105.80
2023,11,11/10/2023,BR,Branded,11105.80
2023,11,11/11/2023,BR,Branded,11105.80
2023,11,11/12/2023,BR,Branded,11105.80
2023,11,11/13/2023,BR,Branded,11105.80
2023,11,11/14/2023,BR,Branded,11105.80
2023,11,11/15/2023,BR,Branded,11105.80
2023,11,11/16/2023,BR,Branded,11105.80
2023,11,11/17/2023,BR,Branded,11105.80
2023,11,11/18/2023,BR,Branded,11105.80
2023,11,11/19/2023,BR,Branded,11105.80
2023,11,11/20/2023,BR,Branded,11105.80
2023,11,11/21/2023,BR,Branded,11105.80
2023,11,11/22/2023,BR,Branded,11105.80
2023,11,11/23/2023,BR,Branded,11105.80
2023,11,11/24/2023,BR,Branded,11105.80
2023,11,11/25/2023,BR,Branded,11105.80
2023,11,11/26/2023,BR,Branded,11105.80
2023,11,11/27/2023,BR,Branded,11105.80
2023,11,11/28/2023,BR,Branded,11105.80
2023,11,11/29/2023,BR,Branded,11105.80
2023,11,11/30/2023,BR,Branded,11105.80
2023,12,12/01/2023,BR,Branded,8466.90
2023,12,12/02/2023,BR,Branded,8466.90
2023,12,12/03/2023,BR,Branded,8466.90
2023,12,12/04/2023,BR,Branded,8466.90
2023,12,12/05/2023,BR,Branded,8466.90
2023,12,12/06/2023,BR,Branded,8466.90
2023,12,12/07/2023,BR,Branded,8466.90
2023,12,12/08/2023,BR,Branded,8466.90
2023,12,12/09/2023,BR,Branded,8466.90
2023,12,12/10/2023,BR,Branded,8466.90
2023,12,12/11/2023,BR,Branded,8466.90
2023,12,12/12/2023,BR,Branded,8466.90
2023,12,12/13/2023,BR,Branded,8466.90
2023,12,12/14/2023,BR,Branded,8466.90
2023,12,12/15/2023,BR,Branded,8466.90
2023,12,12/16/2023,BR,Branded,8466.90
2023,12,12/17/2023,BR,Branded,8466.90
2023,12,12/18/2023,BR,Branded,8466.90
2023,12,12/19/2023,BR,Branded,8466.90
2023,12,12/20/2023,BR,Branded,8466.90
2023,12,12/21/2023,BR,Branded,8466.90
2023,12,12/22/2023,BR,Branded,8466.90
2023,12,12/23/2023,BR,Branded,8466.90
2023,12,12/24/2023,BR,Branded,8466.90
2023,12,12/25/2023,BR,Branded,8466.90
2023,12,12/26/2023,BR,Branded,8466.90
2023,12,12/27/2023,BR,Branded,8466.90
2023,12,12/28/2023,BR,Branded,8466.90
2023,12,12/29/2023,BR,Branded,8466.90
2023,12,12/30/2023,BR,Branded,8466.90
2023,12,12/31/2023,BR,Branded,8466.90
2023,1,01/01/2023,CL,Branded,0.00
2023,1,01/02/2023,CL,Branded,0.00
2023,1,01/03/2023,CL,Branded,0.00
2023,1,01/04/2023,CL,Branded,0.00
2023,1,01/05/2023,CL,Branded,0.00
2023,1,01/06/2023,CL,Branded,0.00
2023,1,01/07/2023,CL,Branded,0.00
2023,1,01/08/2023,CL,Branded,0.00
2023,1,01/09/2023,CL,Branded,0.00
2023,1,01/10/2023,CL,Branded,0.00
2023,1,01/11/2023,CL,Branded,0.00
2023,1,01/12/2023,CL,Branded,0.00
2023,1,01/13/2023,CL,Branded,0.00
2023,1,01/14/2023,CL,Branded,0.00
2023,1,01/15/2023,CL,Branded,0.00
2023,1,01/16/2023,CL,Branded,0.00
2023,1,01/17/2023,CL,Branded,0.00
2023,1,01/18/2023,CL,Branded,0.00
2023,1,01/19/2023,CL,Branded,0.00
2023,1,01/20/2023,CL,Branded,0.00
2023,1,01/21/2023,CL,Branded,0.00
2023,1,01/22/2023,CL,Branded,0.00
2023,1,01/23/2023,CL,Branded,0.00
2023,1,01/24/2023,CL,Branded,0.00
2023,1,01/25/2023,CL,Branded,0.00
2023,1,01/26/2023,CL,Branded,0.00
2023,1,01/27/2023,CL,Branded,0.00
2023,1,01/28/2023,CL,Branded,0.00
2023,1,01/29/2023,CL,Branded,0.00
2023,1,01/30/2023,CL,Branded,0.00
2023,1,01/31/2023,CL,Branded,0.00
2023,2,02/01/2023,CL,Branded,0.00
2023,2,02/02/2023,CL,Branded,0.00
2023,2,02/03/2023,CL,Branded,0.00
2023,2,02/04/2023,CL,Branded,0.00
2023,2,02/05/2023,CL,Branded,0.00
2023,2,02/06/2023,CL,Branded,0.00
2023,2,02/07/2023,CL,Branded,0.00
2023,2,02/08/2023,CL,Branded,0.00
2023,2,02/09/2023,CL,Branded,0.00
2023,2,02/10/2023,CL,Branded,0.00
2023,2,02/11/2023,CL,Branded,0.00
2023,2,02/12/2023,CL,Branded,0.00
2023,2,02/13/2023,CL,Branded,0.00
2023,2,02/14/2023,CL,Branded,0.00
2023,2,02/15/2023,CL,Branded,0.00
2023,2,02/16/2023,CL,Branded,0.00
2023,2,02/17/2023,CL,Branded,0.00
2023,2,02/18/2023,CL,Branded,0.00
2023,2,02/19/2023,CL,Branded,0.00
2023,2,02/20/2023,CL,Branded,0.00
2023,2,02/21/2023,CL,Branded,0.00
2023,2,02/22/2023,CL,Branded,0.00
2023,2,02/23/2023,CL,Branded,0.00
2023,2,02/24/2023,CL,Branded,0.00
2023,2,02/25/2023,CL,Branded,0.00
2023,2,02/26/2023,CL,Branded,0.00
2023,2,02/27/2023,CL,Branded,0.00
2023,2,02/28/2023,CL,Branded,0.00
2023,3,03/01/2023,CL,Branded,0.00
2023,3,03/02/2023,CL,Branded,0.00
2023,3,03/03/2023,CL,Branded,0.00
2023,3,03/04/2023,CL,Branded,0.00
2023,3,03/05/2023,CL,Branded,0.00
2023,3,03/06/2023,CL,Branded,0.00
2023,3,03/07/2023,CL,Branded,0.00
2023,3,03/08/2023,CL,Branded,0.00
2023,3,03/09/2023,CL,Branded,0.00
2023,3,03/10/2023,CL,Branded,0.00
2023,3,03/11/2023,CL,Branded,0.00
2023,3,03/12/2023,CL,Branded,0.00
2023,3,03/13/2023,CL,Branded,0.00
2023,3,03/14/2023,CL,Branded,0.00
2023,3,03/15/2023,CL,Branded,0.00
2023,3,03/16/2023,CL,Branded,0.00
2023,3,03/17/2023,CL,Branded,0.00
2023,3,03/18/2023,CL,Branded,0.00
2023,3,03/19/2023,CL,Branded,0.00
2023,3,03/20/2023,CL,Branded,0.00
2023,3,03/21/2023,CL,Branded,0.00
2023,3,03/22/2023,CL,Branded,0.00
2023,3,03/23/2023,CL,Branded,0.00
2023,3,03/24/2023,CL,Branded,0.00
2023,3,03/25/2023,CL,Branded,0.00
2023,3,03/26/2023,CL,Branded,0.00
2023,3,03/27/2023,CL,Branded,0.00
2023,3,03/28/2023,CL,Branded,0.00
2023,3,03/29/2023,CL,Branded,0.00
2023,3,03/30/2023,CL,Branded,0.00
2023,3,03/31/2023,CL,Branded,0.00
2023,4,04/01/2023,CL,Branded,0.00
2023,4,04/02/2023,CL,Branded,0.00
2023,4,04/03/2023,CL,Branded,0.00
2023,4,04/04/2023,CL,Branded,0.00
2023,4,04/05/2023,CL,Branded,0.00
2023,4,04/06/2023,CL,Branded,0.00
2023,4,04/07/2023,CL,Branded,0.00
2023,4,04/08/2023,CL,Branded,0.00
2023,4,04/09/2023,CL,Branded,0.00
2023,4,04/10/2023,CL,Branded,0.00
2023,4,04/11/2023,CL,Branded,0.00
2023,4,04/12/2023,CL,Branded,0.00
2023,4,04/13/2023,CL,Branded,0.00
2023,4,04/14/2023,CL,Branded,0.00
2023,4,04/15/2023,CL,Branded,0.00
2023,4,04/16/2023,CL,Branded,0.00
2023,4,04/17/2023,CL,Branded,0.00
2023,4,04/18/2023,CL,Branded,0.00
2023,4,04/19/2023,CL,Branded,0.00
2023,4,04/20/2023,CL,Branded,0.00
2023,4,04/21/2023,CL,Branded,0.00
2023,4,04/22/2023,CL,Branded,0.00
2023,4,04/23/2023,CL,Branded,0.00
2023,4,04/24/2023,CL,Branded,0.00
2023,4,04/25/2023,CL,Branded,0.00
2023,4,04/26/2023,CL,Branded,0.00
2023,4,04/27/2023,CL,Branded,0.00
2023,4,04/28/2023,CL,Branded,0.00
2023,4,04/29/2023,CL,Branded,0.00
2023,4,04/30/2023,CL,Branded,0.00
2023,5,05/01/2023,CL,Branded,0.00
2023,5,05/02/2023,CL,Branded,0.00
2023,5,05/03/2023,CL,Branded,0.00
2023,5,05/04/2023,CL,Branded,0.00
2023,5,05/05/2023,CL,Branded,0.00
2023,5,05/06/2023,CL,Branded,0.00
2023,5,05/07/2023,CL,Branded,0.00
2023,5,05/08/2023,CL,Branded,0.00
2023,5,05/09/2023,CL,Branded,0.00
2023,5,05/10/2023,CL,Branded,0.00
2023,5,05/11/2023,CL,Branded,0.00
2023,5,05/12/2023,CL,Branded,0.00
2023,5,05/13/2023,CL,Branded,0.00
2023,5,05/14/2023,CL,Branded,0.00
2023,5,05/15/2023,CL,Branded,0.00
2023,5,05/16/2023,CL,Branded,0.00
2023,5,05/17/2023,CL,Branded,0.00
2023,5,05/18/2023,CL,Branded,0.00
2023,5,05/19/2023,CL,Branded,0.00
2023,5,05/20/2023,CL,Branded,0.00
2023,5,05/21/2023,CL,Branded,0.00
2023,5,05/22/2023,CL,Branded,0.00
2023,5,05/23/2023,CL,Branded,0.00
2023,5,05/24/2023,CL,Branded,0.00
2023,5,05/25/2023,CL,Branded,0.00
2023,5,05/26/2023,CL,Branded,0.00
2023,5,05/27/2023,CL,Branded,0.00
2023,5,05/28/2023,CL,Branded,0.00
2023,5,05/29/2023,CL,Branded,0.00
2023,5,05/30/2023,CL,Branded,0.00
2023,5,05/31/2023,CL,Branded,0.00
2023,6,06/01/2023,CL,Branded,0.00
2023,6,06/02/2023,CL,Branded,0.00
2023,6,06/03/2023,CL,Branded,0.00
2023,6,06/04/2023,CL,Branded,0.00
2023,6,06/05/2023,CL,Branded,0.00
2023,6,06/06/2023,CL,Branded,0.00
2023,6,06/07/2023,CL,Branded,0.00
2023,6,06/08/2023,CL,Branded,0.00
2023,6,06/09/2023,CL,Branded,0.00
2023,6,06/10/2023,CL,Branded,0.00
2023,6,06/11/2023,CL,Branded,0.00
2023,6,06/12/2023,CL,Branded,0.00
2023,6,06/13/2023,CL,Branded,0.00
2023,6,06/14/2023,CL,Branded,0.00
2023,6,06/15/2023,CL,Branded,0.00
2023,6,06/16/2023,CL,Branded,0.00
2023,6,06/17/2023,CL,Branded,0.00
2023,6,06/18/2023,CL,Branded,0.00
2023,6,06/19/2023,CL,Branded,0.00
2023,6,06/20/2023,CL,Branded,0.00
2023,6,06/21/2023,CL,Branded,0.00
2023,6,06/22/2023,CL,Branded,0.00
2023,6,06/23/2023,CL,Branded,0.00
2023,6,06/24/2023,CL,Branded,0.00
2023,6,06/25/2023,CL,Branded,0.00
2023,6,06/26/2023,CL,Branded,0.00
2023,6,06/27/2023,CL,Branded,0.00
2023,6,06/28/2023,CL,Branded,0.00
2023,6,06/29/2023,CL,Branded,0.00
2023,6,06/30/2023,CL,Branded,0.00
2023,7,07/01/2023,CL,Branded,0.00
2023,7,07/02/2023,CL,Branded,0.00
2023,7,07/03/2023,CL,Branded,0.00
2023,7,07/04/2023,CL,Branded,0.00
2023,7,07/05/2023,CL,Branded,0.00
2023,7,07/06/2023,CL,Branded,0.00
2023,7,07/07/2023,CL,Branded,0.00
2023,7,07/08/2023,CL,Branded,0.00
2023,7,07/09/2023,CL,Branded,0.00
2023,7,07/10/2023,CL,Branded,0.00
2023,7,07/11/2023,CL,Branded,0.00
2023,7,07/12/2023,CL,Branded,0.00
2023,7,07/13/2023,CL,Branded,0.00
2023,7,07/14/2023,CL,Branded,0.00
2023,7,07/15/2023,CL,Branded,0.00
2023,7,07/16/2023,CL,Branded,0.00
2023,7,07/17/2023,CL,Branded,0.00
2023,7,07/18/2023,CL,Branded,0.00
2023,7,07/19/2023,CL,Branded,0.00
2023,7,07/20/2023,CL,Branded,0.00
2023,7,07/21/2023,CL,Branded,0.00
2023,7,07/22/2023,CL,Branded,0.00
2023,7,07/23/2023,CL,Branded,0.00
2023,7,07/24/2023,CL,Branded,0.00
2023,7,07/25/2023,CL,Branded,0.00
2023,7,07/26/2023,CL,Branded,0.00
2023,7,07/27/2023,CL,Branded,0.00
2023,7,07/28/2023,CL,Branded,0.00
2023,7,07/29/2023,CL,Branded,0.00
2023,7,07/30/2023,CL,Branded,0.00
2023,7,07/31/2023,CL,Branded,0.00
2023,8,08/01/2023,CL,Branded,0.00
2023,8,08/02/2023,CL,Branded,0.00
2023,8,08/03/2023,CL,Branded,0.00
2023,8,08/04/2023,CL,Branded,0.00
2023,8,08/05/2023,CL,Branded,0.00
2023,8,08/06/2023,CL,Branded,0.00
2023,8,08/07/2023,CL,Branded,0.00
2023,8,08/08/2023,CL,Branded,0.00
2023,8,08/09/2023,CL,Branded,0.00
2023,8,08/10/2023,CL,Branded,0.00
2023,8,08/11/2023,CL,Branded,0.00
2023,8,08/12/2023,CL,Branded,0.00
2023,8,08/13/2023,CL,Branded,0.00
2023,8,08/14/2023,CL,Branded,0.00
2023,8,08/15/2023,CL,Branded,0.00
2023,8,08/16/2023,CL,Branded,0.00
2023,8,08/17/2023,CL,Branded,0.00
2023,8,08/18/2023,CL,Branded,0.00
2023,8,08/19/2023,CL,Branded,0.00
2023,8,08/20/2023,CL,Branded,0.00
2023,8,08/21/2023,CL,Branded,0.00
2023,8,08/22/2023,CL,Branded,0.00
2023,8,08/23/2023,CL,Branded,0.00
2023,8,08/24/2023,CL,Branded,0.00
2023,8,08/25/2023,CL,Branded,0.00
2023,8,08/26/2023,CL,Branded,0.00
2023,8,08/27/2023,CL,Branded,0.00
2023,8,08/28/2023,CL,Branded,0.00
2023,8,08/29/2023,CL,Branded,0.00
2023,8,08/30/2023,CL,Branded,0.00
2023,8,08/31/2023,CL,Branded,0.00
2023,9,09/01/2023,CL,Branded,0.00
2023,9,09/02/2023,CL,Branded,0.00
2023,9,09/03/2023,CL,Branded,0.00
2023,9,09/04/2023,CL,Branded,0.00
2023,9,09/05/2023,CL,Branded,0.00
2023,9,09/06/2023,CL,Branded,0.00
2023,9,09/07/2023,CL,Branded,0.00
2023,9,09/08/2023,CL,Branded,0.00
2023,9,09/09/2023,CL,Branded,0.00
2023,9,09/10/2023,CL,Branded,0.00
2023,9,09/11/2023,CL,Branded,0.00
2023,9,09/12/2023,CL,Branded,0.00
2023,9,09/13/2023,CL,Branded,0.00
2023,9,09/14/2023,CL,Branded,0.00
2023,9,09/15/2023,CL,Branded,0.00
2023,9,09/16/2023,CL,Branded,0.00
2023,9,09/17/2023,CL,Branded,0.00
2023,9,09/18/2023,CL,Branded,0.00
2023,9,09/19/2023,CL,Branded,0.00
2023,9,09/20/2023,CL,Branded,0.00
2023,9,09/21/2023,CL,Branded,0.00
2023,9,09/22/2023,CL,Branded,0.00
2023,9,09/23/2023,CL,Branded,0.00
2023,9,09/24/2023,CL,Branded,0.00
2023,9,09/25/2023,CL,Branded,0.00
2023,9,09/26/2023,CL,Branded,0.00
2023,9,09/27/2023,CL,Branded,0.00
2023,9,09/28/2023,CL,Branded,0.00
2023,9,09/29/2023,CL,Branded,0.00
2023,9,09/30/2023,CL,Branded,0.00
2023,10,10/01/2023,CL,Branded,0.00
2023,10,10/02/2023,CL,Branded,0.00
2023,10,10/03/2023,CL,Branded,0.00
2023,10,10/04/2023,CL,Branded,0.00
2023,10,10/05/2023,CL,Branded,0.00
2023,10,10/06/2023,CL,Branded,0.00
2023,10,10/07/2023,CL,Branded,0.00
2023,10,10/08/2023,CL,Branded,0.00
2023,10,10/09/2023,CL,Branded,0.00
2023,10,10/10/2023,CL,Branded,0.00
2023,10,10/11/2023,CL,Branded,0.00
2023,10,10/12/2023,CL,Branded,0.00
2023,10,10/13/2023,CL,Branded,0.00
2023,10,10/14/2023,CL,Branded,0.00
2023,10,10/15/2023,CL,Branded,0.00
2023,10,10/16/2023,CL,Branded,0.00
2023,10,10/17/2023,CL,Branded,0.00
2023,10,10/18/2023,CL,Branded,0.00
2023,10,10/19/2023,CL,Branded,0.00
2023,10,10/20/2023,CL,Branded,0.00
2023,10,10/21/2023,CL,Branded,0.00
2023,10,10/22/2023,CL,Branded,0.00
2023,10,10/23/2023,CL,Branded,0.00
2023,10,10/24/2023,CL,Branded,0.00
2023,10,10/25/2023,CL,Branded,0.00
2023,10,10/26/2023,CL,Branded,0.00
2023,10,10/27/2023,CL,Branded,0.00
2023,10,10/28/2023,CL,Branded,0.00
2023,10,10/29/2023,CL,Branded,0.00
2023,10,10/30/2023,CL,Branded,0.00
2023,10,10/31/2023,CL,Branded,0.00
2023,11,11/01/2023,CL,Branded,0.00
2023,11,11/02/2023,CL,Branded,0.00
2023,11,11/03/2023,CL,Branded,0.00
2023,11,11/04/2023,CL,Branded,0.00
2023,11,11/05/2023,CL,Branded,0.00
2023,11,11/06/2023,CL,Branded,0.00
2023,11,11/07/2023,CL,Branded,0.00
2023,11,11/08/2023,CL,Branded,0.00
2023,11,11/09/2023,CL,Branded,0.00
2023,11,11/10/2023,CL,Branded,0.00
2023,11,11/11/2023,CL,Branded,0.00
2023,11,11/12/2023,CL,Branded,0.00
2023,11,11/13/2023,CL,Branded,0.00
2023,11,11/14/2023,CL,Branded,0.00
2023,11,11/15/2023,CL,Branded,0.00
2023,11,11/16/2023,CL,Branded,0.00
2023,11,11/17/2023,CL,Branded,0.00
2023,11,11/18/2023,CL,Branded,0.00
2023,11,11/19/2023,CL,Branded,0.00
2023,11,11/20/2023,CL,Branded,0.00
2023,11,11/21/2023,CL,Branded,0.00
2023,11,11/22/2023,CL,Branded,0.00
2023,11,11/23/2023,CL,Branded,0.00
2023,11,11/24/2023,CL,Branded,0.00
2023,11,11/25/2023,CL,Branded,0.00
2023,11,11/26/2023,CL,Branded,0.00
2023,11,11/27/2023,CL,Branded,0.00
2023,11,11/28/2023,CL,Branded,0.00
2023,11,11/29/2023,CL,Branded,0.00
2023,11,11/30/2023,CL,Branded,0.00
2023,12,12/01/2023,CL,Branded,0.00
2023,12,12/02/2023,CL,Branded,0.00
2023,12,12/03/2023,CL,Branded,0.00
2023,12,12/04/2023,CL,Branded,0.00
2023,12,12/05/2023,CL,Branded,0.00
2023,12,12/06/2023,CL,Branded,0.00
2023,12,12/07/2023,CL,Branded,0.00
2023,12,12/08/2023,CL,Branded,0.00
2023,12,12/09/2023,CL,Branded,0.00
2023,12,12/10/2023,CL,Branded,0.00
2023,12,12/11/2023,CL,Branded,0.00
2023,12,12/12/2023,CL,Branded,0.00
2023,12,12/13/2023,CL,Branded,0.00
2023,12,12/14/2023,CL,Branded,0.00
2023,12,12/15/2023,CL,Branded,0.00
2023,12,12/16/2023,CL,Branded,0.00
2023,12,12/17/2023,CL,Branded,0.00
2023,12,12/18/2023,CL,Branded,0.00
2023,12,12/19/2023,CL,Branded,0.00
2023,12,12/20/2023,CL,Branded,0.00
2023,12,12/21/2023,CL,Branded,0.00
2023,12,12/22/2023,CL,Branded,0.00
2023,12,12/23/2023,CL,Branded,0.00
2023,12,12/24/2023,CL,Branded,0.00
2023,12,12/25/2023,CL,Branded,0.00
2023,12,12/26/2023,CL,Branded,0.00
2023,12,12/27/2023,CL,Branded,0.00
2023,12,12/28/2023,CL,Branded,0.00
2023,12,12/29/2023,CL,Branded,0.00
2023,12,12/30/2023,CL,Branded,0.00
2023,12,12/31/2023,CL,Branded,0.00
2023,1,01/01/2023,CO,Branded,0.00
2023,1,01/02/2023,CO,Branded,0.00
2023,1,01/03/2023,CO,Branded,0.00
2023,1,01/04/2023,CO,Branded,0.00
2023,1,01/05/2023,CO,Branded,0.00
2023,1,01/06/2023,CO,Branded,0.00
2023,1,01/07/2023,CO,Branded,0.00
2023,1,01/08/2023,CO,Branded,0.00
2023,1,01/09/2023,CO,Branded,0.00
2023,1,01/10/2023,CO,Branded,0.00
2023,1,01/11/2023,CO,Branded,0.00
2023,1,01/12/2023,CO,Branded,0.00
2023,1,01/13/2023,CO,Branded,0.00
2023,1,01/14/2023,CO,Branded,0.00
2023,1,01/15/2023,CO,Branded,0.00
2023,1,01/16/2023,CO,Branded,0.00
2023,1,01/17/2023,CO,Branded,0.00
2023,1,01/18/2023,CO,Branded,0.00
2023,1,01/19/2023,CO,Branded,0.00
2023,1,01/20/2023,CO,Branded,0.00
2023,1,01/21/2023,CO,Branded,0.00
2023,1,01/22/2023,CO,Branded,0.00
2023,1,01/23/2023,CO,Branded,0.00
2023,1,01/24/2023,CO,Branded,0.00
2023,1,01/25/2023,CO,Branded,0.00
2023,1,01/26/2023,CO,Branded,0.00
2023,1,01/27/2023,CO,Branded,0.00
2023,1,01/28/2023,CO,Branded,0.00
2023,1,01/29/2023,CO,Branded,0.00
2023,1,01/30/2023,CO,Branded,0.00
2023,1,01/31/2023,CO,Branded,0.00
2023,2,02/01/2023,CO,Branded,0.00
2023,2,02/02/2023,CO,Branded,0.00
2023,2,02/03/2023,CO,Branded,0.00
2023,2,02/04/2023,CO,Branded,0.00
2023,2,02/05/2023,CO,Branded,0.00
2023,2,02/06/2023,CO,Branded,0.00
2023,2,02/07/2023,CO,Branded,0.00
2023,2,02/08/2023,CO,Branded,0.00
2023,2,02/09/2023,CO,Branded,0.00
2023,2,02/10/2023,CO,Branded,0.00
2023,2,02/11/2023,CO,Branded,0.00
2023,2,02/12/2023,CO,Branded,0.00
2023,2,02/13/2023,CO,Branded,0.00
2023,2,02/14/2023,CO,Branded,0.00
2023,2,02/15/2023,CO,Branded,0.00
2023,2,02/16/2023,CO,Branded,0.00
2023,2,02/17/2023,CO,Branded,0.00
2023,2,02/18/2023,CO,Branded,0.00
2023,2,02/19/2023,CO,Branded,0.00
2023,2,02/20/2023,CO,Branded,0.00
2023,2,02/21/2023,CO,Branded,0.00
2023,2,02/22/2023,CO,Branded,0.00
2023,2,02/23/2023,CO,Branded,0.00
2023,2,02/24/2023,CO,Branded,0.00
2023,2,02/25/2023,CO,Branded,0.00
2023,2,02/26/2023,CO,Branded,0.00
2023,2,02/27/2023,CO,Branded,0.00
2023,2,02/28/2023,CO,Branded,0.00
2023,3,03/01/2023,CO,Branded,0.00
2023,3,03/02/2023,CO,Branded,0.00
2023,3,03/03/2023,CO,Branded,0.00
2023,3,03/04/2023,CO,Branded,0.00
2023,3,03/05/2023,CO,Branded,0.00
2023,3,03/06/2023,CO,Branded,0.00
2023,3,03/07/2023,CO,Branded,0.00
2023,3,03/08/2023,CO,Branded,0.00
2023,3,03/09/2023,CO,Branded,0.00
2023,3,03/10/2023,CO,Branded,0.00
2023,3,03/11/2023,CO,Branded,0.00
2023,3,03/12/2023,CO,Branded,0.00
2023,3,03/13/2023,CO,Branded,0.00
2023,3,03/14/2023,CO,Branded,0.00
2023,3,03/15/2023,CO,Branded,0.00
2023,3,03/16/2023,CO,Branded,0.00
2023,3,03/17/2023,CO,Branded,0.00
2023,3,03/18/2023,CO,Branded,0.00
2023,3,03/19/2023,CO,Branded,0.00
2023,3,03/20/2023,CO,Branded,0.00
2023,3,03/21/2023,CO,Branded,0.00
2023,3,03/22/2023,CO,Branded,0.00
2023,3,03/23/2023,CO,Branded,0.00
2023,3,03/24/2023,CO,Branded,0.00
2023,3,03/25/2023,CO,Branded,0.00
2023,3,03/26/2023,CO,Branded,0.00
2023,3,03/27/2023,CO,Branded,0.00
2023,3,03/28/2023,CO,Branded,0.00
2023,3,03/29/2023,CO,Branded,0.00
2023,3,03/30/2023,CO,Branded,0.00
2023,3,03/31/2023,CO,Branded,0.00
2023,4,04/01/2023,CO,Branded,0.00
2023,4,04/02/2023,CO,Branded,0.00
2023,4,04/03/2023,CO,Branded,0.00
2023,4,04/04/2023,CO,Branded,0.00
2023,4,04/05/2023,CO,Branded,0.00
2023,4,04/06/2023,CO,Branded,0.00
2023,4,04/07/2023,CO,Branded,0.00
2023,4,04/08/2023,CO,Branded,0.00
2023,4,04/09/2023,CO,Branded,0.00
2023,4,04/10/2023,CO,Branded,0.00
2023,4,04/11/2023,CO,Branded,0.00
2023,4,04/12/2023,CO,Branded,0.00
2023,4,04/13/2023,CO,Branded,0.00
2023,4,04/14/2023,CO,Branded,0.00
2023,4,04/15/2023,CO,Branded,0.00
2023,4,04/16/2023,CO,Branded,0.00
2023,4,04/17/2023,CO,Branded,0.00
2023,4,04/18/2023,CO,Branded,0.00
2023,4,04/19/2023,CO,Branded,0.00
2023,4,04/20/2023,CO,Branded,0.00
2023,4,04/21/2023,CO,Branded,0.00
2023,4,04/22/2023,CO,Branded,0.00
2023,4,04/23/2023,CO,Branded,0.00
2023,4,04/24/2023,CO,Branded,0.00
2023,4,04/25/2023,CO,Branded,0.00
2023,4,04/26/2023,CO,Branded,0.00
2023,4,04/27/2023,CO,Branded,0.00
2023,4,04/28/2023,CO,Branded,0.00
2023,4,04/29/2023,CO,Branded,0.00
2023,4,04/30/2023,CO,Branded,0.00
2023,5,05/01/2023,CO,Branded,0.00
2023,5,05/02/2023,CO,Branded,0.00
2023,5,05/03/2023,CO,Branded,0.00
2023,5,05/04/2023,CO,Branded,0.00
2023,5,05/05/2023,CO,Branded,0.00
2023,5,05/06/2023,CO,Branded,0.00
2023,5,05/07/2023,CO,Branded,0.00
2023,5,05/08/2023,CO,Branded,0.00
2023,5,05/09/2023,CO,Branded,0.00
2023,5,05/10/2023,CO,Branded,0.00
2023,5,05/11/2023,CO,Branded,0.00
2023,5,05/12/2023,CO,Branded,0.00
2023,5,05/13/2023,CO,Branded,0.00
2023,5,05/14/2023,CO,Branded,0.00
2023,5,05/15/2023,CO,Branded,0.00
2023,5,05/16/2023,CO,Branded,0.00
2023,5,05/17/2023,CO,Branded,0.00
2023,5,05/18/2023,CO,Branded,0.00
2023,5,05/19/2023,CO,Branded,0.00
2023,5,05/20/2023,CO,Branded,0.00
2023,5,05/21/2023,CO,Branded,0.00
2023,5,05/22/2023,CO,Branded,0.00
2023,5,05/23/2023,CO,Branded,0.00
2023,5,05/24/2023,CO,Branded,0.00
2023,5,05/25/2023,CO,Branded,0.00
2023,5,05/26/2023,CO,Branded,0.00
2023,5,05/27/2023,CO,Branded,0.00
2023,5,05/28/2023,CO,Branded,0.00
2023,5,05/29/2023,CO,Branded,0.00
2023,5,05/30/2023,CO,Branded,0.00
2023,5,05/31/2023,CO,Branded,0.00
2023,6,06/01/2023,CO,Branded,0.00
2023,6,06/02/2023,CO,Branded,0.00
2023,6,06/03/2023,CO,Branded,0.00
2023,6,06/04/2023,CO,Branded,0.00
2023,6,06/05/2023,CO,Branded,0.00
2023,6,06/06/2023,CO,Branded,0.00
2023,6,06/07/2023,CO,Branded,0.00
2023,6,06/08/2023,CO,Branded,0.00
2023,6,06/09/2023,CO,Branded,0.00
2023,6,06/10/2023,CO,Branded,0.00
2023,6,06/11/2023,CO,Branded,0.00
2023,6,06/12/2023,CO,Branded,0.00
2023,6,06/13/2023,CO,Branded,0.00
2023,6,06/14/2023,CO,Branded,0.00
2023,6,06/15/2023,CO,Branded,0.00
2023,6,06/16/2023,CO,Branded,0.00
2023,6,06/17/2023,CO,Branded,0.00
2023,6,06/18/2023,CO,Branded,0.00
2023,6,06/19/2023,CO,Branded,0.00
2023,6,06/20/2023,CO,Branded,0.00
2023,6,06/21/2023,CO,Branded,0.00
2023,6,06/22/2023,CO,Branded,0.00
2023,6,06/23/2023,CO,Branded,0.00
2023,6,06/24/2023,CO,Branded,0.00
2023,6,06/25/2023,CO,Branded,0.00
2023,6,06/26/2023,CO,Branded,0.00
2023,6,06/27/2023,CO,Branded,0.00
2023,6,06/28/2023,CO,Branded,0.00
2023,6,06/29/2023,CO,Branded,0.00
2023,6,06/30/2023,CO,Branded,0.00
2023,7,07/01/2023,CO,Branded,0.00
2023,7,07/02/2023,CO,Branded,0.00
2023,7,07/03/2023,CO,Branded,0.00
2023,7,07/04/2023,CO,Branded,0.00
2023,7,07/05/2023,CO,Branded,0.00
2023,7,07/06/2023,CO,Branded,0.00
2023,7,07/07/2023,CO,Branded,0.00
2023,7,07/08/2023,CO,Branded,0.00
2023,7,07/09/2023,CO,Branded,0.00
2023,7,07/10/2023,CO,Branded,0.00
2023,7,07/11/2023,CO,Branded,0.00
2023,7,07/12/2023,CO,Branded,0.00
2023,7,07/13/2023,CO,Branded,0.00
2023,7,07/14/2023,CO,Branded,0.00
2023,7,07/15/2023,CO,Branded,0.00
2023,7,07/16/2023,CO,Branded,0.00
2023,7,07/17/2023,CO,Branded,0.00
2023,7,07/18/2023,CO,Branded,0.00
2023,7,07/19/2023,CO,Branded,0.00
2023,7,07/20/2023,CO,Branded,0.00
2023,7,07/21/2023,CO,Branded,0.00
2023,7,07/22/2023,CO,Branded,0.00
2023,7,07/23/2023,CO,Branded,0.00
2023,7,07/24/2023,CO,Branded,0.00
2023,7,07/25/2023,CO,Branded,0.00
2023,7,07/26/2023,CO,Branded,0.00
2023,7,07/27/2023,CO,Branded,0.00
2023,7,07/28/2023,CO,Branded,0.00
2023,7,07/29/2023,CO,Branded,0.00
2023,7,07/30/2023,CO,Branded,0.00
2023,7,07/31/2023,CO,Branded,0.00
2023,8,08/01/2023,CO,Branded,0.00
2023,8,08/02/2023,CO,Branded,0.00
2023,8,08/03/2023,CO,Branded,0.00
2023,8,08/04/2023,CO,Branded,0.00
2023,8,08/05/2023,CO,Branded,0.00
2023,8,08/06/2023,CO,Branded,0.00
2023,8,08/07/2023,CO,Branded,0.00
2023,8,08/08/2023,CO,Branded,0.00
2023,8,08/09/2023,CO,Branded,0.00
2023,8,08/10/2023,CO,Branded,0.00
2023,8,08/11/2023,CO,Branded,0.00
2023,8,08/12/2023,CO,Branded,0.00
2023,8,08/13/2023,CO,Branded,0.00
2023,8,08/14/2023,CO,Branded,0.00
2023,8,08/15/2023,CO,Branded,0.00
2023,8,08/16/2023,CO,Branded,0.00
2023,8,08/17/2023,CO,Branded,0.00
2023,8,08/18/2023,CO,Branded,0.00
2023,8,08/19/2023,CO,Branded,0.00
2023,8,08/20/2023,CO,Branded,0.00
2023,8,08/21/2023,CO,Branded,0.00
2023,8,08/22/2023,CO,Branded,0.00
2023,8,08/23/2023,CO,Branded,0.00
2023,8,08/24/2023,CO,Branded,0.00
2023,8,08/25/2023,CO,Branded,0.00
2023,8,08/26/2023,CO,Branded,0.00
2023,8,08/27/2023,CO,Branded,0.00
2023,8,08/28/2023,CO,Branded,0.00
2023,8,08/29/2023,CO,Branded,0.00
2023,8,08/30/2023,CO,Branded,0.00
2023,8,08/31/2023,CO,Branded,0.00
2023,9,09/01/2023,CO,Branded,0.00
2023,9,09/02/2023,CO,Branded,0.00
2023,9,09/03/2023,CO,Branded,0.00
2023,9,09/04/2023,CO,Branded,0.00
2023,9,09/05/2023,CO,Branded,0.00
2023,9,09/06/2023,CO,Branded,0.00
2023,9,09/07/2023,CO,Branded,0.00
2023,9,09/08/2023,CO,Branded,0.00
2023,9,09/09/2023,CO,Branded,0.00
2023,9,09/10/2023,CO,Branded,0.00
2023,9,09/11/2023,CO,Branded,0.00
2023,9,09/12/2023,CO,Branded,0.00
2023,9,09/13/2023,CO,Branded,0.00
2023,9,09/14/2023,CO,Branded,0.00
2023,9,09/15/2023,CO,Branded,0.00
2023,9,09/16/2023,CO,Branded,0.00
2023,9,09/17/2023,CO,Branded,0.00
2023,9,09/18/2023,CO,Branded,0.00
2023,9,09/19/2023,CO,Branded,0.00
2023,9,09/20/2023,CO,Branded,0.00
2023,9,09/21/2023,CO,Branded,0.00
2023,9,09/22/2023,CO,Branded,0.00
2023,9,09/23/2023,CO,Branded,0.00
2023,9,09/24/2023,CO,Branded,0.00
2023,9,09/25/2023,CO,Branded,0.00
2023,9,09/26/2023,CO,Branded,0.00
2023,9,09/27/2023,CO,Branded,0.00
2023,9,09/28/2023,CO,Branded,0.00
2023,9,09/29/2023,CO,Branded,0.00
2023,9,09/30/2023,CO,Branded,0.00
2023,10,10/01/2023,CO,Branded,0.00
2023,10,10/02/2023,CO,Branded,0.00
2023,10,10/03/2023,CO,Branded,0.00
2023,10,10/04/2023,CO,Branded,0.00
2023,10,10/05/2023,CO,Branded,0.00
2023,10,10/06/2023,CO,Branded,0.00
2023,10,10/07/2023,CO,Branded,0.00
2023,10,10/08/2023,CO,Branded,0.00
2023,10,10/09/2023,CO,Branded,0.00
2023,10,10/10/2023,CO,Branded,0.00
2023,10,10/11/2023,CO,Branded,0.00
2023,10,10/12/2023,CO,Branded,0.00
2023,10,10/13/2023,CO,Branded,0.00
2023,10,10/14/2023,CO,Branded,0.00
2023,10,10/15/2023,CO,Branded,0.00
2023,10,10/16/2023,CO,Branded,0.00
2023,10,10/17/2023,CO,Branded,0.00
2023,10,10/18/2023,CO,Branded,0.00
2023,10,10/19/2023,CO,Branded,0.00
2023,10,10/20/2023,CO,Branded,0.00
2023,10,10/21/2023,CO,Branded,0.00
2023,10,10/22/2023,CO,Branded,0.00
2023,10,10/23/2023,CO,Branded,0.00
2023,10,10/24/2023,CO,Branded,0.00
2023,10,10/25/2023,CO,Branded,0.00
2023,10,10/26/2023,CO,Branded,0.00
2023,10,10/27/2023,CO,Branded,0.00
2023,10,10/28/2023,CO,Branded,0.00
2023,10,10/29/2023,CO,Branded,0.00
2023,10,10/30/2023,CO,Branded,0.00
2023,10,10/31/2023,CO,Branded,0.00
2023,11,11/01/2023,CO,Branded,0.00
2023,11,11/02/2023,CO,Branded,0.00
2023,11,11/03/2023,CO,Branded,0.00
2023,11,11/04/2023,CO,Branded,0.00
2023,11,11/05/2023,CO,Branded,0.00
2023,11,11/06/2023,CO,Branded,0.00
2023,11,11/07/2023,CO,Branded,0.00
2023,11,11/08/2023,CO,Branded,0.00
2023,11,11/09/2023,CO,Branded,0.00
2023,11,11/10/2023,CO,Branded,0.00
2023,11,11/11/2023,CO,Branded,0.00
2023,11,11/12/2023,CO,Branded,0.00
2023,11,11/13/2023,CO,Branded,0.00
2023,11,11/14/2023,CO,Branded,0.00
2023,11,11/15/2023,CO,Branded,0.00
2023,11,11/16/2023,CO,Branded,0.00
2023,11,11/17/2023,CO,Branded,0.00
2023,11,11/18/2023,CO,Branded,0.00
2023,11,11/19/2023,CO,Branded,0.00
2023,11,11/20/2023,CO,Branded,0.00
2023,11,11/21/2023,CO,Branded,0.00
2023,11,11/22/2023,CO,Branded,0.00
2023,11,11/23/2023,CO,Branded,0.00
2023,11,11/24/2023,CO,Branded,0.00
2023,11,11/25/2023,CO,Branded,0.00
2023,11,11/26/2023,CO,Branded,0.00
2023,11,11/27/2023,CO,Branded,0.00
2023,11,11/28/2023,CO,Branded,0.00
2023,11,11/29/2023,CO,Branded,0.00
2023,11,11/30/2023,CO,Branded,0.00
2023,12,12/01/2023,CO,Branded,0.00
2023,12,12/02/2023,CO,Branded,0.00
2023,12,12/03/2023,CO,Branded,0.00
2023,12,12/04/2023,CO,Branded,0.00
2023,12,12/05/2023,CO,Branded,0.00
2023,12,12/06/2023,CO,Branded,0.00
2023,12,12/07/2023,CO,Branded,0.00
2023,12,12/08/2023,CO,Branded,0.00
2023,12,12/09/2023,CO,Branded,0.00
2023,12,12/10/2023,CO,Branded,0.00
2023,12,12/11/2023,CO,Branded,0.00
2023,12,12/12/2023,CO,Branded,0.00
2023,12,12/13/2023,CO,Branded,0.00
2023,12,12/14/2023,CO,Branded,0.00
2023,12,12/15/2023,CO,Branded,0.00
2023,12,12/16/2023,CO,Branded,0.00
2023,12,12/17/2023,CO,Branded,0.00
2023,12,12/18/2023,CO,Branded,0.00
2023,12,12/19/2023,CO,Branded,0.00
2023,12,12/20/2023,CO,Branded,0.00
2023,12,12/21/2023,CO,Branded,0.00
2023,12,12/22/2023,CO,Branded,0.00
2023,12,12/23/2023,CO,Branded,0.00
2023,12,12/24/2023,CO,Branded,0.00
2023,12,12/25/2023,CO,Branded,0.00
2023,12,12/26/2023,CO,Branded,0.00
2023,12,12/27/2023,CO,Branded,0.00
2023,12,12/28/2023,CO,Branded,0.00
2023,12,12/29/2023,CO,Branded,0.00
2023,12,12/30/2023,CO,Branded,0.00
2023,12,12/31/2023,CO,Branded,0.00
2023,1,01/01/2023,MX,Branded,541.58
2023,1,01/02/2023,MX,Branded,541.58
2023,1,01/03/2023,MX,Branded,541.58
2023,1,01/04/2023,MX,Branded,541.58
2023,1,01/05/2023,MX,Branded,541.58
2023,1,01/06/2023,MX,Branded,541.58
2023,1,01/07/2023,MX,Branded,541.58
2023,1,01/08/2023,MX,Branded,541.58
2023,1,01/09/2023,MX,Branded,541.58
2023,1,01/10/2023,MX,Branded,541.58
2023,1,01/11/2023,MX,Branded,541.58
2023,1,01/12/2023,MX,Branded,541.58
2023,1,01/13/2023,MX,Branded,541.58
2023,1,01/14/2023,MX,Branded,541.58
2023,1,01/15/2023,MX,Branded,541.58
2023,1,01/16/2023,MX,Branded,541.58
2023,1,01/17/2023,MX,Branded,541.58
2023,1,01/18/2023,MX,Branded,541.58
2023,1,01/19/2023,MX,Branded,541.58
2023,1,01/20/2023,MX,Branded,541.58
2023,1,01/21/2023,MX,Branded,541.58
2023,1,01/22/2023,MX,Branded,541.58
2023,1,01/23/2023,MX,Branded,541.58
2023,1,01/24/2023,MX,Branded,541.58
2023,1,01/25/2023,MX,Branded,541.58
2023,1,01/26/2023,MX,Branded,541.58
2023,1,01/27/2023,MX,Branded,541.58
2023,1,01/28/2023,MX,Branded,541.58
2023,1,01/29/2023,MX,Branded,541.58
2023,1,01/30/2023,MX,Branded,541.58
2023,1,01/31/2023,MX,Branded,541.58
2023,2,02/01/2023,MX,Branded,656.46
2023,2,02/02/2023,MX,Branded,656.46
2023,2,02/03/2023,MX,Branded,656.46
2023,2,02/04/2023,MX,Branded,656.46
2023,2,02/05/2023,MX,Branded,656.46
2023,2,02/06/2023,MX,Branded,656.46
2023,2,02/07/2023,MX,Branded,656.46
2023,2,02/08/2023,MX,Branded,656.46
2023,2,02/09/2023,MX,Branded,656.46
2023,2,02/10/2023,MX,Branded,656.46
2023,2,02/11/2023,MX,Branded,656.46
2023,2,02/12/2023,MX,Branded,656.46
2023,2,02/13/2023,MX,Branded,656.46
2023,2,02/14/2023,MX,Branded,656.46
2023,2,02/15/2023,MX,Branded,656.46
2023,2,02/16/2023,MX,Branded,656.46
2023,2,02/17/2023,MX,Branded,656.46
2023,2,02/18/2023,MX,Branded,656.46
2023,2,02/19/2023,MX,Branded,656.46
2023,2,02/20/2023,MX,Branded,656.46
2023,2,02/21/2023,MX,Branded,656.46
2023,2,02/22/2023,MX,Branded,656.46
2023,2,02/23/2023,MX,Branded,656.46
2023,2,02/24/2023,MX,Branded,656.46
2023,2,02/25/2023,MX,Branded,656.46
2023,2,02/26/2023,MX,Branded,656.46
2023,2,02/27/2023,MX,Branded,656.46
2023,2,02/28/2023,MX,Branded,656.46
2023,3,03/01/2023,MX,Branded,663.16
2023,3,03/02/2023,MX,Branded,663.16
2023,3,03/03/2023,MX,Branded,663.16
2023,3,03/04/2023,MX,Branded,663.16
2023,3,03/05/2023,MX,Branded,663.16
2023,3,03/06/2023,MX,Branded,663.16
2023,3,03/07/2023,MX,Branded,663.16
2023,3,03/08/2023,MX,Branded,663.16
2023,3,03/09/2023,MX,Branded,663.16
2023,3,03/10/2023,MX,Branded,663.16
2023,3,03/11/2023,MX,Branded,663.16
2023,3,03/12/2023,MX,Branded,663.16
2023,3,03/13/2023,MX,Branded,663.16
2023,3,03/14/2023,MX,Branded,663.16
2023,3,03/15/2023,MX,Branded,663.16
2023,3,03/16/2023,MX,Branded,663.16
2023,3,03/17/2023,MX,Branded,663.16
2023,3,03/18/2023,MX,Branded,663.16
2023,3,03/19/2023,MX,Branded,663.16
2023,3,03/20/2023,MX,Branded,663.16
2023,3,03/21/2023,MX,Branded,663.16
2023,3,03/22/2023,MX,Branded,663.16
2023,3,03/23/2023,MX,Branded,663.16
2023,3,03/24/2023,MX,Branded,663.16
2023,3,03/25/2023,MX,Branded,663.16
2023,3,03/26/2023,MX,Branded,663.16
2023,3,03/27/2023,MX,Branded,663.16
2023,3,03/28/2023,MX,Branded,663.16
2023,3,03/29/2023,MX,Branded,663.16
2023,3,03/30/2023,MX,Branded,663.16
2023,3,03/31/2023,MX,Branded,663.16
2023,4,04/01/2023,MX,Branded,579.30
2023,4,04/02/2023,MX,Branded,579.30
2023,4,04/03/2023,MX,Branded,579.30
2023,4,04/04/2023,MX,Branded,579.30
2023,4,04/05/2023,MX,Branded,579.30
2023,4,04/06/2023,MX,Branded,579.30
2023,4,04/07/2023,MX,Branded,579.30
2023,4,04/08/2023,MX,Branded,579.30
2023,4,04/09/2023,MX,Branded,579.30
2023,4,04/10/2023,MX,Branded,579.30
2023,4,04/11/2023,MX,Branded,579.30
2023,4,04/12/2023,MX,Branded,579.30
2023,4,04/13/2023,MX,Branded,579.30
2023,4,04/14/2023,MX,Branded,579.30
2023,4,04/15/2023,MX,Branded,579.30
2023,4,04/16/2023,MX,Branded,579.30
2023,4,04/17/2023,MX,Branded,579.30
2023,4,04/18/2023,MX,Branded,579.30
2023,4,04/19/2023,MX,Branded,579.30
2023,4,04/20/2023,MX,Branded,579.30
2023,4,04/21/2023,MX,Branded,579.30
2023,4,04/22/2023,MX,Branded,579.30
2023,4,04/23/2023,MX,Branded,579.30
2023,4,04/24/2023,MX,Branded,579.30
2023,4,04/25/2023,MX,Branded,579.30
2023,4,04/26/2023,MX,Branded,579.30
2023,4,04/27/2023,MX,Branded,579.30
2023,4,04/28/2023,MX,Branded,579.30
2023,4,04/29/2023,MX,Branded,579.30
2023,4,04/30/2023,MX,Branded,579.30
2023,5,05/01/2023,MX,Branded,723.06
2023,5,05/02/2023,MX,Branded,723.06
2023,5,05/03/2023,MX,Branded,723.06
2023,5,05/04/2023,MX,Branded,723.06
2023,5,05/05/2023,MX,Branded,723.06
2023,5,05/06/2023,MX,Branded,723.06
2023,5,05/07/2023,MX,Branded,723.06
2023,5,05/08/2023,MX,Branded,723.06
2023,5,05/09/2023,MX,Branded,723.06
2023,5,05/10/2023,MX,Branded,723.06
2023,5,05/11/2023,MX,Branded,723.06
2023,5,05/12/2023,MX,Branded,723.06
2023,5,05/13/2023,MX,Branded,723.06
2023,5,05/14/2023,MX,Branded,723.06
2023,5,05/15/2023,MX,Branded,723.06
2023,5,05/16/2023,MX,Branded,723.06
2023,5,05/17/2023,MX,Branded,723.06
2023,5,05/18/2023,MX,Branded,723.06
2023,5,05/19/2023,MX,Branded,723.06
2023,5,05/20/2023,MX,Branded,723.06
2023,5,05/21/2023,MX,Branded,723.06
2023,5,05/22/2023,MX,Branded,723.06
2023,5,05/23/2023,MX,Branded,723.06
2023,5,05/24/2023,MX,Branded,723.06
2023,5,05/25/2023,MX,Branded,723.06
2023,5,05/26/2023,MX,Branded,723.06
2023,5,05/27/2023,MX,Branded,723.06
2023,5,05/28/2023,MX,Branded,723.06
2023,5,05/29/2023,MX,Branded,723.06
2023,5,05/30/2023,MX,Branded,723.06
2023,5,05/31/2023,MX,Branded,723.06
2023,6,06/01/2023,MX,Branded,759.67
2023,6,06/02/2023,MX,Branded,759.67
2023,6,06/03/2023,MX,Branded,759.67
2023,6,06/04/2023,MX,Branded,759.67
2023,6,06/05/2023,MX,Branded,759.67
2023,6,06/06/2023,MX,Branded,759.67
2023,6,06/07/2023,MX,Branded,759.67
2023,6,06/08/2023,MX,Branded,759.67
2023,6,06/09/2023,MX,Branded,759.67
2023,6,06/10/2023,MX,Branded,759.67
2023,6,06/11/2023,MX,Branded,759.67
2023,6,06/12/2023,MX,Branded,759.67
2023,6,06/13/2023,MX,Branded,759.67
2023,6,06/14/2023,MX,Branded,759.67
2023,6,06/15/2023,MX,Branded,759.67
2023,6,06/16/2023,MX,Branded,759.67
2023,6,06/17/2023,MX,Branded,759.67
2023,6,06/18/2023,MX,Branded,759.67
2023,6,06/19/2023,MX,Branded,759.67
2023,6,06/20/2023,MX,Branded,759.67
2023,6,06/21/2023,MX,Branded,759.67
2023,6,06/22/2023,MX,Branded,759.67
2023,6,06/23/2023,MX,Branded,759.67
2023,6,06/24/2023,MX,Branded,759.67
2023,6,06/25/2023,MX,Branded,759.67
2023,6,06/26/2023,MX,Branded,759.67
2023,6,06/27/2023,MX,Branded,759.67
2023,6,06/28/2023,MX,Branded,759.67
2023,6,06/29/2023,MX,Branded,759.67
2023,6,06/30/2023,MX,Branded,759.67
2023,7,07/01/2023,MX,Branded,678.55
2023,7,07/02/2023,MX,Branded,678.55
2023,7,07/03/2023,MX,Branded,678.55
2023,7,07/04/2023,MX,Branded,678.55
2023,7,07/05/2023,MX,Branded,678.55
2023,7,07/06/2023,MX,Branded,678.55
2023,7,07/07/2023,MX,Branded,678.55
2023,7,07/08/2023,MX,Branded,678.55
2023,7,07/09/2023,MX,Branded,678.55
2023,7,07/10/2023,MX,Branded,678.55
2023,7,07/11/2023,MX,Branded,678.55
2023,7,07/12/2023,MX,Branded,678.55
2023,7,07/13/2023,MX,Branded,678.55
2023,7,07/14/2023,MX,Branded,678.55
2023,7,07/15/2023,MX,Branded,678.55
2023,7,07/16/2023,MX,Branded,678.55
2023,7,07/17/2023,MX,Branded,678.55
2023,7,07/18/2023,MX,Branded,678.55
2023,7,07/19/2023,MX,Branded,678.55
2023,7,07/20/2023,MX,Branded,678.55
2023,7,07/21/2023,MX,Branded,678.55
2023,7,07/22/2023,MX,Branded,678.55
2023,7,07/23/2023,MX,Branded,678.55
2023,7,07/24/2023,MX,Branded,678.55
2023,7,07/25/2023,MX,Branded,678.55
2023,7,07/26/2023,MX,Branded,678.55
2023,7,07/27/2023,MX,Branded,678.55
2023,7,07/28/2023,MX,Branded,678.55
2023,7,07/29/2023,MX,Branded,678.55
2023,7,07/30/2023,MX,Branded,678.55
2023,7,07/31/2023,MX,Branded,678.55
2023,8,08/01/2023,MX,Branded,831.32
2023,8,08/02/2023,MX,Branded,831.32
2023,8,08/03/2023,MX,Branded,831.32
2023,8,08/04/2023,MX,Branded,831.32
2023,8,08/05/2023,MX,Branded,831.32
2023,8,08/06/2023,MX,Branded,831.32
2023,8,08/07/2023,MX,Branded,831.32
2023,8,08/08/2023,MX,Branded,831.32
2023,8,08/09/2023,MX,Branded,831.32
2023,8,08/10/2023,MX,Branded,831.32
2023,8,08/11/2023,MX,Branded,831.32
2023,8,08/12/2023,MX,Branded,831.32
2023,8,08/13/2023,MX,Branded,831.32
2023,8,08/14/2023,MX,Branded,831.32
2023,8,08/15/2023,MX,Branded,831.32
2023,8,08/16/2023,MX,Branded,831.32
2023,8,08/17/2023,MX,Branded,831.32
2023,8,08/18/2023,MX,Branded,831.32
2023,8,08/19/2023,MX,Branded,831.32
2023,8,08/20/2023,MX,Branded,831.32
2023,8,08/21/2023,MX,Branded,831.32
2023,8,08/22/2023,MX,Branded,831.32
2023,8,08/23/2023,MX,Branded,831.32
2023,8,08/24/2023,MX,Branded,831.32
2023,8,08/25/2023,MX,Branded,831.32
2023,8,08/26/2023,MX,Branded,831.32
2023,8,08/27/2023,MX,Branded,831.32
2023,8,08/28/2023,MX,Branded,831.32
2023,8,08/29/2023,MX,Branded,831.32
2023,8,08/30/2023,MX,Branded,831.32
2023,8,08/31/2023,MX,Branded,831.32
2023,9,09/01/2023,MX,Branded,904.80
2023,9,09/02/2023,MX,Branded,904.80
2023,9,09/03/2023,MX,Branded,904.80
2023,9,09/04/2023,MX,Branded,904.80
2023,9,09/05/2023,MX,Branded,904.80
2023,9,09/06/2023,MX,Branded,904.80
2023,9,09/07/2023,MX,Branded,904.80
2023,9,09/08/2023,MX,Branded,904.80
2023,9,09/09/2023,MX,Branded,904.80
2023,9,09/10/2023,MX,Branded,904.80
2023,9,09/11/2023,MX,Branded,904.80
2023,9,09/12/2023,MX,Branded,904.80
2023,9,09/13/2023,MX,Branded,904.80
2023,9,09/14/2023,MX,Branded,904.80
2023,9,09/15/2023,MX,Branded,904.80
2023,9,09/16/2023,MX,Branded,904.80
2023,9,09/17/2023,MX,Branded,904.80
2023,9,09/18/2023,MX,Branded,904.80
2023,9,09/19/2023,MX,Branded,904.80
2023,9,09/20/2023,MX,Branded,904.80
2023,9,09/21/2023,MX,Branded,904.80
2023,9,09/22/2023,MX,Branded,904.80
2023,9,09/23/2023,MX,Branded,904.80
2023,9,09/24/2023,MX,Branded,904.80
2023,9,09/25/2023,MX,Branded,904.80
2023,9,09/26/2023,MX,Branded,904.80
2023,9,09/27/2023,MX,Branded,904.80
2023,9,09/28/2023,MX,Branded,904.80
2023,9,09/29/2023,MX,Branded,904.80
2023,9,09/30/2023,MX,Branded,904.80
2023,10,10/01/2023,MX,Branded,879.39
2023,10,10/02/2023,MX,Branded,879.39
2023,10,10/03/2023,MX,Branded,879.39
2023,10,10/04/2023,MX,Branded,879.39
2023,10,10/05/2023,MX,Branded,879.39
2023,10,10/06/2023,MX,Branded,879.39
2023,10,10/07/2023,MX,Branded,879.39
2023,10,10/08/2023,MX,Branded,879.39
2023,10,10/09/2023,MX,Branded,879.39
2023,10,10/10/2023,MX,Branded,879.39
2023,10,10/11/2023,MX,Branded,879.39
2023,10,10/12/2023,MX,Branded,879.39
2023,10,10/13/2023,MX,Branded,879.39
2023,10,10/14/2023,MX,Branded,879.39
2023,10,10/15/2023,MX,Branded,879.39
2023,10,10/16/2023,MX,Branded,879.39
2023,10,10/17/2023,MX,Branded,879.39
2023,10,10/18/2023,MX,Branded,879.39
2023,10,10/19/2023,MX,Branded,879.39
2023,10,10/20/2023,MX,Branded,879.39
2023,10,10/21/2023,MX,Branded,879.39
2023,10,10/22/2023,MX,Branded,879.39
2023,10,10/23/2023,MX,Branded,879.39
2023,10,10/24/2023,MX,Branded,879.39
2023,10,10/25/2023,MX,Branded,879.39
2023,10,10/26/2023,MX,Branded,879.39
2023,10,10/27/2023,MX,Branded,879.39
2023,10,10/28/2023,MX,Branded,879.39
2023,10,10/29/2023,MX,Branded,879.39
2023,10,10/30/2023,MX,Branded,879.39
2023,10,10/31/2023,MX,Branded,879.39
2023,11,11/01/2023,MX,Branded,931.60
2023,11,11/02/2023,MX,Branded,931.60
2023,11,11/03/2023,MX,Branded,931.60
2023,11,11/04/2023,MX,Branded,931.60
2023,11,11/05/2023,MX,Branded,931.60
2023,11,11/06/2023,MX,Branded,931.60
2023,11,11/07/2023,MX,Branded,931.60
2023,11,11/08/2023,MX,Branded,931.60
2023,11,11/09/2023,MX,Branded,931.60
2023,11,11/10/2023,MX,Branded,931.60
2023,11,11/11/2023,MX,Branded,931.60
2023,11,11/12/2023,MX,Branded,931.60
2023,11,11/13/2023,MX,Branded,931.60
2023,11,11/14/2023,MX,Branded,931.60
2023,11,11/15/2023,MX,Branded,931.60
2023,11,11/16/2023,MX,Branded,931.60
2023,11,11/17/2023,MX,Branded,931.60
2023,11,11/18/2023,MX,Branded,931.60
2023,11,11/19/2023,MX,Branded,931.60
2023,11,11/20/2023,MX,Branded,931.60
2023,11,11/21/2023,MX,Branded,931.60
2023,11,11/22/2023,MX,Branded,931.60
2023,11,11/23/2023,MX,Branded,931.60
2023,11,11/24/2023,MX,Branded,931.60
2023,11,11/25/2023,MX,Branded,931.60
2023,11,11/26/2023,MX,Branded,931.60
2023,11,11/27/2023,MX,Branded,931.60
2023,11,11/28/2023,MX,Branded,931.60
2023,11,11/29/2023,MX,Branded,931.60
2023,11,11/30/2023,MX,Branded,931.60
2023,12,12/01/2023,MX,Branded,734.42
2023,12,12/02/2023,MX,Branded,734.42
2023,12,12/03/2023,MX,Branded,734.42
2023,12,12/04/2023,MX,Branded,734.42
2023,12,12/05/2023,MX,Branded,734.42
2023,12,12/06/2023,MX,Branded,734.42
2023,12,12/07/2023,MX,Branded,734.42
2023,12,12/08/2023,MX,Branded,734.42
2023,12,12/09/2023,MX,Branded,734.42
2023,12,12/10/2023,MX,Branded,734.42
2023,12,12/11/2023,MX,Branded,734.42
2023,12,12/12/2023,MX,Branded,734.42
2023,12,12/13/2023,MX,Branded,734.42
2023,12,12/14/2023,MX,Branded,734.42
2023,12,12/15/2023,MX,Branded,734.42
2023,12,12/16/2023,MX,Branded,734.42
2023,12,12/17/2023,MX,Branded,734.42
2023,12,12/18/2023,MX,Branded,734.42
2023,12,12/19/2023,MX,Branded,734.42
2023,12,12/20/2023,MX,Branded,734.42
2023,12,12/21/2023,MX,Branded,734.42
2023,12,12/22/2023,MX,Branded,734.42
2023,12,12/23/2023,MX,Branded,734.42
2023,12,12/24/2023,MX,Branded,734.42
2023,12,12/25/2023,MX,Branded,734.42
2023,12,12/26/2023,MX,Branded,734.42
2023,12,12/27/2023,MX,Branded,734.42
2023,12,12/28/2023,MX,Branded,734.42
2023,12,12/29/2023,MX,Branded,734.42
2023,12,12/30/2023,MX,Branded,734.42
2023,12,12/31/2023,MX,Branded,734.42
2023,1,01/01/2023,AR,No Brand,0.00
2023,1,01/02/2023,AR,No Brand,0.00
2023,1,01/03/2023,AR,No Brand,0.00
2023,1,01/04/2023,AR,No Brand,0.00
2023,1,01/05/2023,AR,No Brand,0.00
2023,1,01/06/2023,AR,No Brand,0.00
2023,1,01/07/2023,AR,No Brand,0.00
2023,1,01/08/2023,AR,No Brand,0.00
2023,1,01/09/2023,AR,No Brand,0.00
2023,1,01/10/2023,AR,No Brand,0.00
2023,1,01/11/2023,AR,No Brand,0.00
2023,1,01/12/2023,AR,No Brand,0.00
2023,1,01/13/2023,AR,No Brand,0.00
2023,1,01/14/2023,AR,No Brand,0.00
2023,1,01/15/2023,AR,No Brand,0.00
2023,1,01/16/2023,AR,No Brand,0.00
2023,1,01/17/2023,AR,No Brand,0.00
2023,1,01/18/2023,AR,No Brand,0.00
2023,1,01/19/2023,AR,No Brand,0.00
2023,1,01/20/2023,AR,No Brand,0.00
2023,1,01/21/2023,AR,No Brand,0.00
2023,1,01/22/2023,AR,No Brand,0.00
2023,1,01/23/2023,AR,No Brand,0.00
2023,1,01/24/2023,AR,No Brand,0.00
2023,1,01/25/2023,AR,No Brand,0.00
2023,1,01/26/2023,AR,No Brand,0.00
2023,1,01/27/2023,AR,No Brand,0.00
2023,1,01/28/2023,AR,No Brand,0.00
2023,1,01/29/2023,AR,No Brand,0.00
2023,1,01/30/2023,AR,No Brand,0.00
2023,1,01/31/2023,AR,No Brand,0.00
2023,2,02/01/2023,AR,No Brand,0.00
2023,2,02/02/2023,AR,No Brand,0.00
2023,2,02/03/2023,AR,No Brand,0.00
2023,2,02/04/2023,AR,No Brand,0.00
2023,2,02/05/2023,AR,No Brand,0.00
2023,2,02/06/2023,AR,No Brand,0.00
2023,2,02/07/2023,AR,No Brand,0.00
2023,2,02/08/2023,AR,No Brand,0.00
2023,2,02/09/2023,AR,No Brand,0.00
2023,2,02/10/2023,AR,No Brand,0.00
2023,2,02/11/2023,AR,No Brand,0.00
2023,2,02/12/2023,AR,No Brand,0.00
2023,2,02/13/2023,AR,No Brand,0.00
2023,2,02/14/2023,AR,No Brand,0.00
2023,2,02/15/2023,AR,No Brand,0.00
2023,2,02/16/2023,AR,No Brand,0.00
2023,2,02/17/2023,AR,No Brand,0.00
2023,2,02/18/2023,AR,No Brand,0.00
2023,2,02/19/2023,AR,No Brand,0.00
2023,2,02/20/2023,AR,No Brand,0.00
2023,2,02/21/2023,AR,No Brand,0.00
2023,2,02/22/2023,AR,No Brand,0.00
2023,2,02/23/2023,AR,No Brand,0.00
2023,2,02/24/2023,AR,No Brand,0.00
2023,2,02/25/2023,AR,No Brand,0.00
2023,2,02/26/2023,AR,No Brand,0.00
2023,2,02/27/2023,AR,No Brand,0.00
2023,2,02/28/2023,AR,No Brand,0.00
2023,3,03/01/2023,AR,No Brand,0.00
2023,3,03/02/2023,AR,No Brand,0.00
2023,3,03/03/2023,AR,No Brand,0.00
2023,3,03/04/2023,AR,No Brand,0.00
2023,3,03/05/2023,AR,No Brand,0.00
2023,3,03/06/2023,AR,No Brand,0.00
2023,3,03/07/2023,AR,No Brand,0.00
2023,3,03/08/2023,AR,No Brand,0.00
2023,3,03/09/2023,AR,No Brand,0.00
2023,3,03/10/2023,AR,No Brand,0.00
2023,3,03/11/2023,AR,No Brand,0.00
2023,3,03/12/2023,AR,No Brand,0.00
2023,3,03/13/2023,AR,No Brand,0.00
2023,3,03/14/2023,AR,No Brand,0.00
2023,3,03/15/2023,AR,No Brand,0.00
2023,3,03/16/2023,AR,No Brand,0.00
2023,3,03/17/2023,AR,No Brand,0.00
2023,3,03/18/2023,AR,No Brand,0.00
2023,3,03/19/2023,AR,No Brand,0.00
2023,3,03/20/2023,AR,No Brand,0.00
2023,3,03/21/2023,AR,No Brand,0.00
2023,3,03/22/2023,AR,No Brand,0.00
2023,3,03/23/2023,AR,No Brand,0.00
2023,3,03/24/2023,AR,No Brand,0.00
2023,3,03/25/2023,AR,No Brand,0.00
2023,3,03/26/2023,AR,No Brand,0.00
2023,3,03/27/2023,AR,No Brand,0.00
2023,3,03/28/2023,AR,No Brand,0.00
2023,3,03/29/2023,AR,No Brand,0.00
2023,3,03/30/2023,AR,No Brand,0.00
2023,3,03/31/2023,AR,No Brand,0.00
2023,4,04/01/2023,AR,No Brand,0.00
2023,4,04/02/2023,AR,No Brand,0.00
2023,4,04/03/2023,AR,No Brand,0.00
2023,4,04/04/2023,AR,No Brand,0.00
2023,4,04/05/2023,AR,No Brand,0.00
2023,4,04/06/2023,AR,No Brand,0.00
2023,4,04/07/2023,AR,No Brand,0.00
2023,4,04/08/2023,AR,No Brand,0.00
2023,4,04/09/2023,AR,No Brand,0.00
2023,4,04/10/2023,AR,No Brand,0.00
2023,4,04/11/2023,AR,No Brand,0.00
2023,4,04/12/2023,AR,No Brand,0.00
2023,4,04/13/2023,AR,No Brand,0.00
2023,4,04/14/2023,AR,No Brand,0.00
2023,4,04/15/2023,AR,No Brand,0.00
2023,4,04/16/2023,AR,No Brand,0.00
2023,4,04/17/2023,AR,No Brand,0.00
2023,4,04/18/2023,AR,No Brand,0.00
2023,4,04/19/2023,AR,No Brand,0.00
2023,4,04/20/2023,AR,No Brand,0.00
2023,4,04/21/2023,AR,No Brand,0.00
2023,4,04/22/2023,AR,No Brand,0.00
2023,4,04/23/2023,AR,No Brand,0.00
2023,4,04/24/2023,AR,No Brand,0.00
2023,4,04/25/2023,AR,No Brand,0.00
2023,4,04/26/2023,AR,No Brand,0.00
2023,4,04/27/2023,AR,No Brand,0.00
2023,4,04/28/2023,AR,No Brand,0.00
2023,4,04/29/2023,AR,No Brand,0.00
2023,4,04/30/2023,AR,No Brand,0.00
2023,5,05/01/2023,AR,No Brand,0.00
2023,5,05/02/2023,AR,No Brand,0.00
2023,5,05/03/2023,AR,No Brand,0.00
2023,5,05/04/2023,AR,No Brand,0.00
2023,5,05/05/2023,AR,No Brand,0.00
2023,5,05/06/2023,AR,No Brand,0.00
2023,5,05/07/2023,AR,No Brand,0.00
2023,5,05/08/2023,AR,No Brand,0.00
2023,5,05/09/2023,AR,No Brand,0.00
2023,5,05/10/2023,AR,No Brand,0.00
2023,5,05/11/2023,AR,No Brand,0.00
2023,5,05/12/2023,AR,No Brand,0.00
2023,5,05/13/2023,AR,No Brand,0.00
2023,5,05/14/2023,AR,No Brand,0.00
2023,5,05/15/2023,AR,No Brand,0.00
2023,5,05/16/2023,AR,No Brand,0.00
2023,5,05/17/2023,AR,No Brand,0.00
2023,5,05/18/2023,AR,No Brand,0.00
2023,5,05/19/2023,AR,No Brand,0.00
2023,5,05/20/2023,AR,No Brand,0.00
2023,5,05/21/2023,AR,No Brand,0.00
2023,5,05/22/2023,AR,No Brand,0.00
2023,5,05/23/2023,AR,No Brand,0.00
2023,5,05/24/2023,AR,No Brand,0.00
2023,5,05/25/2023,AR,No Brand,0.00
2023,5,05/26/2023,AR,No Brand,0.00
2023,5,05/27/2023,AR,No Brand,0.00
2023,5,05/28/2023,AR,No Brand,0.00
2023,5,05/29/2023,AR,No Brand,0.00
2023,5,05/30/2023,AR,No Brand,0.00
2023,5,05/31/2023,AR,No Brand,0.00
2023,6,06/01/2023,AR,No Brand,0.00
2023,6,06/02/2023,AR,No Brand,0.00
2023,6,06/03/2023,AR,No Brand,0.00
2023,6,06/04/2023,AR,No Brand,0.00
2023,6,06/05/2023,AR,No Brand,0.00
2023,6,06/06/2023,AR,No Brand,0.00
2023,6,06/07/2023,AR,No Brand,0.00
2023,6,06/08/2023,AR,No Brand,0.00
2023,6,06/09/2023,AR,No Brand,0.00
2023,6,06/10/2023,AR,No Brand,0.00
2023,6,06/11/2023,AR,No Brand,0.00
2023,6,06/12/2023,AR,No Brand,0.00
2023,6,06/13/2023,AR,No Brand,0.00
2023,6,06/14/2023,AR,No Brand,0.00
2023,6,06/15/2023,AR,No Brand,0.00
2023,6,06/16/2023,AR,No Brand,0.00
2023,6,06/17/2023,AR,No Brand,0.00
2023,6,06/18/2023,AR,No Brand,0.00
2023,6,06/19/2023,AR,No Brand,0.00
2023,6,06/20/2023,AR,No Brand,0.00
2023,6,06/21/2023,AR,No Brand,0.00
2023,6,06/22/2023,AR,No Brand,0.00
2023,6,06/23/2023,AR,No Brand,0.00
2023,6,06/24/2023,AR,No Brand,0.00
2023,6,06/25/2023,AR,No Brand,0.00
2023,6,06/26/2023,AR,No Brand,0.00
2023,6,06/27/2023,AR,No Brand,0.00
2023,6,06/28/2023,AR,No Brand,0.00
2023,6,06/29/2023,AR,No Brand,0.00
2023,6,06/30/2023,AR,No Brand,0.00
2023,7,07/01/2023,AR,No Brand,0.00
2023,7,07/02/2023,AR,No Brand,0.00
2023,7,07/03/2023,AR,No Brand,0.00
2023,7,07/04/2023,AR,No Brand,0.00
2023,7,07/05/2023,AR,No Brand,0.00
2023,7,07/06/2023,AR,No Brand,0.00
2023,7,07/07/2023,AR,No Brand,0.00
2023,7,07/08/2023,AR,No Brand,0.00
2023,7,07/09/2023,AR,No Brand,0.00
2023,7,07/10/2023,AR,No Brand,0.00
2023,7,07/11/2023,AR,No Brand,0.00
2023,7,07/12/2023,AR,No Brand,0.00
2023,7,07/13/2023,AR,No Brand,0.00
2023,7,07/14/2023,AR,No Brand,0.00
2023,7,07/15/2023,AR,No Brand,0.00
2023,7,07/16/2023,AR,No Brand,0.00
2023,7,07/17/2023,AR,No Brand,0.00
2023,7,07/18/2023,AR,No Brand,0.00
2023,7,07/19/2023,AR,No Brand,0.00
2023,7,07/20/2023,AR,No Brand,0.00
2023,7,07/21/2023,AR,No Brand,0.00
2023,7,07/22/2023,AR,No Brand,0.00
2023,7,07/23/2023,AR,No Brand,0.00
2023,7,07/24/2023,AR,No Brand,0.00
2023,7,07/25/2023,AR,No Brand,0.00
2023,7,07/26/2023,AR,No Brand,0.00
2023,7,07/27/2023,AR,No Brand,0.00
2023,7,07/28/2023,AR,No Brand,0.00
2023,7,07/29/2023,AR,No Brand,0.00
2023,7,07/30/2023,AR,No Brand,0.00
2023,7,07/31/2023,AR,No Brand,0.00
2023,8,08/01/2023,AR,No Brand,0.00
2023,8,08/02/2023,AR,No Brand,0.00
2023,8,08/03/2023,AR,No Brand,0.00
2023,8,08/04/2023,AR,No Brand,0.00
2023,8,08/05/2023,AR,No Brand,0.00
2023,8,08/06/2023,AR,No Brand,0.00
2023,8,08/07/2023,AR,No Brand,0.00
2023,8,08/08/2023,AR,No Brand,0.00
2023,8,08/09/2023,AR,No Brand,0.00
2023,8,08/10/2023,AR,No Brand,0.00
2023,8,08/11/2023,AR,No Brand,0.00
2023,8,08/12/2023,AR,No Brand,0.00
2023,8,08/13/2023,AR,No Brand,0.00
2023,8,08/14/2023,AR,No Brand,0.00
2023,8,08/15/2023,AR,No Brand,0.00
2023,8,08/16/2023,AR,No Brand,0.00
2023,8,08/17/2023,AR,No Brand,0.00
2023,8,08/18/2023,AR,No Brand,0.00
2023,8,08/19/2023,AR,No Brand,0.00
2023,8,08/20/2023,AR,No Brand,0.00
2023,8,08/21/2023,AR,No Brand,0.00
2023,8,08/22/2023,AR,No Brand,0.00
2023,8,08/23/2023,AR,No Brand,0.00
2023,8,08/24/2023,AR,No Brand,0.00
2023,8,08/25/2023,AR,No Brand,0.00
2023,8,08/26/2023,AR,No Brand,0.00
2023,8,08/27/2023,AR,No Brand,0.00
2023,8,08/28/2023,AR,No Brand,0.00
2023,8,08/29/2023,AR,No Brand,0.00
2023,8,08/30/2023,AR,No Brand,0.00
2023,8,08/31/2023,AR,No Brand,0.00
2023,9,09/01/2023,AR,No Brand,0.00
2023,9,09/02/2023,AR,No Brand,0.00
2023,9,09/03/2023,AR,No Brand,0.00
2023,9,09/04/2023,AR,No Brand,0.00
2023,9,09/05/2023,AR,No Brand,0.00
2023,9,09/06/2023,AR,No Brand,0.00
2023,9,09/07/2023,AR,No Brand,0.00
2023,9,09/08/2023,AR,No Brand,0.00
2023,9,09/09/2023,AR,No Brand,0.00
2023,9,09/10/2023,AR,No Brand,0.00
2023,9,09/11/2023,AR,No Brand,0.00
2023,9,09/12/2023,AR,No Brand,0.00
2023,9,09/13/2023,AR,No Brand,0.00
2023,9,09/14/2023,AR,No Brand,0.00
2023,9,09/15/2023,AR,No Brand,0.00
2023,9,09/16/2023,AR,No Brand,0.00
2023,9,09/17/2023,AR,No Brand,0.00
2023,9,09/18/2023,AR,No Brand,0.00
2023,9,09/19/2023,AR,No Brand,0.00
2023,9,09/20/2023,AR,No Brand,0.00
2023,9,09/21/2023,AR,No Brand,0.00
2023,9,09/22/2023,AR,No Brand,0.00
2023,9,09/23/2023,AR,No Brand,0.00
2023,9,09/24/2023,AR,No Brand,0.00
2023,9,09/25/2023,AR,No Brand,0.00
2023,9,09/26/2023,AR,No Brand,0.00
2023,9,09/27/2023,AR,No Brand,0.00
2023,9,09/28/2023,AR,No Brand,0.00
2023,9,09/29/2023,AR,No Brand,0.00
2023,9,09/30/2023,AR,No Brand,0.00
2023,10,10/01/2023,AR,No Brand,0.00
2023,10,10/02/2023,AR,No Brand,0.00
2023,10,10/03/2023,AR,No Brand,0.00
2023,10,10/04/2023,AR,No Brand,0.00
2023,10,10/05/2023,AR,No Brand,0.00
2023,10,10/06/2023,AR,No Brand,0.00
2023,10,10/07/2023,AR,No Brand,0.00
2023,10,10/08/2023,AR,No Brand,0.00
2023,10,10/09/2023,AR,No Brand,0.00
2023,10,10/10/2023,AR,No Brand,0.00
2023,10,10/11/2023,AR,No Brand,0.00
2023,10,10/12/2023,AR,No Brand,0.00
2023,10,10/13/2023,AR,No Brand,0.00
2023,10,10/14/2023,AR,No Brand,0.00
2023,10,10/15/2023,AR,No Brand,0.00
2023,10,10/16/2023,AR,No Brand,0.00
2023,10,10/17/2023,AR,No Brand,0.00
2023,10,10/18/2023,AR,No Brand,0.00
2023,10,10/19/2023,AR,No Brand,0.00
2023,10,10/20/2023,AR,No Brand,0.00
2023,10,10/21/2023,AR,No Brand,0.00
2023,10,10/22/2023,AR,No Brand,0.00
2023,10,10/23/2023,AR,No Brand,0.00
2023,10,10/24/2023,AR,No Brand,0.00
2023,10,10/25/2023,AR,No Brand,0.00
2023,10,10/26/2023,AR,No Brand,0.00
2023,10,10/27/2023,AR,No Brand,0.00
2023,10,10/28/2023,AR,No Brand,0.00
2023,10,10/29/2023,AR,No Brand,0.00
2023,10,10/30/2023,AR,No Brand,0.00
2023,10,10/31/2023,AR,No Brand,0.00
2023,11,11/01/2023,AR,No Brand,0.00
2023,11,11/02/2023,AR,No Brand,0.00
2023,11,11/03/2023,AR,No Brand,0.00
2023,11,11/04/2023,AR,No Brand,0.00
2023,11,11/05/2023,AR,No Brand,0.00
2023,11,11/06/2023,AR,No Brand,0.00
2023,11,11/07/2023,AR,No Brand,0.00
2023,11,11/08/2023,AR,No Brand,0.00
2023,11,11/09/2023,AR,No Brand,0.00
2023,11,11/10/2023,AR,No Brand,0.00
2023,11,11/11/2023,AR,No Brand,0.00
2023,11,11/12/2023,AR,No Brand,0.00
2023,11,11/13/2023,AR,No Brand,0.00
2023,11,11/14/2023,AR,No Brand,0.00
2023,11,11/15/2023,AR,No Brand,0.00
2023,11,11/16/2023,AR,No Brand,0.00
2023,11,11/17/2023,AR,No Brand,0.00
2023,11,11/18/2023,AR,No Brand,0.00
2023,11,11/19/2023,AR,No Brand,0.00
2023,11,11/20/2023,AR,No Brand,0.00
2023,11,11/21/2023,AR,No Brand,0.00
2023,11,11/22/2023,AR,No Brand,0.00
2023,11,11/23/2023,AR,No Brand,0.00
2023,11,11/24/2023,AR,No Brand,0.00
2023,11,11/25/2023,AR,No Brand,0.00
2023,11,11/26/2023,AR,No Brand,0.00
2023,11,11/27/2023,AR,No Brand,0.00
2023,11,11/28/2023,AR,No Brand,0.00
2023,11,11/29/2023,AR,No Brand,0.00
2023,11,11/30/2023,AR,No Brand,0.00
2023,12,12/01/2023,AR,No Brand,0.00
2023,12,12/02/2023,AR,No Brand,0.00
2023,12,12/03/2023,AR,No Brand,0.00
2023,12,12/04/2023,AR,No Brand,0.00
2023,12,12/05/2023,AR,No Brand,0.00
2023,12,12/06/2023,AR,No Brand,0.00
2023,12,12/07/2023,AR,No Brand,0.00
2023,12,12/08/2023,AR,No Brand,0.00
2023,12,12/09/2023,AR,No Brand,0.00
2023,12,12/10/2023,AR,No Brand,0.00
2023,12,12/11/2023,AR,No Brand,0.00
2023,12,12/12/2023,AR,No Brand,0.00
2023,12,12/13/2023,AR,No Brand,0.00
2023,12,12/14/2023,AR,No Brand,0.00
2023,12,12/15/2023,AR,No Brand,0.00
2023,12,12/16/2023,AR,No Brand,0.00
2023,12,12/17/2023,AR,No Brand,0.00
2023,12,12/18/2023,AR,No Brand,0.00
2023,12,12/19/2023,AR,No Brand,0.00
2023,12,12/20/2023,AR,No Brand,0.00
2023,12,12/21/2023,AR,No Brand,0.00
2023,12,12/22/2023,AR,No Brand,0.00
2023,12,12/23/2023,AR,No Brand,0.00
2023,12,12/24/2023,AR,No Brand,0.00
2023,12,12/25/2023,AR,No Brand,0.00
2023,12,12/26/2023,AR,No Brand,0.00
2023,12,12/27/2023,AR,No Brand,0.00
2023,12,12/28/2023,AR,No Brand,0.00
2023,12,12/29/2023,AR,No Brand,0.00
2023,12,12/30/2023,AR,No Brand,0.00
2023,12,12/31/2023,AR,No Brand,0.00
2023,1,01/01/2023,BR,No Brand,0.00
2023,1,01/02/2023,BR,No Brand,0.00
2023,1,01/03/2023,BR,No Brand,0.00
2023,1,01/04/2023,BR,No Brand,0.00
2023,1,01/05/2023,BR,No Brand,0.00
2023,1,01/06/2023,BR,No Brand,0.00
2023,1,01/07/2023,BR,No Brand,0.00
2023,1,01/08/2023,BR,No Brand,0.00
2023,1,01/09/2023,BR,No Brand,0.00
2023,1,01/10/2023,BR,No Brand,0.00
2023,1,01/11/2023,BR,No Brand,0.00
2023,1,01/12/2023,BR,No Brand,0.00
2023,1,01/13/2023,BR,No Brand,0.00
2023,1,01/14/2023,BR,No Brand,0.00
2023,1,01/15/2023,BR,No Brand,0.00
2023,1,01/16/2023,BR,No Brand,0.00
2023,1,01/17/2023,BR,No Brand,0.00
2023,1,01/18/2023,BR,No Brand,0.00
2023,1,01/19/2023,BR,No Brand,0.00
2023,1,01/20/2023,BR,No Brand,0.00
2023,1,01/21/2023,BR,No Brand,0.00
2023,1,01/22/2023,BR,No Brand,0.00
2023,1,01/23/2023,BR,No Brand,0.00
2023,1,01/24/2023,BR,No Brand,0.00
2023,1,01/25/2023,BR,No Brand,0.00
2023,1,01/26/2023,BR,No Brand,0.00
2023,1,01/27/2023,BR,No Brand,0.00
2023,1,01/28/2023,BR,No Brand,0.00
2023,1,01/29/2023,BR,No Brand,0.00
2023,1,01/30/2023,BR,No Brand,0.00
2023,1,01/31/2023,BR,No Brand,0.00
2023,2,02/01/2023,BR,No Brand,0.00
2023,2,02/02/2023,BR,No Brand,0.00
2023,2,02/03/2023,BR,No Brand,0.00
2023,2,02/04/2023,BR,No Brand,0.00
2023,2,02/05/2023,BR,No Brand,0.00
2023,2,02/06/2023,BR,No Brand,0.00
2023,2,02/07/2023,BR,No Brand,0.00
2023,2,02/08/2023,BR,No Brand,0.00
2023,2,02/09/2023,BR,No Brand,0.00
2023,2,02/10/2023,BR,No Brand,0.00
2023,2,02/11/2023,BR,No Brand,0.00
2023,2,02/12/2023,BR,No Brand,0.00
2023,2,02/13/2023,BR,No Brand,0.00
2023,2,02/14/2023,BR,No Brand,0.00
2023,2,02/15/2023,BR,No Brand,0.00
2023,2,02/16/2023,BR,No Brand,0.00
2023,2,02/17/2023,BR,No Brand,0.00
2023,2,02/18/2023,BR,No Brand,0.00
2023,2,02/19/2023,BR,No Brand,0.00
2023,2,02/20/2023,BR,No Brand,0.00
2023,2,02/21/2023,BR,No Brand,0.00
2023,2,02/22/2023,BR,No Brand,0.00
2023,2,02/23/2023,BR,No Brand,0.00
2023,2,02/24/2023,BR,No Brand,0.00
2023,2,02/25/2023,BR,No Brand,0.00
2023,2,02/26/2023,BR,No Brand,0.00
2023,2,02/27/2023,BR,No Brand,0.00
2023,2,02/28/2023,BR,No Brand,0.00
2023,3,03/01/2023,BR,No Brand,0.00
2023,3,03/02/2023,BR,No Brand,0.00
2023,3,03/03/2023,BR,No Brand,0.00
2023,3,03/04/2023,BR,No Brand,0.00
2023,3,03/05/2023,BR,No Brand,0.00
2023,3,03/06/2023,BR,No Brand,0.00
2023,3,03/07/2023,BR,No Brand,0.00
2023,3,03/08/2023,BR,No Brand,0.00
2023,3,03/09/2023,BR,No Brand,0.00
2023,3,03/10/2023,BR,No Brand,0.00
2023,3,03/11/2023,BR,No Brand,0.00
2023,3,03/12/2023,BR,No Brand,0.00
2023,3,03/13/2023,BR,No Brand,0.00
2023,3,03/14/2023,BR,No Brand,0.00
2023,3,03/15/2023,BR,No Brand,0.00
2023,3,03/16/2023,BR,No Brand,0.00
2023,3,03/17/2023,BR,No Brand,0.00
2023,3,03/18/2023,BR,No Brand,0.00
2023,3,03/19/2023,BR,No Brand,0.00
2023,3,03/20/2023,BR,No Brand,0.00
2023,3,03/21/2023,BR,No Brand,0.00
2023,3,03/22/2023,BR,No Brand,0.00
2023,3,03/23/2023,BR,No Brand,0.00
2023,3,03/24/2023,BR,No Brand,0.00
2023,3,03/25/2023,BR,No Brand,0.00
2023,3,03/26/2023,BR,No Brand,0.00
2023,3,03/27/2023,BR,No Brand,0.00
2023,3,03/28/2023,BR,No Brand,0.00
2023,3,03/29/2023,BR,No Brand,0.00
2023,3,03/30/2023,BR,No Brand,0.00
2023,3,03/31/2023,BR,No Brand,0.00
2023,4,04/01/2023,BR,No Brand,0.00
2023,4,04/02/2023,BR,No Brand,0.00
2023,4,04/03/2023,BR,No Brand,0.00
2023,4,04/04/2023,BR,No Brand,0.00
2023,4,04/05/2023,BR,No Brand,0.00
2023,4,04/06/2023,BR,No Brand,0.00
2023,4,04/07/2023,BR,No Brand,0.00
2023,4,04/08/2023,BR,No Brand,0.00
2023,4,04/09/2023,BR,No Brand,0.00
2023,4,04/10/2023,BR,No Brand,0.00
2023,4,04/11/2023,BR,No Brand,0.00
2023,4,04/12/2023,BR,No Brand,0.00
2023,4,04/13/2023,BR,No Brand,0.00
2023,4,04/14/2023,BR,No Brand,0.00
2023,4,04/15/2023,BR,No Brand,0.00
2023,4,04/16/2023,BR,No Brand,0.00
2023,4,04/17/2023,BR,No Brand,0.00
2023,4,04/18/2023,BR,No Brand,0.00
2023,4,04/19/2023,BR,No Brand,0.00
2023,4,04/20/2023,BR,No Brand,0.00
2023,4,04/21/2023,BR,No Brand,0.00
2023,4,04/22/2023,BR,No Brand,0.00
2023,4,04/23/2023,BR,No Brand,0.00
2023,4,04/24/2023,BR,No Brand,0.00
2023,4,04/25/2023,BR,No Brand,0.00
2023,4,04/26/2023,BR,No Brand,0.00
2023,4,04/27/2023,BR,No Brand,0.00
2023,4,04/28/2023,BR,No Brand,0.00
2023,4,04/29/2023,BR,No Brand,0.00
2023,4,04/30/2023,BR,No Brand,0.00
2023,5,05/01/2023,BR,No Brand,0.00
2023,5,05/02/2023,BR,No Brand,0.00
2023,5,05/03/2023,BR,No Brand,0.00
2023,5,05/04/2023,BR,No Brand,0.00
2023,5,05/05/2023,BR,No Brand,0.00
2023,5,05/06/2023,BR,No Brand,0.00
2023,5,05/07/2023,BR,No Brand,0.00
2023,5,05/08/2023,BR,No Brand,0.00
2023,5,05/09/2023,BR,No Brand,0.00
2023,5,05/10/2023,BR,No Brand,0.00
2023,5,05/11/2023,BR,No Brand,0.00
2023,5,05/12/2023,BR,No Brand,0.00
2023,5,05/13/2023,BR,No Brand,0.00
2023,5,05/14/2023,BR,No Brand,0.00
2023,5,05/15/2023,BR,No Brand,0.00
2023,5,05/16/2023,BR,No Brand,0.00
2023,5,05/17/2023,BR,No Brand,0.00
2023,5,05/18/2023,BR,No Brand,0.00
2023,5,05/19/2023,BR,No Brand,0.00
2023,5,05/20/2023,BR,No Brand,0.00
2023,5,05/21/2023,BR,No Brand,0.00
2023,5,05/22/2023,BR,No Brand,0.00
2023,5,05/23/2023,BR,No Brand,0.00
2023,5,05/24/2023,BR,No Brand,0.00
2023,5,05/25/2023,BR,No Brand,0.00
2023,5,05/26/2023,BR,No Brand,0.00
2023,5,05/27/2023,BR,No Brand,0.00
2023,5,05/28/2023,BR,No Brand,0.00
2023,5,05/29/2023,BR,No Brand,0.00
2023,5,05/30/2023,BR,No Brand,0.00
2023,5,05/31/2023,BR,No Brand,0.00
2023,6,06/01/2023,BR,No Brand,0.00
2023,6,06/02/2023,BR,No Brand,0.00
2023,6,06/03/2023,BR,No Brand,0.00
2023,6,06/04/2023,BR,No Brand,0.00
2023,6,06/05/2023,BR,No Brand,0.00
2023,6,06/06/2023,BR,No Brand,0.00
2023,6,06/07/2023,BR,No Brand,0.00
2023,6,06/08/2023,BR,No Brand,0.00
2023,6,06/09/2023,BR,No Brand,0.00
2023,6,06/10/2023,BR,No Brand,0.00
2023,6,06/11/2023,BR,No Brand,0.00
2023,6,06/12/2023,BR,No Brand,0.00
2023,6,06/13/2023,BR,No Brand,0.00
2023,6,06/14/2023,BR,No Brand,0.00
2023,6,06/15/2023,BR,No Brand,0.00
2023,6,06/16/2023,BR,No Brand,0.00
2023,6,06/17/2023,BR,No Brand,0.00
2023,6,06/18/2023,BR,No Brand,0.00
2023,6,06/19/2023,BR,No Brand,0.00
2023,6,06/20/2023,BR,No Brand,0.00
2023,6,06/21/2023,BR,No Brand,0.00
2023,6,06/22/2023,BR,No Brand,0.00
2023,6,06/23/2023,BR,No Brand,0.00
2023,6,06/24/2023,BR,No Brand,0.00
2023,6,06/25/2023,BR,No Brand,0.00
2023,6,06/26/2023,BR,No Brand,0.00
2023,6,06/27/2023,BR,No Brand,0.00
2023,6,06/28/2023,BR,No Brand,0.00
2023,6,06/29/2023,BR,No Brand,0.00
2023,6,06/30/2023,BR,No Brand,0.00
2023,7,07/01/2023,BR,No Brand,0.00
2023,7,07/02/2023,BR,No Brand,0.00
2023,7,07/03/2023,BR,No Brand,0.00
2023,7,07/04/2023,BR,No Brand,0.00
2023,7,07/05/2023,BR,No Brand,0.00
2023,7,07/06/2023,BR,No Brand,0.00
2023,7,07/07/2023,BR,No Brand,0.00
2023,7,07/08/2023,BR,No Brand,0.00
2023,7,07/09/2023,BR,No Brand,0.00
2023,7,07/10/2023,BR,No Brand,0.00
2023,7,07/11/2023,BR,No Brand,0.00
2023,7,07/12/2023,BR,No Brand,0.00
2023,7,07/13/2023,BR,No Brand,0.00
2023,7,07/14/2023,BR,No Brand,0.00
2023,7,07/15/2023,BR,No Brand,0.00
2023,7,07/16/2023,BR,No Brand,0.00
2023,7,07/17/2023,BR,No Brand,0.00
2023,7,07/18/2023,BR,No Brand,0.00
2023,7,07/19/2023,BR,No Brand,0.00
2023,7,07/20/2023,BR,No Brand,0.00
2023,7,07/21/2023,BR,No Brand,0.00
2023,7,07/22/2023,BR,No Brand,0.00
2023,7,07/23/2023,BR,No Brand,0.00
2023,7,07/24/2023,BR,No Brand,0.00
2023,7,07/25/2023,BR,No Brand,0.00
2023,7,07/26/2023,BR,No Brand,0.00
2023,7,07/27/2023,BR,No Brand,0.00
2023,7,07/28/2023,BR,No Brand,0.00
2023,7,07/29/2023,BR,No Brand,0.00
2023,7,07/30/2023,BR,No Brand,0.00
2023,7,07/31/2023,BR,No Brand,0.00
2023,8,08/01/2023,BR,No Brand,0.00
2023,8,08/02/2023,BR,No Brand,0.00
2023,8,08/03/2023,BR,No Brand,0.00
2023,8,08/04/2023,BR,No Brand,0.00
2023,8,08/05/2023,BR,No Brand,0.00
2023,8,08/06/2023,BR,No Brand,0.00
2023,8,08/07/2023,BR,No Brand,0.00
2023,8,08/08/2023,BR,No Brand,0.00
2023,8,08/09/2023,BR,No Brand,0.00
2023,8,08/10/2023,BR,No Brand,0.00
2023,8,08/11/2023,BR,No Brand,0.00
2023,8,08/12/2023,BR,No Brand,0.00
2023,8,08/13/2023,BR,No Brand,0.00
2023,8,08/14/2023,BR,No Brand,0.00
2023,8,08/15/2023,BR,No Brand,0.00
2023,8,08/16/2023,BR,No Brand,0.00
2023,8,08/17/2023,BR,No Brand,0.00
2023,8,08/18/2023,BR,No Brand,0.00
2023,8,08/19/2023,BR,No Brand,0.00
2023,8,08/20/2023,BR,No Brand,0.00
2023,8,08/21/2023,BR,No Brand,0.00
2023,8,08/22/2023,BR,No Brand,0.00
2023,8,08/23/2023,BR,No Brand,0.00
2023,8,08/24/2023,BR,No Brand,0.00
2023,8,08/25/2023,BR,No Brand,0.00
2023,8,08/26/2023,BR,No Brand,0.00
2023,8,08/27/2023,BR,No Brand,0.00
2023,8,08/28/2023,BR,No Brand,0.00
2023,8,08/29/2023,BR,No Brand,0.00
2023,8,08/30/2023,BR,No Brand,0.00
2023,8,08/31/2023,BR,No Brand,0.00
2023,9,09/01/2023,BR,No Brand,0.00
2023,9,09/02/2023,BR,No Brand,0.00
2023,9,09/03/2023,BR,No Brand,0.00
2023,9,09/04/2023,BR,No Brand,0.00
2023,9,09/05/2023,BR,No Brand,0.00
2023,9,09/06/2023,BR,No Brand,0.00
2023,9,09/07/2023,BR,No Brand,0.00
2023,9,09/08/2023,BR,No Brand,0.00
2023,9,09/09/2023,BR,No Brand,0.00
2023,9,09/10/2023,BR,No Brand,0.00
2023,9,09/11/2023,BR,No Brand,0.00
2023,9,09/12/2023,BR,No Brand,0.00
2023,9,09/13/2023,BR,No Brand,0.00
2023,9,09/14/2023,BR,No Brand,0.00
2023,9,09/15/2023,BR,No Brand,0.00
2023,9,09/16/2023,BR,No Brand,0.00
2023,9,09/17/2023,BR,No Brand,0.00
2023,9,09/18/2023,BR,No Brand,0.00
2023,9,09/19/2023,BR,No Brand,0.00
2023,9,09/20/2023,BR,No Brand,0.00
2023,9,09/21/2023,BR,No Brand,0.00
2023,9,09/22/2023,BR,No Brand,0.00
2023,9,09/23/2023,BR,No Brand,0.00
2023,9,09/24/2023,BR,No Brand,0.00
2023,9,09/25/2023,BR,No Brand,0.00
2023,9,09/26/2023,BR,No Brand,0.00
2023,9,09/27/2023,BR,No Brand,0.00
2023,9,09/28/2023,BR,No Brand,0.00
2023,9,09/29/2023,BR,No Brand,0.00
2023,9,09/30/2023,BR,No Brand,0.00
2023,10,10/01/2023,BR,No Brand,0.00
2023,10,10/02/2023,BR,No Brand,0.00
2023,10,10/03/2023,BR,No Brand,0.00
2023,10,10/04/2023,BR,No Brand,0.00
2023,10,10/05/2023,BR,No Brand,0.00
2023,10,10/06/2023,BR,No Brand,0.00
2023,10,10/07/2023,BR,No Brand,0.00
2023,10,10/08/2023,BR,No Brand,0.00
2023,10,10/09/2023,BR,No Brand,0.00
2023,10,10/10/2023,BR,No Brand,0.00
2023,10,10/11/2023,BR,No Brand,0.00
2023,10,10/12/2023,BR,No Brand,0.00
2023,10,10/13/2023,BR,No Brand,0.00
2023,10,10/14/2023,BR,No Brand,0.00
2023,10,10/15/2023,BR,No Brand,0.00
2023,10,10/16/2023,BR,No Brand,0.00
2023,10,10/17/2023,BR,No Brand,0.00
2023,10,10/18/2023,BR,No Brand,0.00
2023,10,10/19/2023,BR,No Brand,0.00
2023,10,10/20/2023,BR,No Brand,0.00
2023,10,10/21/2023,BR,No Brand,0.00
2023,10,10/22/2023,BR,No Brand,0.00
2023,10,10/23/2023,BR,No Brand,0.00
2023,10,10/24/2023,BR,No Brand,0.00
2023,10,10/25/2023,BR,No Brand,0.00
2023,10,10/26/2023,BR,No Brand,0.00
2023,10,10/27/2023,BR,No Brand,0.00
2023,10,10/28/2023,BR,No Brand,0.00
2023,10,10/29/2023,BR,No Brand,0.00
2023,10,10/30/2023,BR,No Brand,0.00
2023,10,10/31/2023,BR,No Brand,0.00
2023,11,11/01/2023,BR,No Brand,0.00
2023,11,11/02/2023,BR,No Brand,0.00
2023,11,11/03/2023,BR,No Brand,0.00
2023,11,11/04/2023,BR,No Brand,0.00
2023,11,11/05/2023,BR,No Brand,0.00
2023,11,11/06/2023,BR,No Brand,0.00
2023,11,11/07/2023,BR,No Brand,0.00
2023,11,11/08/2023,BR,No Brand,0.00
2023,11,11/09/2023,BR,No Brand,0.00
2023,11,11/10/2023,BR,No Brand,0.00
2023,11,11/11/2023,BR,No Brand,0.00
2023,11,11/12/2023,BR,No Brand,0.00
2023,11,11/13/2023,BR,No Brand,0.00
2023,11,11/14/2023,BR,No Brand,0.00
2023,11,11/15/2023,BR,No Brand,0.00
2023,11,11/16/2023,BR,No Brand,0.00
2023,11,11/17/2023,BR,No Brand,0.00
2023,11,11/18/2023,BR,No Brand,0.00
2023,11,11/19/2023,BR,No Brand,0.00
2023,11,11/20/2023,BR,No Brand,0.00
2023,11,11/21/2023,BR,No Brand,0.00
2023,11,11/22/2023,BR,No Brand,0.00
2023,11,11/23/2023,BR,No Brand,0.00
2023,11,11/24/2023,BR,No Brand,0.00
2023,11,11/25/2023,BR,No Brand,0.00
2023,11,11/26/2023,BR,No Brand,0.00
2023,11,11/27/2023,BR,No Brand,0.00
2023,11,11/28/2023,BR,No Brand,0.00
2023,11,11/29/2023,BR,No Brand,0.00
2023,11,11/30/2023,BR,No Brand,0.00
2023,12,12/01/2023,BR,No Brand,0.00
2023,12,12/02/2023,BR,No Brand,0.00
2023,12,12/03/2023,BR,No Brand,0.00
2023,12,12/04/2023,BR,No Brand,0.00
2023,12,12/05/2023,BR,No Brand,0.00
2023,12,12/06/2023,BR,No Brand,0.00
2023,12,12/07/2023,BR,No Brand,0.00
2023,12,12/08/2023,BR,No Brand,0.00
2023,12,12/09/2023,BR,No Brand,0.00
2023,12,12/10/2023,BR,No Brand,0.00
2023,12,12/11/2023,BR,No Brand,0.00
2023,12,12/12/2023,BR,No Brand,0.00
2023,12,12/13/2023,BR,No Brand,0.00
2023,12,12/14/2023,BR,No Brand,0.00
2023,12,12/15/2023,BR,No Brand,0.00
2023,12,12/16/2023,BR,No Brand,0.00
2023,12,12/17/2023,BR,No Brand,0.00
2023,12,12/18/2023,BR,No Brand,0.00
2023,12,12/19/2023,BR,No Brand,0.00
2023,12,12/20/2023,BR,No Brand,0.00
2023,12,12/21/2023,BR,No Brand,0.00
2023,12,12/22/2023,BR,No Brand,0.00
2023,12,12/23/2023,BR,No Brand,0.00
2023,12,12/24/2023,BR,No Brand,0.00
2023,12,12/25/2023,BR,No Brand,0.00
2023,12,12/26/2023,BR,No Brand,0.00
2023,12,12/27/2023,BR,No Brand,0.00
2023,12,12/28/2023,BR,No Brand,0.00
2023,12,12/29/2023,BR,No Brand,0.00
2023,12,12/30/2023,BR,No Brand,0.00
2023,12,12/31/2023,BR,No Brand,0.00
2023,1,01/01/2023,CL,No Brand,0.00
2023,1,01/02/2023,CL,No Brand,0.00
2023,1,01/03/2023,CL,No Brand,0.00
2023,1,01/04/2023,CL,No Brand,0.00
2023,1,01/05/2023,CL,No Brand,0.00
2023,1,01/06/2023,CL,No Brand,0.00
2023,1,01/07/2023,CL,No Brand,0.00
2023,1,01/08/2023,CL,No Brand,0.00
2023,1,01/09/2023,CL,No Brand,0.00
2023,1,01/10/2023,CL,No Brand,0.00
2023,1,01/11/2023,CL,No Brand,0.00
2023,1,01/12/2023,CL,No Brand,0.00
2023,1,01/13/2023,CL,No Brand,0.00
2023,1,01/14/2023,CL,No Brand,0.00
2023,1,01/15/2023,CL,No Brand,0.00
2023,1,01/16/2023,CL,No Brand,0.00
2023,1,01/17/2023,CL,No Brand,0.00
2023,1,01/18/2023,CL,No Brand,0.00
2023,1,01/19/2023,CL,No Brand,0.00
2023,1,01/20/2023,CL,No Brand,0.00
2023,1,01/21/2023,CL,No Brand,0.00
2023,1,01/22/2023,CL,No Brand,0.00
2023,1,01/23/2023,CL,No Brand,0.00
2023,1,01/24/2023,CL,No Brand,0.00
2023,1,01/25/2023,CL,No Brand,0.00
2023,1,01/26/2023,CL,No Brand,0.00
2023,1,01/27/2023,CL,No Brand,0.00
2023,1,01/28/2023,CL,No Brand,0.00
2023,1,01/29/2023,CL,No Brand,0.00
2023,1,01/30/2023,CL,No Brand,0.00
2023,1,01/31/2023,CL,No Brand,0.00
2023,2,02/01/2023,CL,No Brand,0.00
2023,2,02/02/2023,CL,No Brand,0.00
2023,2,02/03/2023,CL,No Brand,0.00
2023,2,02/04/2023,CL,No Brand,0.00
2023,2,02/05/2023,CL,No Brand,0.00
2023,2,02/06/2023,CL,No Brand,0.00
2023,2,02/07/2023,CL,No Brand,0.00
2023,2,02/08/2023,CL,No Brand,0.00
2023,2,02/09/2023,CL,No Brand,0.00
2023,2,02/10/2023,CL,No Brand,0.00
2023,2,02/11/2023,CL,No Brand,0.00
2023,2,02/12/2023,CL,No Brand,0.00
2023,2,02/13/2023,CL,No Brand,0.00
2023,2,02/14/2023,CL,No Brand,0.00
2023,2,02/15/2023,CL,No Brand,0.00
2023,2,02/16/2023,CL,No Brand,0.00
2023,2,02/17/2023,CL,No Brand,0.00
2023,2,02/18/2023,CL,No Brand,0.00
2023,2,02/19/2023,CL,No Brand,0.00
2023,2,02/20/2023,CL,No Brand,0.00
2023,2,02/21/2023,CL,No Brand,0.00
2023,2,02/22/2023,CL,No Brand,0.00
2023,2,02/23/2023,CL,No Brand,0.00
2023,2,02/24/2023,CL,No Brand,0.00
2023,2,02/25/2023,CL,No Brand,0.00
2023,2,02/26/2023,CL,No Brand,0.00
2023,2,02/27/2023,CL,No Brand,0.00
2023,2,02/28/2023,CL,No Brand,0.00
2023,3,03/01/2023,CL,No Brand,0.00
2023,3,03/02/2023,CL,No Brand,0.00
2023,3,03/03/2023,CL,No Brand,0.00
2023,3,03/04/2023,CL,No Brand,0.00
2023,3,03/05/2023,CL,No Brand,0.00
2023,3,03/06/2023,CL,No Brand,0.00
2023,3,03/07/2023,CL,No Brand,0.00
2023,3,03/08/2023,CL,No Brand,0.00
2023,3,03/09/2023,CL,No Brand,0.00
2023,3,03/10/2023,CL,No Brand,0.00
2023,3,03/11/2023,CL,No Brand,0.00
2023,3,03/12/2023,CL,No Brand,0.00
2023,3,03/13/2023,CL,No Brand,0.00
2023,3,03/14/2023,CL,No Brand,0.00
2023,3,03/15/2023,CL,No Brand,0.00
2023,3,03/16/2023,CL,No Brand,0.00
2023,3,03/17/2023,CL,No Brand,0.00
2023,3,03/18/2023,CL,No Brand,0.00
2023,3,03/19/2023,CL,No Brand,0.00
2023,3,03/20/2023,CL,No Brand,0.00
2023,3,03/21/2023,CL,No Brand,0.00
2023,3,03/22/2023,CL,No Brand,0.00
2023,3,03/23/2023,CL,No Brand,0.00
2023,3,03/24/2023,CL,No Brand,0.00
2023,3,03/25/2023,CL,No Brand,0.00
2023,3,03/26/2023,CL,No Brand,0.00
2023,3,03/27/2023,CL,No Brand,0.00
2023,3,03/28/2023,CL,No Brand,0.00
2023,3,03/29/2023,CL,No Brand,0.00
2023,3,03/30/2023,CL,No Brand,0.00
2023,3,03/31/2023,CL,No Brand,0.00
2023,4,04/01/2023,CL,No Brand,0.00
2023,4,04/02/2023,CL,No Brand,0.00
2023,4,04/03/2023,CL,No Brand,0.00
2023,4,04/04/2023,CL,No Brand,0.00
2023,4,04/05/2023,CL,No Brand,0.00
2023,4,04/06/2023,CL,No Brand,0.00
2023,4,04/07/2023,CL,No Brand,0.00
2023,4,04/08/2023,CL,No Brand,0.00
2023,4,04/09/2023,CL,No Brand,0.00
2023,4,04/10/2023,CL,No Brand,0.00
2023,4,04/11/2023,CL,No Brand,0.00
2023,4,04/12/2023,CL,No Brand,0.00
2023,4,04/13/2023,CL,No Brand,0.00
2023,4,04/14/2023,CL,No Brand,0.00
2023,4,04/15/2023,CL,No Brand,0.00
2023,4,04/16/2023,CL,No Brand,0.00
2023,4,04/17/2023,CL,No Brand,0.00
2023,4,04/18/2023,CL,No Brand,0.00
2023,4,04/19/2023,CL,No Brand,0.00
2023,4,04/20/2023,CL,No Brand,0.00
2023,4,04/21/2023,CL,No Brand,0.00
2023,4,04/22/2023,CL,No Brand,0.00
2023,4,04/23/2023,CL,No Brand,0.00
2023,4,04/24/2023,CL,No Brand,0.00
2023,4,04/25/2023,CL,No Brand,0.00
2023,4,04/26/2023,CL,No Brand,0.00
2023,4,04/27/2023,CL,No Brand,0.00
2023,4,04/28/2023,CL,No Brand,0.00
2023,4,04/29/2023,CL,No Brand,0.00
2023,4,04/30/2023,CL,No Brand,0.00
2023,5,05/01/2023,CL,No Brand,0.00
2023,5,05/02/2023,CL,No Brand,0.00
2023,5,05/03/2023,CL,No Brand,0.00
2023,5,05/04/2023,CL,No Brand,0.00
2023,5,05/05/2023,CL,No Brand,0.00
2023,5,05/06/2023,CL,No Brand,0.00
2023,5,05/07/2023,CL,No Brand,0.00
2023,5,05/08/2023,CL,No Brand,0.00
2023,5,05/09/2023,CL,No Brand,0.00
2023,5,05/10/2023,CL,No Brand,0.00
2023,5,05/11/2023,CL,No Brand,0.00
2023,5,05/12/2023,CL,No Brand,0.00
2023,5,05/13/2023,CL,No Brand,0.00
2023,5,05/14/2023,CL,No Brand,0.00
2023,5,05/15/2023,CL,No Brand,0.00
2023,5,05/16/2023,CL,No Brand,0.00
2023,5,05/17/2023,CL,No Brand,0.00
2023,5,05/18/2023,CL,No Brand,0.00
2023,5,05/19/2023,CL,No Brand,0.00
2023,5,05/20/2023,CL,No Brand,0.00
2023,5,05/21/2023,CL,No Brand,0.00
2023,5,05/22/2023,CL,No Brand,0.00
2023,5,05/23/2023,CL,No Brand,0.00
2023,5,05/24/2023,CL,No Brand,0.00
2023,5,05/25/2023,CL,No Brand,0.00
2023,5,05/26/2023,CL,No Brand,0.00
2023,5,05/27/2023,CL,No Brand,0.00
2023,5,05/28/2023,CL,No Brand,0.00
2023,5,05/29/2023,CL,No Brand,0.00
2023,5,05/30/2023,CL,No Brand,0.00
2023,5,05/31/2023,CL,No Brand,0.00
2023,6,06/01/2023,CL,No Brand,0.00
2023,6,06/02/2023,CL,No Brand,0.00
2023,6,06/03/2023,CL,No Brand,0.00
2023,6,06/04/2023,CL,No Brand,0.00
2023,6,06/05/2023,CL,No Brand,0.00
2023,6,06/06/2023,CL,No Brand,0.00
2023,6,06/07/2023,CL,No Brand,0.00
2023,6,06/08/2023,CL,No Brand,0.00
2023,6,06/09/2023,CL,No Brand,0.00
2023,6,06/10/2023,CL,No Brand,0.00
2023,6,06/11/2023,CL,No Brand,0.00
2023,6,06/12/2023,CL,No Brand,0.00
2023,6,06/13/2023,CL,No Brand,0.00
2023,6,06/14/2023,CL,No Brand,0.00
2023,6,06/15/2023,CL,No Brand,0.00
2023,6,06/16/2023,CL,No Brand,0.00
2023,6,06/17/2023,CL,No Brand,0.00
2023,6,06/18/2023,CL,No Brand,0.00
2023,6,06/19/2023,CL,No Brand,0.00
2023,6,06/20/2023,CL,No Brand,0.00
2023,6,06/21/2023,CL,No Brand,0.00
2023,6,06/22/2023,CL,No Brand,0.00
2023,6,06/23/2023,CL,No Brand,0.00
2023,6,06/24/2023,CL,No Brand,0.00
2023,6,06/25/2023,CL,No Brand,0.00
2023,6,06/26/2023,CL,No Brand,0.00
2023,6,06/27/2023,CL,No Brand,0.00
2023,6,06/28/2023,CL,No Brand,0.00
2023,6,06/29/2023,CL,No Brand,0.00
2023,6,06/30/2023,CL,No Brand,0.00
2023,7,07/01/2023,CL,No Brand,0.00
2023,7,07/02/2023,CL,No Brand,0.00
2023,7,07/03/2023,CL,No Brand,0.00
2023,7,07/04/2023,CL,No Brand,0.00
2023,7,07/05/2023,CL,No Brand,0.00
2023,7,07/06/2023,CL,No Brand,0.00
2023,7,07/07/2023,CL,No Brand,0.00
2023,7,07/08/2023,CL,No Brand,0.00
2023,7,07/09/2023,CL,No Brand,0.00
2023,7,07/10/2023,CL,No Brand,0.00
2023,7,07/11/2023,CL,No Brand,0.00
2023,7,07/12/2023,CL,No Brand,0.00
2023,7,07/13/2023,CL,No Brand,0.00
2023,7,07/14/2023,CL,No Brand,0.00
2023,7,07/15/2023,CL,No Brand,0.00
2023,7,07/16/2023,CL,No Brand,0.00
2023,7,07/17/2023,CL,No Brand,0.00
2023,7,07/18/2023,CL,No Brand,0.00
2023,7,07/19/2023,CL,No Brand,0.00
2023,7,07/20/2023,CL,No Brand,0.00
2023,7,07/21/2023,CL,No Brand,0.00
2023,7,07/22/2023,CL,No Brand,0.00
2023,7,07/23/2023,CL,No Brand,0.00
2023,7,07/24/2023,CL,No Brand,0.00
2023,7,07/25/2023,CL,No Brand,0.00
2023,7,07/26/2023,CL,No Brand,0.00
2023,7,07/27/2023,CL,No Brand,0.00
2023,7,07/28/2023,CL,No Brand,0.00
2023,7,07/29/2023,CL,No Brand,0.00
2023,7,07/30/2023,CL,No Brand,0.00
2023,7,07/31/2023,CL,No Brand,0.00
2023,8,08/01/2023,CL,No Brand,0.00
2023,8,08/02/2023,CL,No Brand,0.00
2023,8,08/03/2023,CL,No Brand,0.00
2023,8,08/04/2023,CL,No Brand,0.00
2023,8,08/05/2023,CL,No Brand,0.00
2023,8,08/06/2023,CL,No Brand,0.00
2023,8,08/07/2023,CL,No Brand,0.00
2023,8,08/08/2023,CL,No Brand,0.00
2023,8,08/09/2023,CL,No Brand,0.00
2023,8,08/10/2023,CL,No Brand,0.00
2023,8,08/11/2023,CL,No Brand,0.00
2023,8,08/12/2023,CL,No Brand,0.00
2023,8,08/13/2023,CL,No Brand,0.00
2023,8,08/14/2023,CL,No Brand,0.00
2023,8,08/15/2023,CL,No Brand,0.00
2023,8,08/16/2023,CL,No Brand,0.00
2023,8,08/17/2023,CL,No Brand,0.00
2023,8,08/18/2023,CL,No Brand,0.00
2023,8,08/19/2023,CL,No Brand,0.00
2023,8,08/20/2023,CL,No Brand,0.00
2023,8,08/21/2023,CL,No Brand,0.00
2023,8,08/22/2023,CL,No Brand,0.00
2023,8,08/23/2023,CL,No Brand,0.00
2023,8,08/24/2023,CL,No Brand,0.00
2023,8,08/25/2023,CL,No Brand,0.00
2023,8,08/26/2023,CL,No Brand,0.00
2023,8,08/27/2023,CL,No Brand,0.00
2023,8,08/28/2023,CL,No Brand,0.00
2023,8,08/29/2023,CL,No Brand,0.00
2023,8,08/30/2023,CL,No Brand,0.00
2023,8,08/31/2023,CL,No Brand,0.00
2023,9,09/01/2023,CL,No Brand,0.00
2023,9,09/02/2023,CL,No Brand,0.00
2023,9,09/03/2023,CL,No Brand,0.00
2023,9,09/04/2023,CL,No Brand,0.00
2023,9,09/05/2023,CL,No Brand,0.00
2023,9,09/06/2023,CL,No Brand,0.00
2023,9,09/07/2023,CL,No Brand,0.00
2023,9,09/08/2023,CL,No Brand,0.00
2023,9,09/09/2023,CL,No Brand,0.00
2023,9,09/10/2023,CL,No Brand,0.00
2023,9,09/11/2023,CL,No Brand,0.00
2023,9,09/12/2023,CL,No Brand,0.00
2023,9,09/13/2023,CL,No Brand,0.00
2023,9,09/14/2023,CL,No Brand,0.00
2023,9,09/15/2023,CL,No Brand,0.00
2023,9,09/16/2023,CL,No Brand,0.00
2023,9,09/17/2023,CL,No Brand,0.00
2023,9,09/18/2023,CL,No Brand,0.00
2023,9,09/19/2023,CL,No Brand,0.00
2023,9,09/20/2023,CL,No Brand,0.00
2023,9,09/21/2023,CL,No Brand,0.00
2023,9,09/22/2023,CL,No Brand,0.00
2023,9,09/23/2023,CL,No Brand,0.00
2023,9,09/24/2023,CL,No Brand,0.00
2023,9,09/25/2023,CL,No Brand,0.00
2023,9,09/26/2023,CL,No Brand,0.00
2023,9,09/27/2023,CL,No Brand,0.00
2023,9,09/28/2023,CL,No Brand,0.00
2023,9,09/29/2023,CL,No Brand,0.00
2023,9,09/30/2023,CL,No Brand,0.00
2023,10,10/01/2023,CL,No Brand,0.00
2023,10,10/02/2023,CL,No Brand,0.00
2023,10,10/03/2023,CL,No Brand,0.00
2023,10,10/04/2023,CL,No Brand,0.00
2023,10,10/05/2023,CL,No Brand,0.00
2023,10,10/06/2023,CL,No Brand,0.00
2023,10,10/07/2023,CL,No Brand,0.00
2023,10,10/08/2023,CL,No Brand,0.00
2023,10,10/09/2023,CL,No Brand,0.00
2023,10,10/10/2023,CL,No Brand,0.00
2023,10,10/11/2023,CL,No Brand,0.00
2023,10,10/12/2023,CL,No Brand,0.00
2023,10,10/13/2023,CL,No Brand,0.00
2023,10,10/14/2023,CL,No Brand,0.00
2023,10,10/15/2023,CL,No Brand,0.00
2023,10,10/16/2023,CL,No Brand,0.00
2023,10,10/17/2023,CL,No Brand,0.00
2023,10,10/18/2023,CL,No Brand,0.00
2023,10,10/19/2023,CL,No Brand,0.00
2023,10,10/20/2023,CL,No Brand,0.00
2023,10,10/21/2023,CL,No Brand,0.00
2023,10,10/22/2023,CL,No Brand,0.00
2023,10,10/23/2023,CL,No Brand,0.00
2023,10,10/24/2023,CL,No Brand,0.00
2023,10,10/25/2023,CL,No Brand,0.00
2023,10,10/26/2023,CL,No Brand,0.00
2023,10,10/27/2023,CL,No Brand,0.00
2023,10,10/28/2023,CL,No Brand,0.00
2023,10,10/29/2023,CL,No Brand,0.00
2023,10,10/30/2023,CL,No Brand,0.00
2023,10,10/31/2023,CL,No Brand,0.00
2023,11,11/01/2023,CL,No Brand,0.00
2023,11,11/02/2023,CL,No Brand,0.00
2023,11,11/03/2023,CL,No Brand,0.00
2023,11,11/04/2023,CL,No Brand,0.00
2023,11,11/05/2023,CL,No Brand,0.00
2023,11,11/06/2023,CL,No Brand,0.00
2023,11,11/07/2023,CL,No Brand,0.00
2023,11,11/08/2023,CL,No Brand,0.00
2023,11,11/09/2023,CL,No Brand,0.00
2023,11,11/10/2023,CL,No Brand,0.00
2023,11,11/11/2023,CL,No Brand,0.00
2023,11,11/12/2023,CL,No Brand,0.00
2023,11,11/13/2023,CL,No Brand,0.00
2023,11,11/14/2023,CL,No Brand,0.00
2023,11,11/15/2023,CL,No Brand,0.00
2023,11,11/16/2023,CL,No Brand,0.00
2023,11,11/17/2023,CL,No Brand,0.00
2023,11,11/18/2023,CL,No Brand,0.00
2023,11,11/19/2023,CL,No Brand,0.00
2023,11,11/20/2023,CL,No Brand,0.00
2023,11,11/21/2023,CL,No Brand,0.00
2023,11,11/22/2023,CL,No Brand,0.00
2023,11,11/23/2023,CL,No Brand,0.00
2023,11,11/24/2023,CL,No Brand,0.00
2023,11,11/25/2023,CL,No Brand,0.00
2023,11,11/26/2023,CL,No Brand,0.00
2023,11,11/27/2023,CL,No Brand,0.00
2023,11,11/28/2023,CL,No Brand,0.00
2023,11,11/29/2023,CL,No Brand,0.00
2023,11,11/30/2023,CL,No Brand,0.00
2023,12,12/01/2023,CL,No Brand,0.00
2023,12,12/02/2023,CL,No Brand,0.00
2023,12,12/03/2023,CL,No Brand,0.00
2023,12,12/04/2023,CL,No Brand,0.00
2023,12,12/05/2023,CL,No Brand,0.00
2023,12,12/06/2023,CL,No Brand,0.00
2023,12,12/07/2023,CL,No Brand,0.00
2023,12,12/08/2023,CL,No Brand,0.00
2023,12,12/09/2023,CL,No Brand,0.00
2023,12,12/10/2023,CL,No Brand,0.00
2023,12,12/11/2023,CL,No Brand,0.00
2023,12,12/12/2023,CL,No Brand,0.00
2023,12,12/13/2023,CL,No Brand,0.00
2023,12,12/14/2023,CL,No Brand,0.00
2023,12,12/15/2023,CL,No Brand,0.00
2023,12,12/16/2023,CL,No Brand,0.00
2023,12,12/17/2023,CL,No Brand,0.00
2023,12,12/18/2023,CL,No Brand,0.00
2023,12,12/19/2023,CL,No Brand,0.00
2023,12,12/20/2023,CL,No Brand,0.00
2023,12,12/21/2023,CL,No Brand,0.00
2023,12,12/22/2023,CL,No Brand,0.00
2023,12,12/23/2023,CL,No Brand,0.00
2023,12,12/24/2023,CL,No Brand,0.00
2023,12,12/25/2023,CL,No Brand,0.00
2023,12,12/26/2023,CL,No Brand,0.00
2023,12,12/27/2023,CL,No Brand,0.00
2023,12,12/28/2023,CL,No Brand,0.00
2023,12,12/29/2023,CL,No Brand,0.00
2023,12,12/30/2023,CL,No Brand,0.00
2023,12,12/31/2023,CL,No Brand,0.00
2023,1,01/01/2023,CO,No Brand,0.00
2023,1,01/02/2023,CO,No Brand,0.00
2023,1,01/03/2023,CO,No Brand,0.00
2023,1,01/04/2023,CO,No Brand,0.00
2023,1,01/05/2023,CO,No Brand,0.00
2023,1,01/06/2023,CO,No Brand,0.00
2023,1,01/07/2023,CO,No Brand,0.00
2023,1,01/08/2023,CO,No Brand,0.00
2023,1,01/09/2023,CO,No Brand,0.00
2023,1,01/10/2023,CO,No Brand,0.00
2023,1,01/11/2023,CO,No Brand,0.00
2023,1,01/12/2023,CO,No Brand,0.00
2023,1,01/13/2023,CO,No Brand,0.00
2023,1,01/14/2023,CO,No Brand,0.00
2023,1,01/15/2023,CO,No Brand,0.00
2023,1,01/16/2023,CO,No Brand,0.00
2023,1,01/17/2023,CO,No Brand,0.00
2023,1,01/18/2023,CO,No Brand,0.00
2023,1,01/19/2023,CO,No Brand,0.00
2023,1,01/20/2023,CO,No Brand,0.00
2023,1,01/21/2023,CO,No Brand,0.00
2023,1,01/22/2023,CO,No Brand,0.00
2023,1,01/23/2023,CO,No Brand,0.00
2023,1,01/24/2023,CO,No Brand,0.00
2023,1,01/25/2023,CO,No Brand,0.00
2023,1,01/26/2023,CO,No Brand,0.00
2023,1,01/27/2023,CO,No Brand,0.00
2023,1,01/28/2023,CO,No Brand,0.00
2023,1,01/29/2023,CO,No Brand,0.00
2023,1,01/30/2023,CO,No Brand,0.00
2023,1,01/31/2023,CO,No Brand,0.00
2023,2,02/01/2023,CO,No Brand,0.00
2023,2,02/02/2023,CO,No Brand,0.00
2023,2,02/03/2023,CO,No Brand,0.00
2023,2,02/04/2023,CO,No Brand,0.00
2023,2,02/05/2023,CO,No Brand,0.00
2023,2,02/06/2023,CO,No Brand,0.00
2023,2,02/07/2023,CO,No Brand,0.00
2023,2,02/08/2023,CO,No Brand,0.00
2023,2,02/09/2023,CO,No Brand,0.00
2023,2,02/10/2023,CO,No Brand,0.00
2023,2,02/11/2023,CO,No Brand,0.00
2023,2,02/12/2023,CO,No Brand,0.00
2023,2,02/13/2023,CO,No Brand,0.00
2023,2,02/14/2023,CO,No Brand,0.00
2023,2,02/15/2023,CO,No Brand,0.00
2023,2,02/16/2023,CO,No Brand,0.00
2023,2,02/17/2023,CO,No Brand,0.00
2023,2,02/18/2023,CO,No Brand,0.00
2023,2,02/19/2023,CO,No Brand,0.00
2023,2,02/20/2023,CO,No Brand,0.00
2023,2,02/21/2023,CO,No Brand,0.00
2023,2,02/22/2023,CO,No Brand,0.00
2023,2,02/23/2023,CO,No Brand,0.00
2023,2,02/24/2023,CO,No Brand,0.00
2023,2,02/25/2023,CO,No Brand,0.00
2023,2,02/26/2023,CO,No Brand,0.00
2023,2,02/27/2023,CO,No Brand,0.00
2023,2,02/28/2023,CO,No Brand,0.00
2023,3,03/01/2023,CO,No Brand,0.00
2023,3,03/02/2023,CO,No Brand,0.00
2023,3,03/03/2023,CO,No Brand,0.00
2023,3,03/04/2023,CO,No Brand,0.00
2023,3,03/05/2023,CO,No Brand,0.00
2023,3,03/06/2023,CO,No Brand,0.00
2023,3,03/07/2023,CO,No Brand,0.00
2023,3,03/08/2023,CO,No Brand,0.00
2023,3,03/09/2023,CO,No Brand,0.00
2023,3,03/10/2023,CO,No Brand,0.00
2023,3,03/11/2023,CO,No Brand,0.00
2023,3,03/12/2023,CO,No Brand,0.00
2023,3,03/13/2023,CO,No Brand,0.00
2023,3,03/14/2023,CO,No Brand,0.00
2023,3,03/15/2023,CO,No Brand,0.00
2023,3,03/16/2023,CO,No Brand,0.00
2023,3,03/17/2023,CO,No Brand,0.00
2023,3,03/18/2023,CO,No Brand,0.00
2023,3,03/19/2023,CO,No Brand,0.00
2023,3,03/20/2023,CO,No Brand,0.00
2023,3,03/21/2023,CO,No Brand,0.00
2023,3,03/22/2023,CO,No Brand,0.00
2023,3,03/23/2023,CO,No Brand,0.00
2023,3,03/24/2023,CO,No Brand,0.00
2023,3,03/25/2023,CO,No Brand,0.00
2023,3,03/26/2023,CO,No Brand,0.00
2023,3,03/27/2023,CO,No Brand,0.00
2023,3,03/28/2023,CO,No Brand,0.00
2023,3,03/29/2023,CO,No Brand,0.00
2023,3,03/30/2023,CO,No Brand,0.00
2023,3,03/31/2023,CO,No Brand,0.00
2023,4,04/01/2023,CO,No Brand,0.00
2023,4,04/02/2023,CO,No Brand,0.00
2023,4,04/03/2023,CO,No Brand,0.00
2023,4,04/04/2023,CO,No Brand,0.00
2023,4,04/05/2023,CO,No Brand,0.00
2023,4,04/06/2023,CO,No Brand,0.00
2023,4,04/07/2023,CO,No Brand,0.00
2023,4,04/08/2023,CO,No Brand,0.00
2023,4,04/09/2023,CO,No Brand,0.00
2023,4,04/10/2023,CO,No Brand,0.00
2023,4,04/11/2023,CO,No Brand,0.00
2023,4,04/12/2023,CO,No Brand,0.00
2023,4,04/13/2023,CO,No Brand,0.00
2023,4,04/14/2023,CO,No Brand,0.00
2023,4,04/15/2023,CO,No Brand,0.00
2023,4,04/16/2023,CO,No Brand,0.00
2023,4,04/17/2023,CO,No Brand,0.00
2023,4,04/18/2023,CO,No Brand,0.00
2023,4,04/19/2023,CO,No Brand,0.00
2023,4,04/20/2023,CO,No Brand,0.00
2023,4,04/21/2023,CO,No Brand,0.00
2023,4,04/22/2023,CO,No Brand,0.00
2023,4,04/23/2023,CO,No Brand,0.00
2023,4,04/24/2023,CO,No Brand,0.00
2023,4,04/25/2023,CO,No Brand,0.00
2023,4,04/26/2023,CO,No Brand,0.00
2023,4,04/27/2023,CO,No Brand,0.00
2023,4,04/28/2023,CO,No Brand,0.00
2023,4,04/29/2023,CO,No Brand,0.00
2023,4,04/30/2023,CO,No Brand,0.00
2023,5,05/01/2023,CO,No Brand,0.00
2023,5,05/02/2023,CO,No Brand,0.00
2023,5,05/03/2023,CO,No Brand,0.00
2023,5,05/04/2023,CO,No Brand,0.00
2023,5,05/05/2023,CO,No Brand,0.00
2023,5,05/06/2023,CO,No Brand,0.00
2023,5,05/07/2023,CO,No Brand,0.00
2023,5,05/08/2023,CO,No Brand,0.00
2023,5,05/09/2023,CO,No Brand,0.00
2023,5,05/10/2023,CO,No Brand,0.00
2023,5,05/11/2023,CO,No Brand,0.00
2023,5,05/12/2023,CO,No Brand,0.00
2023,5,05/13/2023,CO,No Brand,0.00
2023,5,05/14/2023,CO,No Brand,0.00
2023,5,05/15/2023,CO,No Brand,0.00
2023,5,05/16/2023,CO,No Brand,0.00
2023,5,05/17/2023,CO,No Brand,0.00
2023,5,05/18/2023,CO,No Brand,0.00
2023,5,05/19/2023,CO,No Brand,0.00
2023,5,05/20/2023,CO,No Brand,0.00
2023,5,05/21/2023,CO,No Brand,0.00
2023,5,05/22/2023,CO,No Brand,0.00
2023,5,05/23/2023,CO,No Brand,0.00
2023,5,05/24/2023,CO,No Brand,0.00
2023,5,05/25/2023,CO,No Brand,0.00
2023,5,05/26/2023,CO,No Brand,0.00
2023,5,05/27/2023,CO,No Brand,0.00
2023,5,05/28/2023,CO,No Brand,0.00
2023,5,05/29/2023,CO,No Brand,0.00
2023,5,05/30/2023,CO,No Brand,0.00
2023,5,05/31/2023,CO,No Brand,0.00
2023,6,06/01/2023,CO,No Brand,0.00
2023,6,06/02/2023,CO,No Brand,0.00
2023,6,06/03/2023,CO,No Brand,0.00
2023,6,06/04/2023,CO,No Brand,0.00
2023,6,06/05/2023,CO,No Brand,0.00
2023,6,06/06/2023,CO,No Brand,0.00
2023,6,06/07/2023,CO,No Brand,0.00
2023,6,06/08/2023,CO,No Brand,0.00
2023,6,06/09/2023,CO,No Brand,0.00
2023,6,06/10/2023,CO,No Brand,0.00
2023,6,06/11/2023,CO,No Brand,0.00
2023,6,06/12/2023,CO,No Brand,0.00
2023,6,06/13/2023,CO,No Brand,0.00
2023,6,06/14/2023,CO,No Brand,0.00
2023,6,06/15/2023,CO,No Brand,0.00
2023,6,06/16/2023,CO,No Brand,0.00
2023,6,06/17/2023,CO,No Brand,0.00
2023,6,06/18/2023,CO,No Brand,0.00
2023,6,06/19/2023,CO,No Brand,0.00
2023,6,06/20/2023,CO,No Brand,0.00
2023,6,06/21/2023,CO,No Brand,0.00
2023,6,06/22/2023,CO,No Brand,0.00
2023,6,06/23/2023,CO,No Brand,0.00
2023,6,06/24/2023,CO,No Brand,0.00
2023,6,06/25/2023,CO,No Brand,0.00
2023,6,06/26/2023,CO,No Brand,0.00
2023,6,06/27/2023,CO,No Brand,0.00
2023,6,06/28/2023,CO,No Brand,0.00
2023,6,06/29/2023,CO,No Brand,0.00
2023,6,06/30/2023,CO,No Brand,0.00
2023,7,07/01/2023,CO,No Brand,0.00
2023,7,07/02/2023,CO,No Brand,0.00
2023,7,07/03/2023,CO,No Brand,0.00
2023,7,07/04/2023,CO,No Brand,0.00
2023,7,07/05/2023,CO,No Brand,0.00
2023,7,07/06/2023,CO,No Brand,0.00
2023,7,07/07/2023,CO,No Brand,0.00
2023,7,07/08/2023,CO,No Brand,0.00
2023,7,07/09/2023,CO,No Brand,0.00
2023,7,07/10/2023,CO,No Brand,0.00
2023,7,07/11/2023,CO,No Brand,0.00
2023,7,07/12/2023,CO,No Brand,0.00
2023,7,07/13/2023,CO,No Brand,0.00
2023,7,07/14/2023,CO,No Brand,0.00
2023,7,07/15/2023,CO,No Brand,0.00
2023,7,07/16/2023,CO,No Brand,0.00
2023,7,07/17/2023,CO,No Brand,0.00
2023,7,07/18/2023,CO,No Brand,0.00
2023,7,07/19/2023,CO,No Brand,0.00
2023,7,07/20/2023,CO,No Brand,0.00
2023,7,07/21/2023,CO,No Brand,0.00
2023,7,07/22/2023,CO,No Brand,0.00
2023,7,07/23/2023,CO,No Brand,0.00
2023,7,07/24/2023,CO,No Brand,0.00
2023,7,07/25/2023,CO,No Brand,0.00
2023,7,07/26/2023,CO,No Brand,0.00
2023,7,07/27/2023,CO,No Brand,0.00
2023,7,07/28/2023,CO,No Brand,0.00
2023,7,07/29/2023,CO,No Brand,0.00
2023,7,07/30/2023,CO,No Brand,0.00
2023,7,07/31/2023,CO,No Brand,0.00
2023,8,08/01/2023,CO,No Brand,0.00
2023,8,08/02/2023,CO,No Brand,0.00
2023,8,08/03/2023,CO,No Brand,0.00
2023,8,08/04/2023,CO,No Brand,0.00
2023,8,08/05/2023,CO,No Brand,0.00
2023,8,08/06/2023,CO,No Brand,0.00
2023,8,08/07/2023,CO,No Brand,0.00
2023,8,08/08/2023,CO,No Brand,0.00
2023,8,08/09/2023,CO,No Brand,0.00
2023,8,08/10/2023,CO,No Brand,0.00
2023,8,08/11/2023,CO,No Brand,0.00
2023,8,08/12/2023,CO,No Brand,0.00
2023,8,08/13/2023,CO,No Brand,0.00
2023,8,08/14/2023,CO,No Brand,0.00
2023,8,08/15/2023,CO,No Brand,0.00
2023,8,08/16/2023,CO,No Brand,0.00
2023,8,08/17/2023,CO,No Brand,0.00
2023,8,08/18/2023,CO,No Brand,0.00
2023,8,08/19/2023,CO,No Brand,0.00
2023,8,08/20/2023,CO,No Brand,0.00
2023,8,08/21/2023,CO,No Brand,0.00
2023,8,08/22/2023,CO,No Brand,0.00
2023,8,08/23/2023,CO,No Brand,0.00
2023,8,08/24/2023,CO,No Brand,0.00
2023,8,08/25/2023,CO,No Brand,0.00
2023,8,08/26/2023,CO,No Brand,0.00
2023,8,08/27/2023,CO,No Brand,0.00
2023,8,08/28/2023,CO,No Brand,0.00
2023,8,08/29/2023,CO,No Brand,0.00
2023,8,08/30/2023,CO,No Brand,0.00
2023,8,08/31/2023,CO,No Brand,0.00
2023,9,09/01/2023,CO,No Brand,0.00
2023,9,09/02/2023,CO,No Brand,0.00
2023,9,09/03/2023,CO,No Brand,0.00
2023,9,09/04/2023,CO,No Brand,0.00
2023,9,09/05/2023,CO,No Brand,0.00
2023,9,09/06/2023,CO,No Brand,0.00
2023,9,09/07/2023,CO,No Brand,0.00
2023,9,09/08/2023,CO,No Brand,0.00
2023,9,09/09/2023,CO,No Brand,0.00
2023,9,09/10/2023,CO,No Brand,0.00
2023,9,09/11/2023,CO,No Brand,0.00
2023,9,09/12/2023,CO,No Brand,0.00
2023,9,09/13/2023,CO,No Brand,0.00
2023,9,09/14/2023,CO,No Brand,0.00
2023,9,09/15/2023,CO,No Brand,0.00
2023,9,09/16/2023,CO,No Brand,0.00
2023,9,09/17/2023,CO,No Brand,0.00
2023,9,09/18/2023,CO,No Brand,0.00
2023,9,09/19/2023,CO,No Brand,0.00
2023,9,09/20/2023,CO,No Brand,0.00
2023,9,09/21/2023,CO,No Brand,0.00
2023,9,09/22/2023,CO,No Brand,0.00
2023,9,09/23/2023,CO,No Brand,0.00
2023,9,09/24/2023,CO,No Brand,0.00
2023,9,09/25/2023,CO,No Brand,0.00
2023,9,09/26/2023,CO,No Brand,0.00
2023,9,09/27/2023,CO,No Brand,0.00
2023,9,09/28/2023,CO,No Brand,0.00
2023,9,09/29/2023,CO,No Brand,0.00
2023,9,09/30/2023,CO,No Brand,0.00
2023,10,10/01/2023,CO,No Brand,0.00
2023,10,10/02/2023,CO,No Brand,0.00
2023,10,10/03/2023,CO,No Brand,0.00
2023,10,10/04/2023,CO,No Brand,0.00
2023,10,10/05/2023,CO,No Brand,0.00
2023,10,10/06/2023,CO,No Brand,0.00
2023,10,10/07/2023,CO,No Brand,0.00
2023,10,10/08/2023,CO,No Brand,0.00
2023,10,10/09/2023,CO,No Brand,0.00
2023,10,10/10/2023,CO,No Brand,0.00
2023,10,10/11/2023,CO,No Brand,0.00
2023,10,10/12/2023,CO,No Brand,0.00
2023,10,10/13/2023,CO,No Brand,0.00
2023,10,10/14/2023,CO,No Brand,0.00
2023,10,10/15/2023,CO,No Brand,0.00
2023,10,10/16/2023,CO,No Brand,0.00
2023,10,10/17/2023,CO,No Brand,0.00
2023,10,10/18/2023,CO,No Brand,0.00
2023,10,10/19/2023,CO,No Brand,0.00
2023,10,10/20/2023,CO,No Brand,0.00
2023,10,10/21/2023,CO,No Brand,0.00
2023,10,10/22/2023,CO,No Brand,0.00
2023,10,10/23/2023,CO,No Brand,0.00
2023,10,10/24/2023,CO,No Brand,0.00
2023,10,10/25/2023,CO,No Brand,0.00
2023,10,10/26/2023,CO,No Brand,0.00
2023,10,10/27/2023,CO,No Brand,0.00
2023,10,10/28/2023,CO,No Brand,0.00
2023,10,10/29/2023,CO,No Brand,0.00
2023,10,10/30/2023,CO,No Brand,0.00
2023,10,10/31/2023,CO,No Brand,0.00
2023,11,11/01/2023,CO,No Brand,0.00
2023,11,11/02/2023,CO,No Brand,0.00
2023,11,11/03/2023,CO,No Brand,0.00
2023,11,11/04/2023,CO,No Brand,0.00
2023,11,11/05/2023,CO,No Brand,0.00
2023,11,11/06/2023,CO,No Brand,0.00
2023,11,11/07/2023,CO,No Brand,0.00
2023,11,11/08/2023,CO,No Brand,0.00
2023,11,11/09/2023,CO,No Brand,0.00
2023,11,11/10/2023,CO,No Brand,0.00
2023,11,11/11/2023,CO,No Brand,0.00
2023,11,11/12/2023,CO,No Brand,0.00
2023,11,11/13/2023,CO,No Brand,0.00
2023,11,11/14/2023,CO,No Brand,0.00
2023,11,11/15/2023,CO,No Brand,0.00
2023,11,11/16/2023,CO,No Brand,0.00
2023,11,11/17/2023,CO,No Brand,0.00
2023,11,11/18/2023,CO,No Brand,0.00
2023,11,11/19/2023,CO,No Brand,0.00
2023,11,11/20/2023,CO,No Brand,0.00
2023,11,11/21/2023,CO,No Brand,0.00
2023,11,11/22/2023,CO,No Brand,0.00
2023,11,11/23/2023,CO,No Brand,0.00
2023,11,11/24/2023,CO,No Brand,0.00
2023,11,11/25/2023,CO,No Brand,0.00
2023,11,11/26/2023,CO,No Brand,0.00
2023,11,11/27/2023,CO,No Brand,0.00
2023,11,11/28/2023,CO,No Brand,0.00
2023,11,11/29/2023,CO,No Brand,0.00
2023,11,11/30/2023,CO,No Brand,0.00
2023,12,12/01/2023,CO,No Brand,0.00
2023,12,12/02/2023,CO,No Brand,0.00
2023,12,12/03/2023,CO,No Brand,0.00
2023,12,12/04/2023,CO,No Brand,0.00
2023,12,12/05/2023,CO,No Brand,0.00
2023,12,12/06/2023,CO,No Brand,0.00
2023,12,12/07/2023,CO,No Brand,0.00
2023,12,12/08/2023,CO,No Brand,0.00
2023,12,12/09/2023,CO,No Brand,0.00
2023,12,12/10/2023,CO,No Brand,0.00
2023,12,12/11/2023,CO,No Brand,0.00
2023,12,12/12/2023,CO,No Brand,0.00
2023,12,12/13/2023,CO,No Brand,0.00
2023,12,12/14/2023,CO,No Brand,0.00
2023,12,12/15/2023,CO,No Brand,0.00
2023,12,12/16/2023,CO,No Brand,0.00
2023,12,12/17/2023,CO,No Brand,0.00
2023,12,12/18/2023,CO,No Brand,0.00
2023,12,12/19/2023,CO,No Brand,0.00
2023,12,12/20/2023,CO,No Brand,0.00
2023,12,12/21/2023,CO,No Brand,0.00
2023,12,12/22/2023,CO,No Brand,0.00
2023,12,12/23/2023,CO,No Brand,0.00
2023,12,12/24/2023,CO,No Brand,0.00
2023,12,12/25/2023,CO,No Brand,0.00
2023,12,12/26/2023,CO,No Brand,0.00
2023,12,12/27/2023,CO,No Brand,0.00
2023,12,12/28/2023,CO,No Brand,0.00
2023,12,12/29/2023,CO,No Brand,0.00
2023,12,12/30/2023,CO,No Brand,0.00
2023,12,12/31/2023,CO,No Brand,0.00
2023,1,01/01/2023,MX,No Brand,0.00
2023,1,01/02/2023,MX,No Brand,0.00
2023,1,01/03/2023,MX,No Brand,0.00
2023,1,01/04/2023,MX,No Brand,0.00
2023,1,01/05/2023,MX,No Brand,0.00
2023,1,01/06/2023,MX,No Brand,0.00
2023,1,01/07/2023,MX,No Brand,0.00
2023,1,01/08/2023,MX,No Brand,0.00
2023,1,01/09/2023,MX,No Brand,0.00
2023,1,01/10/2023,MX,No Brand,0.00
2023,1,01/11/2023,MX,No Brand,0.00
2023,1,01/12/2023,MX,No Brand,0.00
2023,1,01/13/2023,MX,No Brand,0.00
2023,1,01/14/2023,MX,No Brand,0.00
2023,1,01/15/2023,MX,No Brand,0.00
2023,1,01/16/2023,MX,No Brand,0.00
2023,1,01/17/2023,MX,No Brand,0.00
2023,1,01/18/2023,MX,No Brand,0.00
2023,1,01/19/2023,MX,No Brand,0.00
2023,1,01/20/2023,MX,No Brand,0.00
2023,1,01/21/2023,MX,No Brand,0.00
2023,1,01/22/2023,MX,No Brand,0.00
2023,1,01/23/2023,MX,No Brand,0.00
2023,1,01/24/2023,MX,No Brand,0.00
2023,1,01/25/2023,MX,No Brand,0.00
2023,1,01/26/2023,MX,No Brand,0.00
2023,1,01/27/2023,MX,No Brand,0.00
2023,1,01/28/2023,MX,No Brand,0.00
2023,1,01/29/2023,MX,No Brand,0.00
2023,1,01/30/2023,MX,No Brand,0.00
2023,1,01/31/2023,MX,No Brand,0.00
2023,2,02/01/2023,MX,No Brand,0.00
2023,2,02/02/2023,MX,No Brand,0.00
2023,2,02/03/2023,MX,No Brand,0.00
2023,2,02/04/2023,MX,No Brand,0.00
2023,2,02/05/2023,MX,No Brand,0.00
2023,2,02/06/2023,MX,No Brand,0.00
2023,2,02/07/2023,MX,No Brand,0.00
2023,2,02/08/2023,MX,No Brand,0.00
2023,2,02/09/2023,MX,No Brand,0.00
2023,2,02/10/2023,MX,No Brand,0.00
2023,2,02/11/2023,MX,No Brand,0.00
2023,2,02/12/2023,MX,No Brand,0.00
2023,2,02/13/2023,MX,No Brand,0.00
2023,2,02/14/2023,MX,No Brand,0.00
2023,2,02/15/2023,MX,No Brand,0.00
2023,2,02/16/2023,MX,No Brand,0.00
2023,2,02/17/2023,MX,No Brand,0.00
2023,2,02/18/2023,MX,No Brand,0.00
2023,2,02/19/2023,MX,No Brand,0.00
2023,2,02/20/2023,MX,No Brand,0.00
2023,2,02/21/2023,MX,No Brand,0.00
2023,2,02/22/2023,MX,No Brand,0.00
2023,2,02/23/2023,MX,No Brand,0.00
2023,2,02/24/2023,MX,No Brand,0.00
2023,2,02/25/2023,MX,No Brand,0.00
2023,2,02/26/2023,MX,No Brand,0.00
2023,2,02/27/2023,MX,No Brand,0.00
2023,2,02/28/2023,MX,No Brand,0.00
2023,3,03/01/2023,MX,No Brand,0.00
2023,3,03/02/2023,MX,No Brand,0.00
2023,3,03/03/2023,MX,No Brand,0.00
2023,3,03/04/2023,MX,No Brand,0.00
2023,3,03/05/2023,MX,No Brand,0.00
2023,3,03/06/2023,MX,No Brand,0.00
2023,3,03/07/2023,MX,No Brand,0.00
2023,3,03/08/2023,MX,No Brand,0.00
2023,3,03/09/2023,MX,No Brand,0.00
2023,3,03/10/2023,MX,No Brand,0.00
2023,3,03/11/2023,MX,No Brand,0.00
2023,3,03/12/2023,MX,No Brand,0.00
2023,3,03/13/2023,MX,No Brand,0.00
2023,3,03/14/2023,MX,No Brand,0.00
2023,3,03/15/2023,MX,No Brand,0.00
2023,3,03/16/2023,MX,No Brand,0.00
2023,3,03/17/2023,MX,No Brand,0.00
2023,3,03/18/2023,MX,No Brand,0.00
2023,3,03/19/2023,MX,No Brand,0.00
2023,3,03/20/2023,MX,No Brand,0.00
2023,3,03/21/2023,MX,No Brand,0.00
2023,3,03/22/2023,MX,No Brand,0.00
2023,3,03/23/2023,MX,No Brand,0.00
2023,3,03/24/2023,MX,No Brand,0.00
2023,3,03/25/2023,MX,No Brand,0.00
2023,3,03/26/2023,MX,No Brand,0.00
2023,3,03/27/2023,MX,No Brand,0.00
2023,3,03/28/2023,MX,No Brand,0.00
2023,3,03/29/2023,MX,No Brand,0.00
2023,3,03/30/2023,MX,No Brand,0.00
2023,3,03/31/2023,MX,No Brand,0.00
2023,4,04/01/2023,MX,No Brand,0.00
2023,4,04/02/2023,MX,No Brand,0.00
2023,4,04/03/2023,MX,No Brand,0.00
2023,4,04/04/2023,MX,No Brand,0.00
2023,4,04/05/2023,MX,No Brand,0.00
2023,4,04/06/2023,MX,No Brand,0.00
2023,4,04/07/2023,MX,No Brand,0.00
2023,4,04/08/2023,MX,No Brand,0.00
2023,4,04/09/2023,MX,No Brand,0.00
2023,4,04/10/2023,MX,No Brand,0.00
2023,4,04/11/2023,MX,No Brand,0.00
2023,4,04/12/2023,MX,No Brand,0.00
2023,4,04/13/2023,MX,No Brand,0.00
2023,4,04/14/2023,MX,No Brand,0.00
2023,4,04/15/2023,MX,No Brand,0.00
2023,4,04/16/2023,MX,No Brand,0.00
2023,4,04/17/2023,MX,No Brand,0.00
2023,4,04/18/2023,MX,No Brand,0.00
2023,4,04/19/2023,MX,No Brand,0.00
2023,4,04/20/2023,MX,No Brand,0.00
2023,4,04/21/2023,MX,No Brand,0.00
2023,4,04/22/2023,MX,No Brand,0.00
2023,4,04/23/2023,MX,No Brand,0.00
2023,4,04/24/2023,MX,No Brand,0.00
2023,4,04/25/2023,MX,No Brand,0.00
2023,4,04/26/2023,MX,No Brand,0.00
2023,4,04/27/2023,MX,No Brand,0.00
2023,4,04/28/2023,MX,No Brand,0.00
2023,4,04/29/2023,MX,No Brand,0.00
2023,4,04/30/2023,MX,No Brand,0.00
2023,5,05/01/2023,MX,No Brand,0.00
2023,5,05/02/2023,MX,No Brand,0.00
2023,5,05/03/2023,MX,No Brand,0.00
2023,5,05/04/2023,MX,No Brand,0.00
2023,5,05/05/2023,MX,No Brand,0.00
2023,5,05/06/2023,MX,No Brand,0.00
2023,5,05/07/2023,MX,No Brand,0.00
2023,5,05/08/2023,MX,No Brand,0.00
2023,5,05/09/2023,MX,No Brand,0.00
2023,5,05/10/2023,MX,No Brand,0.00
2023,5,05/11/2023,MX,No Brand,0.00
2023,5,05/12/2023,MX,No Brand,0.00
2023,5,05/13/2023,MX,No Brand,0.00
2023,5,05/14/2023,MX,No Brand,0.00
2023,5,05/15/2023,MX,No Brand,0.00
2023,5,05/16/2023,MX,No Brand,0.00
2023,5,05/17/2023,MX,No Brand,0.00
2023,5,05/18/2023,MX,No Brand,0.00
2023,5,05/19/2023,MX,No Brand,0.00
2023,5,05/20/2023,MX,No Brand,0.00
2023,5,05/21/2023,MX,No Brand,0.00
2023,5,05/22/2023,MX,No Brand,0.00
2023,5,05/23/2023,MX,No Brand,0.00
2023,5,05/24/2023,MX,No Brand,0.00
2023,5,05/25/2023,MX,No Brand,0.00
2023,5,05/26/2023,MX,No Brand,0.00
2023,5,05/27/2023,MX,No Brand,0.00
2023,5,05/28/2023,MX,No Brand,0.00
2023,5,05/29/2023,MX,No Brand,0.00
2023,5,05/30/2023,MX,No Brand,0.00
2023,5,05/31/2023,MX,No Brand,0.00
2023,6,06/01/2023,MX,No Brand,0.00
2023,6,06/02/2023,MX,No Brand,0.00
2023,6,06/03/2023,MX,No Brand,0.00
2023,6,06/04/2023,MX,No Brand,0.00
2023,6,06/05/2023,MX,No Brand,0.00
2023,6,06/06/2023,MX,No Brand,0.00
2023,6,06/07/2023,MX,No Brand,0.00
2023,6,06/08/2023,MX,No Brand,0.00
2023,6,06/09/2023,MX,No Brand,0.00
2023,6,06/10/2023,MX,No Brand,0.00
2023,6,06/11/2023,MX,No Brand,0.00
2023,6,06/12/2023,MX,No Brand,0.00
2023,6,06/13/2023,MX,No Brand,0.00
2023,6,06/14/2023,MX,No Brand,0.00
2023,6,06/15/2023,MX,No Brand,0.00
2023,6,06/16/2023,MX,No Brand,0.00
2023,6,06/17/2023,MX,No Brand,0.00
2023,6,06/18/2023,MX,No Brand,0.00
2023,6,06/19/2023,MX,No Brand,0.00
2023,6,06/20/2023,MX,No Brand,0.00
2023,6,06/21/2023,MX,No Brand,0.00
2023,6,06/22/2023,MX,No Brand,0.00
2023,6,06/23/2023,MX,No Brand,0.00
2023,6,06/24/2023,MX,No Brand,0.00
2023,6,06/25/2023,MX,No Brand,0.00
2023,6,06/26/2023,MX,No Brand,0.00
2023,6,06/27/2023,MX,No Brand,0.00
2023,6,06/28/2023,MX,No Brand,0.00
2023,6,06/29/2023,MX,No Brand,0.00
2023,6,06/30/2023,MX,No Brand,0.00
2023,7,07/01/2023,MX,No Brand,0.00
2023,7,07/02/2023,MX,No Brand,0.00
2023,7,07/03/2023,MX,No Brand,0.00
2023,7,07/04/2023,MX,No Brand,0.00
2023,7,07/05/2023,MX,No Brand,0.00
2023,7,07/06/2023,MX,No Brand,0.00
2023,7,07/07/2023,MX,No Brand,0.00
2023,7,07/08/2023,MX,No Brand,0.00
2023,7,07/09/2023,MX,No Brand,0.00
2023,7,07/10/2023,MX,No Brand,0.00
2023,7,07/11/2023,MX,No Brand,0.00
2023,7,07/12/2023,MX,No Brand,0.00
2023,7,07/13/2023,MX,No Brand,0.00
2023,7,07/14/2023,MX,No Brand,0.00
2023,7,07/15/2023,MX,No Brand,0.00
2023,7,07/16/2023,MX,No Brand,0.00
2023,7,07/17/2023,MX,No Brand,0.00
2023,7,07/18/2023,MX,No Brand,0.00
2023,7,07/19/2023,MX,No Brand,0.00
2023,7,07/20/2023,MX,No Brand,0.00
2023,7,07/21/2023,MX,No Brand,0.00
2023,7,07/22/2023,MX,No Brand,0.00
2023,7,07/23/2023,MX,No Brand,0.00
2023,7,07/24/2023,MX,No Brand,0.00
2023,7,07/25/2023,MX,No Brand,0.00
2023,7,07/26/2023,MX,No Brand,0.00
2023,7,07/27/2023,MX,No Brand,0.00
2023,7,07/28/2023,MX,No Brand,0.00
2023,7,07/29/2023,MX,No Brand,0.00
2023,7,07/30/2023,MX,No Brand,0.00
2023,7,07/31/2023,MX,No Brand,0.00
2023,8,08/01/2023,MX,No Brand,0.00
2023,8,08/02/2023,MX,No Brand,0.00
2023,8,08/03/2023,MX,No Brand,0.00
2023,8,08/04/2023,MX,No Brand,0.00
2023,8,08/05/2023,MX,No Brand,0.00
2023,8,08/06/2023,MX,No Brand,0.00
2023,8,08/07/2023,MX,No Brand,0.00
2023,8,08/08/2023,MX,No Brand,0.00
2023,8,08/09/2023,MX,No Brand,0.00
2023,8,08/10/2023,MX,No Brand,0.00
2023,8,08/11/2023,MX,No Brand,0.00
2023,8,08/12/2023,MX,No Brand,0.00
2023,8,08/13/2023,MX,No Brand,0.00
2023,8,08/14/2023,MX,No Brand,0.00
2023,8,08/15/2023,MX,No Brand,0.00
2023,8,08/16/2023,MX,No Brand,0.00
2023,8,08/17/2023,MX,No Brand,0.00
2023,8,08/18/2023,MX,No Brand,0.00
2023,8,08/19/2023,MX,No Brand,0.00
2023,8,08/20/2023,MX,No Brand,0.00
2023,8,08/21/2023,MX,No Brand,0.00
2023,8,08/22/2023,MX,No Brand,0.00
2023,8,08/23/2023,MX,No Brand,0.00
2023,8,08/24/2023,MX,No Brand,0.00
2023,8,08/25/2023,MX,No Brand,0.00
2023,8,08/26/2023,MX,No Brand,0.00
2023,8,08/27/2023,MX,No Brand,0.00
2023,8,08/28/2023,MX,No Brand,0.00
2023,8,08/29/2023,MX,No Brand,0.00
2023,8,08/30/2023,MX,No Brand,0.00
2023,8,08/31/2023,MX,No Brand,0.00
2023,9,09/01/2023,MX,No Brand,0.00
2023,9,09/02/2023,MX,No Brand,0.00
2023,9,09/03/2023,MX,No Brand,0.00
2023,9,09/04/2023,MX,No Brand,0.00
2023,9,09/05/2023,MX,No Brand,0.00
2023,9,09/06/2023,MX,No Brand,0.00
2023,9,09/07/2023,MX,No Brand,0.00
2023,9,09/08/2023,MX,No Brand,0.00
2023,9,09/09/2023,MX,No Brand,0.00
2023,9,09/10/2023,MX,No Brand,0.00
2023,9,09/11/2023,MX,No Brand,0.00
2023,9,09/12/2023,MX,No Brand,0.00
2023,9,09/13/2023,MX,No Brand,0.00
2023,9,09/14/2023,MX,No Brand,0.00
2023,9,09/15/2023,MX,No Brand,0.00
2023,9,09/16/2023,MX,No Brand,0.00
2023,9,09/17/2023,MX,No Brand,0.00
2023,9,09/18/2023,MX,No Brand,0.00
2023,9,09/19/2023,MX,No Brand,0.00
2023,9,09/20/2023,MX,No Brand,0.00
2023,9,09/21/2023,MX,No Brand,0.00
2023,9,09/22/2023,MX,No Brand,0.00
2023,9,09/23/2023,MX,No Brand,0.00
2023,9,09/24/2023,MX,No Brand,0.00
2023,9,09/25/2023,MX,No Brand,0.00
2023,9,09/26/2023,MX,No Brand,0.00
2023,9,09/27/2023,MX,No Brand,0.00
2023,9,09/28/2023,MX,No Brand,0.00
2023,9,09/29/2023,MX,No Brand,0.00
2023,9,09/30/2023,MX,No Brand,0.00
2023,10,10/01/2023,MX,No Brand,0.00
2023,10,10/02/2023,MX,No Brand,0.00
2023,10,10/03/2023,MX,No Brand,0.00
2023,10,10/04/2023,MX,No Brand,0.00
2023,10,10/05/2023,MX,No Brand,0.00
2023,10,10/06/2023,MX,No Brand,0.00
2023,10,10/07/2023,MX,No Brand,0.00
2023,10,10/08/2023,MX,No Brand,0.00
2023,10,10/09/2023,MX,No Brand,0.00
2023,10,10/10/2023,MX,No Brand,0.00
2023,10,10/11/2023,MX,No Brand,0.00
2023,10,10/12/2023,MX,No Brand,0.00
2023,10,10/13/2023,MX,No Brand,0.00
2023,10,10/14/2023,MX,No Brand,0.00
2023,10,10/15/2023,MX,No Brand,0.00
2023,10,10/16/2023,MX,No Brand,0.00
2023,10,10/17/2023,MX,No Brand,0.00
2023,10,10/18/2023,MX,No Brand,0.00
2023,10,10/19/2023,MX,No Brand,0.00
2023,10,10/20/2023,MX,No Brand,0.00
2023,10,10/21/2023,MX,No Brand,0.00
2023,10,10/22/2023,MX,No Brand,0.00
2023,10,10/23/2023,MX,No Brand,0.00
2023,10,10/24/2023,MX,No Brand,0.00
2023,10,10/25/2023,MX,No Brand,0.00
2023,10,10/26/2023,MX,No Brand,0.00
2023,10,10/27/2023,MX,No Brand,0.00
2023,10,10/28/2023,MX,No Brand,0.00
2023,10,10/29/2023,MX,No Brand,0.00
2023,10,10/30/2023,MX,No Brand,0.00
2023,10,10/31/2023,MX,No Brand,0.00
2023,11,11/01/2023,MX,No Brand,0.00
2023,11,11/02/2023,MX,No Brand,0.00
2023,11,11/03/2023,MX,No Brand,0.00
2023,11,11/04/2023,MX,No Brand,0.00
2023,11,11/05/2023,MX,No Brand,0.00
2023,11,11/06/2023,MX,No Brand,0.00
2023,11,11/07/2023,MX,No Brand,0.00
2023,11,11/08/2023,MX,No Brand,0.00
2023,11,11/09/2023,MX,No Brand,0.00
2023,11,11/10/2023,MX,No Brand,0.00
2023,11,11/11/2023,MX,No Brand,0.00
2023,11,11/12/2023,MX,No Brand,0.00
2023,11,11/13/2023,MX,No Brand,0.00
2023,11,11/14/2023,MX,No Brand,0.00
2023,11,11/15/2023,MX,No Brand,0.00
2023,11,11/16/2023,MX,No Brand,0.00
2023,11,11/17/2023,MX,No Brand,0.00
2023,11,11/18/2023,MX,No Brand,0.00
2023,11,11/19/2023,MX,No Brand,0.00
2023,11,11/20/2023,MX,No Brand,0.00
2023,11,11/21/2023,MX,No Brand,0.00
2023,11,11/22/2023,MX,No Brand,0.00
2023,11,11/23/2023,MX,No Brand,0.00
2023,11,11/24/2023,MX,No Brand,0.00
2023,11,11/25/2023,MX,No Brand,0.00
2023,11,11/26/2023,MX,No Brand,0.00
2023,11,11/27/2023,MX,No Brand,0.00
2023,11,11/28/2023,MX,No Brand,0.00
2023,11,11/29/2023,MX,No Brand,0.00
2023,11,11/30/2023,MX,No Brand,0.00
2023,12,12/01/2023,MX,No Brand,0.00
2023,12,12/02/2023,MX,No Brand,0.00
2023,12,12/03/2023,MX,No Brand,0.00
2023,12,12/04/2023,MX,No Brand,0.00
2023,12,12/05/2023,MX,No Brand,0.00
2023,12,12/06/2023,MX,No Brand,0.00
2023,12,12/07/2023,MX,No Brand,0.00
2023,12,12/08/2023,MX,No Brand,0.00
2023,12,12/09/2023,MX,No Brand,0.00
2023,12,12/10/2023,MX,No Brand,0.00
2023,12,12/11/2023,MX,No Brand,0.00
2023,12,12/12/2023,MX,No Brand,0.00
2023,12,12/13/2023,MX,No Brand,0.00
2023,12,12/14/2023,MX,No Brand,0.00
2023,12,12/15/2023,MX,No Brand,0.00
2023,12,12/16/2023,MX,No Brand,0.00
2023,12,12/17/2023,MX,No Brand,0.00
2023,12,12/18/2023,MX,No Brand,0.00
2023,12,12/19/2023,MX,No Brand,0.00
2023,12,12/20/2023,MX,No Brand,0.00
2023,12,12/21/2023,MX,No Brand,0.00
2023,12,12/22/2023,MX,No Brand,0.00
2023,12,12/23/2023,MX,No Brand,0.00
2023,12,12/24/2023,MX,No Brand,0.00
2023,12,12/25/2023,MX,No Brand,0.00
2023,12,12/26/2023,MX,No Brand,0.00
2023,12,12/27/2023,MX,No Brand,0.00
2023,12,12/28/2023,MX,No Brand,0.00
2023,12,12/29/2023,MX,No Brand,0.00
2023,12,12/30/2023,MX,No Brand,0.00
2023,12,12/31/2023,MX,No Brand,0.00
2022,1,01/01/2022,AR,Branded,3136.65
2022,1,01/02/2022,AR,Branded,3136.65
2022,1,01/03/2022,AR,Branded,3136.65
2022,1,01/04/2022,AR,Branded,3136.65
2022,1,01/05/2022,AR,Branded,3136.65
2022,1,01/06/2022,AR,Branded,3136.65
2022,1,01/07/2022,AR,Branded,3136.65
2022,1,01/08/2022,AR,Branded,3136.65
2022,1,01/09/2022,AR,Branded,3136.65
2022,1,01/10/2022,AR,Branded,3136.65
2022,1,01/11/2022,AR,Branded,3136.65
2022,1,01/12/2022,AR,Branded,3136.65
2022,1,01/13/2022,AR,Branded,3136.65
2022,1,01/14/2022,AR,Branded,3136.65
2022,1,01/15/2022,AR,Branded,3136.65
2022,1,01/16/2022,AR,Branded,3136.65
2022,1,01/17/2022,AR,Branded,3136.65
2022,1,01/18/2022,AR,Branded,3136.65
2022,1,01/19/2022,AR,Branded,3136.65
2022,1,01/20/2022,AR,Branded,3136.65
2022,1,01/21/2022,AR,Branded,3136.65
2022,1,01/22/2022,AR,Branded,3136.65
2022,1,01/23/2022,AR,Branded,3136.65
2022,1,01/24/2022,AR,Branded,3136.65
2022,1,01/25/2022,AR,Branded,3136.65
2022,1,01/26/2022,AR,Branded,3136.65
2022,1,01/27/2022,AR,Branded,3136.65
2022,1,01/28/2022,AR,Branded,3136.65
2022,1,01/29/2022,AR,Branded,3136.65
2022,1,01/30/2022,AR,Branded,3136.65
2022,1,01/31/2022,AR,Branded,3136.65
2022,2,02/01/2022,AR,Branded,4332.86
2022,2,02/02/2022,AR,Branded,4332.86
2022,2,02/03/2022,AR,Branded,4332.86
2022,2,02/04/2022,AR,Branded,4332.86
2022,2,02/05/2022,AR,Branded,4332.86
2022,2,02/06/2022,AR,Branded,4332.86
2022,2,02/07/2022,AR,Branded,4332.86
2022,2,02/08/2022,AR,Branded,4332.86
2022,2,02/09/2022,AR,Branded,4332.86
2022,2,02/10/2022,AR,Branded,4332.86
2022,2,02/11/2022,AR,Branded,4332.86
2022,2,02/12/2022,AR,Branded,4332.86
2022,2,02/13/2022,AR,Branded,4332.86
2022,2,02/14/2022,AR,Branded,4332.86
2022,2,02/15/2022,AR,Branded,4332.86
2022,2,02/16/2022,AR,Branded,4332.86
2022,2,02/17/2022,AR,Branded,4332.86
2022,2,02/18/2022,AR,Branded,4332.86
2022,2,02/19/2022,AR,Branded,4332.86
2022,2,02/20/2022,AR,Branded,4332.86
2022,2,02/21/2022,AR,Branded,4332.86
2022,2,02/22/2022,AR,Branded,4332.86
2022,2,02/23/2022,AR,Branded,4332.86
2022,2,02/24/2022,AR,Branded,4332.86
2022,2,02/25/2022,AR,Branded,4332.86
2022,2,02/26/2022,AR,Branded,4332.86
2022,2,02/27/2022,AR,Branded,4332.86
2022,2,02/28/2022,AR,Branded,4332.86
2022,3,03/01/2022,AR,Branded,4245.48
2022,3,03/02/2022,AR,Branded,4245.48
2022,3,03/03/2022,AR,Branded,4245.48
2022,3,03/04/2022,AR,Branded,4245.48
2022,3,03/05/2022,AR,Branded,4245.48
2022,3,03/06/2022,AR,Branded,4245.48
2022,3,03/07/2022,AR,Branded,4245.48
2022,3,03/08/2022,AR,Branded,4245.48
2022,3,03/09/2022,AR,Branded,4245.48
2022,3,03/10/2022,AR,Branded,4245.48
2022,3,03/11/2022,AR,Branded,4245.48
2022,3,03/12/2022,AR,Branded,4245.48
2022,3,03/13/2022,AR,Branded,4245.48
2022,3,03/14/2022,AR,Branded,4245.48
2022,3,03/15/2022,AR,Branded,4245.48
2022,3,03/16/2022,AR,Branded,4245.48
2022,3,03/17/2022,AR,Branded,4245.48
2022,3,03/18/2022,AR,Branded,4245.48
2022,3,03/19/2022,AR,Branded,4245.48
2022,3,03/20/2022,AR,Branded,4245.48
2022,3,03/21/2022,AR,Branded,4245.48
2022,3,03/22/2022,AR,Branded,4245.48
2022,3,03/23/2022,AR,Branded,4245.48
2022,3,03/24/2022,AR,Branded,4245.48
2022,3,03/25/2022,AR,Branded,4245.48
2022,3,03/26/2022,AR,Branded,4245.48
2022,3,03/27/2022,AR,Branded,4245.48
2022,3,03/28/2022,AR,Branded,4245.48
2022,3,03/29/2022,AR,Branded,4245.48
2022,3,03/30/2022,AR,Branded,4245.48
2022,3,03/31/2022,AR,Branded,4245.48
2022,4,04/01/2022,AR,Branded,3925.27
2022,4,04/02/2022,AR,Branded,3925.27
2022,4,04/03/2022,AR,Branded,3925.27
2022,4,04/04/2022,AR,Branded,3925.27
2022,4,04/05/2022,AR,Branded,3925.27
2022,4,04/06/2022,AR,Branded,3925.27
2022,4,04/07/2022,AR,Branded,3925.27
2022,4,04/08/2022,AR,Branded,3925.27
2022,4,04/09/2022,AR,Branded,3925.27
2022,4,04/10/2022,AR,Branded,3925.27
2022,4,04/11/2022,AR,Branded,3925.27
2022,4,04/12/2022,AR,Branded,3925.27
2022,4,04/13/2022,AR,Branded,3925.27
2022,4,04/14/2022,AR,Branded,3925.27
2022,4,04/15/2022,AR,Branded,3925.27
2022,4,04/16/2022,AR,Branded,3925.27
2022,4,04/17/2022,AR,Branded,3925.27
2022,4,04/18/2022,AR,Branded,3925.27
2022,4,04/19/2022,AR,Branded,3925.27
2022,4,04/20/2022,AR,Branded,3925.27
2022,4,04/21/2022,AR,Branded,3925.27
2022,4,04/22/2022,AR,Branded,3925.27
2022,4,04/23/2022,AR,Branded,3925.27
2022,4,04/24/2022,AR,Branded,3925.27
2022,4,04/25/2022,AR,Branded,3925.27
2022,4,04/26/2022,AR,Branded,3925.27
2022,4,04/27/2022,AR,Branded,3925.27
2022,4,04/28/2022,AR,Branded,3925.27
2022,4,04/29/2022,AR,Branded,3925.27
2022,4,04/30/2022,AR,Branded,3925.27
2022,5,05/01/2022,AR,Branded,4790.68
2022,5,05/02/2022,AR,Branded,4790.68
2022,5,05/03/2022,AR,Branded,4790.68
2022,5,05/04/2022,AR,Branded,4790.68
2022,5,05/05/2022,AR,Branded,4790.68
2022,5,05/06/2022,AR,Branded,4790.68
2022,5,05/07/2022,AR,Branded,4790.68
2022,5,05/08/2022,AR,Branded,4790.68
2022,5,05/09/2022,AR,Branded,4790.68
2022,5,05/10/2022,AR,Branded,4790.68
2022,5,05/11/2022,AR,Branded,4790.68
2022,5,05/12/2022,AR,Branded,4790.68
2022,5,05/13/2022,AR,Branded,4790.68
2022,5,05/14/2022,AR,Branded,4790.68
2022,5,05/15/2022,AR,Branded,4790.68
2022,5,05/16/2022,AR,Branded,4790.68
2022,5,05/17/2022,AR,Branded,4790.68
2022,5,05/18/2022,AR,Branded,4790.68
2022,5,05/19/2022,AR,Branded,4790.68
2022,5,05/20/2022,AR,Branded,4790.68
2022,5,05/21/2022,AR,Branded,4790.68
2022,5,05/22/2022,AR,Branded,4790.68
2022,5,05/23/2022,AR,Branded,4790.68
2022,5,05/24/2022,AR,Branded,4790.68
2022,5,05/25/2022,AR,Branded,4790.68
2022,5,05/26/2022,AR,Branded,4790.68
2022,5,05/27/2022,AR,Branded,4790.68
2022,5,05/28/2022,AR,Branded,4790.68
2022,5,05/29/2022,AR,Branded,4790.68
2022,5,05/30/2022,AR,Branded,4790.68
2022,5,05/31/2022,AR,Branded,4790.68
2022,6,06/01/2022,AR,Branded,4763.03
2022,6,06/02/2022,AR,Branded,4763.03
2022,6,06/03/2022,AR,Branded,4763.03
2022,6,06/04/2022,AR,Branded,4763.03
2022,6,06/05/2022,AR,Branded,4763.03
2022,6,06/06/2022,AR,Branded,4763.03
2022,6,06/07/2022,AR,Branded,4763.03
2022,6,06/08/2022,AR,Branded,4763.03
2022,6,06/09/2022,AR,Branded,4763.03
2022,6,06/10/2022,AR,Branded,4763.03
2022,6,06/11/2022,AR,Branded,4763.03
2022,6,06/12/2022,AR,Branded,4763.03
2022,6,06/13/2022,AR,Branded,4763.03
2022,6,06/14/2022,AR,Branded,4763.03
2022,6,06/15/2022,AR,Branded,4763.03
2022,6,06/16/2022,AR,Branded,4763.03
2022,6,06/17/2022,AR,Branded,4763.03
2022,6,06/18/2022,AR,Branded,4763.03
2022,6,06/19/2022,AR,Branded,4763.03
2022,6,06/20/2022,AR,Branded,4763.03
2022,6,06/21/2022,AR,Branded,4763.03
2022,6,06/22/2022,AR,Branded,4763.03
2022,6,06/23/2022,AR,Branded,4763.03
2022,6,06/24/2022,AR,Branded,4763.03
2022,6,06/25/2022,AR,Branded,4763.03
2022,6,06/26/2022,AR,Branded,4763.03
2022,6,06/27/2022,AR,Branded,4763.03
2022,6,06/28/2022,AR,Branded,4763.03
2022,6,06/29/2022,AR,Branded,4763.03
2022,6,06/30/2022,AR,Branded,4763.03
2022,7,07/01/2022,AR,Branded,4131.10
2022,7,07/02/2022,AR,Branded,4131.10
2022,7,07/03/2022,AR,Branded,4131.10
2022,7,07/04/2022,AR,Branded,4131.10
2022,7,07/05/2022,AR,Branded,4131.10
2022,7,07/06/2022,AR,Branded,4131.10
2022,7,07/07/2022,AR,Branded,4131.10
2022,7,07/08/2022,AR,Branded,4131.10
2022,7,07/09/2022,AR,Branded,4131.10
2022,7,07/10/2022,AR,Branded,4131.10
2022,7,07/11/2022,AR,Branded,4131.10
2022,7,07/12/2022,AR,Branded,4131.10
2022,7,07/13/2022,AR,Branded,4131.10
2022,7,07/14/2022,AR,Branded,4131.10
2022,7,07/15/2022,AR,Branded,4131.10
2022,7,07/16/2022,AR,Branded,4131.10
2022,7,07/17/2022,AR,Branded,4131.10
2022,7,07/18/2022,AR,Branded,4131.10
2022,7,07/19/2022,AR,Branded,4131.10
2022,7,07/20/2022,AR,Branded,4131.10
2022,7,07/21/2022,AR,Branded,4131.10
2022,7,07/22/2022,AR,Branded,4131.10
2022,7,07/23/2022,AR,Branded,4131.10
2022,7,07/24/2022,AR,Branded,4131.10
2022,7,07/25/2022,AR,Branded,4131.10
2022,7,07/26/2022,AR,Branded,4131.10
2022,7,07/27/2022,AR,Branded,4131.10
2022,7,07/28/2022,AR,Branded,4131.10
2022,7,07/29/2022,AR,Branded,4131.10
2022,7,07/30/2022,AR,Branded,4131.10
2022,7,07/31/2022,AR,Branded,4131.10
2022,8,08/01/2022,AR,Branded,4275.58
2022,8,08/02/2022,AR,Branded,4275.58
2022,8,08/03/2022,AR,Branded,4275.58
2022,8,08/04/2022,AR,Branded,4275.58
2022,8,08/05/2022,AR,Branded,4275.58
2022,8,08/06/2022,AR,Branded,4275.58
2022,8,08/07/2022,AR,Branded,4275.58
2022,8,08/08/2022,AR,Branded,4275.58
2022,8,08/09/2022,AR,Branded,4275.58
2022,8,08/10/2022,AR,Branded,4275.58
2022,8,08/11/2022,AR,Branded,4275.58
2022,8,08/12/2022,AR,Branded,4275.58
2022,8,08/13/2022,AR,Branded,4275.58
2022,8,08/14/2022,AR,Branded,4275.58
2022,8,08/15/2022,AR,Branded,4275.58
2022,8,08/16/2022,AR,Branded,4275.58
2022,8,08/17/2022,AR,Branded,4275.58
2022,8,08/18/2022,AR,Branded,4275.58
2022,8,08/19/2022,AR,Branded,4275.58
2022,8,08/20/2022,AR,Branded,4275.58
2022,8,08/21/2022,AR,Branded,4275.58
2022,8,08/22/2022,AR,Branded,4275.58
2022,8,08/23/2022,AR,Branded,4275.58
2022,8,08/24/2022,AR,Branded,4275.58
2022,8,08/25/2022,AR,Branded,4275.58
2022,8,08/26/2022,AR,Branded,4275.58
2022,8,08/27/2022,AR,Branded,4275.58
2022,8,08/28/2022,AR,Branded,4275.58
2022,8,08/29/2022,AR,Branded,4275.58
2022,8,08/30/2022,AR,Branded,4275.58
2022,8,08/31/2022,AR,Branded,4275.58
2022,9,09/01/2022,AR,Branded,4521.33
2022,9,09/02/2022,AR,Branded,4521.33
2022,9,09/03/2022,AR,Branded,4521.33
2022,9,09/04/2022,AR,Branded,4521.33
2022,9,09/05/2022,AR,Branded,4521.33
2022,9,09/06/2022,AR,Branded,4521.33
2022,9,09/07/2022,AR,Branded,4521.33
2022,9,09/08/2022,AR,Branded,4521.33
2022,9,09/09/2022,AR,Branded,4521.33
2022,9,09/10/2022,AR,Branded,4521.33
2022,9,09/11/2022,AR,Branded,4521.33
2022,9,09/12/2022,AR,Branded,4521.33
2022,9,09/13/2022,AR,Branded,4521.33
2022,9,09/14/2022,AR,Branded,4521.33
2022,9,09/15/2022,AR,Branded,4521.33
2022,9,09/16/2022,AR,Branded,4521.33
2022,9,09/17/2022,AR,Branded,4521.33
2022,9,09/18/2022,AR,Branded,4521.33
2022,9,09/19/2022,AR,Branded,4521.33
2022,9,09/20/2022,AR,Branded,4521.33
2022,9,09/21/2022,AR,Branded,4521.33
2022,9,09/22/2022,AR,Branded,4521.33
2022,9,09/23/2022,AR,Branded,4521.33
2022,9,09/24/2022,AR,Branded,4521.33
2022,9,09/25/2022,AR,Branded,4521.33
2022,9,09/26/2022,AR,Branded,4521.33
2022,9,09/27/2022,AR,Branded,4521.33
2022,9,09/28/2022,AR,Branded,4521.33
2022,9,09/29/2022,AR,Branded,4521.33
2022,9,09/30/2022,AR,Branded,4521.33
2022,10,10/01/2022,AR,Branded,4638.32
2022,10,10/02/2022,AR,Branded,4638.32
2022,10,10/03/2022,AR,Branded,4638.32
2022,10,10/04/2022,AR,Branded,4638.32
2022,10,10/05/2022,AR,Branded,4638.32
2022,10,10/06/2022,AR,Branded,4638.32
2022,10,10/07/2022,AR,Branded,4638.32
2022,10,10/08/2022,AR,Branded,4638.32
2022,10,10/09/2022,AR,Branded,4638.32
2022,10,10/10/2022,AR,Branded,4638.32
2022,10,10/11/2022,AR,Branded,4638.32
2022,10,10/12/2022,AR,Branded,4638.32
2022,10,10/13/2022,AR,Branded,4638.32
2022,10,10/14/2022,AR,Branded,4638.32
2022,10,10/15/2022,AR,Branded,4638.32
2022,10,10/16/2022,AR,Branded,4638.32
2022,10,10/17/2022,AR,Branded,4638.32
2022,10,10/18/2022,AR,Branded,4638.32
2022,10,10/19/2022,AR,Branded,4638.32
2022,10,10/20/2022,AR,Branded,4638.32
2022,10,10/21/2022,AR,Branded,4638.32
2022,10,10/22/2022,AR,Branded,4638.32
2022,10,10/23/2022,AR,Branded,4638.32
2022,10,10/24/2022,AR,Branded,4638.32
2022,10,10/25/2022,AR,Branded,4638.32
2022,10,10/26/2022,AR,Branded,4638.32
2022,10,10/27/2022,AR,Branded,4638.32
2022,10,10/28/2022,AR,Branded,4638.32
2022,10,10/29/2022,AR,Branded,4638.32
2022,10,10/30/2022,AR,Branded,4638.32
2022,10,10/31/2022,AR,Branded,4638.32
2022,11,11/01/2022,AR,Branded,4627.20
2022,11,11/02/2022,AR,Branded,4627.20
2022,11,11/03/2022,AR,Branded,4627.20
2022,11,11/04/2022,AR,Branded,4627.20
2022,11,11/05/2022,AR,Branded,4627.20
2022,11,11/06/2022,AR,Branded,4627.20
2022,11,11/07/2022,AR,Branded,4627.20
2022,11,11/08/2022,AR,Branded,4627.20
2022,11,11/09/2022,AR,Branded,4627.20
2022,11,11/10/2022,AR,Branded,4627.20
2022,11,11/11/2022,AR,Branded,4627.20
2022,11,11/12/2022,AR,Branded,4627.20
2022,11,11/13/2022,AR,Branded,4627.20
2022,11,11/14/2022,AR,Branded,4627.20
2022,11,11/15/2022,AR,Branded,4627.20
2022,11,11/16/2022,AR,Branded,4627.20
2022,11,11/17/2022,AR,Branded,4627.20
2022,11,11/18/2022,AR,Branded,4627.20
2022,11,11/19/2022,AR,Branded,4627.20
2022,11,11/20/2022,AR,Branded,4627.20
2022,11,11/21/2022,AR,Branded,4627.20
2022,11,11/22/2022,AR,Branded,4627.20
2022,11,11/23/2022,AR,Branded,4627.20
2022,11,11/24/2022,AR,Branded,4627.20
2022,11,11/25/2022,AR,Branded,4627.20
2022,11,11/26/2022,AR,Branded,4627.20
2022,11,11/27/2022,AR,Branded,4627.20
2022,11,11/28/2022,AR,Branded,4627.20
2022,11,11/29/2022,AR,Branded,4627.20
2022,11,11/30/2022,AR,Branded,4627.20
2022,12,12/01/2022,AR,Branded,3907.32
2022,12,12/02/2022,AR,Branded,3907.32
2022,12,12/03/2022,AR,Branded,3907.32
2022,12,12/04/2022,AR,Branded,3907.32
2022,12,12/05/2022,AR,Branded,3907.32
2022,12,12/06/2022,AR,Branded,3907.32
2022,12,12/07/2022,AR,Branded,3907.32
2022,12,12/08/2022,AR,Branded,3907.32
2022,12,12/09/2022,AR,Branded,3907.32
2022,12,12/10/2022,AR,Branded,3907.32
2022,12,12/11/2022,AR,Branded,3907.32
2022,12,12/12/2022,AR,Branded,3907.32
2022,12,12/13/2022,AR,Branded,3907.32
2022,12,12/14/2022,AR,Branded,3907.32
2022,12,12/15/2022,AR,Branded,3907.32
2022,12,12/16/2022,AR,Branded,3907.32
2022,12,12/17/2022,AR,Branded,3907.32
2022,12,12/18/2022,AR,Branded,3907.32
2022,12,12/19/2022,AR,Branded,3907.32
2022,12,12/20/2022,AR,Branded,3907.32
2022,12,12/21/2022,AR,Branded,3907.32
2022,12,12/22/2022,AR,Branded,3907.32
2022,12,12/23/2022,AR,Branded,3907.32
2022,12,12/24/2022,AR,Branded,3907.32
2022,12,12/25/2022,AR,Branded,3907.32
2022,12,12/26/2022,AR,Branded,3907.32
2022,12,12/27/2022,AR,Branded,3907.32
2022,12,12/28/2022,AR,Branded,3907.32
2022,12,12/29/2022,AR,Branded,3907.32
2022,12,12/30/2022,AR,Branded,3907.32
2022,12,12/31/2022,AR,Branded,3907.32
2022,1,01/01/2022,BR,Branded,6909.68
2022,1,01/02/2022,BR,Branded,6909.68
2022,1,01/03/2022,BR,Branded,6909.68
2022,1,01/04/2022,BR,Branded,6909.68
2022,1,01/05/2022,BR,Branded,6909.68
2022,1,01/06/2022,BR,Branded,6909.68
2022,1,01/07/2022,BR,Branded,6909.68
2022,1,01/08/2022,BR,Branded,6909.68
2022,1,01/09/2022,BR,Branded,6909.68
2022,1,01/10/2022,BR,Branded,6909.68
2022,1,01/11/2022,BR,Branded,6909.68
2022,1,01/12/2022,BR,Branded,6909.68
2022,1,01/13/2022,BR,Branded,6909.68
2022,1,01/14/2022,BR,Branded,6909.68
2022,1,01/15/2022,BR,Branded,6909.68
2022,1,01/16/2022,BR,Branded,6909.68
2022,1,01/17/2022,BR,Branded,6909.68
2022,1,01/18/2022,BR,Branded,6909.68
2022,1,01/19/2022,BR,Branded,6909.68
2022,1,01/20/2022,BR,Branded,6909.68
2022,1,01/21/2022,BR,Branded,6909.68
2022,1,01/22/2022,BR,Branded,6909.68
2022,1,01/23/2022,BR,Branded,6909.68
2022,1,01/24/2022,BR,Branded,6909.68
2022,1,01/25/2022,BR,Branded,6909.68
2022,1,01/26/2022,BR,Branded,6909.68
2022,1,01/27/2022,BR,Branded,6909.68
2022,1,01/28/2022,BR,Branded,6909.68
2022,1,01/29/2022,BR,Branded,6909.68
2022,1,01/30/2022,BR,Branded,6909.68
2022,1,01/31/2022,BR,Branded,6909.68
2022,2,02/01/2022,BR,Branded,8096.50
2022,2,02/02/2022,BR,Branded,8096.50
2022,2,02/03/2022,BR,Branded,8096.50
2022,2,02/04/2022,BR,Branded,8096.50
2022,2,02/05/2022,BR,Branded,8096.50
2022,2,02/06/2022,BR,Branded,8096.50
2022,2,02/07/2022,BR,Branded,8096.50
2022,2,02/08/2022,BR,Branded,8096.50
2022,2,02/09/2022,BR,Branded,8096.50
2022,2,02/10/2022,BR,Branded,8096.50
2022,2,02/11/2022,BR,Branded,8096.50
2022,2,02/12/2022,BR,Branded,8096.50
2022,2,02/13/2022,BR,Branded,8096.50
2022,2,02/14/2022,BR,Branded,8096.50
2022,2,02/15/2022,BR,Branded,8096.50
2022,2,02/16/2022,BR,Branded,8096.50
2022,2,02/17/2022,BR,Branded,8096.50
2022,2,02/18/2022,BR,Branded,8096.50
2022,2,02/19/2022,BR,Branded,8096.50
2022,2,02/20/2022,BR,Branded,8096.50
2022,2,02/21/2022,BR,Branded,8096.50
2022,2,02/22/2022,BR,Branded,8096.50
2022,2,02/23/2022,BR,Branded,8096.50
2022,2,02/24/2022,BR,Branded,8096.50
2022,2,02/25/2022,BR,Branded,8096.50
2022,2,02/26/2022,BR,Branded,8096.50
2022,2,02/27/2022,BR,Branded,8096.50
2022,2,02/28/2022,BR,Branded,8096.50
2022,3,03/01/2022,BR,Branded,9177.74
2022,3,03/02/2022,BR,Branded,9177.74
2022,3,03/03/2022,BR,Branded,9177.74
2022,3,03/04/2022,BR,Branded,9177.74
2022,3,03/05/2022,BR,Branded,9177.74
2022,3,03/06/2022,BR,Branded,9177.74
2022,3,03/07/2022,BR,Branded,9177.74
2022,3,03/08/2022,BR,Branded,9177.74
2022,3,03/09/2022,BR,Branded,9177.74
2022,3,03/10/2022,BR,Branded,9177.74
2022,3,03/11/2022,BR,Branded,9177.74
2022,3,03/12/2022,BR,Branded,9177.74
2022,3,03/13/2022,BR,Branded,9177.74
2022,3,03/14/2022,BR,Branded,9177.74
2022,3,03/15/2022,BR,Branded,9177.74
2022,3,03/16/2022,BR,Branded,9177.74
2022,3,03/17/2022,BR,Branded,9177.74
2022,3,03/18/2022,BR,Branded,9177.74
2022,3,03/19/2022,BR,Branded,9177.74
2022,3,03/20/2022,BR,Branded,9177.74
2022,3,03/21/2022,BR,Branded,9177.74
2022,3,03/22/2022,BR,Branded,9177.74
2022,3,03/23/2022,BR,Branded,9177.74
2022,3,03/24/2022,BR,Branded,9177.74
2022,3,03/25/2022,BR,Branded,9177.74
2022,3,03/26/2022,BR,Branded,9177.74
2022,3,03/27/2022,BR,Branded,9177.74
2022,3,03/28/2022,BR,Branded,9177.74
2022,3,03/29/2022,BR,Branded,9177.74
2022,3,03/30/2022,BR,Branded,9177.74
2022,3,03/31/2022,BR,Branded,9177.74
2022,4,04/01/2022,BR,Branded,8467.20
2022,4,04/02/2022,BR,Branded,8467.20
2022,4,04/03/2022,BR,Branded,8467.20
2022,4,04/04/2022,BR,Branded,8467.20
2022,4,04/05/2022,BR,Branded,8467.20
2022,4,04/06/2022,BR,Branded,8467.20
2022,4,04/07/2022,BR,Branded,8467.20
2022,4,04/08/2022,BR,Branded,8467.20
2022,4,04/09/2022,BR,Branded,8467.20
2022,4,04/10/2022,BR,Branded,8467.20
2022,4,04/11/2022,BR,Branded,8467.20
2022,4,04/12/2022,BR,Branded,8467.20
2022,4,04/13/2022,BR,Branded,8467.20
2022,4,04/14/2022,BR,Branded,8467.20
2022,4,04/15/2022,BR,Branded,8467.20
2022,4,04/16/2022,BR,Branded,8467.20
2022,4,04/17/2022,BR,Branded,8467.20
2022,4,04/18/2022,BR,Branded,8467.20
2022,4,04/19/2022,BR,Branded,8467.20
2022,4,04/20/2022,BR,Branded,8467.20
2022,4,04/21/2022,BR,Branded,8467.20
2022,4,04/22/2022,BR,Branded,8467.20
2022,4,04/23/2022,BR,Branded,8467.20
2022,4,04/24/2022,BR,Branded,8467.20
2022,4,04/25/2022,BR,Branded,8467.20
2022,4,04/26/2022,BR,Branded,8467.20
2022,4,04/27/2022,BR,Branded,8467.20
2022,4,04/28/2022,BR,Branded,8467.20
2022,4,04/29/2022,BR,Branded,8467.20
2022,4,04/30/2022,BR,Branded,8467.20
2022,5,05/01/2022,BR,Branded,8637.90
2022,5,05/02/2022,BR,Branded,8637.90
2022,5,05/03/2022,BR,Branded,8637.90
2022,5,05/04/2022,BR,Branded,8637.90
2022,5,05/05/2022,BR,Branded,8637.90
2022,5,05/06/2022,BR,Branded,8637.90
2022,5,05/07/2022,BR,Branded,8637.90
2022,5,05/08/2022,BR,Branded,8637.90
2022,5,05/09/2022,BR,Branded,8637.90
2022,5,05/10/2022,BR,Branded,8637.90
2022,5,05/11/2022,BR,Branded,8637.90
2022,5,05/12/2022,BR,Branded,8637.90
2022,5,05/13/2022,BR,Branded,8637.90
2022,5,05/14/2022,BR,Branded,8637.90
2022,5,05/15/2022,BR,Branded,8637.90
2022,5,05/16/2022,BR,Branded,8637.90
2022,5,05/17/2022,BR,Branded,8637.90
2022,5,05/18/2022,BR,Branded,8637.90
2022,5,05/19/2022,BR,Branded,8637.90
2022,5,05/20/2022,BR,Branded,8637.90
2022,5,05/21/2022,BR,Branded,8637.90
2022,5,05/22/2022,BR,Branded,8637.90
2022,5,05/23/2022,BR,Branded,8637.90
2022,5,05/24/2022,BR,Branded,8637.90
2022,5,05/25/2022,BR,Branded,8637.90
2022,5,05/26/2022,BR,Branded,8637.90
2022,5,05/27/2022,BR,Branded,8637.90
2022,5,05/28/2022,BR,Branded,8637.90
2022,5,05/29/2022,BR,Branded,8637.90
2022,5,05/30/2022,BR,Branded,8637.90
2022,5,05/31/2022,BR,Branded,8637.90
2022,6,06/01/2022,BR,Branded,9341.40
2022,6,06/02/2022,BR,Branded,9341.40
2022,6,06/03/2022,BR,Branded,9341.40
2022,6,06/04/2022,BR,Branded,9341.40
2022,6,06/05/2022,BR,Branded,9341.40
2022,6,06/06/2022,BR,Branded,9341.40
2022,6,06/07/2022,BR,Branded,9341.40
2022,6,06/08/2022,BR,Branded,9341.40
2022,6,06/09/2022,BR,Branded,9341.40
2022,6,06/10/2022,BR,Branded,9341.40
2022,6,06/11/2022,BR,Branded,9341.40
2022,6,06/12/2022,BR,Branded,9341.40
2022,6,06/13/2022,BR,Branded,9341.40
2022,6,06/14/2022,BR,Branded,9341.40
2022,6,06/15/2022,BR,Branded,9341.40
2022,6,06/16/2022,BR,Branded,9341.40
2022,6,06/17/2022,BR,Branded,9341.40
2022,6,06/18/2022,BR,Branded,9341.40
2022,6,06/19/2022,BR,Branded,9341.40
2022,6,06/20/2022,BR,Branded,9341.40
2022,6,06/21/2022,BR,Branded,9341.40
2022,6,06/22/2022,BR,Branded,9341.40
2022,6,06/23/2022,BR,Branded,9341.40
2022,6,06/24/2022,BR,Branded,9341.40
2022,6,06/25/2022,BR,Branded,9341.40
2022,6,06/26/2022,BR,Branded,9341.40
2022,6,06/27/2022,BR,Branded,9341.40
2022,6,06/28/2022,BR,Branded,9341.40
2022,6,06/29/2022,BR,Branded,9341.40
2022,6,06/30/2022,BR,Branded,9341.40
2022,7,07/01/2022,BR,Branded,8198.90
2022,7,07/02/2022,BR,Branded,8198.90
2022,7,07/03/2022,BR,Branded,8198.90
2022,7,07/04/2022,BR,Branded,8198.90
2022,7,07/05/2022,BR,Branded,8198.90
2022,7,07/06/2022,BR,Branded,8198.90
2022,7,07/07/2022,BR,Branded,8198.90
2022,7,07/08/2022,BR,Branded,8198.90
2022,7,07/09/2022,BR,Branded,8198.90
2022,7,07/10/2022,BR,Branded,8198.90
2022,7,07/11/2022,BR,Branded,8198.90
2022,7,07/12/2022,BR,Branded,8198.90
2022,7,07/13/2022,BR,Branded,8198.90
2022,7,07/14/2022,BR,Branded,8198.90
2022,7,07/15/2022,BR,Branded,8198.90
2022,7,07/16/2022,BR,Branded,8198.90
2022,7,07/17/2022,BR,Branded,8198.90
2022,7,07/18/2022,BR,Branded,8198.90
2022,7,07/19/2022,BR,Branded,8198.90
2022,7,07/20/2022,BR,Branded,8198.90
2022,7,07/21/2022,BR,Branded,8198.90
2022,7,07/22/2022,BR,Branded,8198.90
2022,7,07/23/2022,BR,Branded,8198.90
2022,7,07/24/2022,BR,Branded,8198.90
2022,7,07/25/2022,BR,Branded,8198.90
2022,7,07/26/2022,BR,Branded,8198.90
2022,7,07/27/2022,BR,Branded,8198.90
2022,7,07/28/2022,BR,Branded,8198.90
2022,7,07/29/2022,BR,Branded,8198.90
2022,7,07/30/2022,BR,Branded,8198.90
2022,7,07/31/2022,BR,Branded,8198.90
2022,8,08/01/2022,BR,Branded,8198.90
2022,8,08/02/2022,BR,Branded,8198.90
2022,8,08/03/2022,BR,Branded,8198.90
2022,8,08/04/2022,BR,Branded,8198.90
2022,8,08/05/2022,BR,Branded,8198.90
2022,8,08/06/2022,BR,Branded,8198.90
2022,8,08/07/2022,BR,Branded,8198.90
2022,8,08/08/2022,BR,Branded,8198.90
2022,8,08/09/2022,BR,Branded,8198.90
2022,8,08/10/2022,BR,Branded,8198.90
2022,8,08/11/2022,BR,Branded,8198.90
2022,8,08/12/2022,BR,Branded,8198.90
2022,8,08/13/2022,BR,Branded,8198.90
2022,8,08/14/2022,BR,Branded,8198.90
2022,8,08/15/2022,BR,Branded,8198.90
2022,8,08/16/2022,BR,Branded,8198.90
2022,8,08/17/2022,BR,Branded,8198.90
2022,8,08/18/2022,BR,Branded,8198.90
2022,8,08/19/2022,BR,Branded,8198.90
2022,8,08/20/2022,BR,Branded,8198.90
2022,8,08/21/2022,BR,Branded,8198.90
2022,8,08/22/2022,BR,Branded,8198.90
2022,8,08/23/2022,BR,Branded,8198.90
2022,8,08/24/2022,BR,Branded,8198.90
2022,8,08/25/2022,BR,Branded,8198.90
2022,8,08/26/2022,BR,Branded,8198.90
2022,8,08/27/2022,BR,Branded,8198.90
2022,8,08/28/2022,BR,Branded,8198.90
2022,8,08/29/2022,BR,Branded,8198.90
2022,8,08/30/2022,BR,Branded,8198.90
2022,8,08/31/2022,BR,Branded,8198.90
2022,9,09/01/2022,BR,Branded,8472.20
2022,9,09/02/2022,BR,Branded,8472.20
2022,9,09/03/2022,BR,Branded,8472.20
2022,9,09/04/2022,BR,Branded,8472.20
2022,9,09/05/2022,BR,Branded,8472.20
2022,9,09/06/2022,BR,Branded,8472.20
2022,9,09/07/2022,BR,Branded,8472.20
2022,9,09/08/2022,BR,Branded,8472.20
2022,9,09/09/2022,BR,Branded,8472.20
2022,9,09/10/2022,BR,Branded,8472.20
2022,9,09/11/2022,BR,Branded,8472.20
2022,9,09/12/2022,BR,Branded,8472.20
2022,9,09/13/2022,BR,Branded,8472.20
2022,9,09/14/2022,BR,Branded,8472.20
2022,9,09/15/2022,BR,Branded,8472.20
2022,9,09/16/2022,BR,Branded,8472.20
2022,9,09/17/2022,BR,Branded,8472.20
2022,9,09/18/2022,BR,Branded,8472.20
2022,9,09/19/2022,BR,Branded,8472.20
2022,9,09/20/2022,BR,Branded,8472.20
2022,9,09/21/2022,BR,Branded,8472.20
2022,9,09/22/2022,BR,Branded,8472.20
2022,9,09/23/2022,BR,Branded,8472.20
2022,9,09/24/2022,BR,Branded,8472.20
2022,9,09/25/2022,BR,Branded,8472.20
2022,9,09/26/2022,BR,Branded,8472.20
2022,9,09/27/2022,BR,Branded,8472.20
2022,9,09/28/2022,BR,Branded,8472.20
2022,9,09/29/2022,BR,Branded,8472.20
2022,9,09/30/2022,BR,Branded,8472.20
2022,10,10/01/2022,BR,Branded,0.00
2022,10,10/02/2022,BR,Branded,0.00
2022,10,10/03/2022,BR,Branded,0.00
2022,10,10/04/2022,BR,Branded,0.00
2022,10,10/05/2022,BR,Branded,0.00
2022,10,10/06/2022,BR,Branded,0.00
2022,10,10/07/2022,BR,Branded,0.00
2022,10,10/08/2022,BR,Branded,0.00
2022,10,10/09/2022,BR,Branded,0.00
2022,10,10/10/2022,BR,Branded,0.00
2022,10,10/11/2022,BR,Branded,0.00
2022,10,10/12/2022,BR,Branded,0.00
2022,10,10/13/2022,BR,Branded,0.00
2022,10,10/14/2022,BR,Branded,0.00
2022,10,10/15/2022,BR,Branded,0.00
2022,10,10/16/2022,BR,Branded,0.00
2022,10,10/17/2022,BR,Branded,0.00
2022,10,10/18/2022,BR,Branded,0.00
2022,10,10/19/2022,BR,Branded,0.00
2022,10,10/20/2022,BR,Branded,0.00
2022,10,10/21/2022,BR,Branded,0.00
2022,10,10/22/2022,BR,Branded,0.00
2022,10,10/23/2022,BR,Branded,0.00
2022,10,10/24/2022,BR,Branded,0.00
2022,10,10/25/2022,BR,Branded,0.00
2022,10,10/26/2022,BR,Branded,0.00
2022,10,10/27/2022,BR,Branded,0.00
2022,10,10/28/2022,BR,Branded,0.00
2022,10,10/29/2022,BR,Branded,0.00
2022,10,10/30/2022,BR,Branded,0.00
2022,10,10/31/2022,BR,Branded,0.00
2022,11,11/01/2022,BR,Branded,0.00
2022,11,11/02/2022,BR,Branded,0.00
2022,11,11/03/2022,BR,Branded,0.00
2022,11,11/04/2022,BR,Branded,0.00
2022,11,11/05/2022,BR,Branded,0.00
2022,11,11/06/2022,BR,Branded,0.00
2022,11,11/07/2022,BR,Branded,0.00
2022,11,11/08/2022,BR,Branded,0.00
2022,11,11/09/2022,BR,Branded,0.00
2022,11,11/10/2022,BR,Branded,0.00
2022,11,11/11/2022,BR,Branded,0.00
2022,11,11/12/2022,BR,Branded,0.00
2022,11,11/13/2022,BR,Branded,0.00
2022,11,11/14/2022,BR,Branded,0.00
2022,11,11/15/2022,BR,Branded,0.00
2022,11,11/16/2022,BR,Branded,0.00
2022,11,11/17/2022,BR,Branded,0.00
2022,11,11/18/2022,BR,Branded,0.00
2022,11,11/19/2022,BR,Branded,0.00
2022,11,11/20/2022,BR,Branded,0.00
2022,11,11/21/2022,BR,Branded,0.00
2022,11,11/22/2022,BR,Branded,0.00
2022,11,11/23/2022,BR,Branded,0.00
2022,11,11/24/2022,BR,Branded,0.00
2022,11,11/25/2022,BR,Branded,0.00
2022,11,11/26/2022,BR,Branded,0.00
2022,11,11/27/2022,BR,Branded,0.00
2022,11,11/28/2022,BR,Branded,0.00
2022,11,11/29/2022,BR,Branded,0.00
2022,11,11/30/2022,BR,Branded,0.00
2022,12,12/01/2022,BR,Branded,0.00
2022,12,12/02/2022,BR,Branded,0.00
2022,12,12/03/2022,BR,Branded,0.00
2022,12,12/04/2022,BR,Branded,0.00
2022,12,12/05/2022,BR,Branded,0.00
2022,12,12/06/2022,BR,Branded,0.00
2022,12,12/07/2022,BR,Branded,0.00
2022,12,12/08/2022,BR,Branded,0.00
2022,12,12/09/2022,BR,Branded,0.00
2022,12,12/10/2022,BR,Branded,0.00
2022,12,12/11/2022,BR,Branded,0.00
2022,12,12/12/2022,BR,Branded,0.00
2022,12,12/13/2022,BR,Branded,0.00
2022,12,12/14/2022,BR,Branded,0.00
2022,12,12/15/2022,BR,Branded,0.00
2022,12,12/16/2022,BR,Branded,0.00
2022,12,12/17/2022,BR,Branded,0.00
2022,12,12/18/2022,BR,Branded,0.00
2022,12,12/19/2022,BR,Branded,0.00
2022,12,12/20/2022,BR,Branded,0.00
2022,12,12/21/2022,BR,Branded,0.00
2022,12,12/22/2022,BR,Branded,0.00
2022,12,12/23/2022,BR,Branded,0.00
2022,12,12/24/2022,BR,Branded,0.00
2022,12,12/25/2022,BR,Branded,0.00
2022,12,12/26/2022,BR,Branded,0.00
2022,12,12/27/2022,BR,Branded,0.00
2022,12,12/28/2022,BR,Branded,0.00
2022,12,12/29/2022,BR,Branded,0.00
2022,12,12/30/2022,BR,Branded,0.00
2022,12,12/31/2022,BR,Branded,0.00
2022,1,01/01/2022,CL,Branded,0.00
2022,1,01/02/2022,CL,Branded,0.00
2022,1,01/03/2022,CL,Branded,0.00
2022,1,01/04/2022,CL,Branded,0.00
2022,1,01/05/2022,CL,Branded,0.00
2022,1,01/06/2022,CL,Branded,0.00
2022,1,01/07/2022,CL,Branded,0.00
2022,1,01/08/2022,CL,Branded,0.00
2022,1,01/09/2022,CL,Branded,0.00
2022,1,01/10/2022,CL,Branded,0.00
2022,1,01/11/2022,CL,Branded,0.00
2022,1,01/12/2022,CL,Branded,0.00
2022,1,01/13/2022,CL,Branded,0.00
2022,1,01/14/2022,CL,Branded,0.00
2022,1,01/15/2022,CL,Branded,0.00
2022,1,01/16/2022,CL,Branded,0.00
2022,1,01/17/2022,CL,Branded,0.00
2022,1,01/18/2022,CL,Branded,0.00
2022,1,01/19/2022,CL,Branded,0.00
2022,1,01/20/2022,CL,Branded,0.00
2022,1,01/21/2022,CL,Branded,0.00
2022,1,01/22/2022,CL,Branded,0.00
2022,1,01/23/2022,CL,Branded,0.00
2022,1,01/24/2022,CL,Branded,0.00
2022,1,01/25/2022,CL,Branded,0.00
2022,1,01/26/2022,CL,Branded,0.00
2022,1,01/27/2022,CL,Branded,0.00
2022,1,01/28/2022,CL,Branded,0.00
2022,1,01/29/2022,CL,Branded,0.00
2022,1,01/30/2022,CL,Branded,0.00
2022,1,01/31/2022,CL,Branded,0.00
2022,2,02/01/2022,CL,Branded,0.00
2022,2,02/02/2022,CL,Branded,0.00
2022,2,02/03/2022,CL,Branded,0.00
2022,2,02/04/2022,CL,Branded,0.00
2022,2,02/05/2022,CL,Branded,0.00
2022,2,02/06/2022,CL,Branded,0.00
2022,2,02/07/2022,CL,Branded,0.00
2022,2,02/08/2022,CL,Branded,0.00
2022,2,02/09/2022,CL,Branded,0.00
2022,2,02/10/2022,CL,Branded,0.00
2022,2,02/11/2022,CL,Branded,0.00
2022,2,02/12/2022,CL,Branded,0.00
2022,2,02/13/2022,CL,Branded,0.00
2022,2,02/14/2022,CL,Branded,0.00
2022,2,02/15/2022,CL,Branded,0.00
2022,2,02/16/2022,CL,Branded,0.00
2022,2,02/17/2022,CL,Branded,0.00
2022,2,02/18/2022,CL,Branded,0.00
2022,2,02/19/2022,CL,Branded,0.00
2022,2,02/20/2022,CL,Branded,0.00
2022,2,02/21/2022,CL,Branded,0.00
2022,2,02/22/2022,CL,Branded,0.00
2022,2,02/23/2022,CL,Branded,0.00
2022,2,02/24/2022,CL,Branded,0.00
2022,2,02/25/2022,CL,Branded,0.00
2022,2,02/26/2022,CL,Branded,0.00
2022,2,02/27/2022,CL,Branded,0.00
2022,2,02/28/2022,CL,Branded,0.00
2022,3,03/01/2022,CL,Branded,0.00
2022,3,03/02/2022,CL,Branded,0.00
2022,3,03/03/2022,CL,Branded,0.00
2022,3,03/04/2022,CL,Branded,0.00
2022,3,03/05/2022,CL,Branded,0.00
2022,3,03/06/2022,CL,Branded,0.00
2022,3,03/07/2022,CL,Branded,0.00
2022,3,03/08/2022,CL,Branded,0.00
2022,3,03/09/2022,CL,Branded,0.00
2022,3,03/10/2022,CL,Branded,0.00
2022,3,03/11/2022,CL,Branded,0.00
2022,3,03/12/2022,CL,Branded,0.00
2022,3,03/13/2022,CL,Branded,0.00
2022,3,03/14/2022,CL,Branded,0.00
2022,3,03/15/2022,CL,Branded,0.00
2022,3,03/16/2022,CL,Branded,0.00
2022,3,03/17/2022,CL,Branded,0.00
2022,3,03/18/2022,CL,Branded,0.00
2022,3,03/19/2022,CL,Branded,0.00
2022,3,03/20/2022,CL,Branded,0.00
2022,3,03/21/2022,CL,Branded,0.00
2022,3,03/22/2022,CL,Branded,0.00
2022,3,03/23/2022,CL,Branded,0.00
2022,3,03/24/2022,CL,Branded,0.00
2022,3,03/25/2022,CL,Branded,0.00
2022,3,03/26/2022,CL,Branded,0.00
2022,3,03/27/2022,CL,Branded,0.00
2022,3,03/28/2022,CL,Branded,0.00
2022,3,03/29/2022,CL,Branded,0.00
2022,3,03/30/2022,CL,Branded,0.00
2022,3,03/31/2022,CL,Branded,0.00
2022,4,04/01/2022,CL,Branded,0.00
2022,4,04/02/2022,CL,Branded,0.00
2022,4,04/03/2022,CL,Branded,0.00
2022,4,04/04/2022,CL,Branded,0.00
2022,4,04/05/2022,CL,Branded,0.00
2022,4,04/06/2022,CL,Branded,0.00
2022,4,04/07/2022,CL,Branded,0.00
2022,4,04/08/2022,CL,Branded,0.00
2022,4,04/09/2022,CL,Branded,0.00
2022,4,04/10/2022,CL,Branded,0.00
2022,4,04/11/2022,CL,Branded,0.00
2022,4,04/12/2022,CL,Branded,0.00
2022,4,04/13/2022,CL,Branded,0.00
2022,4,04/14/2022,CL,Branded,0.00
2022,4,04/15/2022,CL,Branded,0.00
2022,4,04/16/2022,CL,Branded,0.00
2022,4,04/17/2022,CL,Branded,0.00
2022,4,04/18/2022,CL,Branded,0.00
2022,4,04/19/2022,CL,Branded,0.00
2022,4,04/20/2022,CL,Branded,0.00
2022,4,04/21/2022,CL,Branded,0.00
2022,4,04/22/2022,CL,Branded,0.00
2022,4,04/23/2022,CL,Branded,0.00
2022,4,04/24/2022,CL,Branded,0.00
2022,4,04/25/2022,CL,Branded,0.00
2022,4,04/26/2022,CL,Branded,0.00
2022,4,04/27/2022,CL,Branded,0.00
2022,4,04/28/2022,CL,Branded,0.00
2022,4,04/29/2022,CL,Branded,0.00
2022,4,04/30/2022,CL,Branded,0.00
2022,5,05/01/2022,CL,Branded,0.00
2022,5,05/02/2022,CL,Branded,0.00
2022,5,05/03/2022,CL,Branded,0.00
2022,5,05/04/2022,CL,Branded,0.00
2022,5,05/05/2022,CL,Branded,0.00
2022,5,05/06/2022,CL,Branded,0.00
2022,5,05/07/2022,CL,Branded,0.00
2022,5,05/08/2022,CL,Branded,0.00
2022,5,05/09/2022,CL,Branded,0.00
2022,5,05/10/2022,CL,Branded,0.00
2022,5,05/11/2022,CL,Branded,0.00
2022,5,05/12/2022,CL,Branded,0.00
2022,5,05/13/2022,CL,Branded,0.00
2022,5,05/14/2022,CL,Branded,0.00
2022,5,05/15/2022,CL,Branded,0.00
2022,5,05/16/2022,CL,Branded,0.00
2022,5,05/17/2022,CL,Branded,0.00
2022,5,05/18/2022,CL,Branded,0.00
2022,5,05/19/2022,CL,Branded,0.00
2022,5,05/20/2022,CL,Branded,0.00
2022,5,05/21/2022,CL,Branded,0.00
2022,5,05/22/2022,CL,Branded,0.00
2022,5,05/23/2022,CL,Branded,0.00
2022,5,05/24/2022,CL,Branded,0.00
2022,5,05/25/2022,CL,Branded,0.00
2022,5,05/26/2022,CL,Branded,0.00
2022,5,05/27/2022,CL,Branded,0.00
2022,5,05/28/2022,CL,Branded,0.00
2022,5,05/29/2022,CL,Branded,0.00
2022,5,05/30/2022,CL,Branded,0.00
2022,5,05/31/2022,CL,Branded,0.00
2022,6,06/01/2022,CL,Branded,0.00
2022,6,06/02/2022,CL,Branded,0.00
2022,6,06/03/2022,CL,Branded,0.00
2022,6,06/04/2022,CL,Branded,0.00
2022,6,06/05/2022,CL,Branded,0.00
2022,6,06/06/2022,CL,Branded,0.00
2022,6,06/07/2022,CL,Branded,0.00
2022,6,06/08/2022,CL,Branded,0.00
2022,6,06/09/2022,CL,Branded,0.00
2022,6,06/10/2022,CL,Branded,0.00
2022,6,06/11/2022,CL,Branded,0.00
2022,6,06/12/2022,CL,Branded,0.00
2022,6,06/13/2022,CL,Branded,0.00
2022,6,06/14/2022,CL,Branded,0.00
2022,6,06/15/2022,CL,Branded,0.00
2022,6,06/16/2022,CL,Branded,0.00
2022,6,06/17/2022,CL,Branded,0.00
2022,6,06/18/2022,CL,Branded,0.00
2022,6,06/19/2022,CL,Branded,0.00
2022,6,06/20/2022,CL,Branded,0.00
2022,6,06/21/2022,CL,Branded,0.00
2022,6,06/22/2022,CL,Branded,0.00
2022,6,06/23/2022,CL,Branded,0.00
2022,6,06/24/2022,CL,Branded,0.00
2022,6,06/25/2022,CL,Branded,0.00
2022,6,06/26/2022,CL,Branded,0.00
2022,6,06/27/2022,CL,Branded,0.00
2022,6,06/28/2022,CL,Branded,0.00
2022,6,06/29/2022,CL,Branded,0.00
2022,6,06/30/2022,CL,Branded,0.00
2022,7,07/01/2022,CL,Branded,0.00
2022,7,07/02/2022,CL,Branded,0.00
2022,7,07/03/2022,CL,Branded,0.00
2022,7,07/04/2022,CL,Branded,0.00
2022,7,07/05/2022,CL,Branded,0.00
2022,7,07/06/2022,CL,Branded,0.00
2022,7,07/07/2022,CL,Branded,0.00
2022,7,07/08/2022,CL,Branded,0.00
2022,7,07/09/2022,CL,Branded,0.00
2022,7,07/10/2022,CL,Branded,0.00
2022,7,07/11/2022,CL,Branded,0.00
2022,7,07/12/2022,CL,Branded,0.00
2022,7,07/13/2022,CL,Branded,0.00
2022,7,07/14/2022,CL,Branded,0.00
2022,7,07/15/2022,CL,Branded,0.00
2022,7,07/16/2022,CL,Branded,0.00
2022,7,07/17/2022,CL,Branded,0.00
2022,7,07/18/2022,CL,Branded,0.00
2022,7,07/19/2022,CL,Branded,0.00
2022,7,07/20/2022,CL,Branded,0.00
2022,7,07/21/2022,CL,Branded,0.00
2022,7,07/22/2022,CL,Branded,0.00
2022,7,07/23/2022,CL,Branded,0.00
2022,7,07/24/2022,CL,Branded,0.00
2022,7,07/25/2022,CL,Branded,0.00
2022,7,07/26/2022,CL,Branded,0.00
2022,7,07/27/2022,CL,Branded,0.00
2022,7,07/28/2022,CL,Branded,0.00
2022,7,07/29/2022,CL,Branded,0.00
2022,7,07/30/2022,CL,Branded,0.00
2022,7,07/31/2022,CL,Branded,0.00
2022,8,08/01/2022,CL,Branded,0.00
2022,8,08/02/2022,CL,Branded,0.00
2022,8,08/03/2022,CL,Branded,0.00
2022,8,08/04/2022,CL,Branded,0.00
2022,8,08/05/2022,CL,Branded,0.00
2022,8,08/06/2022,CL,Branded,0.00
2022,8,08/07/2022,CL,Branded,0.00
2022,8,08/08/2022,CL,Branded,0.00
2022,8,08/09/2022,CL,Branded,0.00
2022,8,08/10/2022,CL,Branded,0.00
2022,8,08/11/2022,CL,Branded,0.00
2022,8,08/12/2022,CL,Branded,0.00
2022,8,08/13/2022,CL,Branded,0.00
2022,8,08/14/2022,CL,Branded,0.00
2022,8,08/15/2022,CL,Branded,0.00
2022,8,08/16/2022,CL,Branded,0.00
2022,8,08/17/2022,CL,Branded,0.00
2022,8,08/18/2022,CL,Branded,0.00
2022,8,08/19/2022,CL,Branded,0.00
2022,8,08/20/2022,CL,Branded,0.00
2022,8,08/21/2022,CL,Branded,0.00
2022,8,08/22/2022,CL,Branded,0.00
2022,8,08/23/2022,CL,Branded,0.00
2022,8,08/24/2022,CL,Branded,0.00
2022,8,08/25/2022,CL,Branded,0.00
2022,8,08/26/2022,CL,Branded,0.00
2022,8,08/27/2022,CL,Branded,0.00
2022,8,08/28/2022,CL,Branded,0.00
2022,8,08/29/2022,CL,Branded,0.00
2022,8,08/30/2022,CL,Branded,0.00
2022,8,08/31/2022,CL,Branded,0.00
2022,9,09/01/2022,CL,Branded,0.00
2022,9,09/02/2022,CL,Branded,0.00
2022,9,09/03/2022,CL,Branded,0.00
2022,9,09/04/2022,CL,Branded,0.00
2022,9,09/05/2022,CL,Branded,0.00
2022,9,09/06/2022,CL,Branded,0.00
2022,9,09/07/2022,CL,Branded,0.00
2022,9,09/08/2022,CL,Branded,0.00
2022,9,09/09/2022,CL,Branded,0.00
2022,9,09/10/2022,CL,Branded,0.00
2022,9,09/11/2022,CL,Branded,0.00
2022,9,09/12/2022,CL,Branded,0.00
2022,9,09/13/2022,CL,Branded,0.00
2022,9,09/14/2022,CL,Branded,0.00
2022,9,09/15/2022,CL,Branded,0.00
2022,9,09/16/2022,CL,Branded,0.00
2022,9,09/17/2022,CL,Branded,0.00
2022,9,09/18/2022,CL,Branded,0.00
2022,9,09/19/2022,CL,Branded,0.00
2022,9,09/20/2022,CL,Branded,0.00
2022,9,09/21/2022,CL,Branded,0.00
2022,9,09/22/2022,CL,Branded,0.00
2022,9,09/23/2022,CL,Branded,0.00
2022,9,09/24/2022,CL,Branded,0.00
2022,9,09/25/2022,CL,Branded,0.00
2022,9,09/26/2022,CL,Branded,0.00
2022,9,09/27/2022,CL,Branded,0.00
2022,9,09/28/2022,CL,Branded,0.00
2022,9,09/29/2022,CL,Branded,0.00
2022,9,09/30/2022,CL,Branded,0.00
2022,10,10/01/2022,CL,Branded,0.00
2022,10,10/02/2022,CL,Branded,0.00
2022,10,10/03/2022,CL,Branded,0.00
2022,10,10/04/2022,CL,Branded,0.00
2022,10,10/05/2022,CL,Branded,0.00
2022,10,10/06/2022,CL,Branded,0.00
2022,10,10/07/2022,CL,Branded,0.00
2022,10,10/08/2022,CL,Branded,0.00
2022,10,10/09/2022,CL,Branded,0.00
2022,10,10/10/2022,CL,Branded,0.00
2022,10,10/11/2022,CL,Branded,0.00
2022,10,10/12/2022,CL,Branded,0.00
2022,10,10/13/2022,CL,Branded,0.00
2022,10,10/14/2022,CL,Branded,0.00
2022,10,10/15/2022,CL,Branded,0.00
2022,10,10/16/2022,CL,Branded,0.00
2022,10,10/17/2022,CL,Branded,0.00
2022,10,10/18/2022,CL,Branded,0.00
2022,10,10/19/2022,CL,Branded,0.00
2022,10,10/20/2022,CL,Branded,0.00
2022,10,10/21/2022,CL,Branded,0.00
2022,10,10/22/2022,CL,Branded,0.00
2022,10,10/23/2022,CL,Branded,0.00
2022,10,10/24/2022,CL,Branded,0.00
2022,10,10/25/2022,CL,Branded,0.00
2022,10,10/26/2022,CL,Branded,0.00
2022,10,10/27/2022,CL,Branded,0.00
2022,10,10/28/2022,CL,Branded,0.00
2022,10,10/29/2022,CL,Branded,0.00
2022,10,10/30/2022,CL,Branded,0.00
2022,10,10/31/2022,CL,Branded,0.00
2022,11,11/01/2022,CL,Branded,0.00
2022,11,11/02/2022,CL,Branded,0.00
2022,11,11/03/2022,CL,Branded,0.00
2022,11,11/04/2022,CL,Branded,0.00
2022,11,11/05/2022,CL,Branded,0.00
2022,11,11/06/2022,CL,Branded,0.00
2022,11,11/07/2022,CL,Branded,0.00
2022,11,11/08/2022,CL,Branded,0.00
2022,11,11/09/2022,CL,Branded,0.00
2022,11,11/10/2022,CL,Branded,0.00
2022,11,11/11/2022,CL,Branded,0.00
2022,11,11/12/2022,CL,Branded,0.00
2022,11,11/13/2022,CL,Branded,0.00
2022,11,11/14/2022,CL,Branded,0.00
2022,11,11/15/2022,CL,Branded,0.00
2022,11,11/16/2022,CL,Branded,0.00
2022,11,11/17/2022,CL,Branded,0.00
2022,11,11/18/2022,CL,Branded,0.00
2022,11,11/19/2022,CL,Branded,0.00
2022,11,11/20/2022,CL,Branded,0.00
2022,11,11/21/2022,CL,Branded,0.00
2022,11,11/22/2022,CL,Branded,0.00
2022,11,11/23/2022,CL,Branded,0.00
2022,11,11/24/2022,CL,Branded,0.00
2022,11,11/25/2022,CL,Branded,0.00
2022,11,11/26/2022,CL,Branded,0.00
2022,11,11/27/2022,CL,Branded,0.00
2022,11,11/28/2022,CL,Branded,0.00
2022,11,11/29/2022,CL,Branded,0.00
2022,11,11/30/2022,CL,Branded,0.00
2022,12,12/01/2022,CL,Branded,0.00
2022,12,12/02/2022,CL,Branded,0.00
2022,12,12/03/2022,CL,Branded,0.00
2022,12,12/04/2022,CL,Branded,0.00
2022,12,12/05/2022,CL,Branded,0.00
2022,12,12/06/2022,CL,Branded,0.00
2022,12,12/07/2022,CL,Branded,0.00
2022,12,12/08/2022,CL,Branded,0.00
2022,12,12/09/2022,CL,Branded,0.00
2022,12,12/10/2022,CL,Branded,0.00
2022,12,12/11/2022,CL,Branded,0.00
2022,12,12/12/2022,CL,Branded,0.00
2022,12,12/13/2022,CL,Branded,0.00
2022,12,12/14/2022,CL,Branded,0.00
2022,12,12/15/2022,CL,Branded,0.00
2022,12,12/16/2022,CL,Branded,0.00
2022,12,12/17/2022,CL,Branded,0.00
2022,12,12/18/2022,CL,Branded,0.00
2022,12,12/19/2022,CL,Branded,0.00
2022,12,12/20/2022,CL,Branded,0.00
2022,12,12/21/2022,CL,Branded,0.00
2022,12,12/22/2022,CL,Branded,0.00
2022,12,12/23/2022,CL,Branded,0.00
2022,12,12/24/2022,CL,Branded,0.00
2022,12,12/25/2022,CL,Branded,0.00
2022,12,12/26/2022,CL,Branded,0.00
2022,12,12/27/2022,CL,Branded,0.00
2022,12,12/28/2022,CL,Branded,0.00
2022,12,12/29/2022,CL,Branded,0.00
2022,12,12/30/2022,CL,Branded,0.00
2022,12,12/31/2022,CL,Branded,0.00
2022,1,01/01/2022,CO,Branded,0.00
2022,1,01/02/2022,CO,Branded,0.00
2022,1,01/03/2022,CO,Branded,0.00
2022,1,01/04/2022,CO,Branded,0.00
2022,1,01/05/2022,CO,Branded,0.00
2022,1,01/06/2022,CO,Branded,0.00
2022,1,01/07/2022,CO,Branded,0.00
2022,1,01/08/2022,CO,Branded,0.00
2022,1,01/09/2022,CO,Branded,0.00
2022,1,01/10/2022,CO,Branded,0.00
2022,1,01/11/2022,CO,Branded,0.00
2022,1,01/12/2022,CO,Branded,0.00
2022,1,01/13/2022,CO,Branded,0.00
2022,1,01/14/2022,CO,Branded,0.00
2022,1,01/15/2022,CO,Branded,0.00
2022,1,01/16/2022,CO,Branded,0.00
2022,1,01/17/2022,CO,Branded,0.00
2022,1,01/18/2022,CO,Branded,0.00
2022,1,01/19/2022,CO,Branded,0.00
2022,1,01/20/2022,CO,Branded,0.00
2022,1,01/21/2022,CO,Branded,0.00
2022,1,01/22/2022,CO,Branded,0.00
2022,1,01/23/2022,CO,Branded,0.00
2022,1,01/24/2022,CO,Branded,0.00
2022,1,01/25/2022,CO,Branded,0.00
2022,1,01/26/2022,CO,Branded,0.00
2022,1,01/27/2022,CO,Branded,0.00
2022,1,01/28/2022,CO,Branded,0.00
2022,1,01/29/2022,CO,Branded,0.00
2022,1,01/30/2022,CO,Branded,0.00
2022,1,01/31/2022,CO,Branded,0.00
2022,2,02/01/2022,CO,Branded,0.00
2022,2,02/02/2022,CO,Branded,0.00
2022,2,02/03/2022,CO,Branded,0.00
2022,2,02/04/2022,CO,Branded,0.00
2022,2,02/05/2022,CO,Branded,0.00
2022,2,02/06/2022,CO,Branded,0.00
2022,2,02/07/2022,CO,Branded,0.00
2022,2,02/08/2022,CO,Branded,0.00
2022,2,02/09/2022,CO,Branded,0.00
2022,2,02/10/2022,CO,Branded,0.00
2022,2,02/11/2022,CO,Branded,0.00
2022,2,02/12/2022,CO,Branded,0.00
2022,2,02/13/2022,CO,Branded,0.00
2022,2,02/14/2022,CO,Branded,0.00
2022,2,02/15/2022,CO,Branded,0.00
2022,2,02/16/2022,CO,Branded,0.00
2022,2,02/17/2022,CO,Branded,0.00
2022,2,02/18/2022,CO,Branded,0.00
2022,2,02/19/2022,CO,Branded,0.00
2022,2,02/20/2022,CO,Branded,0.00
2022,2,02/21/2022,CO,Branded,0.00
2022,2,02/22/2022,CO,Branded,0.00
2022,2,02/23/2022,CO,Branded,0.00
2022,2,02/24/2022,CO,Branded,0.00
2022,2,02/25/2022,CO,Branded,0.00
2022,2,02/26/2022,CO,Branded,0.00
2022,2,02/27/2022,CO,Branded,0.00
2022,2,02/28/2022,CO,Branded,0.00
2022,3,03/01/2022,CO,Branded,0.00
2022,3,03/02/2022,CO,Branded,0.00
2022,3,03/03/2022,CO,Branded,0.00
2022,3,03/04/2022,CO,Branded,0.00
2022,3,03/05/2022,CO,Branded,0.00
2022,3,03/06/2022,CO,Branded,0.00
2022,3,03/07/2022,CO,Branded,0.00
2022,3,03/08/2022,CO,Branded,0.00
2022,3,03/09/2022,CO,Branded,0.00
2022,3,03/10/2022,CO,Branded,0.00
2022,3,03/11/2022,CO,Branded,0.00
2022,3,03/12/2022,CO,Branded,0.00
2022,3,03/13/2022,CO,Branded,0.00
2022,3,03/14/2022,CO,Branded,0.00
2022,3,03/15/2022,CO,Branded,0.00
2022,3,03/16/2022,CO,Branded,0.00
2022,3,03/17/2022,CO,Branded,0.00
2022,3,03/18/2022,CO,Branded,0.00
2022,3,03/19/2022,CO,Branded,0.00
2022,3,03/20/2022,CO,Branded,0.00
2022,3,03/21/2022,CO,Branded,0.00
2022,3,03/22/2022,CO,Branded,0.00
2022,3,03/23/2022,CO,Branded,0.00
2022,3,03/24/2022,CO,Branded,0.00
2022,3,03/25/2022,CO,Branded,0.00
2022,3,03/26/2022,CO,Branded,0.00
2022,3,03/27/2022,CO,Branded,0.00
2022,3,03/28/2022,CO,Branded,0.00
2022,3,03/29/2022,CO,Branded,0.00
2022,3,03/30/2022,CO,Branded,0.00
2022,3,03/31/2022,CO,Branded,0.00
2022,4,04/01/2022,CO,Branded,0.00
2022,4,04/02/2022,CO,Branded,0.00
2022,4,04/03/2022,CO,Branded,0.00
2022,4,04/04/2022,CO,Branded,0.00
2022,4,04/05/2022,CO,Branded,0.00
2022,4,04/06/2022,CO,Branded,0.00
2022,4,04/07/2022,CO,Branded,0.00
2022,4,04/08/2022,CO,Branded,0.00
2022,4,04/09/2022,CO,Branded,0.00
2022,4,04/10/2022,CO,Branded,0.00
2022,4,04/11/2022,CO,Branded,0.00
2022,4,04/12/2022,CO,Branded,0.00
2022,4,04/13/2022,CO,Branded,0.00
2022,4,04/14/2022,CO,Branded,0.00
2022,4,04/15/2022,CO,Branded,0.00
2022,4,04/16/2022,CO,Branded,0.00
2022,4,04/17/2022,CO,Branded,0.00
2022,4,04/18/2022,CO,Branded,0.00
2022,4,04/19/2022,CO,Branded,0.00
2022,4,04/20/2022,CO,Branded,0.00
2022,4,04/21/2022,CO,Branded,0.00
2022,4,04/22/2022,CO,Branded,0.00
2022,4,04/23/2022,CO,Branded,0.00
2022,4,04/24/2022,CO,Branded,0.00
2022,4,04/25/2022,CO,Branded,0.00
2022,4,04/26/2022,CO,Branded,0.00
2022,4,04/27/2022,CO,Branded,0.00
2022,4,04/28/2022,CO,Branded,0.00
2022,4,04/29/2022,CO,Branded,0.00
2022,4,04/30/2022,CO,Branded,0.00
2022,5,05/01/2022,CO,Branded,0.00
2022,5,05/02/2022,CO,Branded,0.00
2022,5,05/03/2022,CO,Branded,0.00
2022,5,05/04/2022,CO,Branded,0.00
2022,5,05/05/2022,CO,Branded,0.00
2022,5,05/06/2022,CO,Branded,0.00
2022,5,05/07/2022,CO,Branded,0.00
2022,5,05/08/2022,CO,Branded,0.00
2022,5,05/09/2022,CO,Branded,0.00
2022,5,05/10/2022,CO,Branded,0.00
2022,5,05/11/2022,CO,Branded,0.00
2022,5,05/12/2022,CO,Branded,0.00
2022,5,05/13/2022,CO,Branded,0.00
2022,5,05/14/2022,CO,Branded,0.00
2022,5,05/15/2022,CO,Branded,0.00
2022,5,05/16/2022,CO,Branded,0.00
2022,5,05/17/2022,CO,Branded,0.00
2022,5,05/18/2022,CO,Branded,0.00
2022,5,05/19/2022,CO,Branded,0.00
2022,5,05/20/2022,CO,Branded,0.00
2022,5,05/21/2022,CO,Branded,0.00
2022,5,05/22/2022,CO,Branded,0.00
2022,5,05/23/2022,CO,Branded,0.00
2022,5,05/24/2022,CO,Branded,0.00
2022,5,05/25/2022,CO,Branded,0.00
2022,5,05/26/2022,CO,Branded,0.00
2022,5,05/27/2022,CO,Branded,0.00
2022,5,05/28/2022,CO,Branded,0.00
2022,5,05/29/2022,CO,Branded,0.00
2022,5,05/30/2022,CO,Branded,0.00
2022,5,05/31/2022,CO,Branded,0.00
2022,6,06/01/2022,CO,Branded,0.00
2022,6,06/02/2022,CO,Branded,0.00
2022,6,06/03/2022,CO,Branded,0.00
2022,6,06/04/2022,CO,Branded,0.00
2022,6,06/05/2022,CO,Branded,0.00
2022,6,06/06/2022,CO,Branded,0.00
2022,6,06/07/2022,CO,Branded,0.00
2022,6,06/08/2022,CO,Branded,0.00
2022,6,06/09/2022,CO,Branded,0.00
2022,6,06/10/2022,CO,Branded,0.00
2022,6,06/11/2022,CO,Branded,0.00
2022,6,06/12/2022,CO,Branded,0.00
2022,6,06/13/2022,CO,Branded,0.00
2022,6,06/14/2022,CO,Branded,0.00
2022,6,06/15/2022,CO,Branded,0.00
2022,6,06/16/2022,CO,Branded,0.00
2022,6,06/17/2022,CO,Branded,0.00
2022,6,06/18/2022,CO,Branded,0.00
2022,6,06/19/2022,CO,Branded,0.00
2022,6,06/20/2022,CO,Branded,0.00
2022,6,06/21/2022,CO,Branded,0.00
2022,6,06/22/2022,CO,Branded,0.00
2022,6,06/23/2022,CO,Branded,0.00
2022,6,06/24/2022,CO,Branded,0.00
2022,6,06/25/2022,CO,Branded,0.00
2022,6,06/26/2022,CO,Branded,0.00
2022,6,06/27/2022,CO,Branded,0.00
2022,6,06/28/2022,CO,Branded,0.00
2022,6,06/29/2022,CO,Branded,0.00
2022,6,06/30/2022,CO,Branded,0.00
2022,7,07/01/2022,CO,Branded,0.00
2022,7,07/02/2022,CO,Branded,0.00
2022,7,07/03/2022,CO,Branded,0.00
2022,7,07/04/2022,CO,Branded,0.00
2022,7,07/05/2022,CO,Branded,0.00
2022,7,07/06/2022,CO,Branded,0.00
2022,7,07/07/2022,CO,Branded,0.00
2022,7,07/08/2022,CO,Branded,0.00
2022,7,07/09/2022,CO,Branded,0.00
2022,7,07/10/2022,CO,Branded,0.00
2022,7,07/11/2022,CO,Branded,0.00
2022,7,07/12/2022,CO,Branded,0.00
2022,7,07/13/2022,CO,Branded,0.00
2022,7,07/14/2022,CO,Branded,0.00
2022,7,07/15/2022,CO,Branded,0.00
2022,7,07/16/2022,CO,Branded,0.00
2022,7,07/17/2022,CO,Branded,0.00
2022,7,07/18/2022,CO,Branded,0.00
2022,7,07/19/2022,CO,Branded,0.00
2022,7,07/20/2022,CO,Branded,0.00
2022,7,07/21/2022,CO,Branded,0.00
2022,7,07/22/2022,CO,Branded,0.00
2022,7,07/23/2022,CO,Branded,0.00
2022,7,07/24/2022,CO,Branded,0.00
2022,7,07/25/2022,CO,Branded,0.00
2022,7,07/26/2022,CO,Branded,0.00
2022,7,07/27/2022,CO,Branded,0.00
2022,7,07/28/2022,CO,Branded,0.00
2022,7,07/29/2022,CO,Branded,0.00
2022,7,07/30/2022,CO,Branded,0.00
2022,7,07/31/2022,CO,Branded,0.00
2022,8,08/01/2022,CO,Branded,0.00
2022,8,08/02/2022,CO,Branded,0.00
2022,8,08/03/2022,CO,Branded,0.00
2022,8,08/04/2022,CO,Branded,0.00
2022,8,08/05/2022,CO,Branded,0.00
2022,8,08/06/2022,CO,Branded,0.00
2022,8,08/07/2022,CO,Branded,0.00
2022,8,08/08/2022,CO,Branded,0.00
2022,8,08/09/2022,CO,Branded,0.00
2022,8,08/10/2022,CO,Branded,0.00
2022,8,08/11/2022,CO,Branded,0.00
2022,8,08/12/2022,CO,Branded,0.00
2022,8,08/13/2022,CO,Branded,0.00
2022,8,08/14/2022,CO,Branded,0.00
2022,8,08/15/2022,CO,Branded,0.00
2022,8,08/16/2022,CO,Branded,0.00
2022,8,08/17/2022,CO,Branded,0.00
2022,8,08/18/2022,CO,Branded,0.00
2022,8,08/19/2022,CO,Branded,0.00
2022,8,08/20/2022,CO,Branded,0.00
2022,8,08/21/2022,CO,Branded,0.00
2022,8,08/22/2022,CO,Branded,0.00
2022,8,08/23/2022,CO,Branded,0.00
2022,8,08/24/2022,CO,Branded,0.00
2022,8,08/25/2022,CO,Branded,0.00
2022,8,08/26/2022,CO,Branded,0.00
2022,8,08/27/2022,CO,Branded,0.00
2022,8,08/28/2022,CO,Branded,0.00
2022,8,08/29/2022,CO,Branded,0.00
2022,8,08/30/2022,CO,Branded,0.00
2022,8,08/31/2022,CO,Branded,0.00
2022,9,09/01/2022,CO,Branded,0.00
2022,9,09/02/2022,CO,Branded,0.00
2022,9,09/03/2022,CO,Branded,0.00
2022,9,09/04/2022,CO,Branded,0.00
2022,9,09/05/2022,CO,Branded,0.00
2022,9,09/06/2022,CO,Branded,0.00
2022,9,09/07/2022,CO,Branded,0.00
2022,9,09/08/2022,CO,Branded,0.00
2022,9,09/09/2022,CO,Branded,0.00
2022,9,09/10/2022,CO,Branded,0.00
2022,9,09/11/2022,CO,Branded,0.00
2022,9,09/12/2022,CO,Branded,0.00
2022,9,09/13/2022,CO,Branded,0.00
2022,9,09/14/2022,CO,Branded,0.00
2022,9,09/15/2022,CO,Branded,0.00
2022,9,09/16/2022,CO,Branded,0.00
2022,9,09/17/2022,CO,Branded,0.00
2022,9,09/18/2022,CO,Branded,0.00
2022,9,09/19/2022,CO,Branded,0.00
2022,9,09/20/2022,CO,Branded,0.00
2022,9,09/21/2022,CO,Branded,0.00
2022,9,09/22/2022,CO,Branded,0.00
2022,9,09/23/2022,CO,Branded,0.00
2022,9,09/24/2022,CO,Branded,0.00
2022,9,09/25/2022,CO,Branded,0.00
2022,9,09/26/2022,CO,Branded,0.00
2022,9,09/27/2022,CO,Branded,0.00
2022,9,09/28/2022,CO,Branded,0.00
2022,9,09/29/2022,CO,Branded,0.00
2022,9,09/30/2022,CO,Branded,0.00
2022,10,10/01/2022,CO,Branded,0.00
2022,10,10/02/2022,CO,Branded,0.00
2022,10,10/03/2022,CO,Branded,0.00
2022,10,10/04/2022,CO,Branded,0.00
2022,10,10/05/2022,CO,Branded,0.00
2022,10,10/06/2022,CO,Branded,0.00
2022,10,10/07/2022,CO,Branded,0.00
2022,10,10/08/2022,CO,Branded,0.00
2022,10,10/09/2022,CO,Branded,0.00
2022,10,10/10/2022,CO,Branded,0.00
2022,10,10/11/2022,CO,Branded,0.00
2022,10,10/12/2022,CO,Branded,0.00
2022,10,10/13/2022,CO,Branded,0.00
2022,10,10/14/2022,CO,Branded,0.00
2022,10,10/15/2022,CO,Branded,0.00
2022,10,10/16/2022,CO,Branded,0.00
2022,10,10/17/2022,CO,Branded,0.00
2022,10,10/18/2022,CO,Branded,0.00
2022,10,10/19/2022,CO,Branded,0.00
2022,10,10/20/2022,CO,Branded,0.00
2022,10,10/21/2022,CO,Branded,0.00
2022,10,10/22/2022,CO,Branded,0.00
2022,10,10/23/2022,CO,Branded,0.00
2022,10,10/24/2022,CO,Branded,0.00
2022,10,10/25/2022,CO,Branded,0.00
2022,10,10/26/2022,CO,Branded,0.00
2022,10,10/27/2022,CO,Branded,0.00
2022,10,10/28/2022,CO,Branded,0.00
2022,10,10/29/2022,CO,Branded,0.00
2022,10,10/30/2022,CO,Branded,0.00
2022,10,10/31/2022,CO,Branded,0.00
2022,11,11/01/2022,CO,Branded,0.00
2022,11,11/02/2022,CO,Branded,0.00
2022,11,11/03/2022,CO,Branded,0.00
2022,11,11/04/2022,CO,Branded,0.00
2022,11,11/05/2022,CO,Branded,0.00
2022,11,11/06/2022,CO,Branded,0.00
2022,11,11/07/2022,CO,Branded,0.00
2022,11,11/08/2022,CO,Branded,0.00
2022,11,11/09/2022,CO,Branded,0.00
2022,11,11/10/2022,CO,Branded,0.00
2022,11,11/11/2022,CO,Branded,0.00
2022,11,11/12/2022,CO,Branded,0.00
2022,11,11/13/2022,CO,Branded,0.00
2022,11,11/14/2022,CO,Branded,0.00
2022,11,11/15/2022,CO,Branded,0.00
2022,11,11/16/2022,CO,Branded,0.00
2022,11,11/17/2022,CO,Branded,0.00
2022,11,11/18/2022,CO,Branded,0.00
2022,11,11/19/2022,CO,Branded,0.00
2022,11,11/20/2022,CO,Branded,0.00
2022,11,11/21/2022,CO,Branded,0.00
2022,11,11/22/2022,CO,Branded,0.00
2022,11,11/23/2022,CO,Branded,0.00
2022,11,11/24/2022,CO,Branded,0.00
2022,11,11/25/2022,CO,Branded,0.00
2022,11,11/26/2022,CO,Branded,0.00
2022,11,11/27/2022,CO,Branded,0.00
2022,11,11/28/2022,CO,Branded,0.00
2022,11,11/29/2022,CO,Branded,0.00
2022,11,11/30/2022,CO,Branded,0.00
2022,12,12/01/2022,CO,Branded,0.00
2022,12,12/02/2022,CO,Branded,0.00
2022,12,12/03/2022,CO,Branded,0.00
2022,12,12/04/2022,CO,Branded,0.00
2022,12,12/05/2022,CO,Branded,0.00
2022,12,12/06/2022,CO,Branded,0.00
2022,12,12/07/2022,CO,Branded,0.00
2022,12,12/08/2022,CO,Branded,0.00
2022,12,12/09/2022,CO,Branded,0.00
2022,12,12/10/2022,CO,Branded,0.00
2022,12,12/11/2022,CO,Branded,0.00
2022,12,12/12/2022,CO,Branded,0.00
2022,12,12/13/2022,CO,Branded,0.00
2022,12,12/14/2022,CO,Branded,0.00
2022,12,12/15/2022,CO,Branded,0.00
2022,12,12/16/2022,CO,Branded,0.00
2022,12,12/17/2022,CO,Branded,0.00
2022,12,12/18/2022,CO,Branded,0.00
2022,12,12/19/2022,CO,Branded,0.00
2022,12,12/20/2022,CO,Branded,0.00
2022,12,12/21/2022,CO,Branded,0.00
2022,12,12/22/2022,CO,Branded,0.00
2022,12,12/23/2022,CO,Branded,0.00
2022,12,12/24/2022,CO,Branded,0.00
2022,12,12/25/2022,CO,Branded,0.00
2022,12,12/26/2022,CO,Branded,0.00
2022,12,12/27/2022,CO,Branded,0.00
2022,12,12/28/2022,CO,Branded,0.00
2022,12,12/29/2022,CO,Branded,0.00
2022,12,12/30/2022,CO,Branded,0.00
2022,12,12/31/2022,CO,Branded,0.00
2022,1,01/01/2022,MX,Branded,228.03
2022,1,01/02/2022,MX,Branded,228.03
2022,1,01/03/2022,MX,Branded,228.03
2022,1,01/04/2022,MX,Branded,228.03
2022,1,01/05/2022,MX,Branded,228.03
2022,1,01/06/2022,MX,Branded,228.03
2022,1,01/07/2022,MX,Branded,228.03
2022,1,01/08/2022,MX,Branded,228.03
2022,1,01/09/2022,MX,Branded,228.03
2022,1,01/10/2022,MX,Branded,228.03
2022,1,01/11/2022,MX,Branded,228.03
2022,1,01/12/2022,MX,Branded,228.03
2022,1,01/13/2022,MX,Branded,228.03
2022,1,01/14/2022,MX,Branded,228.03
2022,1,01/15/2022,MX,Branded,228.03
2022,1,01/16/2022,MX,Branded,228.03
2022,1,01/17/2022,MX,Branded,228.03
2022,1,01/18/2022,MX,Branded,228.03
2022,1,01/19/2022,MX,Branded,228.03
2022,1,01/20/2022,MX,Branded,228.03
2022,1,01/21/2022,MX,Branded,228.03
2022,1,01/22/2022,MX,Branded,228.03
2022,1,01/23/2022,MX,Branded,228.03
2022,1,01/24/2022,MX,Branded,228.03
2022,1,01/25/2022,MX,Branded,228.03
2022,1,01/26/2022,MX,Branded,228.03
2022,1,01/27/2022,MX,Branded,228.03
2022,1,01/28/2022,MX,Branded,228.03
2022,1,01/29/2022,MX,Branded,228.03
2022,1,01/30/2022,MX,Branded,228.03
2022,1,01/31/2022,MX,Branded,228.03
2022,2,02/01/2022,MX,Branded,279.64
2022,2,02/02/2022,MX,Branded,279.64
2022,2,02/03/2022,MX,Branded,279.64
2022,2,02/04/2022,MX,Branded,279.64
2022,2,02/05/2022,MX,Branded,279.64
2022,2,02/06/2022,MX,Branded,279.64
2022,2,02/07/2022,MX,Branded,279.64
2022,2,02/08/2022,MX,Branded,279.64
2022,2,02/09/2022,MX,Branded,279.64
2022,2,02/10/2022,MX,Branded,279.64
2022,2,02/11/2022,MX,Branded,279.64
2022,2,02/12/2022,MX,Branded,279.64
2022,2,02/13/2022,MX,Branded,279.64
2022,2,02/14/2022,MX,Branded,279.64
2022,2,02/15/2022,MX,Branded,279.64
2022,2,02/16/2022,MX,Branded,279.64
2022,2,02/17/2022,MX,Branded,279.64
2022,2,02/18/2022,MX,Branded,279.64
2022,2,02/19/2022,MX,Branded,279.64
2022,2,02/20/2022,MX,Branded,279.64
2022,2,02/21/2022,MX,Branded,279.64
2022,2,02/22/2022,MX,Branded,279.64
2022,2,02/23/2022,MX,Branded,279.64
2022,2,02/24/2022,MX,Branded,279.64
2022,2,02/25/2022,MX,Branded,279.64
2022,2,02/26/2022,MX,Branded,279.64
2022,2,02/27/2022,MX,Branded,279.64
2022,2,02/28/2022,MX,Branded,279.64
2022,3,03/01/2022,MX,Branded,279.81
2022,3,03/02/2022,MX,Branded,279.81
2022,3,03/03/2022,MX,Branded,279.81
2022,3,03/04/2022,MX,Branded,279.81
2022,3,03/05/2022,MX,Branded,279.81
2022,3,03/06/2022,MX,Branded,279.81
2022,3,03/07/2022,MX,Branded,279.81
2022,3,03/08/2022,MX,Branded,279.81
2022,3,03/09/2022,MX,Branded,279.81
2022,3,03/10/2022,MX,Branded,279.81
2022,3,03/11/2022,MX,Branded,279.81
2022,3,03/12/2022,MX,Branded,279.81
2022,3,03/13/2022,MX,Branded,279.81
2022,3,03/14/2022,MX,Branded,279.81
2022,3,03/15/2022,MX,Branded,279.81
2022,3,03/16/2022,MX,Branded,279.81
2022,3,03/17/2022,MX,Branded,279.81
2022,3,03/18/2022,MX,Branded,279.81
2022,3,03/19/2022,MX,Branded,279.81
2022,3,03/20/2022,MX,Branded,279.81
2022,3,03/21/2022,MX,Branded,279.81
2022,3,03/22/2022,MX,Branded,279.81
2022,3,03/23/2022,MX,Branded,279.81
2022,3,03/24/2022,MX,Branded,279.81
2022,3,03/25/2022,MX,Branded,279.81
2022,3,03/26/2022,MX,Branded,279.81
2022,3,03/27/2022,MX,Branded,279.81
2022,3,03/28/2022,MX,Branded,279.81
2022,3,03/29/2022,MX,Branded,279.81
2022,3,03/30/2022,MX,Branded,279.81
2022,3,03/31/2022,MX,Branded,279.81
2022,4,04/01/2022,MX,Branded,320.27
2022,4,04/02/2022,MX,Branded,320.27
2022,4,04/03/2022,MX,Branded,320.27
2022,4,04/04/2022,MX,Branded,320.27
2022,4,04/05/2022,MX,Branded,320.27
2022,4,04/06/2022,MX,Branded,320.27
2022,4,04/07/2022,MX,Branded,320.27
2022,4,04/08/2022,MX,Branded,320.27
2022,4,04/09/2022,MX,Branded,320.27
2022,4,04/10/2022,MX,Branded,320.27
2022,4,04/11/2022,MX,Branded,320.27
2022,4,04/12/2022,MX,Branded,320.27
2022,4,04/13/2022,MX,Branded,320.27
2022,4,04/14/2022,MX,Branded,320.27
2022,4,04/15/2022,MX,Branded,320.27
2022,4,04/16/2022,MX,Branded,320.27
2022,4,04/17/2022,MX,Branded,320.27
2022,4,04/18/2022,MX,Branded,320.27
2022,4,04/19/2022,MX,Branded,320.27
2022,4,04/20/2022,MX,Branded,320.27
2022,4,04/21/2022,MX,Branded,320.27
2022,4,04/22/2022,MX,Branded,320.27
2022,4,04/23/2022,MX,Branded,320.27
2022,4,04/24/2022,MX,Branded,320.27
2022,4,04/25/2022,MX,Branded,320.27
2022,4,04/26/2022,MX,Branded,320.27
2022,4,04/27/2022,MX,Branded,320.27
2022,4,04/28/2022,MX,Branded,320.27
2022,4,04/29/2022,MX,Branded,320.27
2022,4,04/30/2022,MX,Branded,320.27
2022,5,05/01/2022,MX,Branded,343.32
2022,5,05/02/2022,MX,Branded,343.32
2022,5,05/03/2022,MX,Branded,343.32
2022,5,05/04/2022,MX,Branded,343.32
2022,5,05/05/2022,MX,Branded,343.32
2022,5,05/06/2022,MX,Branded,343.32
2022,5,05/07/2022,MX,Branded,343.32
2022,5,05/08/2022,MX,Branded,343.32
2022,5,05/09/2022,MX,Branded,343.32
2022,5,05/10/2022,MX,Branded,343.32
2022,5,05/11/2022,MX,Branded,343.32
2022,5,05/12/2022,MX,Branded,343.32
2022,5,05/13/2022,MX,Branded,343.32
2022,5,05/14/2022,MX,Branded,343.32
2022,5,05/15/2022,MX,Branded,343.32
2022,5,05/16/2022,MX,Branded,343.32
2022,5,05/17/2022,MX,Branded,343.32
2022,5,05/18/2022,MX,Branded,343.32
2022,5,05/19/2022,MX,Branded,343.32
2022,5,05/20/2022,MX,Branded,343.32
2022,5,05/21/2022,MX,Branded,343.32
2022,5,05/22/2022,MX,Branded,343.32
2022,5,05/23/2022,MX,Branded,343.32
2022,5,05/24/2022,MX,Branded,343.32
2022,5,05/25/2022,MX,Branded,343.32
2022,5,05/26/2022,MX,Branded,343.32
2022,5,05/27/2022,MX,Branded,343.32
2022,5,05/28/2022,MX,Branded,343.32
2022,5,05/29/2022,MX,Branded,343.32
2022,5,05/30/2022,MX,Branded,343.32
2022,5,05/31/2022,MX,Branded,343.32
2022,6,06/01/2022,MX,Branded,392.97
2022,6,06/02/2022,MX,Branded,392.97
2022,6,06/03/2022,MX,Branded,392.97
2022,6,06/04/2022,MX,Branded,392.97
2022,6,06/05/2022,MX,Branded,392.97
2022,6,06/06/2022,MX,Branded,392.97
2022,6,06/07/2022,MX,Branded,392.97
2022,6,06/08/2022,MX,Branded,392.97
2022,6,06/09/2022,MX,Branded,392.97
2022,6,06/10/2022,MX,Branded,392.97
2022,6,06/11/2022,MX,Branded,392.97
2022,6,06/12/2022,MX,Branded,392.97
2022,6,06/13/2022,MX,Branded,392.97
2022,6,06/14/2022,MX,Branded,392.97
2022,6,06/15/2022,MX,Branded,392.97
2022,6,06/16/2022,MX,Branded,392.97
2022,6,06/17/2022,MX,Branded,392.97
2022,6,06/18/2022,MX,Branded,392.97
2022,6,06/19/2022,MX,Branded,392.97
2022,6,06/20/2022,MX,Branded,392.97
2022,6,06/21/2022,MX,Branded,392.97
2022,6,06/22/2022,MX,Branded,392.97
2022,6,06/23/2022,MX,Branded,392.97
2022,6,06/24/2022,MX,Branded,392.97
2022,6,06/25/2022,MX,Branded,392.97
2022,6,06/26/2022,MX,Branded,392.97
2022,6,06/27/2022,MX,Branded,392.97
2022,6,06/28/2022,MX,Branded,392.97
2022,6,06/29/2022,MX,Branded,392.97
2022,6,06/30/2022,MX,Branded,392.97
2022,7,07/01/2022,MX,Branded,421.26
2022,7,07/02/2022,MX,Branded,421.26
2022,7,07/03/2022,MX,Branded,421.26
2022,7,07/04/2022,MX,Branded,421.26
2022,7,07/05/2022,MX,Branded,421.26
2022,7,07/06/2022,MX,Branded,421.26
2022,7,07/07/2022,MX,Branded,421.26
2022,7,07/08/2022,MX,Branded,421.26
2022,7,07/09/2022,MX,Branded,421.26
2022,7,07/10/2022,MX,Branded,421.26
2022,7,07/11/2022,MX,Branded,421.26
2022,7,07/12/2022,MX,Branded,421.26
2022,7,07/13/2022,MX,Branded,421.26
2022,7,07/14/2022,MX,Branded,421.26
2022,7,07/15/2022,MX,Branded,421.26
2022,7,07/16/2022,MX,Branded,421.26
2022,7,07/17/2022,MX,Branded,421.26
2022,7,07/18/2022,MX,Branded,421.26
2022,7,07/19/2022,MX,Branded,421.26
2022,7,07/20/2022,MX,Branded,421.26
2022,7,07/21/2022,MX,Branded,421.26
2022,7,07/22/2022,MX,Branded,421.26
2022,7,07/23/2022,MX,Branded,421.26
2022,7,07/24/2022,MX,Branded,421.26
2022,7,07/25/2022,MX,Branded,421.26
2022,7,07/26/2022,MX,Branded,421.26
2022,7,07/27/2022,MX,Branded,421.26
2022,7,07/28/2022,MX,Branded,421.26
2022,7,07/29/2022,MX,Branded,421.26
2022,7,07/30/2022,MX,Branded,421.26
2022,7,07/31/2022,MX,Branded,421.26
2022,8,08/01/2022,MX,Branded,466.65
2022,8,08/02/2022,MX,Branded,466.65
2022,8,08/03/2022,MX,Branded,466.65
2022,8,08/04/2022,MX,Branded,466.65
2022,8,08/05/2022,MX,Branded,466.65
2022,8,08/06/2022,MX,Branded,466.65
2022,8,08/07/2022,MX,Branded,466.65
2022,8,08/08/2022,MX,Branded,466.65
2022,8,08/09/2022,MX,Branded,466.65
2022,8,08/10/2022,MX,Branded,466.65
2022,8,08/11/2022,MX,Branded,466.65
2022,8,08/12/2022,MX,Branded,466.65
2022,8,08/13/2022,MX,Branded,466.65
2022,8,08/14/2022,MX,Branded,466.65
2022,8,08/15/2022,MX,Branded,466.65
2022,8,08/16/2022,MX,Branded,466.65
2022,8,08/17/2022,MX,Branded,466.65
2022,8,08/18/2022,MX,Branded,466.65
2022,8,08/19/2022,MX,Branded,466.65
2022,8,08/20/2022,MX,Branded,466.65
2022,8,08/21/2022,MX,Branded,466.65
2022,8,08/22/2022,MX,Branded,466.65
2022,8,08/23/2022,MX,Branded,466.65
2022,8,08/24/2022,MX,Branded,466.65
2022,8,08/25/2022,MX,Branded,466.65
2022,8,08/26/2022,MX,Branded,466.65
2022,8,08/27/2022,MX,Branded,466.65
2022,8,08/28/2022,MX,Branded,466.65
2022,8,08/29/2022,MX,Branded,466.65
2022,8,08/30/2022,MX,Branded,466.65
2022,8,08/31/2022,MX,Branded,466.65
2022,9,09/01/2022,MX,Branded,534.13
2022,9,09/02/2022,MX,Branded,534.13
2022,9,09/03/2022,MX,Branded,534.13
2022,9,09/04/2022,MX,Branded,534.13
2022,9,09/05/2022,MX,Branded,534.13
2022,9,09/06/2022,MX,Branded,534.13
2022,9,09/07/2022,MX,Branded,534.13
2022,9,09/08/2022,MX,Branded,534.13
2022,9,09/09/2022,MX,Branded,534.13
2022,9,09/10/2022,MX,Branded,534.13
2022,9,09/11/2022,MX,Branded,534.13
2022,9,09/12/2022,MX,Branded,534.13
2022,9,09/13/2022,MX,Branded,534.13
2022,9,09/14/2022,MX,Branded,534.13
2022,9,09/15/2022,MX,Branded,534.13
2022,9,09/16/2022,MX,Branded,534.13
2022,9,09/17/2022,MX,Branded,534.13
2022,9,09/18/2022,MX,Branded,534.13
2022,9,09/19/2022,MX,Branded,534.13
2022,9,09/20/2022,MX,Branded,534.13
2022,9,09/21/2022,MX,Branded,534.13
2022,9,09/22/2022,MX,Branded,534.13
2022,9,09/23/2022,MX,Branded,534.13
2022,9,09/24/2022,MX,Branded,534.13
2022,9,09/25/2022,MX,Branded,534.13
2022,9,09/26/2022,MX,Branded,534.13
2022,9,09/27/2022,MX,Branded,534.13
2022,9,09/28/2022,MX,Branded,534.13
2022,9,09/29/2022,MX,Branded,534.13
2022,9,09/30/2022,MX,Branded,534.13
2022,10,10/01/2022,MX,Branded,572.58
2022,10,10/02/2022,MX,Branded,572.58
2022,10,10/03/2022,MX,Branded,572.58
2022,10,10/04/2022,MX,Branded,572.58
2022,10,10/05/2022,MX,Branded,572.58
2022,10,10/06/2022,MX,Branded,572.58
2022,10,10/07/2022,MX,Branded,572.58
2022,10,10/08/2022,MX,Branded,572.58
2022,10,10/09/2022,MX,Branded,572.58
2022,10,10/10/2022,MX,Branded,572.58
2022,10,10/11/2022,MX,Branded,572.58
2022,10,10/12/2022,MX,Branded,572.58
2022,10,10/13/2022,MX,Branded,572.58
2022,10,10/14/2022,MX,Branded,572.58
2022,10,10/15/2022,MX,Branded,572.58
2022,10,10/16/2022,MX,Branded,572.58
2022,10,10/17/2022,MX,Branded,572.58
2022,10,10/18/2022,MX,Branded,572.58
2022,10,10/19/2022,MX,Branded,572.58
2022,10,10/20/2022,MX,Branded,572.58
2022,10,10/21/2022,MX,Branded,572.58
2022,10,10/22/2022,MX,Branded,572.58
2022,10,10/23/2022,MX,Branded,572.58
2022,10,10/24/2022,MX,Branded,572.58
2022,10,10/25/2022,MX,Branded,572.58
2022,10,10/26/2022,MX,Branded,572.58
2022,10,10/27/2022,MX,Branded,572.58
2022,10,10/28/2022,MX,Branded,572.58
2022,10,10/29/2022,MX,Branded,572.58
2022,10,10/30/2022,MX,Branded,572.58
2022,10,10/31/2022,MX,Branded,572.58
2022,11,11/01/2022,MX,Branded,655.40
2022,11,11/02/2022,MX,Branded,655.40
2022,11,11/03/2022,MX,Branded,655.40
2022,11,11/04/2022,MX,Branded,655.40
2022,11,11/05/2022,MX,Branded,655.40
2022,11,11/06/2022,MX,Branded,655.40
2022,11,11/07/2022,MX,Branded,655.40
2022,11,11/08/2022,MX,Branded,655.40
2022,11,11/09/2022,MX,Branded,655.40
2022,11,11/10/2022,MX,Branded,655.40
2022,11,11/11/2022,MX,Branded,655.40
2022,11,11/12/2022,MX,Branded,655.40
2022,11,11/13/2022,MX,Branded,655.40
2022,11,11/14/2022,MX,Branded,655.40
2022,11,11/15/2022,MX,Branded,655.40
2022,11,11/16/2022,MX,Branded,655.40
2022,11,11/17/2022,MX,Branded,655.40
2022,11,11/18/2022,MX,Branded,655.40
2022,11,11/19/2022,MX,Branded,655.40
2022,11,11/20/2022,MX,Branded,655.40
2022,11,11/21/2022,MX,Branded,655.40
2022,11,11/22/2022,MX,Branded,655.40
2022,11,11/23/2022,MX,Branded,655.40
2022,11,11/24/2022,MX,Branded,655.40
2022,11,11/25/2022,MX,Branded,655.40
2022,11,11/26/2022,MX,Branded,655.40
2022,11,11/27/2022,MX,Branded,655.40
2022,11,11/28/2022,MX,Branded,655.40
2022,11,11/29/2022,MX,Branded,655.40
2022,11,11/30/2022,MX,Branded,655.40
2022,12,12/01/2022,MX,Branded,702.58
2022,12,12/02/2022,MX,Branded,702.58
2022,12,12/03/2022,MX,Branded,702.58
2022,12,12/04/2022,MX,Branded,702.58
2022,12,12/05/2022,MX,Branded,702.58
2022,12,12/06/2022,MX,Branded,702.58
2022,12,12/07/2022,MX,Branded,702.58
2022,12,12/08/2022,MX,Branded,702.58
2022,12,12/09/2022,MX,Branded,702.58
2022,12,12/10/2022,MX,Branded,702.58
2022,12,12/11/2022,MX,Branded,702.58
2022,12,12/12/2022,MX,Branded,702.58
2022,12,12/13/2022,MX,Branded,702.58
2022,12,12/14/2022,MX,Branded,702.58
2022,12,12/15/2022,MX,Branded,702.58
2022,12,12/16/2022,MX,Branded,702.58
2022,12,12/17/2022,MX,Branded,702.58
2022,12,12/18/2022,MX,Branded,702.58
2022,12,12/19/2022,MX,Branded,702.58
2022,12,12/20/2022,MX,Branded,702.58
2022,12,12/21/2022,MX,Branded,702.58
2022,12,12/22/2022,MX,Branded,702.58
2022,12,12/23/2022,MX,Branded,702.58
2022,12,12/24/2022,MX,Branded,702.58
2022,12,12/25/2022,MX,Branded,702.58
2022,12,12/26/2022,MX,Branded,702.58
2022,12,12/27/2022,MX,Branded,702.58
2022,12,12/28/2022,MX,Branded,702.58
2022,12,12/29/2022,MX,Branded,702.58
2022,12,12/30/2022,MX,Branded,702.58
2022,12,12/31/2022,MX,Branded,702.58
2022,1,01/01/2022,AR,No Brand,0.00
2022,1,01/02/2022,AR,No Brand,0.00
2022,1,01/03/2022,AR,No Brand,0.00
2022,1,01/04/2022,AR,No Brand,0.00
2022,1,01/05/2022,AR,No Brand,0.00
2022,1,01/06/2022,AR,No Brand,0.00
2022,1,01/07/2022,AR,No Brand,0.00
2022,1,01/08/2022,AR,No Brand,0.00
2022,1,01/09/2022,AR,No Brand,0.00
2022,1,01/10/2022,AR,No Brand,0.00
2022,1,01/11/2022,AR,No Brand,0.00
2022,1,01/12/2022,AR,No Brand,0.00
2022,1,01/13/2022,AR,No Brand,0.00
2022,1,01/14/2022,AR,No Brand,0.00
2022,1,01/15/2022,AR,No Brand,0.00
2022,1,01/16/2022,AR,No Brand,0.00
2022,1,01/17/2022,AR,No Brand,0.00
2022,1,01/18/2022,AR,No Brand,0.00
2022,1,01/19/2022,AR,No Brand,0.00
2022,1,01/20/2022,AR,No Brand,0.00
2022,1,01/21/2022,AR,No Brand,0.00
2022,1,01/22/2022,AR,No Brand,0.00
2022,1,01/23/2022,AR,No Brand,0.00
2022,1,01/24/2022,AR,No Brand,0.00
2022,1,01/25/2022,AR,No Brand,0.00
2022,1,01/26/2022,AR,No Brand,0.00
2022,1,01/27/2022,AR,No Brand,0.00
2022,1,01/28/2022,AR,No Brand,0.00
2022,1,01/29/2022,AR,No Brand,0.00
2022,1,01/30/2022,AR,No Brand,0.00
2022,1,01/31/2022,AR,No Brand,0.00
2022,2,02/01/2022,AR,No Brand,0.00
2022,2,02/02/2022,AR,No Brand,0.00
2022,2,02/03/2022,AR,No Brand,0.00
2022,2,02/04/2022,AR,No Brand,0.00
2022,2,02/05/2022,AR,No Brand,0.00
2022,2,02/06/2022,AR,No Brand,0.00
2022,2,02/07/2022,AR,No Brand,0.00
2022,2,02/08/2022,AR,No Brand,0.00
2022,2,02/09/2022,AR,No Brand,0.00
2022,2,02/10/2022,AR,No Brand,0.00
2022,2,02/11/2022,AR,No Brand,0.00
2022,2,02/12/2022,AR,No Brand,0.00
2022,2,02/13/2022,AR,No Brand,0.00
2022,2,02/14/2022,AR,No Brand,0.00
2022,2,02/15/2022,AR,No Brand,0.00
2022,2,02/16/2022,AR,No Brand,0.00
2022,2,02/17/2022,AR,No Brand,0.00
2022,2,02/18/2022,AR,No Brand,0.00
2022,2,02/19/2022,AR,No Brand,0.00
2022,2,02/20/2022,AR,No Brand,0.00
2022,2,02/21/2022,AR,No Brand,0.00
2022,2,02/22/2022,AR,No Brand,0.00
2022,2,02/23/2022,AR,No Brand,0.00
2022,2,02/24/2022,AR,No Brand,0.00
2022,2,02/25/2022,AR,No Brand,0.00
2022,2,02/26/2022,AR,No Brand,0.00
2022,2,02/27/2022,AR,No Brand,0.00
2022,2,02/28/2022,AR,No Brand,0.00
2022,3,03/01/2022,AR,No Brand,0.00
2022,3,03/02/2022,AR,No Brand,0.00
2022,3,03/03/2022,AR,No Brand,0.00
2022,3,03/04/2022,AR,No Brand,0.00
2022,3,03/05/2022,AR,No Brand,0.00
2022,3,03/06/2022,AR,No Brand,0.00
2022,3,03/07/2022,AR,No Brand,0.00
2022,3,03/08/2022,AR,No Brand,0.00
2022,3,03/09/2022,AR,No Brand,0.00
2022,3,03/10/2022,AR,No Brand,0.00
2022,3,03/11/2022,AR,No Brand,0.00
2022,3,03/12/2022,AR,No Brand,0.00
2022,3,03/13/2022,AR,No Brand,0.00
2022,3,03/14/2022,AR,No Brand,0.00
2022,3,03/15/2022,AR,No Brand,0.00
2022,3,03/16/2022,AR,No Brand,0.00
2022,3,03/17/2022,AR,No Brand,0.00
2022,3,03/18/2022,AR,No Brand,0.00
2022,3,03/19/2022,AR,No Brand,0.00
2022,3,03/20/2022,AR,No Brand,0.00
2022,3,03/21/2022,AR,No Brand,0.00
2022,3,03/22/2022,AR,No Brand,0.00
2022,3,03/23/2022,AR,No Brand,0.00
2022,3,03/24/2022,AR,No Brand,0.00
2022,3,03/25/2022,AR,No Brand,0.00
2022,3,03/26/2022,AR,No Brand,0.00
2022,3,03/27/2022,AR,No Brand,0.00
2022,3,03/28/2022,AR,No Brand,0.00
2022,3,03/29/2022,AR,No Brand,0.00
2022,3,03/30/2022,AR,No Brand,0.00
2022,3,03/31/2022,AR,No Brand,0.00
2022,4,04/01/2022,AR,No Brand,0.00
2022,4,04/02/2022,AR,No Brand,0.00
2022,4,04/03/2022,AR,No Brand,0.00
2022,4,04/04/2022,AR,No Brand,0.00
2022,4,04/05/2022,AR,No Brand,0.00
2022,4,04/06/2022,AR,No Brand,0.00
2022,4,04/07/2022,AR,No Brand,0.00
2022,4,04/08/2022,AR,No Brand,0.00
2022,4,04/09/2022,AR,No Brand,0.00
2022,4,04/10/2022,AR,No Brand,0.00
2022,4,04/11/2022,AR,No Brand,0.00
2022,4,04/12/2022,AR,No Brand,0.00
2022,4,04/13/2022,AR,No Brand,0.00
2022,4,04/14/2022,AR,No Brand,0.00
2022,4,04/15/2022,AR,No Brand,0.00
2022,4,04/16/2022,AR,No Brand,0.00
2022,4,04/17/2022,AR,No Brand,0.00
2022,4,04/18/2022,AR,No Brand,0.00
2022,4,04/19/2022,AR,No Brand,0.00
2022,4,04/20/2022,AR,No Brand,0.00
2022,4,04/21/2022,AR,No Brand,0.00
2022,4,04/22/2022,AR,No Brand,0.00
2022,4,04/23/2022,AR,No Brand,0.00
2022,4,04/24/2022,AR,No Brand,0.00
2022,4,04/25/2022,AR,No Brand,0.00
2022,4,04/26/2022,AR,No Brand,0.00
2022,4,04/27/2022,AR,No Brand,0.00
2022,4,04/28/2022,AR,No Brand,0.00
2022,4,04/29/2022,AR,No Brand,0.00
2022,4,04/30/2022,AR,No Brand,0.00
2022,5,05/01/2022,AR,No Brand,0.00
2022,5,05/02/2022,AR,No Brand,0.00
2022,5,05/03/2022,AR,No Brand,0.00
2022,5,05/04/2022,AR,No Brand,0.00
2022,5,05/05/2022,AR,No Brand,0.00
2022,5,05/06/2022,AR,No Brand,0.00
2022,5,05/07/2022,AR,No Brand,0.00
2022,5,05/08/2022,AR,No Brand,0.00
2022,5,05/09/2022,AR,No Brand,0.00
2022,5,05/10/2022,AR,No Brand,0.00
2022,5,05/11/2022,AR,No Brand,0.00
2022,5,05/12/2022,AR,No Brand,0.00
2022,5,05/13/2022,AR,No Brand,0.00
2022,5,05/14/2022,AR,No Brand,0.00
2022,5,05/15/2022,AR,No Brand,0.00
2022,5,05/16/2022,AR,No Brand,0.00
2022,5,05/17/2022,AR,No Brand,0.00
2022,5,05/18/2022,AR,No Brand,0.00
2022,5,05/19/2022,AR,No Brand,0.00
2022,5,05/20/2022,AR,No Brand,0.00
2022,5,05/21/2022,AR,No Brand,0.00
2022,5,05/22/2022,AR,No Brand,0.00
2022,5,05/23/2022,AR,No Brand,0.00
2022,5,05/24/2022,AR,No Brand,0.00
2022,5,05/25/2022,AR,No Brand,0.00
2022,5,05/26/2022,AR,No Brand,0.00
2022,5,05/27/2022,AR,No Brand,0.00
2022,5,05/28/2022,AR,No Brand,0.00
2022,5,05/29/2022,AR,No Brand,0.00
2022,5,05/30/2022,AR,No Brand,0.00
2022,5,05/31/2022,AR,No Brand,0.00
2022,6,06/01/2022,AR,No Brand,0.00
2022,6,06/02/2022,AR,No Brand,0.00
2022,6,06/03/2022,AR,No Brand,0.00
2022,6,06/04/2022,AR,No Brand,0.00
2022,6,06/05/2022,AR,No Brand,0.00
2022,6,06/06/2022,AR,No Brand,0.00
2022,6,06/07/2022,AR,No Brand,0.00
2022,6,06/08/2022,AR,No Brand,0.00
2022,6,06/09/2022,AR,No Brand,0.00
2022,6,06/10/2022,AR,No Brand,0.00
2022,6,06/11/2022,AR,No Brand,0.00
2022,6,06/12/2022,AR,No Brand,0.00
2022,6,06/13/2022,AR,No Brand,0.00
2022,6,06/14/2022,AR,No Brand,0.00
2022,6,06/15/2022,AR,No Brand,0.00
2022,6,06/16/2022,AR,No Brand,0.00
2022,6,06/17/2022,AR,No Brand,0.00
2022,6,06/18/2022,AR,No Brand,0.00
2022,6,06/19/2022,AR,No Brand,0.00
2022,6,06/20/2022,AR,No Brand,0.00
2022,6,06/21/2022,AR,No Brand,0.00
2022,6,06/22/2022,AR,No Brand,0.00
2022,6,06/23/2022,AR,No Brand,0.00
2022,6,06/24/2022,AR,No Brand,0.00
2022,6,06/25/2022,AR,No Brand,0.00
2022,6,06/26/2022,AR,No Brand,0.00
2022,6,06/27/2022,AR,No Brand,0.00
2022,6,06/28/2022,AR,No Brand,0.00
2022,6,06/29/2022,AR,No Brand,0.00
2022,6,06/30/2022,AR,No Brand,0.00
2022,7,07/01/2022,AR,No Brand,0.00
2022,7,07/02/2022,AR,No Brand,0.00
2022,7,07/03/2022,AR,No Brand,0.00
2022,7,07/04/2022,AR,No Brand,0.00
2022,7,07/05/2022,AR,No Brand,0.00
2022,7,07/06/2022,AR,No Brand,0.00
2022,7,07/07/2022,AR,No Brand,0.00
2022,7,07/08/2022,AR,No Brand,0.00
2022,7,07/09/2022,AR,No Brand,0.00
2022,7,07/10/2022,AR,No Brand,0.00
2022,7,07/11/2022,AR,No Brand,0.00
2022,7,07/12/2022,AR,No Brand,0.00
2022,7,07/13/2022,AR,No Brand,0.00
2022,7,07/14/2022,AR,No Brand,0.00
2022,7,07/15/2022,AR,No Brand,0.00
2022,7,07/16/2022,AR,No Brand,0.00
2022,7,07/17/2022,AR,No Brand,0.00
2022,7,07/18/2022,AR,No Brand,0.00
2022,7,07/19/2022,AR,No Brand,0.00
2022,7,07/20/2022,AR,No Brand,0.00
2022,7,07/21/2022,AR,No Brand,0.00
2022,7,07/22/2022,AR,No Brand,0.00
2022,7,07/23/2022,AR,No Brand,0.00
2022,7,07/24/2022,AR,No Brand,0.00
2022,7,07/25/2022,AR,No Brand,0.00
2022,7,07/26/2022,AR,No Brand,0.00
2022,7,07/27/2022,AR,No Brand,0.00
2022,7,07/28/2022,AR,No Brand,0.00
2022,7,07/29/2022,AR,No Brand,0.00
2022,7,07/30/2022,AR,No Brand,0.00
2022,7,07/31/2022,AR,No Brand,0.00
2022,8,08/01/2022,AR,No Brand,0.00
2022,8,08/02/2022,AR,No Brand,0.00
2022,8,08/03/2022,AR,No Brand,0.00
2022,8,08/04/2022,AR,No Brand,0.00
2022,8,08/05/2022,AR,No Brand,0.00
2022,8,08/06/2022,AR,No Brand,0.00
2022,8,08/07/2022,AR,No Brand,0.00
2022,8,08/08/2022,AR,No Brand,0.00
2022,8,08/09/2022,AR,No Brand,0.00
2022,8,08/10/2022,AR,No Brand,0.00
2022,8,08/11/2022,AR,No Brand,0.00
2022,8,08/12/2022,AR,No Brand,0.00
2022,8,08/13/2022,AR,No Brand,0.00
2022,8,08/14/2022,AR,No Brand,0.00
2022,8,08/15/2022,AR,No Brand,0.00
2022,8,08/16/2022,AR,No Brand,0.00
2022,8,08/17/2022,AR,No Brand,0.00
2022,8,08/18/2022,AR,No Brand,0.00
2022,8,08/19/2022,AR,No Brand,0.00
2022,8,08/20/2022,AR,No Brand,0.00
2022,8,08/21/2022,AR,No Brand,0.00
2022,8,08/22/2022,AR,No Brand,0.00
2022,8,08/23/2022,AR,No Brand,0.00
2022,8,08/24/2022,AR,No Brand,0.00
2022,8,08/25/2022,AR,No Brand,0.00
2022,8,08/26/2022,AR,No Brand,0.00
2022,8,08/27/2022,AR,No Brand,0.00
2022,8,08/28/2022,AR,No Brand,0.00
2022,8,08/29/2022,AR,No Brand,0.00
2022,8,08/30/2022,AR,No Brand,0.00
2022,8,08/31/2022,AR,No Brand,0.00
2022,9,09/01/2022,AR,No Brand,0.00
2022,9,09/02/2022,AR,No Brand,0.00
2022,9,09/03/2022,AR,No Brand,0.00
2022,9,09/04/2022,AR,No Brand,0.00
2022,9,09/05/2022,AR,No Brand,0.00
2022,9,09/06/2022,AR,No Brand,0.00
2022,9,09/07/2022,AR,No Brand,0.00
2022,9,09/08/2022,AR,No Brand,0.00
2022,9,09/09/2022,AR,No Brand,0.00
2022,9,09/10/2022,AR,No Brand,0.00
2022,9,09/11/2022,AR,No Brand,0.00
2022,9,09/12/2022,AR,No Brand,0.00
2022,9,09/13/2022,AR,No Brand,0.00
2022,9,09/14/2022,AR,No Brand,0.00
2022,9,09/15/2022,AR,No Brand,0.00
2022,9,09/16/2022,AR,No Brand,0.00
2022,9,09/17/2022,AR,No Brand,0.00
2022,9,09/18/2022,AR,No Brand,0.00
2022,9,09/19/2022,AR,No Brand,0.00
2022,9,09/20/2022,AR,No Brand,0.00
2022,9,09/21/2022,AR,No Brand,0.00
2022,9,09/22/2022,AR,No Brand,0.00
2022,9,09/23/2022,AR,No Brand,0.00
2022,9,09/24/2022,AR,No Brand,0.00
2022,9,09/25/2022,AR,No Brand,0.00
2022,9,09/26/2022,AR,No Brand,0.00
2022,9,09/27/2022,AR,No Brand,0.00
2022,9,09/28/2022,AR,No Brand,0.00
2022,9,09/29/2022,AR,No Brand,0.00
2022,9,09/30/2022,AR,No Brand,0.00
2022,10,10/01/2022,AR,No Brand,0.00
2022,10,10/02/2022,AR,No Brand,0.00
2022,10,10/03/2022,AR,No Brand,0.00
2022,10,10/04/2022,AR,No Brand,0.00
2022,10,10/05/2022,AR,No Brand,0.00
2022,10,10/06/2022,AR,No Brand,0.00
2022,10,10/07/2022,AR,No Brand,0.00
2022,10,10/08/2022,AR,No Brand,0.00
2022,10,10/09/2022,AR,No Brand,0.00
2022,10,10/10/2022,AR,No Brand,0.00
2022,10,10/11/2022,AR,No Brand,0.00
2022,10,10/12/2022,AR,No Brand,0.00
2022,10,10/13/2022,AR,No Brand,0.00
2022,10,10/14/2022,AR,No Brand,0.00
2022,10,10/15/2022,AR,No Brand,0.00
2022,10,10/16/2022,AR,No Brand,0.00
2022,10,10/17/2022,AR,No Brand,0.00
2022,10,10/18/2022,AR,No Brand,0.00
2022,10,10/19/2022,AR,No Brand,0.00
2022,10,10/20/2022,AR,No Brand,0.00
2022,10,10/21/2022,AR,No Brand,0.00
2022,10,10/22/2022,AR,No Brand,0.00
2022,10,10/23/2022,AR,No Brand,0.00
2022,10,10/24/2022,AR,No Brand,0.00
2022,10,10/25/2022,AR,No Brand,0.00
2022,10,10/26/2022,AR,No Brand,0.00
2022,10,10/27/2022,AR,No Brand,0.00
2022,10,10/28/2022,AR,No Brand,0.00
2022,10,10/29/2022,AR,No Brand,0.00
2022,10,10/30/2022,AR,No Brand,0.00
2022,10,10/31/2022,AR,No Brand,0.00
2022,11,11/01/2022,AR,No Brand,0.00
2022,11,11/02/2022,AR,No Brand,0.00
2022,11,11/03/2022,AR,No Brand,0.00
2022,11,11/04/2022,AR,No Brand,0.00
2022,11,11/05/2022,AR,No Brand,0.00
2022,11,11/06/2022,AR,No Brand,0.00
2022,11,11/07/2022,AR,No Brand,0.00
2022,11,11/08/2022,AR,No Brand,0.00
2022,11,11/09/2022,AR,No Brand,0.00
2022,11,11/10/2022,AR,No Brand,0.00
2022,11,11/11/2022,AR,No Brand,0.00
2022,11,11/12/2022,AR,No Brand,0.00
2022,11,11/13/2022,AR,No Brand,0.00
2022,11,11/14/2022,AR,No Brand,0.00
2022,11,11/15/2022,AR,No Brand,0.00
2022,11,11/16/2022,AR,No Brand,0.00
2022,11,11/17/2022,AR,No Brand,0.00
2022,11,11/18/2022,AR,No Brand,0.00
2022,11,11/19/2022,AR,No Brand,0.00
2022,11,11/20/2022,AR,No Brand,0.00
2022,11,11/21/2022,AR,No Brand,0.00
2022,11,11/22/2022,AR,No Brand,0.00
2022,11,11/23/2022,AR,No Brand,0.00
2022,11,11/24/2022,AR,No Brand,0.00
2022,11,11/25/2022,AR,No Brand,0.00
2022,11,11/26/2022,AR,No Brand,0.00
2022,11,11/27/2022,AR,No Brand,0.00
2022,11,11/28/2022,AR,No Brand,0.00
2022,11,11/29/2022,AR,No Brand,0.00
2022,11,11/30/2022,AR,No Brand,0.00
2022,12,12/01/2022,AR,No Brand,0.00
2022,12,12/02/2022,AR,No Brand,0.00
2022,12,12/03/2022,AR,No Brand,0.00
2022,12,12/04/2022,AR,No Brand,0.00
2022,12,12/05/2022,AR,No Brand,0.00
2022,12,12/06/2022,AR,No Brand,0.00
2022,12,12/07/2022,AR,No Brand,0.00
2022,12,12/08/2022,AR,No Brand,0.00
2022,12,12/09/2022,AR,No Brand,0.00
2022,12,12/10/2022,AR,No Brand,0.00
2022,12,12/11/2022,AR,No Brand,0.00
2022,12,12/12/2022,AR,No Brand,0.00
2022,12,12/13/2022,AR,No Brand,0.00
2022,12,12/14/2022,AR,No Brand,0.00
2022,12,12/15/2022,AR,No Brand,0.00
2022,12,12/16/2022,AR,No Brand,0.00
2022,12,12/17/2022,AR,No Brand,0.00
2022,12,12/18/2022,AR,No Brand,0.00
2022,12,12/19/2022,AR,No Brand,0.00
2022,12,12/20/2022,AR,No Brand,0.00
2022,12,12/21/2022,AR,No Brand,0.00
2022,12,12/22/2022,AR,No Brand,0.00
2022,12,12/23/2022,AR,No Brand,0.00
2022,12,12/24/2022,AR,No Brand,0.00
2022,12,12/25/2022,AR,No Brand,0.00
2022,12,12/26/2022,AR,No Brand,0.00
2022,12,12/27/2022,AR,No Brand,0.00
2022,12,12/28/2022,AR,No Brand,0.00
2022,12,12/29/2022,AR,No Brand,0.00
2022,12,12/30/2022,AR,No Brand,0.00
2022,12,12/31/2022,AR,No Brand,0.00
2022,1,01/01/2022,BR,No Brand,0.00
2022,1,01/02/2022,BR,No Brand,0.00
2022,1,01/03/2022,BR,No Brand,0.00
2022,1,01/04/2022,BR,No Brand,0.00
2022,1,01/05/2022,BR,No Brand,0.00
2022,1,01/06/2022,BR,No Brand,0.00
2022,1,01/07/2022,BR,No Brand,0.00
2022,1,01/08/2022,BR,No Brand,0.00
2022,1,01/09/2022,BR,No Brand,0.00
2022,1,01/10/2022,BR,No Brand,0.00
2022,1,01/11/2022,BR,No Brand,0.00
2022,1,01/12/2022,BR,No Brand,0.00
2022,1,01/13/2022,BR,No Brand,0.00
2022,1,01/14/2022,BR,No Brand,0.00
2022,1,01/15/2022,BR,No Brand,0.00
2022,1,01/16/2022,BR,No Brand,0.00
2022,1,01/17/2022,BR,No Brand,0.00
2022,1,01/18/2022,BR,No Brand,0.00
2022,1,01/19/2022,BR,No Brand,0.00
2022,1,01/20/2022,BR,No Brand,0.00
2022,1,01/21/2022,BR,No Brand,0.00
2022,1,01/22/2022,BR,No Brand,0.00
2022,1,01/23/2022,BR,No Brand,0.00
2022,1,01/24/2022,BR,No Brand,0.00
2022,1,01/25/2022,BR,No Brand,0.00
2022,1,01/26/2022,BR,No Brand,0.00
2022,1,01/27/2022,BR,No Brand,0.00
2022,1,01/28/2022,BR,No Brand,0.00
2022,1,01/29/2022,BR,No Brand,0.00
2022,1,01/30/2022,BR,No Brand,0.00
2022,1,01/31/2022,BR,No Brand,0.00
2022,2,02/01/2022,BR,No Brand,0.00
2022,2,02/02/2022,BR,No Brand,0.00
2022,2,02/03/2022,BR,No Brand,0.00
2022,2,02/04/2022,BR,No Brand,0.00
2022,2,02/05/2022,BR,No Brand,0.00
2022,2,02/06/2022,BR,No Brand,0.00
2022,2,02/07/2022,BR,No Brand,0.00
2022,2,02/08/2022,BR,No Brand,0.00
2022,2,02/09/2022,BR,No Brand,0.00
2022,2,02/10/2022,BR,No Brand,0.00
2022,2,02/11/2022,BR,No Brand,0.00
2022,2,02/12/2022,BR,No Brand,0.00
2022,2,02/13/2022,BR,No Brand,0.00
2022,2,02/14/2022,BR,No Brand,0.00
2022,2,02/15/2022,BR,No Brand,0.00
2022,2,02/16/2022,BR,No Brand,0.00
2022,2,02/17/2022,BR,No Brand,0.00
2022,2,02/18/2022,BR,No Brand,0.00
2022,2,02/19/2022,BR,No Brand,0.00
2022,2,02/20/2022,BR,No Brand,0.00
2022,2,02/21/2022,BR,No Brand,0.00
2022,2,02/22/2022,BR,No Brand,0.00
2022,2,02/23/2022,BR,No Brand,0.00
2022,2,02/24/2022,BR,No Brand,0.00
2022,2,02/25/2022,BR,No Brand,0.00
2022,2,02/26/2022,BR,No Brand,0.00
2022,2,02/27/2022,BR,No Brand,0.00
2022,2,02/28/2022,BR,No Brand,0.00
2022,3,03/01/2022,BR,No Brand,0.00
2022,3,03/02/2022,BR,No Brand,0.00
2022,3,03/03/2022,BR,No Brand,0.00
2022,3,03/04/2022,BR,No Brand,0.00
2022,3,03/05/2022,BR,No Brand,0.00
2022,3,03/06/2022,BR,No Brand,0.00
2022,3,03/07/2022,BR,No Brand,0.00
2022,3,03/08/2022,BR,No Brand,0.00
2022,3,03/09/2022,BR,No Brand,0.00
2022,3,03/10/2022,BR,No Brand,0.00
2022,3,03/11/2022,BR,No Brand,0.00
2022,3,03/12/2022,BR,No Brand,0.00
2022,3,03/13/2022,BR,No Brand,0.00
2022,3,03/14/2022,BR,No Brand,0.00
2022,3,03/15/2022,BR,No Brand,0.00
2022,3,03/16/2022,BR,No Brand,0.00
2022,3,03/17/2022,BR,No Brand,0.00
2022,3,03/18/2022,BR,No Brand,0.00
2022,3,03/19/2022,BR,No Brand,0.00
2022,3,03/20/2022,BR,No Brand,0.00
2022,3,03/21/2022,BR,No Brand,0.00
2022,3,03/22/2022,BR,No Brand,0.00
2022,3,03/23/2022,BR,No Brand,0.00
2022,3,03/24/2022,BR,No Brand,0.00
2022,3,03/25/2022,BR,No Brand,0.00
2022,3,03/26/2022,BR,No Brand,0.00
2022,3,03/27/2022,BR,No Brand,0.00
2022,3,03/28/2022,BR,No Brand,0.00
2022,3,03/29/2022,BR,No Brand,0.00
2022,3,03/30/2022,BR,No Brand,0.00
2022,3,03/31/2022,BR,No Brand,0.00
2022,4,04/01/2022,BR,No Brand,0.00
2022,4,04/02/2022,BR,No Brand,0.00
2022,4,04/03/2022,BR,No Brand,0.00
2022,4,04/04/2022,BR,No Brand,0.00
2022,4,04/05/2022,BR,No Brand,0.00
2022,4,04/06/2022,BR,No Brand,0.00
2022,4,04/07/2022,BR,No Brand,0.00
2022,4,04/08/2022,BR,No Brand,0.00
2022,4,04/09/2022,BR,No Brand,0.00
2022,4,04/10/2022,BR,No Brand,0.00
2022,4,04/11/2022,BR,No Brand,0.00
2022,4,04/12/2022,BR,No Brand,0.00
2022,4,04/13/2022,BR,No Brand,0.00
2022,4,04/14/2022,BR,No Brand,0.00
2022,4,04/15/2022,BR,No Brand,0.00
2022,4,04/16/2022,BR,No Brand,0.00
2022,4,04/17/2022,BR,No Brand,0.00
2022,4,04/18/2022,BR,No Brand,0.00
2022,4,04/19/2022,BR,No Brand,0.00
2022,4,04/20/2022,BR,No Brand,0.00
2022,4,04/21/2022,BR,No Brand,0.00
2022,4,04/22/2022,BR,No Brand,0.00
2022,4,04/23/2022,BR,No Brand,0.00
2022,4,04/24/2022,BR,No Brand,0.00
2022,4,04/25/2022,BR,No Brand,0.00
2022,4,04/26/2022,BR,No Brand,0.00
2022,4,04/27/2022,BR,No Brand,0.00
2022,4,04/28/2022,BR,No Brand,0.00
2022,4,04/29/2022,BR,No Brand,0.00
2022,4,04/30/2022,BR,No Brand,0.00
2022,5,05/01/2022,BR,No Brand,0.00
2022,5,05/02/2022,BR,No Brand,0.00
2022,5,05/03/2022,BR,No Brand,0.00
2022,5,05/04/2022,BR,No Brand,0.00
2022,5,05/05/2022,BR,No Brand,0.00
2022,5,05/06/2022,BR,No Brand,0.00
2022,5,05/07/2022,BR,No Brand,0.00
2022,5,05/08/2022,BR,No Brand,0.00
2022,5,05/09/2022,BR,No Brand,0.00
2022,5,05/10/2022,BR,No Brand,0.00
2022,5,05/11/2022,BR,No Brand,0.00
2022,5,05/12/2022,BR,No Brand,0.00
2022,5,05/13/2022,BR,No Brand,0.00
2022,5,05/14/2022,BR,No Brand,0.00
2022,5,05/15/2022,BR,No Brand,0.00
2022,5,05/16/2022,BR,No Brand,0.00
2022,5,05/17/2022,BR,No Brand,0.00
2022,5,05/18/2022,BR,No Brand,0.00
2022,5,05/19/2022,BR,No Brand,0.00
2022,5,05/20/2022,BR,No Brand,0.00
2022,5,05/21/2022,BR,No Brand,0.00
2022,5,05/22/2022,BR,No Brand,0.00
2022,5,05/23/2022,BR,No Brand,0.00
2022,5,05/24/2022,BR,No Brand,0.00
2022,5,05/25/2022,BR,No Brand,0.00
2022,5,05/26/2022,BR,No Brand,0.00
2022,5,05/27/2022,BR,No Brand,0.00
2022,5,05/28/2022,BR,No Brand,0.00
2022,5,05/29/2022,BR,No Brand,0.00
2022,5,05/30/2022,BR,No Brand,0.00
2022,5,05/31/2022,BR,No Brand,0.00
2022,6,06/01/2022,BR,No Brand,0.00
2022,6,06/02/2022,BR,No Brand,0.00
2022,6,06/03/2022,BR,No Brand,0.00
2022,6,06/04/2022,BR,No Brand,0.00
2022,6,06/05/2022,BR,No Brand,0.00
2022,6,06/06/2022,BR,No Brand,0.00
2022,6,06/07/2022,BR,No Brand,0.00
2022,6,06/08/2022,BR,No Brand,0.00
2022,6,06/09/2022,BR,No Brand,0.00
2022,6,06/10/2022,BR,No Brand,0.00
2022,6,06/11/2022,BR,No Brand,0.00
2022,6,06/12/2022,BR,No Brand,0.00
2022,6,06/13/2022,BR,No Brand,0.00
2022,6,06/14/2022,BR,No Brand,0.00
2022,6,06/15/2022,BR,No Brand,0.00
2022,6,06/16/2022,BR,No Brand,0.00
2022,6,06/17/2022,BR,No Brand,0.00
2022,6,06/18/2022,BR,No Brand,0.00
2022,6,06/19/2022,BR,No Brand,0.00
2022,6,06/20/2022,BR,No Brand,0.00
2022,6,06/21/2022,BR,No Brand,0.00
2022,6,06/22/2022,BR,No Brand,0.00
2022,6,06/23/2022,BR,No Brand,0.00
2022,6,06/24/2022,BR,No Brand,0.00
2022,6,06/25/2022,BR,No Brand,0.00
2022,6,06/26/2022,BR,No Brand,0.00
2022,6,06/27/2022,BR,No Brand,0.00
2022,6,06/28/2022,BR,No Brand,0.00
2022,6,06/29/2022,BR,No Brand,0.00
2022,6,06/30/2022,BR,No Brand,0.00
2022,7,07/01/2022,BR,No Brand,0.00
2022,7,07/02/2022,BR,No Brand,0.00
2022,7,07/03/2022,BR,No Brand,0.00
2022,7,07/04/2022,BR,No Brand,0.00
2022,7,07/05/2022,BR,No Brand,0.00
2022,7,07/06/2022,BR,No Brand,0.00
2022,7,07/07/2022,BR,No Brand,0.00
2022,7,07/08/2022,BR,No Brand,0.00
2022,7,07/09/2022,BR,No Brand,0.00
2022,7,07/10/2022,BR,No Brand,0.00
2022,7,07/11/2022,BR,No Brand,0.00
2022,7,07/12/2022,BR,No Brand,0.00
2022,7,07/13/2022,BR,No Brand,0.00
2022,7,07/14/2022,BR,No Brand,0.00
2022,7,07/15/2022,BR,No Brand,0.00
2022,7,07/16/2022,BR,No Brand,0.00
2022,7,07/17/2022,BR,No Brand,0.00
2022,7,07/18/2022,BR,No Brand,0.00
2022,7,07/19/2022,BR,No Brand,0.00
2022,7,07/20/2022,BR,No Brand,0.00
2022,7,07/21/2022,BR,No Brand,0.00
2022,7,07/22/2022,BR,No Brand,0.00
2022,7,07/23/2022,BR,No Brand,0.00
2022,7,07/24/2022,BR,No Brand,0.00
2022,7,07/25/2022,BR,No Brand,0.00
2022,7,07/26/2022,BR,No Brand,0.00
2022,7,07/27/2022,BR,No Brand,0.00
2022,7,07/28/2022,BR,No Brand,0.00
2022,7,07/29/2022,BR,No Brand,0.00
2022,7,07/30/2022,BR,No Brand,0.00
2022,7,07/31/2022,BR,No Brand,0.00
2022,8,08/01/2022,BR,No Brand,0.00
2022,8,08/02/2022,BR,No Brand,0.00
2022,8,08/03/2022,BR,No Brand,0.00
2022,8,08/04/2022,BR,No Brand,0.00
2022,8,08/05/2022,BR,No Brand,0.00
2022,8,08/06/2022,BR,No Brand,0.00
2022,8,08/07/2022,BR,No Brand,0.00
2022,8,08/08/2022,BR,No Brand,0.00
2022,8,08/09/2022,BR,No Brand,0.00
2022,8,08/10/2022,BR,No Brand,0.00
2022,8,08/11/2022,BR,No Brand,0.00
2022,8,08/12/2022,BR,No Brand,0.00
2022,8,08/13/2022,BR,No Brand,0.00
2022,8,08/14/2022,BR,No Brand,0.00
2022,8,08/15/2022,BR,No Brand,0.00
2022,8,08/16/2022,BR,No Brand,0.00
2022,8,08/17/2022,BR,No Brand,0.00
2022,8,08/18/2022,BR,No Brand,0.00
2022,8,08/19/2022,BR,No Brand,0.00
2022,8,08/20/2022,BR,No Brand,0.00
2022,8,08/21/2022,BR,No Brand,0.00
2022,8,08/22/2022,BR,No Brand,0.00
2022,8,08/23/2022,BR,No Brand,0.00
2022,8,08/24/2022,BR,No Brand,0.00
2022,8,08/25/2022,BR,No Brand,0.00
2022,8,08/26/2022,BR,No Brand,0.00
2022,8,08/27/2022,BR,No Brand,0.00
2022,8,08/28/2022,BR,No Brand,0.00
2022,8,08/29/2022,BR,No Brand,0.00
2022,8,08/30/2022,BR,No Brand,0.00
2022,8,08/31/2022,BR,No Brand,0.00
2022,9,09/01/2022,BR,No Brand,0.00
2022,9,09/02/2022,BR,No Brand,0.00
2022,9,09/03/2022,BR,No Brand,0.00
2022,9,09/04/2022,BR,No Brand,0.00
2022,9,09/05/2022,BR,No Brand,0.00
2022,9,09/06/2022,BR,No Brand,0.00
2022,9,09/07/2022,BR,No Brand,0.00
2022,9,09/08/2022,BR,No Brand,0.00
2022,9,09/09/2022,BR,No Brand,0.00
2022,9,09/10/2022,BR,No Brand,0.00
2022,9,09/11/2022,BR,No Brand,0.00
2022,9,09/12/2022,BR,No Brand,0.00
2022,9,09/13/2022,BR,No Brand,0.00
2022,9,09/14/2022,BR,No Brand,0.00
2022,9,09/15/2022,BR,No Brand,0.00
2022,9,09/16/2022,BR,No Brand,0.00
2022,9,09/17/2022,BR,No Brand,0.00
2022,9,09/18/2022,BR,No Brand,0.00
2022,9,09/19/2022,BR,No Brand,0.00
2022,9,09/20/2022,BR,No Brand,0.00
2022,9,09/21/2022,BR,No Brand,0.00
2022,9,09/22/2022,BR,No Brand,0.00
2022,9,09/23/2022,BR,No Brand,0.00
2022,9,09/24/2022,BR,No Brand,0.00
2022,9,09/25/2022,BR,No Brand,0.00
2022,9,09/26/2022,BR,No Brand,0.00
2022,9,09/27/2022,BR,No Brand,0.00
2022,9,09/28/2022,BR,No Brand,0.00
2022,9,09/29/2022,BR,No Brand,0.00
2022,9,09/30/2022,BR,No Brand,0.00
2022,10,10/01/2022,BR,No Brand,0.00
2022,10,10/02/2022,BR,No Brand,0.00
2022,10,10/03/2022,BR,No Brand,0.00
2022,10,10/04/2022,BR,No Brand,0.00
2022,10,10/05/2022,BR,No Brand,0.00
2022,10,10/06/2022,BR,No Brand,0.00
2022,10,10/07/2022,BR,No Brand,0.00
2022,10,10/08/2022,BR,No Brand,0.00
2022,10,10/09/2022,BR,No Brand,0.00
2022,10,10/10/2022,BR,No Brand,0.00
2022,10,10/11/2022,BR,No Brand,0.00
2022,10,10/12/2022,BR,No Brand,0.00
2022,10,10/13/2022,BR,No Brand,0.00
2022,10,10/14/2022,BR,No Brand,0.00
2022,10,10/15/2022,BR,No Brand,0.00
2022,10,10/16/2022,BR,No Brand,0.00
2022,10,10/17/2022,BR,No Brand,0.00
2022,10,10/18/2022,BR,No Brand,0.00
2022,10,10/19/2022,BR,No Brand,0.00
2022,10,10/20/2022,BR,No Brand,0.00
2022,10,10/21/2022,BR,No Brand,0.00
2022,10,10/22/2022,BR,No Brand,0.00
2022,10,10/23/2022,BR,No Brand,0.00
2022,10,10/24/2022,BR,No Brand,0.00
2022,10,10/25/2022,BR,No Brand,0.00
2022,10,10/26/2022,BR,No Brand,0.00
2022,10,10/27/2022,BR,No Brand,0.00
2022,10,10/28/2022,BR,No Brand,0.00
2022,10,10/29/2022,BR,No Brand,0.00
2022,10,10/30/2022,BR,No Brand,0.00
2022,10,10/31/2022,BR,No Brand,0.00
2022,11,11/01/2022,BR,No Brand,0.00
2022,11,11/02/2022,BR,No Brand,0.00
2022,11,11/03/2022,BR,No Brand,0.00
2022,11,11/04/2022,BR,No Brand,0.00
2022,11,11/05/2022,BR,No Brand,0.00
2022,11,11/06/2022,BR,No Brand,0.00
2022,11,11/07/2022,BR,No Brand,0.00
2022,11,11/08/2022,BR,No Brand,0.00
2022,11,11/09/2022,BR,No Brand,0.00
2022,11,11/10/2022,BR,No Brand,0.00
2022,11,11/11/2022,BR,No Brand,0.00
2022,11,11/12/2022,BR,No Brand,0.00
2022,11,11/13/2022,BR,No Brand,0.00
2022,11,11/14/2022,BR,No Brand,0.00
2022,11,11/15/2022,BR,No Brand,0.00
2022,11,11/16/2022,BR,No Brand,0.00
2022,11,11/17/2022,BR,No Brand,0.00
2022,11,11/18/2022,BR,No Brand,0.00
2022,11,11/19/2022,BR,No Brand,0.00
2022,11,11/20/2022,BR,No Brand,0.00
2022,11,11/21/2022,BR,No Brand,0.00
2022,11,11/22/2022,BR,No Brand,0.00
2022,11,11/23/2022,BR,No Brand,0.00
2022,11,11/24/2022,BR,No Brand,0.00
2022,11,11/25/2022,BR,No Brand,0.00
2022,11,11/26/2022,BR,No Brand,0.00
2022,11,11/27/2022,BR,No Brand,0.00
2022,11,11/28/2022,BR,No Brand,0.00
2022,11,11/29/2022,BR,No Brand,0.00
2022,11,11/30/2022,BR,No Brand,0.00
2022,12,12/01/2022,BR,No Brand,0.00
2022,12,12/02/2022,BR,No Brand,0.00
2022,12,12/03/2022,BR,No Brand,0.00
2022,12,12/04/2022,BR,No Brand,0.00
2022,12,12/05/2022,BR,No Brand,0.00
2022,12,12/06/2022,BR,No Brand,0.00
2022,12,12/07/2022,BR,No Brand,0.00
2022,12,12/08/2022,BR,No Brand,0.00
2022,12,12/09/2022,BR,No Brand,0.00
2022,12,12/10/2022,BR,No Brand,0.00
2022,12,12/11/2022,BR,No Brand,0.00
2022,12,12/12/2022,BR,No Brand,0.00
2022,12,12/13/2022,BR,No Brand,0.00
2022,12,12/14/2022,BR,No Brand,0.00
2022,12,12/15/2022,BR,No Brand,0.00
2022,12,12/16/2022,BR,No Brand,0.00
2022,12,12/17/2022,BR,No Brand,0.00
2022,12,12/18/2022,BR,No Brand,0.00
2022,12,12/19/2022,BR,No Brand,0.00
2022,12,12/20/2022,BR,No Brand,0.00
2022,12,12/21/2022,BR,No Brand,0.00
2022,12,12/22/2022,BR,No Brand,0.00
2022,12,12/23/2022,BR,No Brand,0.00
2022,12,12/24/2022,BR,No Brand,0.00
2022,12,12/25/2022,BR,No Brand,0.00
2022,12,12/26/2022,BR,No Brand,0.00
2022,12,12/27/2022,BR,No Brand,0.00
2022,12,12/28/2022,BR,No Brand,0.00
2022,12,12/29/2022,BR,No Brand,0.00
2022,12,12/30/2022,BR,No Brand,0.00
2022,12,12/31/2022,BR,No Brand,0.00
2022,1,01/01/2022,CL,No Brand,0.00
2022,1,01/02/2022,CL,No Brand,0.00
2022,1,01/03/2022,CL,No Brand,0.00
2022,1,01/04/2022,CL,No Brand,0.00
2022,1,01/05/2022,CL,No Brand,0.00
2022,1,01/06/2022,CL,No Brand,0.00
2022,1,01/07/2022,CL,No Brand,0.00
2022,1,01/08/2022,CL,No Brand,0.00
2022,1,01/09/2022,CL,No Brand,0.00
2022,1,01/10/2022,CL,No Brand,0.00
2022,1,01/11/2022,CL,No Brand,0.00
2022,1,01/12/2022,CL,No Brand,0.00
2022,1,01/13/2022,CL,No Brand,0.00
2022,1,01/14/2022,CL,No Brand,0.00
2022,1,01/15/2022,CL,No Brand,0.00
2022,1,01/16/2022,CL,No Brand,0.00
2022,1,01/17/2022,CL,No Brand,0.00
2022,1,01/18/2022,CL,No Brand,0.00
2022,1,01/19/2022,CL,No Brand,0.00
2022,1,01/20/2022,CL,No Brand,0.00
2022,1,01/21/2022,CL,No Brand,0.00
2022,1,01/22/2022,CL,No Brand,0.00
2022,1,01/23/2022,CL,No Brand,0.00
2022,1,01/24/2022,CL,No Brand,0.00
2022,1,01/25/2022,CL,No Brand,0.00
2022,1,01/26/2022,CL,No Brand,0.00
2022,1,01/27/2022,CL,No Brand,0.00
2022,1,01/28/2022,CL,No Brand,0.00
2022,1,01/29/2022,CL,No Brand,0.00
2022,1,01/30/2022,CL,No Brand,0.00
2022,1,01/31/2022,CL,No Brand,0.00
2022,2,02/01/2022,CL,No Brand,0.00
2022,2,02/02/2022,CL,No Brand,0.00
2022,2,02/03/2022,CL,No Brand,0.00
2022,2,02/04/2022,CL,No Brand,0.00
2022,2,02/05/2022,CL,No Brand,0.00
2022,2,02/06/2022,CL,No Brand,0.00
2022,2,02/07/2022,CL,No Brand,0.00
2022,2,02/08/2022,CL,No Brand,0.00
2022,2,02/09/2022,CL,No Brand,0.00
2022,2,02/10/2022,CL,No Brand,0.00
2022,2,02/11/2022,CL,No Brand,0.00
2022,2,02/12/2022,CL,No Brand,0.00
2022,2,02/13/2022,CL,No Brand,0.00
2022,2,02/14/2022,CL,No Brand,0.00
2022,2,02/15/2022,CL,No Brand,0.00
2022,2,02/16/2022,CL,No Brand,0.00
2022,2,02/17/2022,CL,No Brand,0.00
2022,2,02/18/2022,CL,No Brand,0.00
2022,2,02/19/2022,CL,No Brand,0.00
2022,2,02/20/2022,CL,No Brand,0.00
2022,2,02/21/2022,CL,No Brand,0.00
2022,2,02/22/2022,CL,No Brand,0.00
2022,2,02/23/2022,CL,No Brand,0.00
2022,2,02/24/2022,CL,No Brand,0.00
2022,2,02/25/2022,CL,No Brand,0.00
2022,2,02/26/2022,CL,No Brand,0.00
2022,2,02/27/2022,CL,No Brand,0.00
2022,2,02/28/2022,CL,No Brand,0.00
2022,3,03/01/2022,CL,No Brand,0.00
2022,3,03/02/2022,CL,No Brand,0.00
2022,3,03/03/2022,CL,No Brand,0.00
2022,3,03/04/2022,CL,No Brand,0.00
2022,3,03/05/2022,CL,No Brand,0.00
2022,3,03/06/2022,CL,No Brand,0.00
2022,3,03/07/2022,CL,No Brand,0.00
2022,3,03/08/2022,CL,No Brand,0.00
2022,3,03/09/2022,CL,No Brand,0.00
2022,3,03/10/2022,CL,No Brand,0.00
2022,3,03/11/2022,CL,No Brand,0.00
2022,3,03/12/2022,CL,No Brand,0.00
2022,3,03/13/2022,CL,No Brand,0.00
2022,3,03/14/2022,CL,No Brand,0.00
2022,3,03/15/2022,CL,No Brand,0.00
2022,3,03/16/2022,CL,No Brand,0.00
2022,3,03/17/2022,CL,No Brand,0.00
2022,3,03/18/2022,CL,No Brand,0.00
2022,3,03/19/2022,CL,No Brand,0.00
2022,3,03/20/2022,CL,No Brand,0.00
2022,3,03/21/2022,CL,No Brand,0.00
2022,3,03/22/2022,CL,No Brand,0.00
2022,3,03/23/2022,CL,No Brand,0.00
2022,3,03/24/2022,CL,No Brand,0.00
2022,3,03/25/2022,CL,No Brand,0.00
2022,3,03/26/2022,CL,No Brand,0.00
2022,3,03/27/2022,CL,No Brand,0.00
2022,3,03/28/2022,CL,No Brand,0.00
2022,3,03/29/2022,CL,No Brand,0.00
2022,3,03/30/2022,CL,No Brand,0.00
2022,3,03/31/2022,CL,No Brand,0.00
2022,4,04/01/2022,CL,No Brand,0.00
2022,4,04/02/2022,CL,No Brand,0.00
2022,4,04/03/2022,CL,No Brand,0.00
2022,4,04/04/2022,CL,No Brand,0.00
2022,4,04/05/2022,CL,No Brand,0.00
2022,4,04/06/2022,CL,No Brand,0.00
2022,4,04/07/2022,CL,No Brand,0.00
2022,4,04/08/2022,CL,No Brand,0.00
2022,4,04/09/2022,CL,No Brand,0.00
2022,4,04/10/2022,CL,No Brand,0.00
2022,4,04/11/2022,CL,No Brand,0.00
2022,4,04/12/2022,CL,No Brand,0.00
2022,4,04/13/2022,CL,No Brand,0.00
2022,4,04/14/2022,CL,No Brand,0.00
2022,4,04/15/2022,CL,No Brand,0.00
2022,4,04/16/2022,CL,No Brand,0.00
2022,4,04/17/2022,CL,No Brand,0.00
2022,4,04/18/2022,CL,No Brand,0.00
2022,4,04/19/2022,CL,No Brand,0.00
2022,4,04/20/2022,CL,No Brand,0.00
2022,4,04/21/2022,CL,No Brand,0.00
2022,4,04/22/2022,CL,No Brand,0.00
2022,4,04/23/2022,CL,No Brand,0.00
2022,4,04/24/2022,CL,No Brand,0.00
2022,4,04/25/2022,CL,No Brand,0.00
2022,4,04/26/2022,CL,No Brand,0.00
2022,4,04/27/2022,CL,No Brand,0.00
2022,4,04/28/2022,CL,No Brand,0.00
2022,4,04/29/2022,CL,No Brand,0.00
2022,4,04/30/2022,CL,No Brand,0.00
2022,5,05/01/2022,CL,No Brand,0.00
2022,5,05/02/2022,CL,No Brand,0.00
2022,5,05/03/2022,CL,No Brand,0.00
2022,5,05/04/2022,CL,No Brand,0.00
2022,5,05/05/2022,CL,No Brand,0.00
2022,5,05/06/2022,CL,No Brand,0.00
2022,5,05/07/2022,CL,No Brand,0.00
2022,5,05/08/2022,CL,No Brand,0.00
2022,5,05/09/2022,CL,No Brand,0.00
2022,5,05/10/2022,CL,No Brand,0.00
2022,5,05/11/2022,CL,No Brand,0.00
2022,5,05/12/2022,CL,No Brand,0.00
2022,5,05/13/2022,CL,No Brand,0.00
2022,5,05/14/2022,CL,No Brand,0.00
2022,5,05/15/2022,CL,No Brand,0.00
2022,5,05/16/2022,CL,No Brand,0.00
2022,5,05/17/2022,CL,No Brand,0.00
2022,5,05/18/2022,CL,No Brand,0.00
2022,5,05/19/2022,CL,No Brand,0.00
2022,5,05/20/2022,CL,No Brand,0.00
2022,5,05/21/2022,CL,No Brand,0.00
2022,5,05/22/2022,CL,No Brand,0.00
2022,5,05/23/2022,CL,No Brand,0.00
2022,5,05/24/2022,CL,No Brand,0.00
2022,5,05/25/2022,CL,No Brand,0.00
2022,5,05/26/2022,CL,No Brand,0.00
2022,5,05/27/2022,CL,No Brand,0.00
2022,5,05/28/2022,CL,No Brand,0.00
2022,5,05/29/2022,CL,No Brand,0.00
2022,5,05/30/2022,CL,No Brand,0.00
2022,5,05/31/2022,CL,No Brand,0.00
2022,6,06/01/2022,CL,No Brand,0.00
2022,6,06/02/2022,CL,No Brand,0.00
2022,6,06/03/2022,CL,No Brand,0.00
2022,6,06/04/2022,CL,No Brand,0.00
2022,6,06/05/2022,CL,No Brand,0.00
2022,6,06/06/2022,CL,No Brand,0.00
2022,6,06/07/2022,CL,No Brand,0.00
2022,6,06/08/2022,CL,No Brand,0.00
2022,6,06/09/2022,CL,No Brand,0.00
2022,6,06/10/2022,CL,No Brand,0.00
2022,6,06/11/2022,CL,No Brand,0.00
2022,6,06/12/2022,CL,No Brand,0.00
2022,6,06/13/2022,CL,No Brand,0.00
2022,6,06/14/2022,CL,No Brand,0.00
2022,6,06/15/2022,CL,No Brand,0.00
2022,6,06/16/2022,CL,No Brand,0.00
2022,6,06/17/2022,CL,No Brand,0.00
2022,6,06/18/2022,CL,No Brand,0.00
2022,6,06/19/2022,CL,No Brand,0.00
2022,6,06/20/2022,CL,No Brand,0.00
2022,6,06/21/2022,CL,No Brand,0.00
2022,6,06/22/2022,CL,No Brand,0.00
2022,6,06/23/2022,CL,No Brand,0.00
2022,6,06/24/2022,CL,No Brand,0.00
2022,6,06/25/2022,CL,No Brand,0.00
2022,6,06/26/2022,CL,No Brand,0.00
2022,6,06/27/2022,CL,No Brand,0.00
2022,6,06/28/2022,CL,No Brand,0.00
2022,6,06/29/2022,CL,No Brand,0.00
2022,6,06/30/2022,CL,No Brand,0.00
2022,7,07/01/2022,CL,No Brand,0.00
2022,7,07/02/2022,CL,No Brand,0.00
2022,7,07/03/2022,CL,No Brand,0.00
2022,7,07/04/2022,CL,No Brand,0.00
2022,7,07/05/2022,CL,No Brand,0.00
2022,7,07/06/2022,CL,No Brand,0.00
2022,7,07/07/2022,CL,No Brand,0.00
2022,7,07/08/2022,CL,No Brand,0.00
2022,7,07/09/2022,CL,No Brand,0.00
2022,7,07/10/2022,CL,No Brand,0.00
2022,7,07/11/2022,CL,No Brand,0.00
2022,7,07/12/2022,CL,No Brand,0.00
2022,7,07/13/2022,CL,No Brand,0.00
2022,7,07/14/2022,CL,No Brand,0.00
2022,7,07/15/2022,CL,No Brand,0.00
2022,7,07/16/2022,CL,No Brand,0.00
2022,7,07/17/2022,CL,No Brand,0.00
2022,7,07/18/2022,CL,No Brand,0.00
2022,7,07/19/2022,CL,No Brand,0.00
2022,7,07/20/2022,CL,No Brand,0.00
2022,7,07/21/2022,CL,No Brand,0.00
2022,7,07/22/2022,CL,No Brand,0.00
2022,7,07/23/2022,CL,No Brand,0.00
2022,7,07/24/2022,CL,No Brand,0.00
2022,7,07/25/2022,CL,No Brand,0.00
2022,7,07/26/2022,CL,No Brand,0.00
2022,7,07/27/2022,CL,No Brand,0.00
2022,7,07/28/2022,CL,No Brand,0.00
2022,7,07/29/2022,CL,No Brand,0.00
2022,7,07/30/2022,CL,No Brand,0.00
2022,7,07/31/2022,CL,No Brand,0.00
2022,8,08/01/2022,CL,No Brand,0.00
2022,8,08/02/2022,CL,No Brand,0.00
2022,8,08/03/2022,CL,No Brand,0.00
2022,8,08/04/2022,CL,No Brand,0.00
2022,8,08/05/2022,CL,No Brand,0.00
2022,8,08/06/2022,CL,No Brand,0.00
2022,8,08/07/2022,CL,No Brand,0.00
2022,8,08/08/2022,CL,No Brand,0.00
2022,8,08/09/2022,CL,No Brand,0.00
2022,8,08/10/2022,CL,No Brand,0.00
2022,8,08/11/2022,CL,No Brand,0.00
2022,8,08/12/2022,CL,No Brand,0.00
2022,8,08/13/2022,CL,No Brand,0.00
2022,8,08/14/2022,CL,No Brand,0.00
2022,8,08/15/2022,CL,No Brand,0.00
2022,8,08/16/2022,CL,No Brand,0.00
2022,8,08/17/2022,CL,No Brand,0.00
2022,8,08/18/2022,CL,No Brand,0.00
2022,8,08/19/2022,CL,No Brand,0.00
2022,8,08/20/2022,CL,No Brand,0.00
2022,8,08/21/2022,CL,No Brand,0.00
2022,8,08/22/2022,CL,No Brand,0.00
2022,8,08/23/2022,CL,No Brand,0.00
2022,8,08/24/2022,CL,No Brand,0.00
2022,8,08/25/2022,CL,No Brand,0.00
2022,8,08/26/2022,CL,No Brand,0.00
2022,8,08/27/2022,CL,No Brand,0.00
2022,8,08/28/2022,CL,No Brand,0.00
2022,8,08/29/2022,CL,No Brand,0.00
2022,8,08/30/2022,CL,No Brand,0.00
2022,8,08/31/2022,CL,No Brand,0.00
2022,9,09/01/2022,CL,No Brand,0.00
2022,9,09/02/2022,CL,No Brand,0.00
2022,9,09/03/2022,CL,No Brand,0.00
2022,9,09/04/2022,CL,No Brand,0.00
2022,9,09/05/2022,CL,No Brand,0.00
2022,9,09/06/2022,CL,No Brand,0.00
2022,9,09/07/2022,CL,No Brand,0.00
2022,9,09/08/2022,CL,No Brand,0.00
2022,9,09/09/2022,CL,No Brand,0.00
2022,9,09/10/2022,CL,No Brand,0.00
2022,9,09/11/2022,CL,No Brand,0.00
2022,9,09/12/2022,CL,No Brand,0.00
2022,9,09/13/2022,CL,No Brand,0.00
2022,9,09/14/2022,CL,No Brand,0.00
2022,9,09/15/2022,CL,No Brand,0.00
2022,9,09/16/2022,CL,No Brand,0.00
2022,9,09/17/2022,CL,No Brand,0.00
2022,9,09/18/2022,CL,No Brand,0.00
2022,9,09/19/2022,CL,No Brand,0.00
2022,9,09/20/2022,CL,No Brand,0.00
2022,9,09/21/2022,CL,No Brand,0.00
2022,9,09/22/2022,CL,No Brand,0.00
2022,9,09/23/2022,CL,No Brand,0.00
2022,9,09/24/2022,CL,No Brand,0.00
2022,9,09/25/2022,CL,No Brand,0.00
2022,9,09/26/2022,CL,No Brand,0.00
2022,9,09/27/2022,CL,No Brand,0.00
2022,9,09/28/2022,CL,No Brand,0.00
2022,9,09/29/2022,CL,No Brand,0.00
2022,9,09/30/2022,CL,No Brand,0.00
2022,10,10/01/2022,CL,No Brand,0.00
2022,10,10/02/2022,CL,No Brand,0.00
2022,10,10/03/2022,CL,No Brand,0.00
2022,10,10/04/2022,CL,No Brand,0.00
2022,10,10/05/2022,CL,No Brand,0.00
2022,10,10/06/2022,CL,No Brand,0.00
2022,10,10/07/2022,CL,No Brand,0.00
2022,10,10/08/2022,CL,No Brand,0.00
2022,10,10/09/2022,CL,No Brand,0.00
2022,10,10/10/2022,CL,No Brand,0.00
2022,10,10/11/2022,CL,No Brand,0.00
2022,10,10/12/2022,CL,No Brand,0.00
2022,10,10/13/2022,CL,No Brand,0.00
2022,10,10/14/2022,CL,No Brand,0.00
2022,10,10/15/2022,CL,No Brand,0.00
2022,10,10/16/2022,CL,No Brand,0.00
2022,10,10/17/2022,CL,No Brand,0.00
2022,10,10/18/2022,CL,No Brand,0.00
2022,10,10/19/2022,CL,No Brand,0.00
2022,10,10/20/2022,CL,No Brand,0.00
2022,10,10/21/2022,CL,No Brand,0.00
2022,10,10/22/2022,CL,No Brand,0.00
2022,10,10/23/2022,CL,No Brand,0.00
2022,10,10/24/2022,CL,No Brand,0.00
2022,10,10/25/2022,CL,No Brand,0.00
2022,10,10/26/2022,CL,No Brand,0.00
2022,10,10/27/2022,CL,No Brand,0.00
2022,10,10/28/2022,CL,No Brand,0.00
2022,10,10/29/2022,CL,No Brand,0.00
2022,10,10/30/2022,CL,No Brand,0.00
2022,10,10/31/2022,CL,No Brand,0.00
2022,11,11/01/2022,CL,No Brand,0.00
2022,11,11/02/2022,CL,No Brand,0.00
2022,11,11/03/2022,CL,No Brand,0.00
2022,11,11/04/2022,CL,No Brand,0.00
2022,11,11/05/2022,CL,No Brand,0.00
2022,11,11/06/2022,CL,No Brand,0.00
2022,11,11/07/2022,CL,No Brand,0.00
2022,11,11/08/2022,CL,No Brand,0.00
2022,11,11/09/2022,CL,No Brand,0.00
2022,11,11/10/2022,CL,No Brand,0.00
2022,11,11/11/2022,CL,No Brand,0.00
2022,11,11/12/2022,CL,No Brand,0.00
2022,11,11/13/2022,CL,No Brand,0.00
2022,11,11/14/2022,CL,No Brand,0.00
2022,11,11/15/2022,CL,No Brand,0.00
2022,11,11/16/2022,CL,No Brand,0.00
2022,11,11/17/2022,CL,No Brand,0.00
2022,11,11/18/2022,CL,No Brand,0.00
2022,11,11/19/2022,CL,No Brand,0.00
2022,11,11/20/2022,CL,No Brand,0.00
2022,11,11/21/2022,CL,No Brand,0.00
2022,11,11/22/2022,CL,No Brand,0.00
2022,11,11/23/2022,CL,No Brand,0.00
2022,11,11/24/2022,CL,No Brand,0.00
2022,11,11/25/2022,CL,No Brand,0.00
2022,11,11/26/2022,CL,No Brand,0.00
2022,11,11/27/2022,CL,No Brand,0.00
2022,11,11/28/2022,CL,No Brand,0.00
2022,11,11/29/2022,CL,No Brand,0.00
2022,11,11/30/2022,CL,No Brand,0.00
2022,12,12/01/2022,CL,No Brand,0.00
2022,12,12/02/2022,CL,No Brand,0.00
2022,12,12/03/2022,CL,No Brand,0.00
2022,12,12/04/2022,CL,No Brand,0.00
2022,12,12/05/2022,CL,No Brand,0.00
2022,12,12/06/2022,CL,No Brand,0.00
2022,12,12/07/2022,CL,No Brand,0.00
2022,12,12/08/2022,CL,No Brand,0.00
2022,12,12/09/2022,CL,No Brand,0.00
2022,12,12/10/2022,CL,No Brand,0.00
2022,12,12/11/2022,CL,No Brand,0.00
2022,12,12/12/2022,CL,No Brand,0.00
2022,12,12/13/2022,CL,No Brand,0.00
2022,12,12/14/2022,CL,No Brand,0.00
2022,12,12/15/2022,CL,No Brand,0.00
2022,12,12/16/2022,CL,No Brand,0.00
2022,12,12/17/2022,CL,No Brand,0.00
2022,12,12/18/2022,CL,No Brand,0.00
2022,12,12/19/2022,CL,No Brand,0.00
2022,12,12/20/2022,CL,No Brand,0.00
2022,12,12/21/2022,CL,No Brand,0.00
2022,12,12/22/2022,CL,No Brand,0.00
2022,12,12/23/2022,CL,No Brand,0.00
2022,12,12/24/2022,CL,No Brand,0.00
2022,12,12/25/2022,CL,No Brand,0.00
2022,12,12/26/2022,CL,No Brand,0.00
2022,12,12/27/2022,CL,No Brand,0.00
2022,12,12/28/2022,CL,No Brand,0.00
2022,12,12/29/2022,CL,No Brand,0.00
2022,12,12/30/2022,CL,No Brand,0.00
2022,12,12/31/2022,CL,No Brand,0.00
2022,1,01/01/2022,CO,No Brand,0.00
2022,1,01/02/2022,CO,No Brand,0.00
2022,1,01/03/2022,CO,No Brand,0.00
2022,1,01/04/2022,CO,No Brand,0.00
2022,1,01/05/2022,CO,No Brand,0.00
2022,1,01/06/2022,CO,No Brand,0.00
2022,1,01/07/2022,CO,No Brand,0.00
2022,1,01/08/2022,CO,No Brand,0.00
2022,1,01/09/2022,CO,No Brand,0.00
2022,1,01/10/2022,CO,No Brand,0.00
2022,1,01/11/2022,CO,No Brand,0.00
2022,1,01/12/2022,CO,No Brand,0.00
2022,1,01/13/2022,CO,No Brand,0.00
2022,1,01/14/2022,CO,No Brand,0.00
2022,1,01/15/2022,CO,No Brand,0.00
2022,1,01/16/2022,CO,No Brand,0.00
2022,1,01/17/2022,CO,No Brand,0.00
2022,1,01/18/2022,CO,No Brand,0.00
2022,1,01/19/2022,CO,No Brand,0.00
2022,1,01/20/2022,CO,No Brand,0.00
2022,1,01/21/2022,CO,No Brand,0.00
2022,1,01/22/2022,CO,No Brand,0.00
2022,1,01/23/2022,CO,No Brand,0.00
2022,1,01/24/2022,CO,No Brand,0.00
2022,1,01/25/2022,CO,No Brand,0.00
2022,1,01/26/2022,CO,No Brand,0.00
2022,1,01/27/2022,CO,No Brand,0.00
2022,1,01/28/2022,CO,No Brand,0.00
2022,1,01/29/2022,CO,No Brand,0.00
2022,1,01/30/2022,CO,No Brand,0.00
2022,1,01/31/2022,CO,No Brand,0.00
2022,2,02/01/2022,CO,No Brand,0.00
2022,2,02/02/2022,CO,No Brand,0.00
2022,2,02/03/2022,CO,No Brand,0.00
2022,2,02/04/2022,CO,No Brand,0.00
2022,2,02/05/2022,CO,No Brand,0.00
2022,2,02/06/2022,CO,No Brand,0.00
2022,2,02/07/2022,CO,No Brand,0.00
2022,2,02/08/2022,CO,No Brand,0.00
2022,2,02/09/2022,CO,No Brand,0.00
2022,2,02/10/2022,CO,No Brand,0.00
2022,2,02/11/2022,CO,No Brand,0.00
2022,2,02/12/2022,CO,No Brand,0.00
2022,2,02/13/2022,CO,No Brand,0.00
2022,2,02/14/2022,CO,No Brand,0.00
2022,2,02/15/2022,CO,No Brand,0.00
2022,2,02/16/2022,CO,No Brand,0.00
2022,2,02/17/2022,CO,No Brand,0.00
2022,2,02/18/2022,CO,No Brand,0.00
2022,2,02/19/2022,CO,No Brand,0.00
2022,2,02/20/2022,CO,No Brand,0.00
2022,2,02/21/2022,CO,No Brand,0.00
2022,2,02/22/2022,CO,No Brand,0.00
2022,2,02/23/2022,CO,No Brand,0.00
2022,2,02/24/2022,CO,No Brand,0.00
2022,2,02/25/2022,CO,No Brand,0.00
2022,2,02/26/2022,CO,No Brand,0.00
2022,2,02/27/2022,CO,No Brand,0.00
2022,2,02/28/2022,CO,No Brand,0.00
2022,3,03/01/2022,CO,No Brand,0.00
2022,3,03/02/2022,CO,No Brand,0.00
2022,3,03/03/2022,CO,No Brand,0.00
2022,3,03/04/2022,CO,No Brand,0.00
2022,3,03/05/2022,CO,No Brand,0.00
2022,3,03/06/2022,CO,No Brand,0.00
2022,3,03/07/2022,CO,No Brand,0.00
2022,3,03/08/2022,CO,No Brand,0.00
2022,3,03/09/2022,CO,No Brand,0.00
2022,3,03/10/2022,CO,No Brand,0.00
2022,3,03/11/2022,CO,No Brand,0.00
2022,3,03/12/2022,CO,No Brand,0.00
2022,3,03/13/2022,CO,No Brand,0.00
2022,3,03/14/2022,CO,No Brand,0.00
2022,3,03/15/2022,CO,No Brand,0.00
2022,3,03/16/2022,CO,No Brand,0.00
2022,3,03/17/2022,CO,No Brand,0.00
2022,3,03/18/2022,CO,No Brand,0.00
2022,3,03/19/2022,CO,No Brand,0.00
2022,3,03/20/2022,CO,No Brand,0.00
2022,3,03/21/2022,CO,No Brand,0.00
2022,3,03/22/2022,CO,No Brand,0.00
2022,3,03/23/2022,CO,No Brand,0.00
2022,3,03/24/2022,CO,No Brand,0.00
2022,3,03/25/2022,CO,No Brand,0.00
2022,3,03/26/2022,CO,No Brand,0.00
2022,3,03/27/2022,CO,No Brand,0.00
2022,3,03/28/2022,CO,No Brand,0.00
2022,3,03/29/2022,CO,No Brand,0.00
2022,3,03/30/2022,CO,No Brand,0.00
2022,3,03/31/2022,CO,No Brand,0.00
2022,4,04/01/2022,CO,No Brand,0.00
2022,4,04/02/2022,CO,No Brand,0.00
2022,4,04/03/2022,CO,No Brand,0.00
2022,4,04/04/2022,CO,No Brand,0.00
2022,4,04/05/2022,CO,No Brand,0.00
2022,4,04/06/2022,CO,No Brand,0.00
2022,4,04/07/2022,CO,No Brand,0.00
2022,4,04/08/2022,CO,No Brand,0.00
2022,4,04/09/2022,CO,No Brand,0.00
2022,4,04/10/2022,CO,No Brand,0.00
2022,4,04/11/2022,CO,No Brand,0.00
2022,4,04/12/2022,CO,No Brand,0.00
2022,4,04/13/2022,CO,No Brand,0.00
2022,4,04/14/2022,CO,No Brand,0.00
2022,4,04/15/2022,CO,No Brand,0.00
2022,4,04/16/2022,CO,No Brand,0.00
2022,4,04/17/2022,CO,No Brand,0.00
2022,4,04/18/2022,CO,No Brand,0.00
2022,4,04/19/2022,CO,No Brand,0.00
2022,4,04/20/2022,CO,No Brand,0.00
2022,4,04/21/2022,CO,No Brand,0.00
2022,4,04/22/2022,CO,No Brand,0.00
2022,4,04/23/2022,CO,No Brand,0.00
2022,4,04/24/2022,CO,No Brand,0.00
2022,4,04/25/2022,CO,No Brand,0.00
2022,4,04/26/2022,CO,No Brand,0.00
2022,4,04/27/2022,CO,No Brand,0.00
2022,4,04/28/2022,CO,No Brand,0.00
2022,4,04/29/2022,CO,No Brand,0.00
2022,4,04/30/2022,CO,No Brand,0.00
2022,5,05/01/2022,CO,No Brand,0.00
2022,5,05/02/2022,CO,No Brand,0.00
2022,5,05/03/2022,CO,No Brand,0.00
2022,5,05/04/2022,CO,No Brand,0.00
2022,5,05/05/2022,CO,No Brand,0.00
2022,5,05/06/2022,CO,No Brand,0.00
2022,5,05/07/2022,CO,No Brand,0.00
2022,5,05/08/2022,CO,No Brand,0.00
2022,5,05/09/2022,CO,No Brand,0.00
2022,5,05/10/2022,CO,No Brand,0.00
2022,5,05/11/2022,CO,No Brand,0.00
2022,5,05/12/2022,CO,No Brand,0.00
2022,5,05/13/2022,CO,No Brand,0.00
2022,5,05/14/2022,CO,No Brand,0.00
2022,5,05/15/2022,CO,No Brand,0.00
2022,5,05/16/2022,CO,No Brand,0.00
2022,5,05/17/2022,CO,No Brand,0.00
2022,5,05/18/2022,CO,No Brand,0.00
2022,5,05/19/2022,CO,No Brand,0.00
2022,5,05/20/2022,CO,No Brand,0.00
2022,5,05/21/2022,CO,No Brand,0.00
2022,5,05/22/2022,CO,No Brand,0.00
2022,5,05/23/2022,CO,No Brand,0.00
2022,5,05/24/2022,CO,No Brand,0.00
2022,5,05/25/2022,CO,No Brand,0.00
2022,5,05/26/2022,CO,No Brand,0.00
2022,5,05/27/2022,CO,No Brand,0.00
2022,5,05/28/2022,CO,No Brand,0.00
2022,5,05/29/2022,CO,No Brand,0.00
2022,5,05/30/2022,CO,No Brand,0.00
2022,5,05/31/2022,CO,No Brand,0.00
2022,6,06/01/2022,CO,No Brand,0.00
2022,6,06/02/2022,CO,No Brand,0.00
2022,6,06/03/2022,CO,No Brand,0.00
2022,6,06/04/2022,CO,No Brand,0.00
2022,6,06/05/2022,CO,No Brand,0.00
2022,6,06/06/2022,CO,No Brand,0.00
2022,6,06/07/2022,CO,No Brand,0.00
2022,6,06/08/2022,CO,No Brand,0.00
2022,6,06/09/2022,CO,No Brand,0.00
2022,6,06/10/2022,CO,No Brand,0.00
2022,6,06/11/2022,CO,No Brand,0.00
2022,6,06/12/2022,CO,No Brand,0.00
2022,6,06/13/2022,CO,No Brand,0.00
2022,6,06/14/2022,CO,No Brand,0.00
2022,6,06/15/2022,CO,No Brand,0.00
2022,6,06/16/2022,CO,No Brand,0.00
2022,6,06/17/2022,CO,No Brand,0.00
2022,6,06/18/2022,CO,No Brand,0.00
2022,6,06/19/2022,CO,No Brand,0.00
2022,6,06/20/2022,CO,No Brand,0.00
2022,6,06/21/2022,CO,No Brand,0.00
2022,6,06/22/2022,CO,No Brand,0.00
2022,6,06/23/2022,CO,No Brand,0.00
2022,6,06/24/2022,CO,No Brand,0.00
2022,6,06/25/2022,CO,No Brand,0.00
2022,6,06/26/2022,CO,No Brand,0.00
2022,6,06/27/2022,CO,No Brand,0.00
2022,6,06/28/2022,CO,No Brand,0.00
2022,6,06/29/2022,CO,No Brand,0.00
2022,6,06/30/2022,CO,No Brand,0.00
2022,7,07/01/2022,CO,No Brand,0.00
2022,7,07/02/2022,CO,No Brand,0.00
2022,7,07/03/2022,CO,No Brand,0.00
2022,7,07/04/2022,CO,No Brand,0.00
2022,7,07/05/2022,CO,No Brand,0.00
2022,7,07/06/2022,CO,No Brand,0.00
2022,7,07/07/2022,CO,No Brand,0.00
2022,7,07/08/2022,CO,No Brand,0.00
2022,7,07/09/2022,CO,No Brand,0.00
2022,7,07/10/2022,CO,No Brand,0.00
2022,7,07/11/2022,CO,No Brand,0.00
2022,7,07/12/2022,CO,No Brand,0.00
2022,7,07/13/2022,CO,No Brand,0.00
2022,7,07/14/2022,CO,No Brand,0.00
2022,7,07/15/2022,CO,No Brand,0.00
2022,7,07/16/2022,CO,No Brand,0.00
2022,7,07/17/2022,CO,No Brand,0.00
2022,7,07/18/2022,CO,No Brand,0.00
2022,7,07/19/2022,CO,No Brand,0.00
2022,7,07/20/2022,CO,No Brand,0.00
2022,7,07/21/2022,CO,No Brand,0.00
2022,7,07/22/2022,CO,No Brand,0.00
2022,7,07/23/2022,CO,No Brand,0.00
2022,7,07/24/2022,CO,No Brand,0.00
2022,7,07/25/2022,CO,No Brand,0.00
2022,7,07/26/2022,CO,No Brand,0.00
2022,7,07/27/2022,CO,No Brand,0.00
2022,7,07/28/2022,CO,No Brand,0.00
2022,7,07/29/2022,CO,No Brand,0.00
2022,7,07/30/2022,CO,No Brand,0.00
2022,7,07/31/2022,CO,No Brand,0.00
2022,8,08/01/2022,CO,No Brand,0.00
2022,8,08/02/2022,CO,No Brand,0.00
2022,8,08/03/2022,CO,No Brand,0.00
2022,8,08/04/2022,CO,No Brand,0.00
2022,8,08/05/2022,CO,No Brand,0.00
2022,8,08/06/2022,CO,No Brand,0.00
2022,8,08/07/2022,CO,No Brand,0.00
2022,8,08/08/2022,CO,No Brand,0.00
2022,8,08/09/2022,CO,No Brand,0.00
2022,8,08/10/2022,CO,No Brand,0.00
2022,8,08/11/2022,CO,No Brand,0.00
2022,8,08/12/2022,CO,No Brand,0.00
2022,8,08/13/2022,CO,No Brand,0.00
2022,8,08/14/2022,CO,No Brand,0.00
2022,8,08/15/2022,CO,No Brand,0.00
2022,8,08/16/2022,CO,No Brand,0.00
2022,8,08/17/2022,CO,No Brand,0.00
2022,8,08/18/2022,CO,No Brand,0.00
2022,8,08/19/2022,CO,No Brand,0.00
2022,8,08/20/2022,CO,No Brand,0.00
2022,8,08/21/2022,CO,No Brand,0.00
2022,8,08/22/2022,CO,No Brand,0.00
2022,8,08/23/2022,CO,No Brand,0.00
2022,8,08/24/2022,CO,No Brand,0.00
2022,8,08/25/2022,CO,No Brand,0.00
2022,8,08/26/2022,CO,No Brand,0.00
2022,8,08/27/2022,CO,No Brand,0.00
2022,8,08/28/2022,CO,No Brand,0.00
2022,8,08/29/2022,CO,No Brand,0.00
2022,8,08/30/2022,CO,No Brand,0.00
2022,8,08/31/2022,CO,No Brand,0.00
2022,9,09/01/2022,CO,No Brand,0.00
2022,9,09/02/2022,CO,No Brand,0.00
2022,9,09/03/2022,CO,No Brand,0.00
2022,9,09/04/2022,CO,No Brand,0.00
2022,9,09/05/2022,CO,No Brand,0.00
2022,9,09/06/2022,CO,No Brand,0.00
2022,9,09/07/2022,CO,No Brand,0.00
2022,9,09/08/2022,CO,No Brand,0.00
2022,9,09/09/2022,CO,No Brand,0.00
2022,9,09/10/2022,CO,No Brand,0.00
2022,9,09/11/2022,CO,No Brand,0.00
2022,9,09/12/2022,CO,No Brand,0.00
2022,9,09/13/2022,CO,No Brand,0.00
2022,9,09/14/2022,CO,No Brand,0.00
2022,9,09/15/2022,CO,No Brand,0.00
2022,9,09/16/2022,CO,No Brand,0.00
2022,9,09/17/2022,CO,No Brand,0.00
2022,9,09/18/2022,CO,No Brand,0.00
2022,9,09/19/2022,CO,No Brand,0.00
2022,9,09/20/2022,CO,No Brand,0.00
2022,9,09/21/2022,CO,No Brand,0.00
2022,9,09/22/2022,CO,No Brand,0.00
2022,9,09/23/2022,CO,No Brand,0.00
2022,9,09/24/2022,CO,No Brand,0.00
2022,9,09/25/2022,CO,No Brand,0.00
2022,9,09/26/2022,CO,No Brand,0.00
2022,9,09/27/2022,CO,No Brand,0.00
2022,9,09/28/2022,CO,No Brand,0.00
2022,9,09/29/2022,CO,No Brand,0.00
2022,9,09/30/2022,CO,No Brand,0.00
2022,10,10/01/2022,CO,No Brand,0.00
2022,10,10/02/2022,CO,No Brand,0.00
2022,10,10/03/2022,CO,No Brand,0.00
2022,10,10/04/2022,CO,No Brand,0.00
2022,10,10/05/2022,CO,No Brand,0.00
2022,10,10/06/2022,CO,No Brand,0.00
2022,10,10/07/2022,CO,No Brand,0.00
2022,10,10/08/2022,CO,No Brand,0.00
2022,10,10/09/2022,CO,No Brand,0.00
2022,10,10/10/2022,CO,No Brand,0.00
2022,10,10/11/2022,CO,No Brand,0.00
2022,10,10/12/2022,CO,No Brand,0.00
2022,10,10/13/2022,CO,No Brand,0.00
2022,10,10/14/2022,CO,No Brand,0.00
2022,10,10/15/2022,CO,No Brand,0.00
2022,10,10/16/2022,CO,No Brand,0.00
2022,10,10/17/2022,CO,No Brand,0.00
2022,10,10/18/2022,CO,No Brand,0.00
2022,10,10/19/2022,CO,No Brand,0.00
2022,10,10/20/2022,CO,No Brand,0.00
2022,10,10/21/2022,CO,No Brand,0.00
2022,10,10/22/2022,CO,No Brand,0.00
2022,10,10/23/2022,CO,No Brand,0.00
2022,10,10/24/2022,CO,No Brand,0.00
2022,10,10/25/2022,CO,No Brand,0.00
2022,10,10/26/2022,CO,No Brand,0.00
2022,10,10/27/2022,CO,No Brand,0.00
2022,10,10/28/2022,CO,No Brand,0.00
2022,10,10/29/2022,CO,No Brand,0.00
2022,10,10/30/2022,CO,No Brand,0.00
2022,10,10/31/2022,CO,No Brand,0.00
2022,11,11/01/2022,CO,No Brand,0.00
2022,11,11/02/2022,CO,No Brand,0.00
2022,11,11/03/2022,CO,No Brand,0.00
2022,11,11/04/2022,CO,No Brand,0.00
2022,11,11/05/2022,CO,No Brand,0.00
2022,11,11/06/2022,CO,No Brand,0.00
2022,11,11/07/2022,CO,No Brand,0.00
2022,11,11/08/2022,CO,No Brand,0.00
2022,11,11/09/2022,CO,No Brand,0.00
2022,11,11/10/2022,CO,No Brand,0.00
2022,11,11/11/2022,CO,No Brand,0.00
2022,11,11/12/2022,CO,No Brand,0.00
2022,11,11/13/2022,CO,No Brand,0.00
2022,11,11/14/2022,CO,No Brand,0.00
2022,11,11/15/2022,CO,No Brand,0.00
2022,11,11/16/2022,CO,No Brand,0.00
2022,11,11/17/2022,CO,No Brand,0.00
2022,11,11/18/2022,CO,No Brand,0.00
2022,11,11/19/2022,CO,No Brand,0.00
2022,11,11/20/2022,CO,No Brand,0.00
2022,11,11/21/2022,CO,No Brand,0.00
2022,11,11/22/2022,CO,No Brand,0.00
2022,11,11/23/2022,CO,No Brand,0.00
2022,11,11/24/2022,CO,No Brand,0.00
2022,11,11/25/2022,CO,No Brand,0.00
2022,11,11/26/2022,CO,No Brand,0.00
2022,11,11/27/2022,CO,No Brand,0.00
2022,11,11/28/2022,CO,No Brand,0.00
2022,11,11/29/2022,CO,No Brand,0.00
2022,11,11/30/2022,CO,No Brand,0.00
2022,12,12/01/2022,CO,No Brand,0.00
2022,12,12/02/2022,CO,No Brand,0.00
2022,12,12/03/2022,CO,No Brand,0.00
2022,12,12/04/2022,CO,No Brand,0.00
2022,12,12/05/2022,CO,No Brand,0.00
2022,12,12/06/2022,CO,No Brand,0.00
2022,12,12/07/2022,CO,No Brand,0.00
2022,12,12/08/2022,CO,No Brand,0.00
2022,12,12/09/2022,CO,No Brand,0.00
2022,12,12/10/2022,CO,No Brand,0.00
2022,12,12/11/2022,CO,No Brand,0.00
2022,12,12/12/2022,CO,No Brand,0.00
2022,12,12/13/2022,CO,No Brand,0.00
2022,12,12/14/2022,CO,No Brand,0.00
2022,12,12/15/2022,CO,No Brand,0.00
2022,12,12/16/2022,CO,No Brand,0.00
2022,12,12/17/2022,CO,No Brand,0.00
2022,12,12/18/2022,CO,No Brand,0.00
2022,12,12/19/2022,CO,No Brand,0.00
2022,12,12/20/2022,CO,No Brand,0.00
2022,12,12/21/2022,CO,No Brand,0.00
2022,12,12/22/2022,CO,No Brand,0.00
2022,12,12/23/2022,CO,No Brand,0.00
2022,12,12/24/2022,CO,No Brand,0.00
2022,12,12/25/2022,CO,No Brand,0.00
2022,12,12/26/2022,CO,No Brand,0.00
2022,12,12/27/2022,CO,No Brand,0.00
2022,12,12/28/2022,CO,No Brand,0.00
2022,12,12/29/2022,CO,No Brand,0.00
2022,12,12/30/2022,CO,No Brand,0.00
2022,12,12/31/2022,CO,No Brand,0.00
2022,1,01/01/2022,MX,No Brand,0.00
2022,1,01/02/2022,MX,No Brand,0.00
2022,1,01/03/2022,MX,No Brand,0.00
2022,1,01/04/2022,MX,No Brand,0.00
2022,1,01/05/2022,MX,No Brand,0.00
2022,1,01/06/2022,MX,No Brand,0.00
2022,1,01/07/2022,MX,No Brand,0.00
2022,1,01/08/2022,MX,No Brand,0.00
2022,1,01/09/2022,MX,No Brand,0.00
2022,1,01/10/2022,MX,No Brand,0.00
2022,1,01/11/2022,MX,No Brand,0.00
2022,1,01/12/2022,MX,No Brand,0.00
2022,1,01/13/2022,MX,No Brand,0.00
2022,1,01/14/2022,MX,No Brand,0.00
2022,1,01/15/2022,MX,No Brand,0.00
2022,1,01/16/2022,MX,No Brand,0.00
2022,1,01/17/2022,MX,No Brand,0.00
2022,1,01/18/2022,MX,No Brand,0.00
2022,1,01/19/2022,MX,No Brand,0.00
2022,1,01/20/2022,MX,No Brand,0.00
2022,1,01/21/2022,MX,No Brand,0.00
2022,1,01/22/2022,MX,No Brand,0.00
2022,1,01/23/2022,MX,No Brand,0.00
2022,1,01/24/2022,MX,No Brand,0.00
2022,1,01/25/2022,MX,No Brand,0.00
2022,1,01/26/2022,MX,No Brand,0.00
2022,1,01/27/2022,MX,No Brand,0.00
2022,1,01/28/2022,MX,No Brand,0.00
2022,1,01/29/2022,MX,No Brand,0.00
2022,1,01/30/2022,MX,No Brand,0.00
2022,1,01/31/2022,MX,No Brand,0.00
2022,2,02/01/2022,MX,No Brand,0.00
2022,2,02/02/2022,MX,No Brand,0.00
2022,2,02/03/2022,MX,No Brand,0.00
2022,2,02/04/2022,MX,No Brand,0.00
2022,2,02/05/2022,MX,No Brand,0.00
2022,2,02/06/2022,MX,No Brand,0.00
2022,2,02/07/2022,MX,No Brand,0.00
2022,2,02/08/2022,MX,No Brand,0.00
2022,2,02/09/2022,MX,No Brand,0.00
2022,2,02/10/2022,MX,No Brand,0.00
2022,2,02/11/2022,MX,No Brand,0.00
2022,2,02/12/2022,MX,No Brand,0.00
2022,2,02/13/2022,MX,No Brand,0.00
2022,2,02/14/2022,MX,No Brand,0.00
2022,2,02/15/2022,MX,No Brand,0.00
2022,2,02/16/2022,MX,No Brand,0.00
2022,2,02/17/2022,MX,No Brand,0.00
2022,2,02/18/2022,MX,No Brand,0.00
2022,2,02/19/2022,MX,No Brand,0.00
2022,2,02/20/2022,MX,No Brand,0.00
2022,2,02/21/2022,MX,No Brand,0.00
2022,2,02/22/2022,MX,No Brand,0.00
2022,2,02/23/2022,MX,No Brand,0.00
2022,2,02/24/2022,MX,No Brand,0.00
2022,2,02/25/2022,MX,No Brand,0.00
2022,2,02/26/2022,MX,No Brand,0.00
2022,2,02/27/2022,MX,No Brand,0.00
2022,2,02/28/2022,MX,No Brand,0.00
2022,3,03/01/2022,MX,No Brand,0.00
2022,3,03/02/2022,MX,No Brand,0.00
2022,3,03/03/2022,MX,No Brand,0.00
2022,3,03/04/2022,MX,No Brand,0.00
2022,3,03/05/2022,MX,No Brand,0.00
2022,3,03/06/2022,MX,No Brand,0.00
2022,3,03/07/2022,MX,No Brand,0.00
2022,3,03/08/2022,MX,No Brand,0.00
2022,3,03/09/2022,MX,No Brand,0.00
2022,3,03/10/2022,MX,No Brand,0.00
2022,3,03/11/2022,MX,No Brand,0.00
2022,3,03/12/2022,MX,No Brand,0.00
2022,3,03/13/2022,MX,No Brand,0.00
2022,3,03/14/2022,MX,No Brand,0.00
2022,3,03/15/2022,MX,No Brand,0.00
2022,3,03/16/2022,MX,No Brand,0.00
2022,3,03/17/2022,MX,No Brand,0.00
2022,3,03/18/2022,MX,No Brand,0.00
2022,3,03/19/2022,MX,No Brand,0.00
2022,3,03/20/2022,MX,No Brand,0.00
2022,3,03/21/2022,MX,No Brand,0.00
2022,3,03/22/2022,MX,No Brand,0.00
2022,3,03/23/2022,MX,No Brand,0.00
2022,3,03/24/2022,MX,No Brand,0.00
2022,3,03/25/2022,MX,No Brand,0.00
2022,3,03/26/2022,MX,No Brand,0.00
2022,3,03/27/2022,MX,No Brand,0.00
2022,3,03/28/2022,MX,No Brand,0.00
2022,3,03/29/2022,MX,No Brand,0.00
2022,3,03/30/2022,MX,No Brand,0.00
2022,3,03/31/2022,MX,No Brand,0.00
2022,4,04/01/2022,MX,No Brand,0.00
2022,4,04/02/2022,MX,No Brand,0.00
2022,4,04/03/2022,MX,No Brand,0.00
2022,4,04/04/2022,MX,No Brand,0.00
2022,4,04/05/2022,MX,No Brand,0.00
2022,4,04/06/2022,MX,No Brand,0.00
2022,4,04/07/2022,MX,No Brand,0.00
2022,4,04/08/2022,MX,No Brand,0.00
2022,4,04/09/2022,MX,No Brand,0.00
2022,4,04/10/2022,MX,No Brand,0.00
2022,4,04/11/2022,MX,No Brand,0.00
2022,4,04/12/2022,MX,No Brand,0.00
2022,4,04/13/2022,MX,No Brand,0.00
2022,4,04/14/2022,MX,No Brand,0.00
2022,4,04/15/2022,MX,No Brand,0.00
2022,4,04/16/2022,MX,No Brand,0.00
2022,4,04/17/2022,MX,No Brand,0.00
2022,4,04/18/2022,MX,No Brand,0.00
2022,4,04/19/2022,MX,No Brand,0.00
2022,4,04/20/2022,MX,No Brand,0.00
2022,4,04/21/2022,MX,No Brand,0.00
2022,4,04/22/2022,MX,No Brand,0.00
2022,4,04/23/2022,MX,No Brand,0.00
2022,4,04/24/2022,MX,No Brand,0.00
2022,4,04/25/2022,MX,No Brand,0.00
2022,4,04/26/2022,MX,No Brand,0.00
2022,4,04/27/2022,MX,No Brand,0.00
2022,4,04/28/2022,MX,No Brand,0.00
2022,4,04/29/2022,MX,No Brand,0.00
2022,4,04/30/2022,MX,No Brand,0.00
2022,5,05/01/2022,MX,No Brand,0.00
2022,5,05/02/2022,MX,No Brand,0.00
2022,5,05/03/2022,MX,No Brand,0.00
2022,5,05/04/2022,MX,No Brand,0.00
2022,5,05/05/2022,MX,No Brand,0.00
2022,5,05/06/2022,MX,No Brand,0.00
2022,5,05/07/2022,MX,No Brand,0.00
2022,5,05/08/2022,MX,No Brand,0.00
2022,5,05/09/2022,MX,No Brand,0.00
2022,5,05/10/2022,MX,No Brand,0.00
2022,5,05/11/2022,MX,No Brand,0.00
2022,5,05/12/2022,MX,No Brand,0.00
2022,5,05/13/2022,MX,No Brand,0.00
2022,5,05/14/2022,MX,No Brand,0.00
2022,5,05/15/2022,MX,No Brand,0.00
2022,5,05/16/2022,MX,No Brand,0.00
2022,5,05/17/2022,MX,No Brand,0.00
2022,5,05/18/2022,MX,No Brand,0.00
2022,5,05/19/2022,MX,No Brand,0.00
2022,5,05/20/2022,MX,No Brand,0.00
2022,5,05/21/2022,MX,No Brand,0.00
2022,5,05/22/2022,MX,No Brand,0.00
2022,5,05/23/2022,MX,No Brand,0.00
2022,5,05/24/2022,MX,No Brand,0.00
2022,5,05/25/2022,MX,No Brand,0.00
2022,5,05/26/2022,MX,No Brand,0.00
2022,5,05/27/2022,MX,No Brand,0.00
2022,5,05/28/2022,MX,No Brand,0.00
2022,5,05/29/2022,MX,No Brand,0.00
2022,5,05/30/2022,MX,No Brand,0.00
2022,5,05/31/2022,MX,No Brand,0.00
2022,6,06/01/2022,MX,No Brand,0.00
2022,6,06/02/2022,MX,No Brand,0.00
2022,6,06/03/2022,MX,No Brand,0.00
2022,6,06/04/2022,MX,No Brand,0.00
2022,6,06/05/2022,MX,No Brand,0.00
2022,6,06/06/2022,MX,No Brand,0.00
2022,6,06/07/2022,MX,No Brand,0.00
2022,6,06/08/2022,MX,No Brand,0.00
2022,6,06/09/2022,MX,No Brand,0.00
2022,6,06/10/2022,MX,No Brand,0.00
2022,6,06/11/2022,MX,No Brand,0.00
2022,6,06/12/2022,MX,No Brand,0.00
2022,6,06/13/2022,MX,No Brand,0.00
2022,6,06/14/2022,MX,No Brand,0.00
2022,6,06/15/2022,MX,No Brand,0.00
2022,6,06/16/2022,MX,No Brand,0.00
2022,6,06/17/2022,MX,No Brand,0.00
2022,6,06/18/2022,MX,No Brand,0.00
2022,6,06/19/2022,MX,No Brand,0.00
2022,6,06/20/2022,MX,No Brand,0.00
2022,6,06/21/2022,MX,No Brand,0.00
2022,6,06/22/2022,MX,No Brand,0.00
2022,6,06/23/2022,MX,No Brand,0.00
2022,6,06/24/2022,MX,No Brand,0.00
2022,6,06/25/2022,MX,No Brand,0.00
2022,6,06/26/2022,MX,No Brand,0.00
2022,6,06/27/2022,MX,No Brand,0.00
2022,6,06/28/2022,MX,No Brand,0.00
2022,6,06/29/2022,MX,No Brand,0.00
2022,6,06/30/2022,MX,No Brand,0.00
2022,7,07/01/2022,MX,No Brand,0.00
2022,7,07/02/2022,MX,No Brand,0.00
2022,7,07/03/2022,MX,No Brand,0.00
2022,7,07/04/2022,MX,No Brand,0.00
2022,7,07/05/2022,MX,No Brand,0.00
2022,7,07/06/2022,MX,No Brand,0.00
2022,7,07/07/2022,MX,No Brand,0.00
2022,7,07/08/2022,MX,No Brand,0.00
2022,7,07/09/2022,MX,No Brand,0.00
2022,7,07/10/2022,MX,No Brand,0.00
2022,7,07/11/2022,MX,No Brand,0.00
2022,7,07/12/2022,MX,No Brand,0.00
2022,7,07/13/2022,MX,No Brand,0.00
2022,7,07/14/2022,MX,No Brand,0.00
2022,7,07/15/2022,MX,No Brand,0.00
2022,7,07/16/2022,MX,No Brand,0.00
2022,7,07/17/2022,MX,No Brand,0.00
2022,7,07/18/2022,MX,No Brand,0.00
2022,7,07/19/2022,MX,No Brand,0.00
2022,7,07/20/2022,MX,No Brand,0.00
2022,7,07/21/2022,MX,No Brand,0.00
2022,7,07/22/2022,MX,No Brand,0.00
2022,7,07/23/2022,MX,No Brand,0.00
2022,7,07/24/2022,MX,No Brand,0.00
2022,7,07/25/2022,MX,No Brand,0.00
2022,7,07/26/2022,MX,No Brand,0.00
2022,7,07/27/2022,MX,No Brand,0.00
2022,7,07/28/2022,MX,No Brand,0.00
2022,7,07/29/2022,MX,No Brand,0.00
2022,7,07/30/2022,MX,No Brand,0.00
2022,7,07/31/2022,MX,No Brand,0.00
2022,8,08/01/2022,MX,No Brand,0.00
2022,8,08/02/2022,MX,No Brand,0.00
2022,8,08/03/2022,MX,No Brand,0.00
2022,8,08/04/2022,MX,No Brand,0.00
2022,8,08/05/2022,MX,No Brand,0.00
2022,8,08/06/2022,MX,No Brand,0.00
2022,8,08/07/2022,MX,No Brand,0.00
2022,8,08/08/2022,MX,No Brand,0.00
2022,8,08/09/2022,MX,No Brand,0.00
2022,8,08/10/2022,MX,No Brand,0.00
2022,8,08/11/2022,MX,No Brand,0.00
2022,8,08/12/2022,MX,No Brand,0.00
2022,8,08/13/2022,MX,No Brand,0.00
2022,8,08/14/2022,MX,No Brand,0.00
2022,8,08/15/2022,MX,No Brand,0.00
2022,8,08/16/2022,MX,No Brand,0.00
2022,8,08/17/2022,MX,No Brand,0.00
2022,8,08/18/2022,MX,No Brand,0.00
2022,8,08/19/2022,MX,No Brand,0.00
2022,8,08/20/2022,MX,No Brand,0.00
2022,8,08/21/2022,MX,No Brand,0.00
2022,8,08/22/2022,MX,No Brand,0.00
2022,8,08/23/2022,MX,No Brand,0.00
2022,8,08/24/2022,MX,No Brand,0.00
2022,8,08/25/2022,MX,No Brand,0.00
2022,8,08/26/2022,MX,No Brand,0.00
2022,8,08/27/2022,MX,No Brand,0.00
2022,8,08/28/2022,MX,No Brand,0.00
2022,8,08/29/2022,MX,No Brand,0.00
2022,8,08/30/2022,MX,No Brand,0.00
2022,8,08/31/2022,MX,No Brand,0.00
2022,9,09/01/2022,MX,No Brand,0.00
2022,9,09/02/2022,MX,No Brand,0.00
2022,9,09/03/2022,MX,No Brand,0.00
2022,9,09/04/2022,MX,No Brand,0.00
2022,9,09/05/2022,MX,No Brand,0.00
2022,9,09/06/2022,MX,No Brand,0.00
2022,9,09/07/2022,MX,No Brand,0.00
2022,9,09/08/2022,MX,No Brand,0.00
2022,9,09/09/2022,MX,No Brand,0.00
2022,9,09/10/2022,MX,No Brand,0.00
2022,9,09/11/2022,MX,No Brand,0.00
2022,9,09/12/2022,MX,No Brand,0.00
2022,9,09/13/2022,MX,No Brand,0.00
2022,9,09/14/2022,MX,No Brand,0.00
2022,9,09/15/2022,MX,No Brand,0.00
2022,9,09/16/2022,MX,No Brand,0.00
2022,9,09/17/2022,MX,No Brand,0.00
2022,9,09/18/2022,MX,No Brand,0.00
2022,9,09/19/2022,MX,No Brand,0.00
2022,9,09/20/2022,MX,No Brand,0.00
2022,9,09/21/2022,MX,No Brand,0.00
2022,9,09/22/2022,MX,No Brand,0.00
2022,9,09/23/2022,MX,No Brand,0.00
2022,9,09/24/2022,MX,No Brand,0.00
2022,9,09/25/2022,MX,No Brand,0.00
2022,9,09/26/2022,MX,No Brand,0.00
2022,9,09/27/2022,MX,No Brand,0.00
2022,9,09/28/2022,MX,No Brand,0.00
2022,9,09/29/2022,MX,No Brand,0.00
2022,9,09/30/2022,MX,No Brand,0.00
2022,10,10/01/2022,MX,No Brand,0.00
2022,10,10/02/2022,MX,No Brand,0.00
2022,10,10/03/2022,MX,No Brand,0.00
2022,10,10/04/2022,MX,No Brand,0.00
2022,10,10/05/2022,MX,No Brand,0.00
2022,10,10/06/2022,MX,No Brand,0.00
2022,10,10/07/2022,MX,No Brand,0.00
2022,10,10/08/2022,MX,No Brand,0.00
2022,10,10/09/2022,MX,No Brand,0.00
2022,10,10/10/2022,MX,No Brand,0.00
2022,10,10/11/2022,MX,No Brand,0.00
2022,10,10/12/2022,MX,No Brand,0.00
2022,10,10/13/2022,MX,No Brand,0.00
2022,10,10/14/2022,MX,No Brand,0.00
2022,10,10/15/2022,MX,No Brand,0.00
2022,10,10/16/2022,MX,No Brand,0.00
2022,10,10/17/2022,MX,No Brand,0.00
2022,10,10/18/2022,MX,No Brand,0.00
2022,10,10/19/2022,MX,No Brand,0.00
2022,10,10/20/2022,MX,No Brand,0.00
2022,10,10/21/2022,MX,No Brand,0.00
2022,10,10/22/2022,MX,No Brand,0.00
2022,10,10/23/2022,MX,No Brand,0.00
2022,10,10/24/2022,MX,No Brand,0.00
2022,10,10/25/2022,MX,No Brand,0.00
2022,10,10/26/2022,MX,No Brand,0.00
2022,10,10/27/2022,MX,No Brand,0.00
2022,10,10/28/2022,MX,No Brand,0.00
2022,10,10/29/2022,MX,No Brand,0.00
2022,10,10/30/2022,MX,No Brand,0.00
2022,10,10/31/2022,MX,No Brand,0.00
2022,11,11/01/2022,MX,No Brand,0.00
2022,11,11/02/2022,MX,No Brand,0.00
2022,11,11/03/2022,MX,No Brand,0.00
2022,11,11/04/2022,MX,No Brand,0.00
2022,11,11/05/2022,MX,No Brand,0.00
2022,11,11/06/2022,MX,No Brand,0.00
2022,11,11/07/2022,MX,No Brand,0.00
2022,11,11/08/2022,MX,No Brand,0.00
2022,11,11/09/2022,MX,No Brand,0.00
2022,11,11/10/2022,MX,No Brand,0.00
2022,11,11/11/2022,MX,No Brand,0.00
2022,11,11/12/2022,MX,No Brand,0.00
2022,11,11/13/2022,MX,No Brand,0.00
2022,11,11/14/2022,MX,No Brand,0.00
2022,11,11/15/2022,MX,No Brand,0.00
2022,11,11/16/2022,MX,No Brand,0.00
2022,11,11/17/2022,MX,No Brand,0.00
2022,11,11/18/2022,MX,No Brand,0.00
2022,11,11/19/2022,MX,No Brand,0.00
2022,11,11/20/2022,MX,No Brand,0.00
2022,11,11/21/2022,MX,No Brand,0.00
2022,11,11/22/2022,MX,No Brand,0.00
2022,11,11/23/2022,MX,No Brand,0.00
2022,11,11/24/2022,MX,No Brand,0.00
2022,11,11/25/2022,MX,No Brand,0.00
2022,11,11/26/2022,MX,No Brand,0.00
2022,11,11/27/2022,MX,No Brand,0.00
2022,11,11/28/2022,MX,No Brand,0.00
2022,11,11/29/2022,MX,No Brand,0.00
2022,11,11/30/2022,MX,No Brand,0.00
2022,12,12/01/2022,MX,No Brand,0.00
2022,12,12/02/2022,MX,No Brand,0.00
2022,12,12/03/2022,MX,No Brand,0.00
2022,12,12/04/2022,MX,No Brand,0.00
2022,12,12/05/2022,MX,No Brand,0.00
2022,12,12/06/2022,MX,No Brand,0.00
2022,12,12/07/2022,MX,No Brand,0.00
2022,12,12/08/2022,MX,No Brand,0.00
2022,12,12/09/2022,MX,No Brand,0.00
2022,12,12/10/2022,MX,No Brand,0.00
2022,12,12/11/2022,MX,No Brand,0.00
2022,12,12/12/2022,MX,No Brand,0.00
2022,12,12/13/2022,MX,No Brand,0.00
2022,12,12/14/2022,MX,No Brand,0.00
2022,12,12/15/2022,MX,No Brand,0.00
2022,12,12/16/2022,MX,No Brand,0.00
2022,12,12/17/2022,MX,No Brand,0.00
2022,12,12/18/2022,MX,No Brand,0.00
2022,12,12/19/2022,MX,No Brand,0.00
2022,12,12/20/2022,MX,No Brand,0.00
2022,12,12/21/2022,MX,No Brand,0.00
2022,12,12/22/2022,MX,No Brand,0.00
2022,12,12/23/2022,MX,No Brand,0.00
2022,12,12/24/2022,MX,No Brand,0.00
2022,12,12/25/2022,MX,No Brand,0.00
2022,12,12/26/2022,MX,No Brand,0.00
2022,12,12/27/2022,MX,No Brand,0.00
2022,12,12/28/2022,MX,No Brand,0.00
2022,12,12/29/2022,MX,No Brand,0.00
2022,12,12/30/2022,MX,No Brand,0.00
2022,12,12/31/2022,MX,No Brand,0.00
2021,1,01/01/2021,AR,Branded,3039.65
2021,1,01/02/2021,AR,Branded,3039.65
2021,1,01/03/2021,AR,Branded,3039.65
2021,1,01/04/2021,AR,Branded,3039.65
2021,1,01/05/2021,AR,Branded,3039.65
2021,1,01/06/2021,AR,Branded,3039.65
2021,1,01/07/2021,AR,Branded,3039.65
2021,1,01/08/2021,AR,Branded,3039.65
2021,1,01/09/2021,AR,Branded,3039.65
2021,1,01/10/2021,AR,Branded,3039.65
2021,1,01/11/2021,AR,Branded,3039.65
2021,1,01/12/2021,AR,Branded,3039.65
2021,1,01/13/2021,AR,Branded,3039.65
2021,1,01/14/2021,AR,Branded,3039.65
2021,1,01/15/2021,AR,Branded,3039.65
2021,1,01/16/2021,AR,Branded,3039.65
2021,1,01/17/2021,AR,Branded,3039.65
2021,1,01/18/2021,AR,Branded,3039.65
2021,1,01/19/2021,AR,Branded,3039.65
2021,1,01/20/2021,AR,Branded,3039.65
2021,1,01/21/2021,AR,Branded,3039.65
2021,1,01/22/2021,AR,Branded,3039.65
2021,1,01/23/2021,AR,Branded,3039.65
2021,1,01/24/2021,AR,Branded,3039.65
2021,1,01/25/2021,AR,Branded,3039.65
2021,1,01/26/2021,AR,Branded,3039.65
2021,1,01/27/2021,AR,Branded,3039.65
2021,1,01/28/2021,AR,Branded,3039.65
2021,1,01/29/2021,AR,Branded,3039.65
2021,1,01/30/2021,AR,Branded,3039.65
2021,1,01/31/2021,AR,Branded,3039.65
2021,2,02/01/2021,AR,Branded,3533.57
2021,2,02/02/2021,AR,Branded,3533.57
2021,2,02/03/2021,AR,Branded,3533.57
2021,2,02/04/2021,AR,Branded,3533.57
2021,2,02/05/2021,AR,Branded,3533.57
2021,2,02/06/2021,AR,Branded,3533.57
2021,2,02/07/2021,AR,Branded,3533.57
2021,2,02/08/2021,AR,Branded,3533.57
2021,2,02/09/2021,AR,Branded,3533.57
2021,2,02/10/2021,AR,Branded,3533.57
2021,2,02/11/2021,AR,Branded,3533.57
2021,2,02/12/2021,AR,Branded,3533.57
2021,2,02/13/2021,AR,Branded,3533.57
2021,2,02/14/2021,AR,Branded,3533.57
2021,2,02/15/2021,AR,Branded,3533.57
2021,2,02/16/2021,AR,Branded,3533.57
2021,2,02/17/2021,AR,Branded,3533.57
2021,2,02/18/2021,AR,Branded,3533.57
2021,2,02/19/2021,AR,Branded,3533.57
2021,2,02/20/2021,AR,Branded,3533.57
2021,2,02/21/2021,AR,Branded,3533.57
2021,2,02/22/2021,AR,Branded,3533.57
2021,2,02/23/2021,AR,Branded,3533.57
2021,2,02/24/2021,AR,Branded,3533.57
2021,2,02/25/2021,AR,Branded,3533.57
2021,2,02/26/2021,AR,Branded,3533.57
2021,2,02/27/2021,AR,Branded,3533.57
2021,2,02/28/2021,AR,Branded,3533.57
2021,3,03/01/2021,AR,Branded,3446.94
2021,3,03/02/2021,AR,Branded,3446.94
2021,3,03/03/2021,AR,Branded,3446.94
2021,3,03/04/2021,AR,Branded,3446.94
2021,3,03/05/2021,AR,Branded,3446.94
2021,3,03/06/2021,AR,Branded,3446.94
2021,3,03/07/2021,AR,Branded,3446.94
2021,3,03/08/2021,AR,Branded,3446.94
2021,3,03/09/2021,AR,Branded,3446.94
2021,3,03/10/2021,AR,Branded,3446.94
2021,3,03/11/2021,AR,Branded,3446.94
2021,3,03/12/2021,AR,Branded,3446.94
2021,3,03/13/2021,AR,Branded,3446.94
2021,3,03/14/2021,AR,Branded,3446.94
2021,3,03/15/2021,AR,Branded,3446.94
2021,3,03/16/2021,AR,Branded,3446.94
2021,3,03/17/2021,AR,Branded,3446.94
2021,3,03/18/2021,AR,Branded,3446.94
2021,3,03/19/2021,AR,Branded,3446.94
2021,3,03/20/2021,AR,Branded,3446.94
2021,3,03/21/2021,AR,Branded,3446.94
2021,3,03/22/2021,AR,Branded,3446.94
2021,3,03/23/2021,AR,Branded,3446.94
2021,3,03/24/2021,AR,Branded,3446.94
2021,3,03/25/2021,AR,Branded,3446.94
2021,3,03/26/2021,AR,Branded,3446.94
2021,3,03/27/2021,AR,Branded,3446.94
2021,3,03/28/2021,AR,Branded,3446.94
2021,3,03/29/2021,AR,Branded,3446.94
2021,3,03/30/2021,AR,Branded,3446.94
2021,3,03/31/2021,AR,Branded,3446.94
2021,4,04/01/2021,AR,Branded,3811.17
2021,4,04/02/2021,AR,Branded,3811.17
2021,4,04/03/2021,AR,Branded,3811.17
2021,4,04/04/2021,AR,Branded,3811.17
2021,4,04/05/2021,AR,Branded,3811.17
2021,4,04/06/2021,AR,Branded,3811.17
2021,4,04/07/2021,AR,Branded,3811.17
2021,4,04/08/2021,AR,Branded,3811.17
2021,4,04/09/2021,AR,Branded,3811.17
2021,4,04/10/2021,AR,Branded,3811.17
2021,4,04/11/2021,AR,Branded,3811.17
2021,4,04/12/2021,AR,Branded,3811.17
2021,4,04/13/2021,AR,Branded,3811.17
2021,4,04/14/2021,AR,Branded,3811.17
2021,4,04/15/2021,AR,Branded,3811.17
2021,4,04/16/2021,AR,Branded,3811.17
2021,4,04/17/2021,AR,Branded,3811.17
2021,4,04/18/2021,AR,Branded,3811.17
2021,4,04/19/2021,AR,Branded,3811.17
2021,4,04/20/2021,AR,Branded,3811.17
2021,4,04/21/2021,AR,Branded,3811.17
2021,4,04/22/2021,AR,Branded,3811.17
2021,4,04/23/2021,AR,Branded,3811.17
2021,4,04/24/2021,AR,Branded,3811.17
2021,4,04/25/2021,AR,Branded,3811.17
2021,4,04/26/2021,AR,Branded,3811.17
2021,4,04/27/2021,AR,Branded,3811.17
2021,4,04/28/2021,AR,Branded,3811.17
2021,4,04/29/2021,AR,Branded,3811.17
2021,4,04/30/2021,AR,Branded,3811.17
2021,5,05/01/2021,AR,Branded,4241.45
2021,5,05/02/2021,AR,Branded,4241.45
2021,5,05/03/2021,AR,Branded,4241.45
2021,5,05/04/2021,AR,Branded,4241.45
2021,5,05/05/2021,AR,Branded,4241.45
2021,5,05/06/2021,AR,Branded,4241.45
2021,5,05/07/2021,AR,Branded,4241.45
2021,5,05/08/2021,AR,Branded,4241.45
2021,5,05/09/2021,AR,Branded,4241.45
2021,5,05/10/2021,AR,Branded,4241.45
2021,5,05/11/2021,AR,Branded,4241.45
2021,5,05/12/2021,AR,Branded,4241.45
2021,5,05/13/2021,AR,Branded,4241.45
2021,5,05/14/2021,AR,Branded,4241.45
2021,5,05/15/2021,AR,Branded,4241.45
2021,5,05/16/2021,AR,Branded,4241.45
2021,5,05/17/2021,AR,Branded,4241.45
2021,5,05/18/2021,AR,Branded,4241.45
2021,5,05/19/2021,AR,Branded,4241.45
2021,5,05/20/2021,AR,Branded,4241.45
2021,5,05/21/2021,AR,Branded,4241.45
2021,5,05/22/2021,AR,Branded,4241.45
2021,5,05/23/2021,AR,Branded,4241.45
2021,5,05/24/2021,AR,Branded,4241.45
2021,5,05/25/2021,AR,Branded,4241.45
2021,5,05/26/2021,AR,Branded,4241.45
2021,5,05/27/2021,AR,Branded,4241.45
2021,5,05/28/2021,AR,Branded,4241.45
2021,5,05/29/2021,AR,Branded,4241.45
2021,5,05/30/2021,AR,Branded,4241.45
2021,5,05/31/2021,AR,Branded,4241.45
2021,6,06/01/2021,AR,Branded,4339.03
2021,6,06/02/2021,AR,Branded,4339.03
2021,6,06/03/2021,AR,Branded,4339.03
2021,6,06/04/2021,AR,Branded,4339.03
2021,6,06/05/2021,AR,Branded,4339.03
2021,6,06/06/2021,AR,Branded,4339.03
2021,6,06/07/2021,AR,Branded,4339.03
2021,6,06/08/2021,AR,Branded,4339.03
2021,6,06/09/2021,AR,Branded,4339.03
2021,6,06/10/2021,AR,Branded,4339.03
2021,6,06/11/2021,AR,Branded,4339.03
2021,6,06/12/2021,AR,Branded,4339.03
2021,6,06/13/2021,AR,Branded,4339.03
2021,6,06/14/2021,AR,Branded,4339.03
2021,6,06/15/2021,AR,Branded,4339.03
2021,6,06/16/2021,AR,Branded,4339.03
2021,6,06/17/2021,AR,Branded,4339.03
2021,6,06/18/2021,AR,Branded,4339.03
2021,6,06/19/2021,AR,Branded,4339.03
2021,6,06/20/2021,AR,Branded,4339.03
2021,6,06/21/2021,AR,Branded,4339.03
2021,6,06/22/2021,AR,Branded,4339.03
2021,6,06/23/2021,AR,Branded,4339.03
2021,6,06/24/2021,AR,Branded,4339.03
2021,6,06/25/2021,AR,Branded,4339.03
2021,6,06/26/2021,AR,Branded,4339.03
2021,6,06/27/2021,AR,Branded,4339.03
2021,6,06/28/2021,AR,Branded,4339.03
2021,6,06/29/2021,AR,Branded,4339.03
2021,6,06/30/2021,AR,Branded,4339.03
2021,7,07/01/2021,AR,Branded,4389.68
2021,7,07/02/2021,AR,Branded,4389.68
2021,7,07/03/2021,AR,Branded,4389.68
2021,7,07/04/2021,AR,Branded,4389.68
2021,7,07/05/2021,AR,Branded,4389.68
2021,7,07/06/2021,AR,Branded,4389.68
2021,7,07/07/2021,AR,Branded,4389.68
2021,7,07/08/2021,AR,Branded,4389.68
2021,7,07/09/2021,AR,Branded,4389.68
2021,7,07/10/2021,AR,Branded,4389.68
2021,7,07/11/2021,AR,Branded,4389.68
2021,7,07/12/2021,AR,Branded,4389.68
2021,7,07/13/2021,AR,Branded,4389.68
2021,7,07/14/2021,AR,Branded,4389.68
2021,7,07/15/2021,AR,Branded,4389.68
2021,7,07/16/2021,AR,Branded,4389.68
2021,7,07/17/2021,AR,Branded,4389.68
2021,7,07/18/2021,AR,Branded,4389.68
2021,7,07/19/2021,AR,Branded,4389.68
2021,7,07/20/2021,AR,Branded,4389.68
2021,7,07/21/2021,AR,Branded,4389.68
2021,7,07/22/2021,AR,Branded,4389.68
2021,7,07/23/2021,AR,Branded,4389.68
2021,7,07/24/2021,AR,Branded,4389.68
2021,7,07/25/2021,AR,Branded,4389.68
2021,7,07/26/2021,AR,Branded,4389.68
2021,7,07/27/2021,AR,Branded,4389.68
2021,7,07/28/2021,AR,Branded,4389.68
2021,7,07/29/2021,AR,Branded,4389.68
2021,7,07/30/2021,AR,Branded,4389.68
2021,7,07/31/2021,AR,Branded,4389.68
2021,8,08/01/2021,AR,Branded,4671.03
2021,8,08/02/2021,AR,Branded,4671.03
2021,8,08/03/2021,AR,Branded,4671.03
2021,8,08/04/2021,AR,Branded,4671.03
2021,8,08/05/2021,AR,Branded,4671.03
2021,8,08/06/2021,AR,Branded,4671.03
2021,8,08/07/2021,AR,Branded,4671.03
2021,8,08/08/2021,AR,Branded,4671.03
2021,8,08/09/2021,AR,Branded,4671.03
2021,8,08/10/2021,AR,Branded,4671.03
2021,8,08/11/2021,AR,Branded,4671.03
2021,8,08/12/2021,AR,Branded,4671.03
2021,8,08/13/2021,AR,Branded,4671.03
2021,8,08/14/2021,AR,Branded,4671.03
2021,8,08/15/2021,AR,Branded,4671.03
2021,8,08/16/2021,AR,Branded,4671.03
2021,8,08/17/2021,AR,Branded,4671.03
2021,8,08/18/2021,AR,Branded,4671.03
2021,8,08/19/2021,AR,Branded,4671.03
2021,8,08/20/2021,AR,Branded,4671.03
2021,8,08/21/2021,AR,Branded,4671.03
2021,8,08/22/2021,AR,Branded,4671.03
2021,8,08/23/2021,AR,Branded,4671.03
2021,8,08/24/2021,AR,Branded,4671.03
2021,8,08/25/2021,AR,Branded,4671.03
2021,8,08/26/2021,AR,Branded,4671.03
2021,8,08/27/2021,AR,Branded,4671.03
2021,8,08/28/2021,AR,Branded,4671.03
2021,8,08/29/2021,AR,Branded,4671.03
2021,8,08/30/2021,AR,Branded,4671.03
2021,8,08/31/2021,AR,Branded,4671.03
2021,9,09/01/2021,AR,Branded,5068.07
2021,9,09/02/2021,AR,Branded,5068.07
2021,9,09/03/2021,AR,Branded,5068.07
2021,9,09/04/2021,AR,Branded,5068.07
2021,9,09/05/2021,AR,Branded,5068.07
2021,9,09/06/2021,AR,Branded,5068.07
2021,9,09/07/2021,AR,Branded,5068.07
2021,9,09/08/2021,AR,Branded,5068.07
2021,9,09/09/2021,AR,Branded,5068.07
2021,9,09/10/2021,AR,Branded,5068.07
2021,9,09/11/2021,AR,Branded,5068.07
2021,9,09/12/2021,AR,Branded,5068.07
2021,9,09/13/2021,AR,Branded,5068.07
2021,9,09/14/2021,AR,Branded,5068.07
2021,9,09/15/2021,AR,Branded,5068.07
2021,9,09/16/2021,AR,Branded,5068.07
2021,9,09/17/2021,AR,Branded,5068.07
2021,9,09/18/2021,AR,Branded,5068.07
2021,9,09/19/2021,AR,Branded,5068.07
2021,9,09/20/2021,AR,Branded,5068.07
2021,9,09/21/2021,AR,Branded,5068.07
2021,9,09/22/2021,AR,Branded,5068.07
2021,9,09/23/2021,AR,Branded,5068.07
2021,9,09/24/2021,AR,Branded,5068.07
2021,9,09/25/2021,AR,Branded,5068.07
2021,9,09/26/2021,AR,Branded,5068.07
2021,9,09/27/2021,AR,Branded,5068.07
2021,9,09/28/2021,AR,Branded,5068.07
2021,9,09/29/2021,AR,Branded,5068.07
2021,9,09/30/2021,AR,Branded,5068.07
2021,10,10/01/2021,AR,Branded,5032.26
2021,10,10/02/2021,AR,Branded,5032.26
2021,10,10/03/2021,AR,Branded,5032.26
2021,10,10/04/2021,AR,Branded,5032.26
2021,10,10/05/2021,AR,Branded,5032.26
2021,10,10/06/2021,AR,Branded,5032.26
2021,10,10/07/2021,AR,Branded,5032.26
2021,10,10/08/2021,AR,Branded,5032.26
2021,10,10/09/2021,AR,Branded,5032.26
2021,10,10/10/2021,AR,Branded,5032.26
2021,10,10/11/2021,AR,Branded,5032.26
2021,10,10/12/2021,AR,Branded,5032.26
2021,10,10/13/2021,AR,Branded,5032.26
2021,10,10/14/2021,AR,Branded,5032.26
2021,10,10/15/2021,AR,Branded,5032.26
2021,10,10/16/2021,AR,Branded,5032.26
2021,10,10/17/2021,AR,Branded,5032.26
2021,10,10/18/2021,AR,Branded,5032.26
2021,10,10/19/2021,AR,Branded,5032.26
2021,10,10/20/2021,AR,Branded,5032.26
2021,10,10/21/2021,AR,Branded,5032.26
2021,10,10/22/2021,AR,Branded,5032.26
2021,10,10/23/2021,AR,Branded,5032.26
2021,10,10/24/2021,AR,Branded,5032.26
2021,10,10/25/2021,AR,Branded,5032.26
2021,10,10/26/2021,AR,Branded,5032.26
2021,10,10/27/2021,AR,Branded,5032.26
2021,10,10/28/2021,AR,Branded,5032.26
2021,10,10/29/2021,AR,Branded,5032.26
2021,10,10/30/2021,AR,Branded,5032.26
2021,10,10/31/2021,AR,Branded,5032.26
2021,11,11/01/2021,AR,Branded,5366.67
2021,11,11/02/2021,AR,Branded,5366.67
2021,11,11/03/2021,AR,Branded,5366.67
2021,11,11/04/2021,AR,Branded,5366.67
2021,11,11/05/2021,AR,Branded,5366.67
2021,11,11/06/2021,AR,Branded,5366.67
2021,11,11/07/2021,AR,Branded,5366.67
2021,11,11/08/2021,AR,Branded,5366.67
2021,11,11/09/2021,AR,Branded,5366.67
2021,11,11/10/2021,AR,Branded,5366.67
2021,11,11/11/2021,AR,Branded,5366.67
2021,11,11/12/2021,AR,Branded,5366.67
2021,11,11/13/2021,AR,Branded,5366.67
2021,11,11/14/2021,AR,Branded,5366.67
2021,11,11/15/2021,AR,Branded,5366.67
2021,11,11/16/2021,AR,Branded,5366.67
2021,11,11/17/2021,AR,Branded,5366.67
2021,11,11/18/2021,AR,Branded,5366.67
2021,11,11/19/2021,AR,Branded,5366.67
2021,11,11/20/2021,AR,Branded,5366.67
2021,11,11/21/2021,AR,Branded,5366.67
2021,11,11/22/2021,AR,Branded,5366.67
2021,11,11/23/2021,AR,Branded,5366.67
2021,11,11/24/2021,AR,Branded,5366.67
2021,11,11/25/2021,AR,Branded,5366.67
2021,11,11/26/2021,AR,Branded,5366.67
2021,11,11/27/2021,AR,Branded,5366.67
2021,11,11/28/2021,AR,Branded,5366.67
2021,11,11/29/2021,AR,Branded,5366.67
2021,11,11/30/2021,AR,Branded,5366.67
2021,12,12/01/2021,AR,Branded,4858.32
2021,12,12/02/2021,AR,Branded,4858.32
2021,12,12/03/2021,AR,Branded,4858.32
2021,12,12/04/2021,AR,Branded,4858.32
2021,12,12/05/2021,AR,Branded,4858.32
2021,12,12/06/2021,AR,Branded,4858.32
2021,12,12/07/2021,AR,Branded,4858.32
2021,12,12/08/2021,AR,Branded,4858.32
2021,12,12/09/2021,AR,Branded,4858.32
2021,12,12/10/2021,AR,Branded,4858.32
2021,12,12/11/2021,AR,Branded,4858.32
2021,12,12/12/2021,AR,Branded,4858.32
2021,12,12/13/2021,AR,Branded,4858.32
2021,12,12/14/2021,AR,Branded,4858.32
2021,12,12/15/2021,AR,Branded,4858.32
2021,12,12/16/2021,AR,Branded,4858.32
2021,12,12/17/2021,AR,Branded,4858.32
2021,12,12/18/2021,AR,Branded,4858.32
2021,12,12/19/2021,AR,Branded,4858.32
2021,12,12/20/2021,AR,Branded,4858.32
2021,12,12/21/2021,AR,Branded,4858.32
2021,12,12/22/2021,AR,Branded,4858.32
2021,12,12/23/2021,AR,Branded,4858.32
2021,12,12/24/2021,AR,Branded,4858.32
2021,12,12/25/2021,AR,Branded,4858.32
2021,12,12/26/2021,AR,Branded,4858.32
2021,12,12/27/2021,AR,Branded,4858.32
2021,12,12/28/2021,AR,Branded,4858.32
2021,12,12/29/2021,AR,Branded,4858.32
2021,12,12/30/2021,AR,Branded,4858.32
2021,12,12/31/2021,AR,Branded,4858.32
2021,1,01/01/2021,BR,Branded,4379.77
2021,1,01/02/2021,BR,Branded,4379.77
2021,1,01/03/2021,BR,Branded,4379.77
2021,1,01/04/2021,BR,Branded,4379.77
2021,1,01/05/2021,BR,Branded,4379.77
2021,1,01/06/2021,BR,Branded,4379.77
2021,1,01/07/2021,BR,Branded,4379.77
2021,1,01/08/2021,BR,Branded,4379.77
2021,1,01/09/2021,BR,Branded,4379.77
2021,1,01/10/2021,BR,Branded,4379.77
2021,1,01/11/2021,BR,Branded,4379.77
2021,1,01/12/2021,BR,Branded,4379.77
2021,1,01/13/2021,BR,Branded,4379.77
2021,1,01/14/2021,BR,Branded,4379.77
2021,1,01/15/2021,BR,Branded,4379.77
2021,1,01/16/2021,BR,Branded,4379.77
2021,1,01/17/2021,BR,Branded,4379.77
2021,1,01/18/2021,BR,Branded,4379.77
2021,1,01/19/2021,BR,Branded,4379.77
2021,1,01/20/2021,BR,Branded,4379.77
2021,1,01/21/2021,BR,Branded,4379.77
2021,1,01/22/2021,BR,Branded,4379.77
2021,1,01/23/2021,BR,Branded,4379.77
2021,1,01/24/2021,BR,Branded,4379.77
2021,1,01/25/2021,BR,Branded,4379.77
2021,1,01/26/2021,BR,Branded,4379.77
2021,1,01/27/2021,BR,Branded,4379.77
2021,1,01/28/2021,BR,Branded,4379.77
2021,1,01/29/2021,BR,Branded,4379.77
2021,1,01/30/2021,BR,Branded,4379.77
2021,1,01/31/2021,BR,Branded,4379.77
2021,2,02/01/2021,BR,Branded,5287.54
2021,2,02/02/2021,BR,Branded,5287.54
2021,2,02/03/2021,BR,Branded,5287.54
2021,2,02/04/2021,BR,Branded,5287.54
2021,2,02/05/2021,BR,Branded,5287.54
2021,2,02/06/2021,BR,Branded,5287.54
2021,2,02/07/2021,BR,Branded,5287.54
2021,2,02/08/2021,BR,Branded,5287.54
2021,2,02/09/2021,BR,Branded,5287.54
2021,2,02/10/2021,BR,Branded,5287.54
2021,2,02/11/2021,BR,Branded,5287.54
2021,2,02/12/2021,BR,Branded,5287.54
2021,2,02/13/2021,BR,Branded,5287.54
2021,2,02/14/2021,BR,Branded,5287.54
2021,2,02/15/2021,BR,Branded,5287.54
2021,2,02/16/2021,BR,Branded,5287.54
2021,2,02/17/2021,BR,Branded,5287.54
2021,2,02/18/2021,BR,Branded,5287.54
2021,2,02/19/2021,BR,Branded,5287.54
2021,2,02/20/2021,BR,Branded,5287.54
2021,2,02/21/2021,BR,Branded,5287.54
2021,2,02/22/2021,BR,Branded,5287.54
2021,2,02/23/2021,BR,Branded,5287.54
2021,2,02/24/2021,BR,Branded,5287.54
2021,2,02/25/2021,BR,Branded,5287.54
2021,2,02/26/2021,BR,Branded,5287.54
2021,2,02/27/2021,BR,Branded,5287.54
2021,2,02/28/2021,BR,Branded,5287.54
2021,3,03/01/2021,BR,Branded,5183.74
2021,3,03/02/2021,BR,Branded,5183.74
2021,3,03/03/2021,BR,Branded,5183.74
2021,3,03/04/2021,BR,Branded,5183.74
2021,3,03/05/2021,BR,Branded,5183.74
2021,3,03/06/2021,BR,Branded,5183.74
2021,3,03/07/2021,BR,Branded,5183.74
2021,3,03/08/2021,BR,Branded,5183.74
2021,3,03/09/2021,BR,Branded,5183.74
2021,3,03/10/2021,BR,Branded,5183.74
2021,3,03/11/2021,BR,Branded,5183.74
2021,3,03/12/2021,BR,Branded,5183.74
2021,3,03/13/2021,BR,Branded,5183.74
2021,3,03/14/2021,BR,Branded,5183.74
2021,3,03/15/2021,BR,Branded,5183.74
2021,3,03/16/2021,BR,Branded,5183.74
2021,3,03/17/2021,BR,Branded,5183.74
2021,3,03/18/2021,BR,Branded,5183.74
2021,3,03/19/2021,BR,Branded,5183.74
2021,3,03/20/2021,BR,Branded,5183.74
2021,3,03/21/2021,BR,Branded,5183.74
2021,3,03/22/2021,BR,Branded,5183.74
2021,3,03/23/2021,BR,Branded,5183.74
2021,3,03/24/2021,BR,Branded,5183.74
2021,3,03/25/2021,BR,Branded,5183.74
2021,3,03/26/2021,BR,Branded,5183.74
2021,3,03/27/2021,BR,Branded,5183.74
2021,3,03/28/2021,BR,Branded,5183.74
2021,3,03/29/2021,BR,Branded,5183.74
2021,3,03/30/2021,BR,Branded,5183.74
2021,3,03/31/2021,BR,Branded,5183.74
2021,4,04/01/2021,BR,Branded,6149.73
2021,4,04/02/2021,BR,Branded,6149.73
2021,4,04/03/2021,BR,Branded,6149.73
2021,4,04/04/2021,BR,Branded,6149.73
2021,4,04/05/2021,BR,Branded,6149.73
2021,4,04/06/2021,BR,Branded,6149.73
2021,4,04/07/2021,BR,Branded,6149.73
2021,4,04/08/2021,BR,Branded,6149.73
2021,4,04/09/2021,BR,Branded,6149.73
2021,4,04/10/2021,BR,Branded,6149.73
2021,4,04/11/2021,BR,Branded,6149.73
2021,4,04/12/2021,BR,Branded,6149.73
2021,4,04/13/2021,BR,Branded,6149.73
2021,4,04/14/2021,BR,Branded,6149.73
2021,4,04/15/2021,BR,Branded,6149.73
2021,4,04/16/2021,BR,Branded,6149.73
2021,4,04/17/2021,BR,Branded,6149.73
2021,4,04/18/2021,BR,Branded,6149.73
2021,4,04/19/2021,BR,Branded,6149.73
2021,4,04/20/2021,BR,Branded,6149.73
2021,4,04/21/2021,BR,Branded,6149.73
2021,4,04/22/2021,BR,Branded,6149.73
2021,4,04/23/2021,BR,Branded,6149.73
2021,4,04/24/2021,BR,Branded,6149.73
2021,4,04/25/2021,BR,Branded,6149.73
2021,4,04/26/2021,BR,Branded,6149.73
2021,4,04/27/2021,BR,Branded,6149.73
2021,4,04/28/2021,BR,Branded,6149.73
2021,4,04/29/2021,BR,Branded,6149.73
2021,4,04/30/2021,BR,Branded,6149.73
2021,5,05/01/2021,BR,Branded,6477.77
2021,5,05/02/2021,BR,Branded,6477.77
2021,5,05/03/2021,BR,Branded,6477.77
2021,5,05/04/2021,BR,Branded,6477.77
2021,5,05/05/2021,BR,Branded,6477.77
2021,5,05/06/2021,BR,Branded,6477.77
2021,5,05/07/2021,BR,Branded,6477.77
2021,5,05/08/2021,BR,Branded,6477.77
2021,5,05/09/2021,BR,Branded,6477.77
2021,5,05/10/2021,BR,Branded,6477.77
2021,5,05/11/2021,BR,Branded,6477.77
2021,5,05/12/2021,BR,Branded,6477.77
2021,5,05/13/2021,BR,Branded,6477.77
2021,5,05/14/2021,BR,Branded,6477.77
2021,5,05/15/2021,BR,Branded,6477.77
2021,5,05/16/2021,BR,Branded,6477.77
2021,5,05/17/2021,BR,Branded,6477.77
2021,5,05/18/2021,BR,Branded,6477.77
2021,5,05/19/2021,BR,Branded,6477.77
2021,5,05/20/2021,BR,Branded,6477.77
2021,5,05/21/2021,BR,Branded,6477.77
2021,5,05/22/2021,BR,Branded,6477.77
2021,5,05/23/2021,BR,Branded,6477.77
2021,5,05/24/2021,BR,Branded,6477.77
2021,5,05/25/2021,BR,Branded,6477.77
2021,5,05/26/2021,BR,Branded,6477.77
2021,5,05/27/2021,BR,Branded,6477.77
2021,5,05/28/2021,BR,Branded,6477.77
2021,5,05/29/2021,BR,Branded,6477.77
2021,5,05/30/2021,BR,Branded,6477.77
2021,5,05/31/2021,BR,Branded,6477.77
2021,6,06/01/2021,BR,Branded,6995.07
2021,6,06/02/2021,BR,Branded,6995.07
2021,6,06/03/2021,BR,Branded,6995.07
2021,6,06/04/2021,BR,Branded,6995.07
2021,6,06/05/2021,BR,Branded,6995.07
2021,6,06/06/2021,BR,Branded,6995.07
2021,6,06/07/2021,BR,Branded,6995.07
2021,6,06/08/2021,BR,Branded,6995.07
2021,6,06/09/2021,BR,Branded,6995.07
2021,6,06/10/2021,BR,Branded,6995.07
2021,6,06/11/2021,BR,Branded,6995.07
2021,6,06/12/2021,BR,Branded,6995.07
2021,6,06/13/2021,BR,Branded,6995.07
2021,6,06/14/2021,BR,Branded,6995.07
2021,6,06/15/2021,BR,Branded,6995.07
2021,6,06/16/2021,BR,Branded,6995.07
2021,6,06/17/2021,BR,Branded,6995.07
2021,6,06/18/2021,BR,Branded,6995.07
2021,6,06/19/2021,BR,Branded,6995.07
2021,6,06/20/2021,BR,Branded,6995.07
2021,6,06/21/2021,BR,Branded,6995.07
2021,6,06/22/2021,BR,Branded,6995.07
2021,6,06/23/2021,BR,Branded,6995.07
2021,6,06/24/2021,BR,Branded,6995.07
2021,6,06/25/2021,BR,Branded,6995.07
2021,6,06/26/2021,BR,Branded,6995.07
2021,6,06/27/2021,BR,Branded,6995.07
2021,6,06/28/2021,BR,Branded,6995.07
2021,6,06/29/2021,BR,Branded,6995.07
2021,6,06/30/2021,BR,Branded,6995.07
2021,7,07/01/2021,BR,Branded,6388.48
2021,7,07/02/2021,BR,Branded,6388.48
2021,7,07/03/2021,BR,Branded,6388.48
2021,7,07/04/2021,BR,Branded,6388.48
2021,7,07/05/2021,BR,Branded,6388.48
2021,7,07/06/2021,BR,Branded,6388.48
2021,7,07/07/2021,BR,Branded,6388.48
2021,7,07/08/2021,BR,Branded,6388.48
2021,7,07/09/2021,BR,Branded,6388.48
2021,7,07/10/2021,BR,Branded,6388.48
2021,7,07/11/2021,BR,Branded,6388.48
2021,7,07/12/2021,BR,Branded,6388.48
2021,7,07/13/2021,BR,Branded,6388.48
2021,7,07/14/2021,BR,Branded,6388.48
2021,7,07/15/2021,BR,Branded,6388.48
2021,7,07/16/2021,BR,Branded,6388.48
2021,7,07/17/2021,BR,Branded,6388.48
2021,7,07/18/2021,BR,Branded,6388.48
2021,7,07/19/2021,BR,Branded,6388.48
2021,7,07/20/2021,BR,Branded,6388.48
2021,7,07/21/2021,BR,Branded,6388.48
2021,7,07/22/2021,BR,Branded,6388.48
2021,7,07/23/2021,BR,Branded,6388.48
2021,7,07/24/2021,BR,Branded,6388.48
2021,7,07/25/2021,BR,Branded,6388.48
2021,7,07/26/2021,BR,Branded,6388.48
2021,7,07/27/2021,BR,Branded,6388.48
2021,7,07/28/2021,BR,Branded,6388.48
2021,7,07/29/2021,BR,Branded,6388.48
2021,7,07/30/2021,BR,Branded,6388.48
2021,7,07/31/2021,BR,Branded,6388.48
2021,8,08/01/2021,BR,Branded,6679.84
2021,8,08/02/2021,BR,Branded,6679.84
2021,8,08/03/2021,BR,Branded,6679.84
2021,8,08/04/2021,BR,Branded,6679.84
2021,8,08/05/2021,BR,Branded,6679.84
2021,8,08/06/2021,BR,Branded,6679.84
2021,8,08/07/2021,BR,Branded,6679.84
2021,8,08/08/2021,BR,Branded,6679.84
2021,8,08/09/2021,BR,Branded,6679.84
2021,8,08/10/2021,BR,Branded,6679.84
2021,8,08/11/2021,BR,Branded,6679.84
2021,8,08/12/2021,BR,Branded,6679.84
2021,8,08/13/2021,BR,Branded,6679.84
2021,8,08/14/2021,BR,Branded,6679.84
2021,8,08/15/2021,BR,Branded,6679.84
2021,8,08/16/2021,BR,Branded,6679.84
2021,8,08/17/2021,BR,Branded,6679.84
2021,8,08/18/2021,BR,Branded,6679.84
2021,8,08/19/2021,BR,Branded,6679.84
2021,8,08/20/2021,BR,Branded,6679.84
2021,8,08/21/2021,BR,Branded,6679.84
2021,8,08/22/2021,BR,Branded,6679.84
2021,8,08/23/2021,BR,Branded,6679.84
2021,8,08/24/2021,BR,Branded,6679.84
2021,8,08/25/2021,BR,Branded,6679.84
2021,8,08/26/2021,BR,Branded,6679.84
2021,8,08/27/2021,BR,Branded,6679.84
2021,8,08/28/2021,BR,Branded,6679.84
2021,8,08/29/2021,BR,Branded,6679.84
2021,8,08/30/2021,BR,Branded,6679.84
2021,8,08/31/2021,BR,Branded,6679.84
2021,9,09/01/2021,BR,Branded,6794.57
2021,9,09/02/2021,BR,Branded,6794.57
2021,9,09/03/2021,BR,Branded,6794.57
2021,9,09/04/2021,BR,Branded,6794.57
2021,9,09/05/2021,BR,Branded,6794.57
2021,9,09/06/2021,BR,Branded,6794.57
2021,9,09/07/2021,BR,Branded,6794.57
2021,9,09/08/2021,BR,Branded,6794.57
2021,9,09/09/2021,BR,Branded,6794.57
2021,9,09/10/2021,BR,Branded,6794.57
2021,9,09/11/2021,BR,Branded,6794.57
2021,9,09/12/2021,BR,Branded,6794.57
2021,9,09/13/2021,BR,Branded,6794.57
2021,9,09/14/2021,BR,Branded,6794.57
2021,9,09/15/2021,BR,Branded,6794.57
2021,9,09/16/2021,BR,Branded,6794.57
2021,9,09/17/2021,BR,Branded,6794.57
2021,9,09/18/2021,BR,Branded,6794.57
2021,9,09/19/2021,BR,Branded,6794.57
2021,9,09/20/2021,BR,Branded,6794.57
2021,9,09/21/2021,BR,Branded,6794.57
2021,9,09/22/2021,BR,Branded,6794.57
2021,9,09/23/2021,BR,Branded,6794.57
2021,9,09/24/2021,BR,Branded,6794.57
2021,9,09/25/2021,BR,Branded,6794.57
2021,9,09/26/2021,BR,Branded,6794.57
2021,9,09/27/2021,BR,Branded,6794.57
2021,9,09/28/2021,BR,Branded,6794.57
2021,9,09/29/2021,BR,Branded,6794.57
2021,9,09/30/2021,BR,Branded,6794.57
2021,10,10/01/2021,BR,Branded,7319.84
2021,10,10/02/2021,BR,Branded,7319.84
2021,10,10/03/2021,BR,Branded,7319.84
2021,10,10/04/2021,BR,Branded,7319.84
2021,10,10/05/2021,BR,Branded,7319.84
2021,10,10/06/2021,BR,Branded,7319.84
2021,10,10/07/2021,BR,Branded,7319.84
2021,10,10/08/2021,BR,Branded,7319.84
2021,10,10/09/2021,BR,Branded,7319.84
2021,10,10/10/2021,BR,Branded,7319.84
2021,10,10/11/2021,BR,Branded,7319.84
2021,10,10/12/2021,BR,Branded,7319.84
2021,10,10/13/2021,BR,Branded,7319.84
2021,10,10/14/2021,BR,Branded,7319.84
2021,10,10/15/2021,BR,Branded,7319.84
2021,10,10/16/2021,BR,Branded,7319.84
2021,10,10/17/2021,BR,Branded,7319.84
2021,10,10/18/2021,BR,Branded,7319.84
2021,10,10/19/2021,BR,Branded,7319.84
2021,10,10/20/2021,BR,Branded,7319.84
2021,10,10/21/2021,BR,Branded,7319.84
2021,10,10/22/2021,BR,Branded,7319.84
2021,10,10/23/2021,BR,Branded,7319.84
2021,10,10/24/2021,BR,Branded,7319.84
2021,10,10/25/2021,BR,Branded,7319.84
2021,10,10/26/2021,BR,Branded,7319.84
2021,10,10/27/2021,BR,Branded,7319.84
2021,10,10/28/2021,BR,Branded,7319.84
2021,10,10/29/2021,BR,Branded,7319.84
2021,10,10/30/2021,BR,Branded,7319.84
2021,10,10/31/2021,BR,Branded,7319.84
2021,11,11/01/2021,BR,Branded,6852.87
2021,11,11/02/2021,BR,Branded,6852.87
2021,11,11/03/2021,BR,Branded,6852.87
2021,11,11/04/2021,BR,Branded,6852.87
2021,11,11/05/2021,BR,Branded,6852.87
2021,11,11/06/2021,BR,Branded,6852.87
2021,11,11/07/2021,BR,Branded,6852.87
2021,11,11/08/2021,BR,Branded,6852.87
2021,11,11/09/2021,BR,Branded,6852.87
2021,11,11/10/2021,BR,Branded,6852.87
2021,11,11/11/2021,BR,Branded,6852.87
2021,11,11/12/2021,BR,Branded,6852.87
2021,11,11/13/2021,BR,Branded,6852.87
2021,11,11/14/2021,BR,Branded,6852.87
2021,11,11/15/2021,BR,Branded,6852.87
2021,11,11/16/2021,BR,Branded,6852.87
2021,11,11/17/2021,BR,Branded,6852.87
2021,11,11/18/2021,BR,Branded,6852.87
2021,11,11/19/2021,BR,Branded,6852.87
2021,11,11/20/2021,BR,Branded,6852.87
2021,11,11/21/2021,BR,Branded,6852.87
2021,11,11/22/2021,BR,Branded,6852.87
2021,11,11/23/2021,BR,Branded,6852.87
2021,11,11/24/2021,BR,Branded,6852.87
2021,11,11/25/2021,BR,Branded,6852.87
2021,11,11/26/2021,BR,Branded,6852.87
2021,11,11/27/2021,BR,Branded,6852.87
2021,11,11/28/2021,BR,Branded,6852.87
2021,11,11/29/2021,BR,Branded,6852.87
2021,11,11/30/2021,BR,Branded,6852.87
2021,12,12/01/2021,BR,Branded,6642.29
2021,12,12/02/2021,BR,Branded,6642.29
2021,12,12/03/2021,BR,Branded,6642.29
2021,12,12/04/2021,BR,Branded,6642.29
2021,12,12/05/2021,BR,Branded,6642.29
2021,12,12/06/2021,BR,Branded,6642.29
2021,12,12/07/2021,BR,Branded,6642.29
2021,12,12/08/2021,BR,Branded,6642.29
2021,12,12/09/2021,BR,Branded,6642.29
2021,12,12/10/2021,BR,Branded,6642.29
2021,12,12/11/2021,BR,Branded,6642.29
2021,12,12/12/2021,BR,Branded,6642.29
2021,12,12/13/2021,BR,Branded,6642.29
2021,12,12/14/2021,BR,Branded,6642.29
2021,12,12/15/2021,BR,Branded,6642.29
2021,12,12/16/2021,BR,Branded,6642.29
2021,12,12/17/2021,BR,Branded,6642.29
2021,12,12/18/2021,BR,Branded,6642.29
2021,12,12/19/2021,BR,Branded,6642.29
2021,12,12/20/2021,BR,Branded,6642.29
2021,12,12/21/2021,BR,Branded,6642.29
2021,12,12/22/2021,BR,Branded,6642.29
2021,12,12/23/2021,BR,Branded,6642.29
2021,12,12/24/2021,BR,Branded,6642.29
2021,12,12/25/2021,BR,Branded,6642.29
2021,12,12/26/2021,BR,Branded,6642.29
2021,12,12/27/2021,BR,Branded,6642.29
2021,12,12/28/2021,BR,Branded,6642.29
2021,12,12/29/2021,BR,Branded,6642.29
2021,12,12/30/2021,BR,Branded,6642.29
2021,12,12/31/2021,BR,Branded,6642.29
2021,1,01/01/2021,CL,Branded,0.00
2021,1,01/02/2021,CL,Branded,0.00
2021,1,01/03/2021,CL,Branded,0.00
2021,1,01/04/2021,CL,Branded,0.00
2021,1,01/05/2021,CL,Branded,0.00
2021,1,01/06/2021,CL,Branded,0.00
2021,1,01/07/2021,CL,Branded,0.00
2021,1,01/08/2021,CL,Branded,0.00
2021,1,01/09/2021,CL,Branded,0.00
2021,1,01/10/2021,CL,Branded,0.00
2021,1,01/11/2021,CL,Branded,0.00
2021,1,01/12/2021,CL,Branded,0.00
2021,1,01/13/2021,CL,Branded,0.00
2021,1,01/14/2021,CL,Branded,0.00
2021,1,01/15/2021,CL,Branded,0.00
2021,1,01/16/2021,CL,Branded,0.00
2021,1,01/17/2021,CL,Branded,0.00
2021,1,01/18/2021,CL,Branded,0.00
2021,1,01/19/2021,CL,Branded,0.00
2021,1,01/20/2021,CL,Branded,0.00
2021,1,01/21/2021,CL,Branded,0.00
2021,1,01/22/2021,CL,Branded,0.00
2021,1,01/23/2021,CL,Branded,0.00
2021,1,01/24/2021,CL,Branded,0.00
2021,1,01/25/2021,CL,Branded,0.00
2021,1,01/26/2021,CL,Branded,0.00
2021,1,01/27/2021,CL,Branded,0.00
2021,1,01/28/2021,CL,Branded,0.00
2021,1,01/29/2021,CL,Branded,0.00
2021,1,01/30/2021,CL,Branded,0.00
2021,1,01/31/2021,CL,Branded,0.00
2021,2,02/01/2021,CL,Branded,0.00
2021,2,02/02/2021,CL,Branded,0.00
2021,2,02/03/2021,CL,Branded,0.00
2021,2,02/04/2021,CL,Branded,0.00
2021,2,02/05/2021,CL,Branded,0.00
2021,2,02/06/2021,CL,Branded,0.00
2021,2,02/07/2021,CL,Branded,0.00
2021,2,02/08/2021,CL,Branded,0.00
2021,2,02/09/2021,CL,Branded,0.00
2021,2,02/10/2021,CL,Branded,0.00
2021,2,02/11/2021,CL,Branded,0.00
2021,2,02/12/2021,CL,Branded,0.00
2021,2,02/13/2021,CL,Branded,0.00
2021,2,02/14/2021,CL,Branded,0.00
2021,2,02/15/2021,CL,Branded,0.00
2021,2,02/16/2021,CL,Branded,0.00
2021,2,02/17/2021,CL,Branded,0.00
2021,2,02/18/2021,CL,Branded,0.00
2021,2,02/19/2021,CL,Branded,0.00
2021,2,02/20/2021,CL,Branded,0.00
2021,2,02/21/2021,CL,Branded,0.00
2021,2,02/22/2021,CL,Branded,0.00
2021,2,02/23/2021,CL,Branded,0.00
2021,2,02/24/2021,CL,Branded,0.00
2021,2,02/25/2021,CL,Branded,0.00
2021,2,02/26/2021,CL,Branded,0.00
2021,2,02/27/2021,CL,Branded,0.00
2021,2,02/28/2021,CL,Branded,0.00
2021,3,03/01/2021,CL,Branded,0.00
2021,3,03/02/2021,CL,Branded,0.00
2021,3,03/03/2021,CL,Branded,0.00
2021,3,03/04/2021,CL,Branded,0.00
2021,3,03/05/2021,CL,Branded,0.00
2021,3,03/06/2021,CL,Branded,0.00
2021,3,03/07/2021,CL,Branded,0.00
2021,3,03/08/2021,CL,Branded,0.00
2021,3,03/09/2021,CL,Branded,0.00
2021,3,03/10/2021,CL,Branded,0.00
2021,3,03/11/2021,CL,Branded,0.00
2021,3,03/12/2021,CL,Branded,0.00
2021,3,03/13/2021,CL,Branded,0.00
2021,3,03/14/2021,CL,Branded,0.00
2021,3,03/15/2021,CL,Branded,0.00
2021,3,03/16/2021,CL,Branded,0.00
2021,3,03/17/2021,CL,Branded,0.00
2021,3,03/18/2021,CL,Branded,0.00
2021,3,03/19/2021,CL,Branded,0.00
2021,3,03/20/2021,CL,Branded,0.00
2021,3,03/21/2021,CL,Branded,0.00
2021,3,03/22/2021,CL,Branded,0.00
2021,3,03/23/2021,CL,Branded,0.00
2021,3,03/24/2021,CL,Branded,0.00
2021,3,03/25/2021,CL,Branded,0.00
2021,3,03/26/2021,CL,Branded,0.00
2021,3,03/27/2021,CL,Branded,0.00
2021,3,03/28/2021,CL,Branded,0.00
2021,3,03/29/2021,CL,Branded,0.00
2021,3,03/30/2021,CL,Branded,0.00
2021,3,03/31/2021,CL,Branded,0.00
2021,4,04/01/2021,CL,Branded,0.00
2021,4,04/02/2021,CL,Branded,0.00
2021,4,04/03/2021,CL,Branded,0.00
2021,4,04/04/2021,CL,Branded,0.00
2021,4,04/05/2021,CL,Branded,0.00
2021,4,04/06/2021,CL,Branded,0.00
2021,4,04/07/2021,CL,Branded,0.00
2021,4,04/08/2021,CL,Branded,0.00
2021,4,04/09/2021,CL,Branded,0.00
2021,4,04/10/2021,CL,Branded,0.00
2021,4,04/11/2021,CL,Branded,0.00
2021,4,04/12/2021,CL,Branded,0.00
2021,4,04/13/2021,CL,Branded,0.00
2021,4,04/14/2021,CL,Branded,0.00
2021,4,04/15/2021,CL,Branded,0.00
2021,4,04/16/2021,CL,Branded,0.00
2021,4,04/17/2021,CL,Branded,0.00
2021,4,04/18/2021,CL,Branded,0.00
2021,4,04/19/2021,CL,Branded,0.00
2021,4,04/20/2021,CL,Branded,0.00
2021,4,04/21/2021,CL,Branded,0.00
2021,4,04/22/2021,CL,Branded,0.00
2021,4,04/23/2021,CL,Branded,0.00
2021,4,04/24/2021,CL,Branded,0.00
2021,4,04/25/2021,CL,Branded,0.00
2021,4,04/26/2021,CL,Branded,0.00
2021,4,04/27/2021,CL,Branded,0.00
2021,4,04/28/2021,CL,Branded,0.00
2021,4,04/29/2021,CL,Branded,0.00
2021,4,04/30/2021,CL,Branded,0.00
2021,5,05/01/2021,CL,Branded,0.00
2021,5,05/02/2021,CL,Branded,0.00
2021,5,05/03/2021,CL,Branded,0.00
2021,5,05/04/2021,CL,Branded,0.00
2021,5,05/05/2021,CL,Branded,0.00
2021,5,05/06/2021,CL,Branded,0.00
2021,5,05/07/2021,CL,Branded,0.00
2021,5,05/08/2021,CL,Branded,0.00
2021,5,05/09/2021,CL,Branded,0.00
2021,5,05/10/2021,CL,Branded,0.00
2021,5,05/11/2021,CL,Branded,0.00
2021,5,05/12/2021,CL,Branded,0.00
2021,5,05/13/2021,CL,Branded,0.00
2021,5,05/14/2021,CL,Branded,0.00
2021,5,05/15/2021,CL,Branded,0.00
2021,5,05/16/2021,CL,Branded,0.00
2021,5,05/17/2021,CL,Branded,0.00
2021,5,05/18/2021,CL,Branded,0.00
2021,5,05/19/2021,CL,Branded,0.00
2021,5,05/20/2021,CL,Branded,0.00
2021,5,05/21/2021,CL,Branded,0.00
2021,5,05/22/2021,CL,Branded,0.00
2021,5,05/23/2021,CL,Branded,0.00
2021,5,05/24/2021,CL,Branded,0.00
2021,5,05/25/2021,CL,Branded,0.00
2021,5,05/26/2021,CL,Branded,0.00
2021,5,05/27/2021,CL,Branded,0.00
2021,5,05/28/2021,CL,Branded,0.00
2021,5,05/29/2021,CL,Branded,0.00
2021,5,05/30/2021,CL,Branded,0.00
2021,5,05/31/2021,CL,Branded,0.00
2021,6,06/01/2021,CL,Branded,0.00
2021,6,06/02/2021,CL,Branded,0.00
2021,6,06/03/2021,CL,Branded,0.00
2021,6,06/04/2021,CL,Branded,0.00
2021,6,06/05/2021,CL,Branded,0.00
2021,6,06/06/2021,CL,Branded,0.00
2021,6,06/07/2021,CL,Branded,0.00
2021,6,06/08/2021,CL,Branded,0.00
2021,6,06/09/2021,CL,Branded,0.00
2021,6,06/10/2021,CL,Branded,0.00
2021,6,06/11/2021,CL,Branded,0.00
2021,6,06/12/2021,CL,Branded,0.00
2021,6,06/13/2021,CL,Branded,0.00
2021,6,06/14/2021,CL,Branded,0.00
2021,6,06/15/2021,CL,Branded,0.00
2021,6,06/16/2021,CL,Branded,0.00
2021,6,06/17/2021,CL,Branded,0.00
2021,6,06/18/2021,CL,Branded,0.00
2021,6,06/19/2021,CL,Branded,0.00
2021,6,06/20/2021,CL,Branded,0.00
2021,6,06/21/2021,CL,Branded,0.00
2021,6,06/22/2021,CL,Branded,0.00
2021,6,06/23/2021,CL,Branded,0.00
2021,6,06/24/2021,CL,Branded,0.00
2021,6,06/25/2021,CL,Branded,0.00
2021,6,06/26/2021,CL,Branded,0.00
2021,6,06/27/2021,CL,Branded,0.00
2021,6,06/28/2021,CL,Branded,0.00
2021,6,06/29/2021,CL,Branded,0.00
2021,6,06/30/2021,CL,Branded,0.00
2021,7,07/01/2021,CL,Branded,0.00
2021,7,07/02/2021,CL,Branded,0.00
2021,7,07/03/2021,CL,Branded,0.00
2021,7,07/04/2021,CL,Branded,0.00
2021,7,07/05/2021,CL,Branded,0.00
2021,7,07/06/2021,CL,Branded,0.00
2021,7,07/07/2021,CL,Branded,0.00
2021,7,07/08/2021,CL,Branded,0.00
2021,7,07/09/2021,CL,Branded,0.00
2021,7,07/10/2021,CL,Branded,0.00
2021,7,07/11/2021,CL,Branded,0.00
2021,7,07/12/2021,CL,Branded,0.00
2021,7,07/13/2021,CL,Branded,0.00
2021,7,07/14/2021,CL,Branded,0.00
2021,7,07/15/2021,CL,Branded,0.00
2021,7,07/16/2021,CL,Branded,0.00
2021,7,07/17/2021,CL,Branded,0.00
2021,7,07/18/2021,CL,Branded,0.00
2021,7,07/19/2021,CL,Branded,0.00
2021,7,07/20/2021,CL,Branded,0.00
2021,7,07/21/2021,CL,Branded,0.00
2021,7,07/22/2021,CL,Branded,0.00
2021,7,07/23/2021,CL,Branded,0.00
2021,7,07/24/2021,CL,Branded,0.00
2021,7,07/25/2021,CL,Branded,0.00
2021,7,07/26/2021,CL,Branded,0.00
2021,7,07/27/2021,CL,Branded,0.00
2021,7,07/28/2021,CL,Branded,0.00
2021,7,07/29/2021,CL,Branded,0.00
2021,7,07/30/2021,CL,Branded,0.00
2021,7,07/31/2021,CL,Branded,0.00
2021,8,08/01/2021,CL,Branded,0.00
2021,8,08/02/2021,CL,Branded,0.00
2021,8,08/03/2021,CL,Branded,0.00
2021,8,08/04/2021,CL,Branded,0.00
2021,8,08/05/2021,CL,Branded,0.00
2021,8,08/06/2021,CL,Branded,0.00
2021,8,08/07/2021,CL,Branded,0.00
2021,8,08/08/2021,CL,Branded,0.00
2021,8,08/09/2021,CL,Branded,0.00
2021,8,08/10/2021,CL,Branded,0.00
2021,8,08/11/2021,CL,Branded,0.00
2021,8,08/12/2021,CL,Branded,0.00
2021,8,08/13/2021,CL,Branded,0.00
2021,8,08/14/2021,CL,Branded,0.00
2021,8,08/15/2021,CL,Branded,0.00
2021,8,08/16/2021,CL,Branded,0.00
2021,8,08/17/2021,CL,Branded,0.00
2021,8,08/18/2021,CL,Branded,0.00
2021,8,08/19/2021,CL,Branded,0.00
2021,8,08/20/2021,CL,Branded,0.00
2021,8,08/21/2021,CL,Branded,0.00
2021,8,08/22/2021,CL,Branded,0.00
2021,8,08/23/2021,CL,Branded,0.00
2021,8,08/24/2021,CL,Branded,0.00
2021,8,08/25/2021,CL,Branded,0.00
2021,8,08/26/2021,CL,Branded,0.00
2021,8,08/27/2021,CL,Branded,0.00
2021,8,08/28/2021,CL,Branded,0.00
2021,8,08/29/2021,CL,Branded,0.00
2021,8,08/30/2021,CL,Branded,0.00
2021,8,08/31/2021,CL,Branded,0.00
2021,9,09/01/2021,CL,Branded,0.00
2021,9,09/02/2021,CL,Branded,0.00
2021,9,09/03/2021,CL,Branded,0.00
2021,9,09/04/2021,CL,Branded,0.00
2021,9,09/05/2021,CL,Branded,0.00
2021,9,09/06/2021,CL,Branded,0.00
2021,9,09/07/2021,CL,Branded,0.00
2021,9,09/08/2021,CL,Branded,0.00
2021,9,09/09/2021,CL,Branded,0.00
2021,9,09/10/2021,CL,Branded,0.00
2021,9,09/11/2021,CL,Branded,0.00
2021,9,09/12/2021,CL,Branded,0.00
2021,9,09/13/2021,CL,Branded,0.00
2021,9,09/14/2021,CL,Branded,0.00
2021,9,09/15/2021,CL,Branded,0.00
2021,9,09/16/2021,CL,Branded,0.00
2021,9,09/17/2021,CL,Branded,0.00
2021,9,09/18/2021,CL,Branded,0.00
2021,9,09/19/2021,CL,Branded,0.00
2021,9,09/20/2021,CL,Branded,0.00
2021,9,09/21/2021,CL,Branded,0.00
2021,9,09/22/2021,CL,Branded,0.00
2021,9,09/23/2021,CL,Branded,0.00
2021,9,09/24/2021,CL,Branded,0.00
2021,9,09/25/2021,CL,Branded,0.00
2021,9,09/26/2021,CL,Branded,0.00
2021,9,09/27/2021,CL,Branded,0.00
2021,9,09/28/2021,CL,Branded,0.00
2021,9,09/29/2021,CL,Branded,0.00
2021,9,09/30/2021,CL,Branded,0.00
2021,10,10/01/2021,CL,Branded,0.00
2021,10,10/02/2021,CL,Branded,0.00
2021,10,10/03/2021,CL,Branded,0.00
2021,10,10/04/2021,CL,Branded,0.00
2021,10,10/05/2021,CL,Branded,0.00
2021,10,10/06/2021,CL,Branded,0.00
2021,10,10/07/2021,CL,Branded,0.00
2021,10,10/08/2021,CL,Branded,0.00
2021,10,10/09/2021,CL,Branded,0.00
2021,10,10/10/2021,CL,Branded,0.00
2021,10,10/11/2021,CL,Branded,0.00
2021,10,10/12/2021,CL,Branded,0.00
2021,10,10/13/2021,CL,Branded,0.00
2021,10,10/14/2021,CL,Branded,0.00
2021,10,10/15/2021,CL,Branded,0.00
2021,10,10/16/2021,CL,Branded,0.00
2021,10,10/17/2021,CL,Branded,0.00
2021,10,10/18/2021,CL,Branded,0.00
2021,10,10/19/2021,CL,Branded,0.00
2021,10,10/20/2021,CL,Branded,0.00
2021,10,10/21/2021,CL,Branded,0.00
2021,10,10/22/2021,CL,Branded,0.00
2021,10,10/23/2021,CL,Branded,0.00
2021,10,10/24/2021,CL,Branded,0.00
2021,10,10/25/2021,CL,Branded,0.00
2021,10,10/26/2021,CL,Branded,0.00
2021,10,10/27/2021,CL,Branded,0.00
2021,10,10/28/2021,CL,Branded,0.00
2021,10,10/29/2021,CL,Branded,0.00
2021,10,10/30/2021,CL,Branded,0.00
2021,10,10/31/2021,CL,Branded,0.00
2021,11,11/01/2021,CL,Branded,0.00
2021,11,11/02/2021,CL,Branded,0.00
2021,11,11/03/2021,CL,Branded,0.00
2021,11,11/04/2021,CL,Branded,0.00
2021,11,11/05/2021,CL,Branded,0.00
2021,11,11/06/2021,CL,Branded,0.00
2021,11,11/07/2021,CL,Branded,0.00
2021,11,11/08/2021,CL,Branded,0.00
2021,11,11/09/2021,CL,Branded,0.00
2021,11,11/10/2021,CL,Branded,0.00
2021,11,11/11/2021,CL,Branded,0.00
2021,11,11/12/2021,CL,Branded,0.00
2021,11,11/13/2021,CL,Branded,0.00
2021,11,11/14/2021,CL,Branded,0.00
2021,11,11/15/2021,CL,Branded,0.00
2021,11,11/16/2021,CL,Branded,0.00
2021,11,11/17/2021,CL,Branded,0.00
2021,11,11/18/2021,CL,Branded,0.00
2021,11,11/19/2021,CL,Branded,0.00
2021,11,11/20/2021,CL,Branded,0.00
2021,11,11/21/2021,CL,Branded,0.00
2021,11,11/22/2021,CL,Branded,0.00
2021,11,11/23/2021,CL,Branded,0.00
2021,11,11/24/2021,CL,Branded,0.00
2021,11,11/25/2021,CL,Branded,0.00
2021,11,11/26/2021,CL,Branded,0.00
2021,11,11/27/2021,CL,Branded,0.00
2021,11,11/28/2021,CL,Branded,0.00
2021,11,11/29/2021,CL,Branded,0.00
2021,11,11/30/2021,CL,Branded,0.00
2021,12,12/01/2021,CL,Branded,0.00
2021,12,12/02/2021,CL,Branded,0.00
2021,12,12/03/2021,CL,Branded,0.00
2021,12,12/04/2021,CL,Branded,0.00
2021,12,12/05/2021,CL,Branded,0.00
2021,12,12/06/2021,CL,Branded,0.00
2021,12,12/07/2021,CL,Branded,0.00
2021,12,12/08/2021,CL,Branded,0.00
2021,12,12/09/2021,CL,Branded,0.00
2021,12,12/10/2021,CL,Branded,0.00
2021,12,12/11/2021,CL,Branded,0.00
2021,12,12/12/2021,CL,Branded,0.00
2021,12,12/13/2021,CL,Branded,0.00
2021,12,12/14/2021,CL,Branded,0.00
2021,12,12/15/2021,CL,Branded,0.00
2021,12,12/16/2021,CL,Branded,0.00
2021,12,12/17/2021,CL,Branded,0.00
2021,12,12/18/2021,CL,Branded,0.00
2021,12,12/19/2021,CL,Branded,0.00
2021,12,12/20/2021,CL,Branded,0.00
2021,12,12/21/2021,CL,Branded,0.00
2021,12,12/22/2021,CL,Branded,0.00
2021,12,12/23/2021,CL,Branded,0.00
2021,12,12/24/2021,CL,Branded,0.00
2021,12,12/25/2021,CL,Branded,0.00
2021,12,12/26/2021,CL,Branded,0.00
2021,12,12/27/2021,CL,Branded,0.00
2021,12,12/28/2021,CL,Branded,0.00
2021,12,12/29/2021,CL,Branded,0.00
2021,12,12/30/2021,CL,Branded,0.00
2021,12,12/31/2021,CL,Branded,0.00
2021,1,01/01/2021,CO,Branded,0.00
2021,1,01/02/2021,CO,Branded,0.00
2021,1,01/03/2021,CO,Branded,0.00
2021,1,01/04/2021,CO,Branded,0.00
2021,1,01/05/2021,CO,Branded,0.00
2021,1,01/06/2021,CO,Branded,0.00
2021,1,01/07/2021,CO,Branded,0.00
2021,1,01/08/2021,CO,Branded,0.00
2021,1,01/09/2021,CO,Branded,0.00
2021,1,01/10/2021,CO,Branded,0.00
2021,1,01/11/2021,CO,Branded,0.00
2021,1,01/12/2021,CO,Branded,0.00
2021,1,01/13/2021,CO,Branded,0.00
2021,1,01/14/2021,CO,Branded,0.00
2021,1,01/15/2021,CO,Branded,0.00
2021,1,01/16/2021,CO,Branded,0.00
2021,1,01/17/2021,CO,Branded,0.00
2021,1,01/18/2021,CO,Branded,0.00
2021,1,01/19/2021,CO,Branded,0.00
2021,1,01/20/2021,CO,Branded,0.00
2021,1,01/21/2021,CO,Branded,0.00
2021,1,01/22/2021,CO,Branded,0.00
2021,1,01/23/2021,CO,Branded,0.00
2021,1,01/24/2021,CO,Branded,0.00
2021,1,01/25/2021,CO,Branded,0.00
2021,1,01/26/2021,CO,Branded,0.00
2021,1,01/27/2021,CO,Branded,0.00
2021,1,01/28/2021,CO,Branded,0.00
2021,1,01/29/2021,CO,Branded,0.00
2021,1,01/30/2021,CO,Branded,0.00
2021,1,01/31/2021,CO,Branded,0.00
2021,2,02/01/2021,CO,Branded,0.00
2021,2,02/02/2021,CO,Branded,0.00
2021,2,02/03/2021,CO,Branded,0.00
2021,2,02/04/2021,CO,Branded,0.00
2021,2,02/05/2021,CO,Branded,0.00
2021,2,02/06/2021,CO,Branded,0.00
2021,2,02/07/2021,CO,Branded,0.00
2021,2,02/08/2021,CO,Branded,0.00
2021,2,02/09/2021,CO,Branded,0.00
2021,2,02/10/2021,CO,Branded,0.00
2021,2,02/11/2021,CO,Branded,0.00
2021,2,02/12/2021,CO,Branded,0.00
2021,2,02/13/2021,CO,Branded,0.00
2021,2,02/14/2021,CO,Branded,0.00
2021,2,02/15/2021,CO,Branded,0.00
2021,2,02/16/2021,CO,Branded,0.00
2021,2,02/17/2021,CO,Branded,0.00
2021,2,02/18/2021,CO,Branded,0.00
2021,2,02/19/2021,CO,Branded,0.00
2021,2,02/20/2021,CO,Branded,0.00
2021,2,02/21/2021,CO,Branded,0.00
2021,2,02/22/2021,CO,Branded,0.00
2021,2,02/23/2021,CO,Branded,0.00
2021,2,02/24/2021,CO,Branded,0.00
2021,2,02/25/2021,CO,Branded,0.00
2021,2,02/26/2021,CO,Branded,0.00
2021,2,02/27/2021,CO,Branded,0.00
2021,2,02/28/2021,CO,Branded,0.00
2021,3,03/01/2021,CO,Branded,0.00
2021,3,03/02/2021,CO,Branded,0.00
2021,3,03/03/2021,CO,Branded,0.00
2021,3,03/04/2021,CO,Branded,0.00
2021,3,03/05/2021,CO,Branded,0.00
2021,3,03/06/2021,CO,Branded,0.00
2021,3,03/07/2021,CO,Branded,0.00
2021,3,03/08/2021,CO,Branded,0.00
2021,3,03/09/2021,CO,Branded,0.00
2021,3,03/10/2021,CO,Branded,0.00
2021,3,03/11/2021,CO,Branded,0.00
2021,3,03/12/2021,CO,Branded,0.00
2021,3,03/13/2021,CO,Branded,0.00
2021,3,03/14/2021,CO,Branded,0.00
2021,3,03/15/2021,CO,Branded,0.00
2021,3,03/16/2021,CO,Branded,0.00
2021,3,03/17/2021,CO,Branded,0.00
2021,3,03/18/2021,CO,Branded,0.00
2021,3,03/19/2021,CO,Branded,0.00
2021,3,03/20/2021,CO,Branded,0.00
2021,3,03/21/2021,CO,Branded,0.00
2021,3,03/22/2021,CO,Branded,0.00
2021,3,03/23/2021,CO,Branded,0.00
2021,3,03/24/2021,CO,Branded,0.00
2021,3,03/25/2021,CO,Branded,0.00
2021,3,03/26/2021,CO,Branded,0.00
2021,3,03/27/2021,CO,Branded,0.00
2021,3,03/28/2021,CO,Branded,0.00
2021,3,03/29/2021,CO,Branded,0.00
2021,3,03/30/2021,CO,Branded,0.00
2021,3,03/31/2021,CO,Branded,0.00
2021,4,04/01/2021,CO,Branded,0.00
2021,4,04/02/2021,CO,Branded,0.00
2021,4,04/03/2021,CO,Branded,0.00
2021,4,04/04/2021,CO,Branded,0.00
2021,4,04/05/2021,CO,Branded,0.00
2021,4,04/06/2021,CO,Branded,0.00
2021,4,04/07/2021,CO,Branded,0.00
2021,4,04/08/2021,CO,Branded,0.00
2021,4,04/09/2021,CO,Branded,0.00
2021,4,04/10/2021,CO,Branded,0.00
2021,4,04/11/2021,CO,Branded,0.00
2021,4,04/12/2021,CO,Branded,0.00
2021,4,04/13/2021,CO,Branded,0.00
2021,4,04/14/2021,CO,Branded,0.00
2021,4,04/15/2021,CO,Branded,0.00
2021,4,04/16/2021,CO,Branded,0.00
2021,4,04/17/2021,CO,Branded,0.00
2021,4,04/18/2021,CO,Branded,0.00
2021,4,04/19/2021,CO,Branded,0.00
2021,4,04/20/2021,CO,Branded,0.00
2021,4,04/21/2021,CO,Branded,0.00
2021,4,04/22/2021,CO,Branded,0.00
2021,4,04/23/2021,CO,Branded,0.00
2021,4,04/24/2021,CO,Branded,0.00
2021,4,04/25/2021,CO,Branded,0.00
2021,4,04/26/2021,CO,Branded,0.00
2021,4,04/27/2021,CO,Branded,0.00
2021,4,04/28/2021,CO,Branded,0.00
2021,4,04/29/2021,CO,Branded,0.00
2021,4,04/30/2021,CO,Branded,0.00
2021,5,05/01/2021,CO,Branded,0.00
2021,5,05/02/2021,CO,Branded,0.00
2021,5,05/03/2021,CO,Branded,0.00
2021,5,05/04/2021,CO,Branded,0.00
2021,5,05/05/2021,CO,Branded,0.00
2021,5,05/06/2021,CO,Branded,0.00
2021,5,05/07/2021,CO,Branded,0.00
2021,5,05/08/2021,CO,Branded,0.00
2021,5,05/09/2021,CO,Branded,0.00
2021,5,05/10/2021,CO,Branded,0.00
2021,5,05/11/2021,CO,Branded,0.00
2021,5,05/12/2021,CO,Branded,0.00
2021,5,05/13/2021,CO,Branded,0.00
2021,5,05/14/2021,CO,Branded,0.00
2021,5,05/15/2021,CO,Branded,0.00
2021,5,05/16/2021,CO,Branded,0.00
2021,5,05/17/2021,CO,Branded,0.00
2021,5,05/18/2021,CO,Branded,0.00
2021,5,05/19/2021,CO,Branded,0.00
2021,5,05/20/2021,CO,Branded,0.00
2021,5,05/21/2021,CO,Branded,0.00
2021,5,05/22/2021,CO,Branded,0.00
2021,5,05/23/2021,CO,Branded,0.00
2021,5,05/24/2021,CO,Branded,0.00
2021,5,05/25/2021,CO,Branded,0.00
2021,5,05/26/2021,CO,Branded,0.00
2021,5,05/27/2021,CO,Branded,0.00
2021,5,05/28/2021,CO,Branded,0.00
2021,5,05/29/2021,CO,Branded,0.00
2021,5,05/30/2021,CO,Branded,0.00
2021,5,05/31/2021,CO,Branded,0.00
2021,6,06/01/2021,CO,Branded,0.00
2021,6,06/02/2021,CO,Branded,0.00
2021,6,06/03/2021,CO,Branded,0.00
2021,6,06/04/2021,CO,Branded,0.00
2021,6,06/05/2021,CO,Branded,0.00
2021,6,06/06/2021,CO,Branded,0.00
2021,6,06/07/2021,CO,Branded,0.00
2021,6,06/08/2021,CO,Branded,0.00
2021,6,06/09/2021,CO,Branded,0.00
2021,6,06/10/2021,CO,Branded,0.00
2021,6,06/11/2021,CO,Branded,0.00
2021,6,06/12/2021,CO,Branded,0.00
2021,6,06/13/2021,CO,Branded,0.00
2021,6,06/14/2021,CO,Branded,0.00
2021,6,06/15/2021,CO,Branded,0.00
2021,6,06/16/2021,CO,Branded,0.00
2021,6,06/17/2021,CO,Branded,0.00
2021,6,06/18/2021,CO,Branded,0.00
2021,6,06/19/2021,CO,Branded,0.00
2021,6,06/20/2021,CO,Branded,0.00
2021,6,06/21/2021,CO,Branded,0.00
2021,6,06/22/2021,CO,Branded,0.00
2021,6,06/23/2021,CO,Branded,0.00
2021,6,06/24/2021,CO,Branded,0.00
2021,6,06/25/2021,CO,Branded,0.00
2021,6,06/26/2021,CO,Branded,0.00
2021,6,06/27/2021,CO,Branded,0.00
2021,6,06/28/2021,CO,Branded,0.00
2021,6,06/29/2021,CO,Branded,0.00
2021,6,06/30/2021,CO,Branded,0.00
2021,7,07/01/2021,CO,Branded,0.00
2021,7,07/02/2021,CO,Branded,0.00
2021,7,07/03/2021,CO,Branded,0.00
2021,7,07/04/2021,CO,Branded,0.00
2021,7,07/05/2021,CO,Branded,0.00
2021,7,07/06/2021,CO,Branded,0.00
2021,7,07/07/2021,CO,Branded,0.00
2021,7,07/08/2021,CO,Branded,0.00
2021,7,07/09/2021,CO,Branded,0.00
2021,7,07/10/2021,CO,Branded,0.00
2021,7,07/11/2021,CO,Branded,0.00
2021,7,07/12/2021,CO,Branded,0.00
2021,7,07/13/2021,CO,Branded,0.00
2021,7,07/14/2021,CO,Branded,0.00
2021,7,07/15/2021,CO,Branded,0.00
2021,7,07/16/2021,CO,Branded,0.00
2021,7,07/17/2021,CO,Branded,0.00
2021,7,07/18/2021,CO,Branded,0.00
2021,7,07/19/2021,CO,Branded,0.00
2021,7,07/20/2021,CO,Branded,0.00
2021,7,07/21/2021,CO,Branded,0.00
2021,7,07/22/2021,CO,Branded,0.00
2021,7,07/23/2021,CO,Branded,0.00
2021,7,07/24/2021,CO,Branded,0.00
2021,7,07/25/2021,CO,Branded,0.00
2021,7,07/26/2021,CO,Branded,0.00
2021,7,07/27/2021,CO,Branded,0.00
2021,7,07/28/2021,CO,Branded,0.00
2021,7,07/29/2021,CO,Branded,0.00
2021,7,07/30/2021,CO,Branded,0.00
2021,7,07/31/2021,CO,Branded,0.00
2021,8,08/01/2021,CO,Branded,0.00
2021,8,08/02/2021,CO,Branded,0.00
2021,8,08/03/2021,CO,Branded,0.00
2021,8,08/04/2021,CO,Branded,0.00
2021,8,08/05/2021,CO,Branded,0.00
2021,8,08/06/2021,CO,Branded,0.00
2021,8,08/07/2021,CO,Branded,0.00
2021,8,08/08/2021,CO,Branded,0.00
2021,8,08/09/2021,CO,Branded,0.00
2021,8,08/10/2021,CO,Branded,0.00
2021,8,08/11/2021,CO,Branded,0.00
2021,8,08/12/2021,CO,Branded,0.00
2021,8,08/13/2021,CO,Branded,0.00
2021,8,08/14/2021,CO,Branded,0.00
2021,8,08/15/2021,CO,Branded,0.00
2021,8,08/16/2021,CO,Branded,0.00
2021,8,08/17/2021,CO,Branded,0.00
2021,8,08/18/2021,CO,Branded,0.00
2021,8,08/19/2021,CO,Branded,0.00
2021,8,08/20/2021,CO,Branded,0.00
2021,8,08/21/2021,CO,Branded,0.00
2021,8,08/22/2021,CO,Branded,0.00
2021,8,08/23/2021,CO,Branded,0.00
2021,8,08/24/2021,CO,Branded,0.00
2021,8,08/25/2021,CO,Branded,0.00
2021,8,08/26/2021,CO,Branded,0.00
2021,8,08/27/2021,CO,Branded,0.00
2021,8,08/28/2021,CO,Branded,0.00
2021,8,08/29/2021,CO,Branded,0.00
2021,8,08/30/2021,CO,Branded,0.00
2021,8,08/31/2021,CO,Branded,0.00
2021,9,09/01/2021,CO,Branded,0.00
2021,9,09/02/2021,CO,Branded,0.00
2021,9,09/03/2021,CO,Branded,0.00
2021,9,09/04/2021,CO,Branded,0.00
2021,9,09/05/2021,CO,Branded,0.00
2021,9,09/06/2021,CO,Branded,0.00
2021,9,09/07/2021,CO,Branded,0.00
2021,9,09/08/2021,CO,Branded,0.00
2021,9,09/09/2021,CO,Branded,0.00
2021,9,09/10/2021,CO,Branded,0.00
2021,9,09/11/2021,CO,Branded,0.00
2021,9,09/12/2021,CO,Branded,0.00
2021,9,09/13/2021,CO,Branded,0.00
2021,9,09/14/2021,CO,Branded,0.00
2021,9,09/15/2021,CO,Branded,0.00
2021,9,09/16/2021,CO,Branded,0.00
2021,9,09/17/2021,CO,Branded,0.00
2021,9,09/18/2021,CO,Branded,0.00
2021,9,09/19/2021,CO,Branded,0.00
2021,9,09/20/2021,CO,Branded,0.00
2021,9,09/21/2021,CO,Branded,0.00
2021,9,09/22/2021,CO,Branded,0.00
2021,9,09/23/2021,CO,Branded,0.00
2021,9,09/24/2021,CO,Branded,0.00
2021,9,09/25/2021,CO,Branded,0.00
2021,9,09/26/2021,CO,Branded,0.00
2021,9,09/27/2021,CO,Branded,0.00
2021,9,09/28/2021,CO,Branded,0.00
2021,9,09/29/2021,CO,Branded,0.00
2021,9,09/30/2021,CO,Branded,0.00
2021,10,10/01/2021,CO,Branded,0.00
2021,10,10/02/2021,CO,Branded,0.00
2021,10,10/03/2021,CO,Branded,0.00
2021,10,10/04/2021,CO,Branded,0.00
2021,10,10/05/2021,CO,Branded,0.00
2021,10,10/06/2021,CO,Branded,0.00
2021,10,10/07/2021,CO,Branded,0.00
2021,10,10/08/2021,CO,Branded,0.00
2021,10,10/09/2021,CO,Branded,0.00
2021,10,10/10/2021,CO,Branded,0.00
2021,10,10/11/2021,CO,Branded,0.00
2021,10,10/12/2021,CO,Branded,0.00
2021,10,10/13/2021,CO,Branded,0.00
2021,10,10/14/2021,CO,Branded,0.00
2021,10,10/15/2021,CO,Branded,0.00
2021,10,10/16/2021,CO,Branded,0.00
2021,10,10/17/2021,CO,Branded,0.00
2021,10,10/18/2021,CO,Branded,0.00
2021,10,10/19/2021,CO,Branded,0.00
2021,10,10/20/2021,CO,Branded,0.00
2021,10,10/21/2021,CO,Branded,0.00
2021,10,10/22/2021,CO,Branded,0.00
2021,10,10/23/2021,CO,Branded,0.00
2021,10,10/24/2021,CO,Branded,0.00
2021,10,10/25/2021,CO,Branded,0.00
2021,10,10/26/2021,CO,Branded,0.00
2021,10,10/27/2021,CO,Branded,0.00
2021,10,10/28/2021,CO,Branded,0.00
2021,10,10/29/2021,CO,Branded,0.00
2021,10,10/30/2021,CO,Branded,0.00
2021,10,10/31/2021,CO,Branded,0.00
2021,11,11/01/2021,CO,Branded,0.00
2021,11,11/02/2021,CO,Branded,0.00
2021,11,11/03/2021,CO,Branded,0.00
2021,11,11/04/2021,CO,Branded,0.00
2021,11,11/05/2021,CO,Branded,0.00
2021,11,11/06/2021,CO,Branded,0.00
2021,11,11/07/2021,CO,Branded,0.00
2021,11,11/08/2021,CO,Branded,0.00
2021,11,11/09/2021,CO,Branded,0.00
2021,11,11/10/2021,CO,Branded,0.00
2021,11,11/11/2021,CO,Branded,0.00
2021,11,11/12/2021,CO,Branded,0.00
2021,11,11/13/2021,CO,Branded,0.00
2021,11,11/14/2021,CO,Branded,0.00
2021,11,11/15/2021,CO,Branded,0.00
2021,11,11/16/2021,CO,Branded,0.00
2021,11,11/17/2021,CO,Branded,0.00
2021,11,11/18/2021,CO,Branded,0.00
2021,11,11/19/2021,CO,Branded,0.00
2021,11,11/20/2021,CO,Branded,0.00
2021,11,11/21/2021,CO,Branded,0.00
2021,11,11/22/2021,CO,Branded,0.00
2021,11,11/23/2021,CO,Branded,0.00
2021,11,11/24/2021,CO,Branded,0.00
2021,11,11/25/2021,CO,Branded,0.00
2021,11,11/26/2021,CO,Branded,0.00
2021,11,11/27/2021,CO,Branded,0.00
2021,11,11/28/2021,CO,Branded,0.00
2021,11,11/29/2021,CO,Branded,0.00
2021,11,11/30/2021,CO,Branded,0.00
2021,12,12/01/2021,CO,Branded,0.00
2021,12,12/02/2021,CO,Branded,0.00
2021,12,12/03/2021,CO,Branded,0.00
2021,12,12/04/2021,CO,Branded,0.00
2021,12,12/05/2021,CO,Branded,0.00
2021,12,12/06/2021,CO,Branded,0.00
2021,12,12/07/2021,CO,Branded,0.00
2021,12,12/08/2021,CO,Branded,0.00
2021,12,12/09/2021,CO,Branded,0.00
2021,12,12/10/2021,CO,Branded,0.00
2021,12,12/11/2021,CO,Branded,0.00
2021,12,12/12/2021,CO,Branded,0.00
2021,12,12/13/2021,CO,Branded,0.00
2021,12,12/14/2021,CO,Branded,0.00
2021,12,12/15/2021,CO,Branded,0.00
2021,12,12/16/2021,CO,Branded,0.00
2021,12,12/17/2021,CO,Branded,0.00
2021,12,12/18/2021,CO,Branded,0.00
2021,12,12/19/2021,CO,Branded,0.00
2021,12,12/20/2021,CO,Branded,0.00
2021,12,12/21/2021,CO,Branded,0.00
2021,12,12/22/2021,CO,Branded,0.00
2021,12,12/23/2021,CO,Branded,0.00
2021,12,12/24/2021,CO,Branded,0.00
2021,12,12/25/2021,CO,Branded,0.00
2021,12,12/26/2021,CO,Branded,0.00
2021,12,12/27/2021,CO,Branded,0.00
2021,12,12/28/2021,CO,Branded,0.00
2021,12,12/29/2021,CO,Branded,0.00
2021,12,12/30/2021,CO,Branded,0.00
2021,12,12/31/2021,CO,Branded,0.00
2021,1,01/01/2021,MX,Branded,0.00
2021,1,01/02/2021,MX,Branded,0.00
2021,1,01/03/2021,MX,Branded,0.00
2021,1,01/04/2021,MX,Branded,0.00
2021,1,01/05/2021,MX,Branded,0.00
2021,1,01/06/2021,MX,Branded,0.00
2021,1,01/07/2021,MX,Branded,0.00
2021,1,01/08/2021,MX,Branded,0.00
2021,1,01/09/2021,MX,Branded,0.00
2021,1,01/10/2021,MX,Branded,0.00
2021,1,01/11/2021,MX,Branded,0.00
2021,1,01/12/2021,MX,Branded,0.00
2021,1,01/13/2021,MX,Branded,0.00
2021,1,01/14/2021,MX,Branded,0.00
2021,1,01/15/2021,MX,Branded,0.00
2021,1,01/16/2021,MX,Branded,0.00
2021,1,01/17/2021,MX,Branded,0.00
2021,1,01/18/2021,MX,Branded,0.00
2021,1,01/19/2021,MX,Branded,0.00
2021,1,01/20/2021,MX,Branded,0.00
2021,1,01/21/2021,MX,Branded,0.00
2021,1,01/22/2021,MX,Branded,0.00
2021,1,01/23/2021,MX,Branded,0.00
2021,1,01/24/2021,MX,Branded,0.00
2021,1,01/25/2021,MX,Branded,0.00
2021,1,01/26/2021,MX,Branded,0.00
2021,1,01/27/2021,MX,Branded,0.00
2021,1,01/28/2021,MX,Branded,0.00
2021,1,01/29/2021,MX,Branded,0.00
2021,1,01/30/2021,MX,Branded,0.00
2021,1,01/31/2021,MX,Branded,0.00
2021,2,02/01/2021,MX,Branded,0.00
2021,2,02/02/2021,MX,Branded,0.00
2021,2,02/03/2021,MX,Branded,0.00
2021,2,02/04/2021,MX,Branded,0.00
2021,2,02/05/2021,MX,Branded,0.00
2021,2,02/06/2021,MX,Branded,0.00
2021,2,02/07/2021,MX,Branded,0.00
2021,2,02/08/2021,MX,Branded,0.00
2021,2,02/09/2021,MX,Branded,0.00
2021,2,02/10/2021,MX,Branded,0.00
2021,2,02/11/2021,MX,Branded,0.00
2021,2,02/12/2021,MX,Branded,0.00
2021,2,02/13/2021,MX,Branded,0.00
2021,2,02/14/2021,MX,Branded,0.00
2021,2,02/15/2021,MX,Branded,0.00
2021,2,02/16/2021,MX,Branded,0.00
2021,2,02/17/2021,MX,Branded,0.00
2021,2,02/18/2021,MX,Branded,0.00
2021,2,02/19/2021,MX,Branded,0.00
2021,2,02/20/2021,MX,Branded,0.00
2021,2,02/21/2021,MX,Branded,0.00
2021,2,02/22/2021,MX,Branded,0.00
2021,2,02/23/2021,MX,Branded,0.00
2021,2,02/24/2021,MX,Branded,0.00
2021,2,02/25/2021,MX,Branded,0.00
2021,2,02/26/2021,MX,Branded,0.00
2021,2,02/27/2021,MX,Branded,0.00
2021,2,02/28/2021,MX,Branded,0.00
2021,3,03/01/2021,MX,Branded,0.00
2021,3,03/02/2021,MX,Branded,0.00
2021,3,03/03/2021,MX,Branded,0.00
2021,3,03/04/2021,MX,Branded,0.00
2021,3,03/05/2021,MX,Branded,0.00
2021,3,03/06/2021,MX,Branded,0.00
2021,3,03/07/2021,MX,Branded,0.00
2021,3,03/08/2021,MX,Branded,0.00
2021,3,03/09/2021,MX,Branded,0.00
2021,3,03/10/2021,MX,Branded,0.00
2021,3,03/11/2021,MX,Branded,0.00
2021,3,03/12/2021,MX,Branded,0.00
2021,3,03/13/2021,MX,Branded,0.00
2021,3,03/14/2021,MX,Branded,0.00
2021,3,03/15/2021,MX,Branded,0.00
2021,3,03/16/2021,MX,Branded,0.00
2021,3,03/17/2021,MX,Branded,0.00
2021,3,03/18/2021,MX,Branded,0.00
2021,3,03/19/2021,MX,Branded,0.00
2021,3,03/20/2021,MX,Branded,0.00
2021,3,03/21/2021,MX,Branded,0.00
2021,3,03/22/2021,MX,Branded,0.00
2021,3,03/23/2021,MX,Branded,0.00
2021,3,03/24/2021,MX,Branded,0.00
2021,3,03/25/2021,MX,Branded,0.00
2021,3,03/26/2021,MX,Branded,0.00
2021,3,03/27/2021,MX,Branded,0.00
2021,3,03/28/2021,MX,Branded,0.00
2021,3,03/29/2021,MX,Branded,0.00
2021,3,03/30/2021,MX,Branded,0.00
2021,3,03/31/2021,MX,Branded,0.00
2021,4,04/01/2021,MX,Branded,0.00
2021,4,04/02/2021,MX,Branded,0.00
2021,4,04/03/2021,MX,Branded,0.00
2021,4,04/04/2021,MX,Branded,0.00
2021,4,04/05/2021,MX,Branded,0.00
2021,4,04/06/2021,MX,Branded,0.00
2021,4,04/07/2021,MX,Branded,0.00
2021,4,04/08/2021,MX,Branded,0.00
2021,4,04/09/2021,MX,Branded,0.00
2021,4,04/10/2021,MX,Branded,0.00
2021,4,04/11/2021,MX,Branded,0.00
2021,4,04/12/2021,MX,Branded,0.00
2021,4,04/13/2021,MX,Branded,0.00
2021,4,04/14/2021,MX,Branded,0.00
2021,4,04/15/2021,MX,Branded,0.00
2021,4,04/16/2021,MX,Branded,0.00
2021,4,04/17/2021,MX,Branded,0.00
2021,4,04/18/2021,MX,Branded,0.00
2021,4,04/19/2021,MX,Branded,0.00
2021,4,04/20/2021,MX,Branded,0.00
2021,4,04/21/2021,MX,Branded,0.00
2021,4,04/22/2021,MX,Branded,0.00
2021,4,04/23/2021,MX,Branded,0.00
2021,4,04/24/2021,MX,Branded,0.00
2021,4,04/25/2021,MX,Branded,0.00
2021,4,04/26/2021,MX,Branded,0.00
2021,4,04/27/2021,MX,Branded,0.00
2021,4,04/28/2021,MX,Branded,0.00
2021,4,04/29/2021,MX,Branded,0.00
2021,4,04/30/2021,MX,Branded,0.00
2021,5,05/01/2021,MX,Branded,0.00
2021,5,05/02/2021,MX,Branded,0.00
2021,5,05/03/2021,MX,Branded,0.00
2021,5,05/04/2021,MX,Branded,0.00
2021,5,05/05/2021,MX,Branded,0.00
2021,5,05/06/2021,MX,Branded,0.00
2021,5,05/07/2021,MX,Branded,0.00
2021,5,05/08/2021,MX,Branded,0.00
2021,5,05/09/2021,MX,Branded,0.00
2021,5,05/10/2021,MX,Branded,0.00
2021,5,05/11/2021,MX,Branded,0.00
2021,5,05/12/2021,MX,Branded,0.00
2021,5,05/13/2021,MX,Branded,0.00
2021,5,05/14/2021,MX,Branded,0.00
2021,5,05/15/2021,MX,Branded,0.00
2021,5,05/16/2021,MX,Branded,0.00
2021,5,05/17/2021,MX,Branded,0.00
2021,5,05/18/2021,MX,Branded,0.00
2021,5,05/19/2021,MX,Branded,0.00
2021,5,05/20/2021,MX,Branded,0.00
2021,5,05/21/2021,MX,Branded,0.00
2021,5,05/22/2021,MX,Branded,0.00
2021,5,05/23/2021,MX,Branded,0.00
2021,5,05/24/2021,MX,Branded,0.00
2021,5,05/25/2021,MX,Branded,0.00
2021,5,05/26/2021,MX,Branded,0.00
2021,5,05/27/2021,MX,Branded,0.00
2021,5,05/28/2021,MX,Branded,0.00
2021,5,05/29/2021,MX,Branded,0.00
2021,5,05/30/2021,MX,Branded,0.00
2021,5,05/31/2021,MX,Branded,0.00
2021,6,06/01/2021,MX,Branded,0.00
2021,6,06/02/2021,MX,Branded,0.00
2021,6,06/03/2021,MX,Branded,0.00
2021,6,06/04/2021,MX,Branded,0.00
2021,6,06/05/2021,MX,Branded,0.00
2021,6,06/06/2021,MX,Branded,0.00
2021,6,06/07/2021,MX,Branded,0.00
2021,6,06/08/2021,MX,Branded,0.00
2021,6,06/09/2021,MX,Branded,0.00
2021,6,06/10/2021,MX,Branded,0.00
2021,6,06/11/2021,MX,Branded,0.00
2021,6,06/12/2021,MX,Branded,0.00
2021,6,06/13/2021,MX,Branded,0.00
2021,6,06/14/2021,MX,Branded,0.00
2021,6,06/15/2021,MX,Branded,0.00
2021,6,06/16/2021,MX,Branded,0.00
2021,6,06/17/2021,MX,Branded,0.00
2021,6,06/18/2021,MX,Branded,0.00
2021,6,06/19/2021,MX,Branded,0.00
2021,6,06/20/2021,MX,Branded,0.00
2021,6,06/21/2021,MX,Branded,0.00
2021,6,06/22/2021,MX,Branded,0.00
2021,6,06/23/2021,MX,Branded,0.00
2021,6,06/24/2021,MX,Branded,0.00
2021,6,06/25/2021,MX,Branded,0.00
2021,6,06/26/2021,MX,Branded,0.00
2021,6,06/27/2021,MX,Branded,0.00
2021,6,06/28/2021,MX,Branded,0.00
2021,6,06/29/2021,MX,Branded,0.00
2021,6,06/30/2021,MX,Branded,0.00
2021,7,07/01/2021,MX,Branded,0.00
2021,7,07/02/2021,MX,Branded,0.00
2021,7,07/03/2021,MX,Branded,0.00
2021,7,07/04/2021,MX,Branded,0.00
2021,7,07/05/2021,MX,Branded,0.00
2021,7,07/06/2021,MX,Branded,0.00
2021,7,07/07/2021,MX,Branded,0.00
2021,7,07/08/2021,MX,Branded,0.00
2021,7,07/09/2021,MX,Branded,0.00
2021,7,07/10/2021,MX,Branded,0.00
2021,7,07/11/2021,MX,Branded,0.00
2021,7,07/12/2021,MX,Branded,0.00
2021,7,07/13/2021,MX,Branded,0.00
2021,7,07/14/2021,MX,Branded,0.00
2021,7,07/15/2021,MX,Branded,0.00
2021,7,07/16/2021,MX,Branded,0.00
2021,7,07/17/2021,MX,Branded,0.00
2021,7,07/18/2021,MX,Branded,0.00
2021,7,07/19/2021,MX,Branded,0.00
2021,7,07/20/2021,MX,Branded,0.00
2021,7,07/21/2021,MX,Branded,0.00
2021,7,07/22/2021,MX,Branded,0.00
2021,7,07/23/2021,MX,Branded,0.00
2021,7,07/24/2021,MX,Branded,0.00
2021,7,07/25/2021,MX,Branded,0.00
2021,7,07/26/2021,MX,Branded,0.00
2021,7,07/27/2021,MX,Branded,0.00
2021,7,07/28/2021,MX,Branded,0.00
2021,7,07/29/2021,MX,Branded,0.00
2021,7,07/30/2021,MX,Branded,0.00
2021,7,07/31/2021,MX,Branded,0.00
2021,8,08/01/2021,MX,Branded,0.00
2021,8,08/02/2021,MX,Branded,0.00
2021,8,08/03/2021,MX,Branded,0.00
2021,8,08/04/2021,MX,Branded,0.00
2021,8,08/05/2021,MX,Branded,0.00
2021,8,08/06/2021,MX,Branded,0.00
2021,8,08/07/2021,MX,Branded,0.00
2021,8,08/08/2021,MX,Branded,0.00
2021,8,08/09/2021,MX,Branded,0.00
2021,8,08/10/2021,MX,Branded,0.00
2021,8,08/11/2021,MX,Branded,0.00
2021,8,08/12/2021,MX,Branded,0.00
2021,8,08/13/2021,MX,Branded,0.00
2021,8,08/14/2021,MX,Branded,0.00
2021,8,08/15/2021,MX,Branded,0.00
2021,8,08/16/2021,MX,Branded,0.00
2021,8,08/17/2021,MX,Branded,0.00
2021,8,08/18/2021,MX,Branded,0.00
2021,8,08/19/2021,MX,Branded,0.00
2021,8,08/20/2021,MX,Branded,0.00
2021,8,08/21/2021,MX,Branded,0.00
2021,8,08/22/2021,MX,Branded,0.00
2021,8,08/23/2021,MX,Branded,0.00
2021,8,08/24/2021,MX,Branded,0.00
2021,8,08/25/2021,MX,Branded,0.00
2021,8,08/26/2021,MX,Branded,0.00
2021,8,08/27/2021,MX,Branded,0.00
2021,8,08/28/2021,MX,Branded,0.00
2021,8,08/29/2021,MX,Branded,0.00
2021,8,08/30/2021,MX,Branded,0.00
2021,8,08/31/2021,MX,Branded,0.00
2021,9,09/01/2021,MX,Branded,0.00
2021,9,09/02/2021,MX,Branded,0.00
2021,9,09/03/2021,MX,Branded,0.00
2021,9,09/04/2021,MX,Branded,0.00
2021,9,09/05/2021,MX,Branded,0.00
2021,9,09/06/2021,MX,Branded,0.00
2021,9,09/07/2021,MX,Branded,0.00
2021,9,09/08/2021,MX,Branded,0.00
2021,9,09/09/2021,MX,Branded,0.00
2021,9,09/10/2021,MX,Branded,0.00
2021,9,09/11/2021,MX,Branded,0.00
2021,9,09/12/2021,MX,Branded,0.00
2021,9,09/13/2021,MX,Branded,0.00
2021,9,09/14/2021,MX,Branded,0.00
2021,9,09/15/2021,MX,Branded,0.00
2021,9,09/16/2021,MX,Branded,0.00
2021,9,09/17/2021,MX,Branded,0.00
2021,9,09/18/2021,MX,Branded,0.00
2021,9,09/19/2021,MX,Branded,0.00
2021,9,09/20/2021,MX,Branded,0.00
2021,9,09/21/2021,MX,Branded,0.00
2021,9,09/22/2021,MX,Branded,0.00
2021,9,09/23/2021,MX,Branded,0.00
2021,9,09/24/2021,MX,Branded,0.00
2021,9,09/25/2021,MX,Branded,0.00
2021,9,09/26/2021,MX,Branded,0.00
2021,9,09/27/2021,MX,Branded,0.00
2021,9,09/28/2021,MX,Branded,0.00
2021,9,09/29/2021,MX,Branded,0.00
2021,9,09/30/2021,MX,Branded,0.00
2021,10,10/01/2021,MX,Branded,0.00
2021,10,10/02/2021,MX,Branded,0.00
2021,10,10/03/2021,MX,Branded,0.00
2021,10,10/04/2021,MX,Branded,0.00
2021,10,10/05/2021,MX,Branded,0.00
2021,10,10/06/2021,MX,Branded,0.00
2021,10,10/07/2021,MX,Branded,0.00
2021,10,10/08/2021,MX,Branded,0.00
2021,10,10/09/2021,MX,Branded,0.00
2021,10,10/10/2021,MX,Branded,0.00
2021,10,10/11/2021,MX,Branded,0.00
2021,10,10/12/2021,MX,Branded,0.00
2021,10,10/13/2021,MX,Branded,0.00
2021,10,10/14/2021,MX,Branded,0.00
2021,10,10/15/2021,MX,Branded,0.00
2021,10,10/16/2021,MX,Branded,0.00
2021,10,10/17/2021,MX,Branded,0.00
2021,10,10/18/2021,MX,Branded,0.00
2021,10,10/19/2021,MX,Branded,0.00
2021,10,10/20/2021,MX,Branded,0.00
2021,10,10/21/2021,MX,Branded,0.00
2021,10,10/22/2021,MX,Branded,0.00
2021,10,10/23/2021,MX,Branded,0.00
2021,10,10/24/2021,MX,Branded,0.00
2021,10,10/25/2021,MX,Branded,0.00
2021,10,10/26/2021,MX,Branded,0.00
2021,10,10/27/2021,MX,Branded,0.00
2021,10,10/28/2021,MX,Branded,0.00
2021,10,10/29/2021,MX,Branded,0.00
2021,10,10/30/2021,MX,Branded,0.00
2021,10,10/31/2021,MX,Branded,0.00
2021,11,11/01/2021,MX,Branded,0.00
2021,11,11/02/2021,MX,Branded,0.00
2021,11,11/03/2021,MX,Branded,0.00
2021,11,11/04/2021,MX,Branded,0.00
2021,11,11/05/2021,MX,Branded,0.00
2021,11,11/06/2021,MX,Branded,0.00
2021,11,11/07/2021,MX,Branded,0.00
2021,11,11/08/2021,MX,Branded,0.00
2021,11,11/09/2021,MX,Branded,0.00
2021,11,11/10/2021,MX,Branded,0.00
2021,11,11/11/2021,MX,Branded,0.00
2021,11,11/12/2021,MX,Branded,0.00
2021,11,11/13/2021,MX,Branded,0.00
2021,11,11/14/2021,MX,Branded,0.00
2021,11,11/15/2021,MX,Branded,0.00
2021,11,11/16/2021,MX,Branded,0.00
2021,11,11/17/2021,MX,Branded,0.00
2021,11,11/18/2021,MX,Branded,0.00
2021,11,11/19/2021,MX,Branded,0.00
2021,11,11/20/2021,MX,Branded,0.00
2021,11,11/21/2021,MX,Branded,0.00
2021,11,11/22/2021,MX,Branded,0.00
2021,11,11/23/2021,MX,Branded,0.00
2021,11,11/24/2021,MX,Branded,0.00
2021,11,11/25/2021,MX,Branded,0.00
2021,11,11/26/2021,MX,Branded,0.00
2021,11,11/27/2021,MX,Branded,0.00
2021,11,11/28/2021,MX,Branded,0.00
2021,11,11/29/2021,MX,Branded,0.00
2021,11,11/30/2021,MX,Branded,0.00
2021,12,12/01/2021,MX,Branded,0.00
2021,12,12/02/2021,MX,Branded,0.00
2021,12,12/03/2021,MX,Branded,0.00
2021,12,12/04/2021,MX,Branded,0.00
2021,12,12/05/2021,MX,Branded,0.00
2021,12,12/06/2021,MX,Branded,0.00
2021,12,12/07/2021,MX,Branded,0.00
2021,12,12/08/2021,MX,Branded,0.00
2021,12,12/09/2021,MX,Branded,0.00
2021,12,12/10/2021,MX,Branded,0.00
2021,12,12/11/2021,MX,Branded,0.00
2021,12,12/12/2021,MX,Branded,0.00
2021,12,12/13/2021,MX,Branded,0.00
2021,12,12/14/2021,MX,Branded,0.00
2021,12,12/15/2021,MX,Branded,0.00
2021,12,12/16/2021,MX,Branded,0.00
2021,12,12/17/2021,MX,Branded,0.00
2021,12,12/18/2021,MX,Branded,0.00
2021,12,12/19/2021,MX,Branded,0.00
2021,12,12/20/2021,MX,Branded,0.00
2021,12,12/21/2021,MX,Branded,0.00
2021,12,12/22/2021,MX,Branded,0.00
2021,12,12/23/2021,MX,Branded,0.00
2021,12,12/24/2021,MX,Branded,0.00
2021,12,12/25/2021,MX,Branded,0.00
2021,12,12/26/2021,MX,Branded,0.00
2021,12,12/27/2021,MX,Branded,0.00
2021,12,12/28/2021,MX,Branded,0.00
2021,12,12/29/2021,MX,Branded,0.00
2021,12,12/30/2021,MX,Branded,0.00
2021,12,12/31/2021,MX,Branded,0.00
2021,1,01/01/2021,AR,No Brand,0.00
2021,1,01/02/2021,AR,No Brand,0.00
2021,1,01/03/2021,AR,No Brand,0.00
2021,1,01/04/2021,AR,No Brand,0.00
2021,1,01/05/2021,AR,No Brand,0.00
2021,1,01/06/2021,AR,No Brand,0.00
2021,1,01/07/2021,AR,No Brand,0.00
2021,1,01/08/2021,AR,No Brand,0.00
2021,1,01/09/2021,AR,No Brand,0.00
2021,1,01/10/2021,AR,No Brand,0.00
2021,1,01/11/2021,AR,No Brand,0.00
2021,1,01/12/2021,AR,No Brand,0.00
2021,1,01/13/2021,AR,No Brand,0.00
2021,1,01/14/2021,AR,No Brand,0.00
2021,1,01/15/2021,AR,No Brand,0.00
2021,1,01/16/2021,AR,No Brand,0.00
2021,1,01/17/2021,AR,No Brand,0.00
2021,1,01/18/2021,AR,No Brand,0.00
2021,1,01/19/2021,AR,No Brand,0.00
2021,1,01/20/2021,AR,No Brand,0.00
2021,1,01/21/2021,AR,No Brand,0.00
2021,1,01/22/2021,AR,No Brand,0.00
2021,1,01/23/2021,AR,No Brand,0.00
2021,1,01/24/2021,AR,No Brand,0.00
2021,1,01/25/2021,AR,No Brand,0.00
2021,1,01/26/2021,AR,No Brand,0.00
2021,1,01/27/2021,AR,No Brand,0.00
2021,1,01/28/2021,AR,No Brand,0.00
2021,1,01/29/2021,AR,No Brand,0.00
2021,1,01/30/2021,AR,No Brand,0.00
2021,1,01/31/2021,AR,No Brand,0.00
2021,2,02/01/2021,AR,No Brand,0.00
2021,2,02/02/2021,AR,No Brand,0.00
2021,2,02/03/2021,AR,No Brand,0.00
2021,2,02/04/2021,AR,No Brand,0.00
2021,2,02/05/2021,AR,No Brand,0.00
2021,2,02/06/2021,AR,No Brand,0.00
2021,2,02/07/2021,AR,No Brand,0.00
2021,2,02/08/2021,AR,No Brand,0.00
2021,2,02/09/2021,AR,No Brand,0.00
2021,2,02/10/2021,AR,No Brand,0.00
2021,2,02/11/2021,AR,No Brand,0.00
2021,2,02/12/2021,AR,No Brand,0.00
2021,2,02/13/2021,AR,No Brand,0.00
2021,2,02/14/2021,AR,No Brand,0.00
2021,2,02/15/2021,AR,No Brand,0.00
2021,2,02/16/2021,AR,No Brand,0.00
2021,2,02/17/2021,AR,No Brand,0.00
2021,2,02/18/2021,AR,No Brand,0.00
2021,2,02/19/2021,AR,No Brand,0.00
2021,2,02/20/2021,AR,No Brand,0.00
2021,2,02/21/2021,AR,No Brand,0.00
2021,2,02/22/2021,AR,No Brand,0.00
2021,2,02/23/2021,AR,No Brand,0.00
2021,2,02/24/2021,AR,No Brand,0.00
2021,2,02/25/2021,AR,No Brand,0.00
2021,2,02/26/2021,AR,No Brand,0.00
2021,2,02/27/2021,AR,No Brand,0.00
2021,2,02/28/2021,AR,No Brand,0.00
2021,3,03/01/2021,AR,No Brand,0.00
2021,3,03/02/2021,AR,No Brand,0.00
2021,3,03/03/2021,AR,No Brand,0.00
2021,3,03/04/2021,AR,No Brand,0.00
2021,3,03/05/2021,AR,No Brand,0.00
2021,3,03/06/2021,AR,No Brand,0.00
2021,3,03/07/2021,AR,No Brand,0.00
2021,3,03/08/2021,AR,No Brand,0.00
2021,3,03/09/2021,AR,No Brand,0.00
2021,3,03/10/2021,AR,No Brand,0.00
2021,3,03/11/2021,AR,No Brand,0.00
2021,3,03/12/2021,AR,No Brand,0.00
2021,3,03/13/2021,AR,No Brand,0.00
2021,3,03/14/2021,AR,No Brand,0.00
2021,3,03/15/2021,AR,No Brand,0.00
2021,3,03/16/2021,AR,No Brand,0.00
2021,3,03/17/2021,AR,No Brand,0.00
2021,3,03/18/2021,AR,No Brand,0.00
2021,3,03/19/2021,AR,No Brand,0.00
2021,3,03/20/2021,AR,No Brand,0.00
2021,3,03/21/2021,AR,No Brand,0.00
2021,3,03/22/2021,AR,No Brand,0.00
2021,3,03/23/2021,AR,No Brand,0.00
2021,3,03/24/2021,AR,No Brand,0.00
2021,3,03/25/2021,AR,No Brand,0.00
2021,3,03/26/2021,AR,No Brand,0.00
2021,3,03/27/2021,AR,No Brand,0.00
2021,3,03/28/2021,AR,No Brand,0.00
2021,3,03/29/2021,AR,No Brand,0.00
2021,3,03/30/2021,AR,No Brand,0.00
2021,3,03/31/2021,AR,No Brand,0.00
2021,4,04/01/2021,AR,No Brand,0.00
2021,4,04/02/2021,AR,No Brand,0.00
2021,4,04/03/2021,AR,No Brand,0.00
2021,4,04/04/2021,AR,No Brand,0.00
2021,4,04/05/2021,AR,No Brand,0.00
2021,4,04/06/2021,AR,No Brand,0.00
2021,4,04/07/2021,AR,No Brand,0.00
2021,4,04/08/2021,AR,No Brand,0.00
2021,4,04/09/2021,AR,No Brand,0.00
2021,4,04/10/2021,AR,No Brand,0.00
2021,4,04/11/2021,AR,No Brand,0.00
2021,4,04/12/2021,AR,No Brand,0.00
2021,4,04/13/2021,AR,No Brand,0.00
2021,4,04/14/2021,AR,No Brand,0.00
2021,4,04/15/2021,AR,No Brand,0.00
2021,4,04/16/2021,AR,No Brand,0.00
2021,4,04/17/2021,AR,No Brand,0.00
2021,4,04/18/2021,AR,No Brand,0.00
2021,4,04/19/2021,AR,No Brand,0.00
2021,4,04/20/2021,AR,No Brand,0.00
2021,4,04/21/2021,AR,No Brand,0.00
2021,4,04/22/2021,AR,No Brand,0.00
2021,4,04/23/2021,AR,No Brand,0.00
2021,4,04/24/2021,AR,No Brand,0.00
2021,4,04/25/2021,AR,No Brand,0.00
2021,4,04/26/2021,AR,No Brand,0.00
2021,4,04/27/2021,AR,No Brand,0.00
2021,4,04/28/2021,AR,No Brand,0.00
2021,4,04/29/2021,AR,No Brand,0.00
2021,4,04/30/2021,AR,No Brand,0.00
2021,5,05/01/2021,AR,No Brand,0.00
2021,5,05/02/2021,AR,No Brand,0.00
2021,5,05/03/2021,AR,No Brand,0.00
2021,5,05/04/2021,AR,No Brand,0.00
2021,5,05/05/2021,AR,No Brand,0.00
2021,5,05/06/2021,AR,No Brand,0.00
2021,5,05/07/2021,AR,No Brand,0.00
2021,5,05/08/2021,AR,No Brand,0.00
2021,5,05/09/2021,AR,No Brand,0.00
2021,5,05/10/2021,AR,No Brand,0.00
2021,5,05/11/2021,AR,No Brand,0.00
2021,5,05/12/2021,AR,No Brand,0.00
2021,5,05/13/2021,AR,No Brand,0.00
2021,5,05/14/2021,AR,No Brand,0.00
2021,5,05/15/2021,AR,No Brand,0.00
2021,5,05/16/2021,AR,No Brand,0.00
2021,5,05/17/2021,AR,No Brand,0.00
2021,5,05/18/2021,AR,No Brand,0.00
2021,5,05/19/2021,AR,No Brand,0.00
2021,5,05/20/2021,AR,No Brand,0.00
2021,5,05/21/2021,AR,No Brand,0.00
2021,5,05/22/2021,AR,No Brand,0.00
2021,5,05/23/2021,AR,No Brand,0.00
2021,5,05/24/2021,AR,No Brand,0.00
2021,5,05/25/2021,AR,No Brand,0.00
2021,5,05/26/2021,AR,No Brand,0.00
2021,5,05/27/2021,AR,No Brand,0.00
2021,5,05/28/2021,AR,No Brand,0.00
2021,5,05/29/2021,AR,No Brand,0.00
2021,5,05/30/2021,AR,No Brand,0.00
2021,5,05/31/2021,AR,No Brand,0.00
2021,6,06/01/2021,AR,No Brand,0.00
2021,6,06/02/2021,AR,No Brand,0.00
2021,6,06/03/2021,AR,No Brand,0.00
2021,6,06/04/2021,AR,No Brand,0.00
2021,6,06/05/2021,AR,No Brand,0.00
2021,6,06/06/2021,AR,No Brand,0.00
2021,6,06/07/2021,AR,No Brand,0.00
2021,6,06/08/2021,AR,No Brand,0.00
2021,6,06/09/2021,AR,No Brand,0.00
2021,6,06/10/2021,AR,No Brand,0.00
2021,6,06/11/2021,AR,No Brand,0.00
2021,6,06/12/2021,AR,No Brand,0.00
2021,6,06/13/2021,AR,No Brand,0.00
2021,6,06/14/2021,AR,No Brand,0.00
2021,6,06/15/2021,AR,No Brand,0.00
2021,6,06/16/2021,AR,No Brand,0.00
2021,6,06/17/2021,AR,No Brand,0.00
2021,6,06/18/2021,AR,No Brand,0.00
2021,6,06/19/2021,AR,No Brand,0.00
2021,6,06/20/2021,AR,No Brand,0.00
2021,6,06/21/2021,AR,No Brand,0.00
2021,6,06/22/2021,AR,No Brand,0.00
2021,6,06/23/2021,AR,No Brand,0.00
2021,6,06/24/2021,AR,No Brand,0.00
2021,6,06/25/2021,AR,No Brand,0.00
2021,6,06/26/2021,AR,No Brand,0.00
2021,6,06/27/2021,AR,No Brand,0.00
2021,6,06/28/2021,AR,No Brand,0.00
2021,6,06/29/2021,AR,No Brand,0.00
2021,6,06/30/2021,AR,No Brand,0.00
2021,7,07/01/2021,AR,No Brand,0.00
2021,7,07/02/2021,AR,No Brand,0.00
2021,7,07/03/2021,AR,No Brand,0.00
2021,7,07/04/2021,AR,No Brand,0.00
2021,7,07/05/2021,AR,No Brand,0.00
2021,7,07/06/2021,AR,No Brand,0.00
2021,7,07/07/2021,AR,No Brand,0.00
2021,7,07/08/2021,AR,No Brand,0.00
2021,7,07/09/2021,AR,No Brand,0.00
2021,7,07/10/2021,AR,No Brand,0.00
2021,7,07/11/2021,AR,No Brand,0.00
2021,7,07/12/2021,AR,No Brand,0.00
2021,7,07/13/2021,AR,No Brand,0.00
2021,7,07/14/2021,AR,No Brand,0.00
2021,7,07/15/2021,AR,No Brand,0.00
2021,7,07/16/2021,AR,No Brand,0.00
2021,7,07/17/2021,AR,No Brand,0.00
2021,7,07/18/2021,AR,No Brand,0.00
2021,7,07/19/2021,AR,No Brand,0.00
2021,7,07/20/2021,AR,No Brand,0.00
2021,7,07/21/2021,AR,No Brand,0.00
2021,7,07/22/2021,AR,No Brand,0.00
2021,7,07/23/2021,AR,No Brand,0.00
2021,7,07/24/2021,AR,No Brand,0.00
2021,7,07/25/2021,AR,No Brand,0.00
2021,7,07/26/2021,AR,No Brand,0.00
2021,7,07/27/2021,AR,No Brand,0.00
2021,7,07/28/2021,AR,No Brand,0.00
2021,7,07/29/2021,AR,No Brand,0.00
2021,7,07/30/2021,AR,No Brand,0.00
2021,7,07/31/2021,AR,No Brand,0.00
2021,8,08/01/2021,AR,No Brand,0.00
2021,8,08/02/2021,AR,No Brand,0.00
2021,8,08/03/2021,AR,No Brand,0.00
2021,8,08/04/2021,AR,No Brand,0.00
2021,8,08/05/2021,AR,No Brand,0.00
2021,8,08/06/2021,AR,No Brand,0.00
2021,8,08/07/2021,AR,No Brand,0.00
2021,8,08/08/2021,AR,No Brand,0.00
2021,8,08/09/2021,AR,No Brand,0.00
2021,8,08/10/2021,AR,No Brand,0.00
2021,8,08/11/2021,AR,No Brand,0.00
2021,8,08/12/2021,AR,No Brand,0.00
2021,8,08/13/2021,AR,No Brand,0.00
2021,8,08/14/2021,AR,No Brand,0.00
2021,8,08/15/2021,AR,No Brand,0.00
2021,8,08/16/2021,AR,No Brand,0.00
2021,8,08/17/2021,AR,No Brand,0.00
2021,8,08/18/2021,AR,No Brand,0.00
2021,8,08/19/2021,AR,No Brand,0.00
2021,8,08/20/2021,AR,No Brand,0.00
2021,8,08/21/2021,AR,No Brand,0.00
2021,8,08/22/2021,AR,No Brand,0.00
2021,8,08/23/2021,AR,No Brand,0.00
2021,8,08/24/2021,AR,No Brand,0.00
2021,8,08/25/2021,AR,No Brand,0.00
2021,8,08/26/2021,AR,No Brand,0.00
2021,8,08/27/2021,AR,No Brand,0.00
2021,8,08/28/2021,AR,No Brand,0.00
2021,8,08/29/2021,AR,No Brand,0.00
2021,8,08/30/2021,AR,No Brand,0.00
2021,8,08/31/2021,AR,No Brand,0.00
2021,9,09/01/2021,AR,No Brand,0.00
2021,9,09/02/2021,AR,No Brand,0.00
2021,9,09/03/2021,AR,No Brand,0.00
2021,9,09/04/2021,AR,No Brand,0.00
2021,9,09/05/2021,AR,No Brand,0.00
2021,9,09/06/2021,AR,No Brand,0.00
2021,9,09/07/2021,AR,No Brand,0.00
2021,9,09/08/2021,AR,No Brand,0.00
2021,9,09/09/2021,AR,No Brand,0.00
2021,9,09/10/2021,AR,No Brand,0.00
2021,9,09/11/2021,AR,No Brand,0.00
2021,9,09/12/2021,AR,No Brand,0.00
2021,9,09/13/2021,AR,No Brand,0.00
2021,9,09/14/2021,AR,No Brand,0.00
2021,9,09/15/2021,AR,No Brand,0.00
2021,9,09/16/2021,AR,No Brand,0.00
2021,9,09/17/2021,AR,No Brand,0.00
2021,9,09/18/2021,AR,No Brand,0.00
2021,9,09/19/2021,AR,No Brand,0.00
2021,9,09/20/2021,AR,No Brand,0.00
2021,9,09/21/2021,AR,No Brand,0.00
2021,9,09/22/2021,AR,No Brand,0.00
2021,9,09/23/2021,AR,No Brand,0.00
2021,9,09/24/2021,AR,No Brand,0.00
2021,9,09/25/2021,AR,No Brand,0.00
2021,9,09/26/2021,AR,No Brand,0.00
2021,9,09/27/2021,AR,No Brand,0.00
2021,9,09/28/2021,AR,No Brand,0.00
2021,9,09/29/2021,AR,No Brand,0.00
2021,9,09/30/2021,AR,No Brand,0.00
2021,10,10/01/2021,AR,No Brand,0.00
2021,10,10/02/2021,AR,No Brand,0.00
2021,10,10/03/2021,AR,No Brand,0.00
2021,10,10/04/2021,AR,No Brand,0.00
2021,10,10/05/2021,AR,No Brand,0.00
2021,10,10/06/2021,AR,No Brand,0.00
2021,10,10/07/2021,AR,No Brand,0.00
2021,10,10/08/2021,AR,No Brand,0.00
2021,10,10/09/2021,AR,No Brand,0.00
2021,10,10/10/2021,AR,No Brand,0.00
2021,10,10/11/2021,AR,No Brand,0.00
2021,10,10/12/2021,AR,No Brand,0.00
2021,10,10/13/2021,AR,No Brand,0.00
2021,10,10/14/2021,AR,No Brand,0.00
2021,10,10/15/2021,AR,No Brand,0.00
2021,10,10/16/2021,AR,No Brand,0.00
2021,10,10/17/2021,AR,No Brand,0.00
2021,10,10/18/2021,AR,No Brand,0.00
2021,10,10/19/2021,AR,No Brand,0.00
2021,10,10/20/2021,AR,No Brand,0.00
2021,10,10/21/2021,AR,No Brand,0.00
2021,10,10/22/2021,AR,No Brand,0.00
2021,10,10/23/2021,AR,No Brand,0.00
2021,10,10/24/2021,AR,No Brand,0.00
2021,10,10/25/2021,AR,No Brand,0.00
2021,10,10/26/2021,AR,No Brand,0.00
2021,10,10/27/2021,AR,No Brand,0.00
2021,10,10/28/2021,AR,No Brand,0.00
2021,10,10/29/2021,AR,No Brand,0.00
2021,10,10/30/2021,AR,No Brand,0.00
2021,10,10/31/2021,AR,No Brand,0.00
2021,11,11/01/2021,AR,No Brand,0.00
2021,11,11/02/2021,AR,No Brand,0.00
2021,11,11/03/2021,AR,No Brand,0.00
2021,11,11/04/2021,AR,No Brand,0.00
2021,11,11/05/2021,AR,No Brand,0.00
2021,11,11/06/2021,AR,No Brand,0.00
2021,11,11/07/2021,AR,No Brand,0.00
2021,11,11/08/2021,AR,No Brand,0.00
2021,11,11/09/2021,AR,No Brand,0.00
2021,11,11/10/2021,AR,No Brand,0.00
2021,11,11/11/2021,AR,No Brand,0.00
2021,11,11/12/2021,AR,No Brand,0.00
2021,11,11/13/2021,AR,No Brand,0.00
2021,11,11/14/2021,AR,No Brand,0.00
2021,11,11/15/2021,AR,No Brand,0.00
2021,11,11/16/2021,AR,No Brand,0.00
2021,11,11/17/2021,AR,No Brand,0.00
2021,11,11/18/2021,AR,No Brand,0.00
2021,11,11/19/2021,AR,No Brand,0.00
2021,11,11/20/2021,AR,No Brand,0.00
2021,11,11/21/2021,AR,No Brand,0.00
2021,11,11/22/2021,AR,No Brand,0.00
2021,11,11/23/2021,AR,No Brand,0.00
2021,11,11/24/2021,AR,No Brand,0.00
2021,11,11/25/2021,AR,No Brand,0.00
2021,11,11/26/2021,AR,No Brand,0.00
2021,11,11/27/2021,AR,No Brand,0.00
2021,11,11/28/2021,AR,No Brand,0.00
2021,11,11/29/2021,AR,No Brand,0.00
2021,11,11/30/2021,AR,No Brand,0.00
2021,12,12/01/2021,AR,No Brand,0.00
2021,12,12/02/2021,AR,No Brand,0.00
2021,12,12/03/2021,AR,No Brand,0.00
2021,12,12/04/2021,AR,No Brand,0.00
2021,12,12/05/2021,AR,No Brand,0.00
2021,12,12/06/2021,AR,No Brand,0.00
2021,12,12/07/2021,AR,No Brand,0.00
2021,12,12/08/2021,AR,No Brand,0.00
2021,12,12/09/2021,AR,No Brand,0.00
2021,12,12/10/2021,AR,No Brand,0.00
2021,12,12/11/2021,AR,No Brand,0.00
2021,12,12/12/2021,AR,No Brand,0.00
2021,12,12/13/2021,AR,No Brand,0.00
2021,12,12/14/2021,AR,No Brand,0.00
2021,12,12/15/2021,AR,No Brand,0.00
2021,12,12/16/2021,AR,No Brand,0.00
2021,12,12/17/2021,AR,No Brand,0.00
2021,12,12/18/2021,AR,No Brand,0.00
2021,12,12/19/2021,AR,No Brand,0.00
2021,12,12/20/2021,AR,No Brand,0.00
2021,12,12/21/2021,AR,No Brand,0.00
2021,12,12/22/2021,AR,No Brand,0.00
2021,12,12/23/2021,AR,No Brand,0.00
2021,12,12/24/2021,AR,No Brand,0.00
2021,12,12/25/2021,AR,No Brand,0.00
2021,12,12/26/2021,AR,No Brand,0.00
2021,12,12/27/2021,AR,No Brand,0.00
2021,12,12/28/2021,AR,No Brand,0.00
2021,12,12/29/2021,AR,No Brand,0.00
2021,12,12/30/2021,AR,No Brand,0.00
2021,12,12/31/2021,AR,No Brand,0.00
2021,1,01/01/2021,BR,No Brand,0.00
2021,1,01/02/2021,BR,No Brand,0.00
2021,1,01/03/2021,BR,No Brand,0.00
2021,1,01/04/2021,BR,No Brand,0.00
2021,1,01/05/2021,BR,No Brand,0.00
2021,1,01/06/2021,BR,No Brand,0.00
2021,1,01/07/2021,BR,No Brand,0.00
2021,1,01/08/2021,BR,No Brand,0.00
2021,1,01/09/2021,BR,No Brand,0.00
2021,1,01/10/2021,BR,No Brand,0.00
2021,1,01/11/2021,BR,No Brand,0.00
2021,1,01/12/2021,BR,No Brand,0.00
2021,1,01/13/2021,BR,No Brand,0.00
2021,1,01/14/2021,BR,No Brand,0.00
2021,1,01/15/2021,BR,No Brand,0.00
2021,1,01/16/2021,BR,No Brand,0.00
2021,1,01/17/2021,BR,No Brand,0.00
2021,1,01/18/2021,BR,No Brand,0.00
2021,1,01/19/2021,BR,No Brand,0.00
2021,1,01/20/2021,BR,No Brand,0.00
2021,1,01/21/2021,BR,No Brand,0.00
2021,1,01/22/2021,BR,No Brand,0.00
2021,1,01/23/2021,BR,No Brand,0.00
2021,1,01/24/2021,BR,No Brand,0.00
2021,1,01/25/2021,BR,No Brand,0.00
2021,1,01/26/2021,BR,No Brand,0.00
2021,1,01/27/2021,BR,No Brand,0.00
2021,1,01/28/2021,BR,No Brand,0.00
2021,1,01/29/2021,BR,No Brand,0.00
2021,1,01/30/2021,BR,No Brand,0.00
2021,1,01/31/2021,BR,No Brand,0.00
2021,2,02/01/2021,BR,No Brand,0.00
2021,2,02/02/2021,BR,No Brand,0.00
2021,2,02/03/2021,BR,No Brand,0.00
2021,2,02/04/2021,BR,No Brand,0.00
2021,2,02/05/2021,BR,No Brand,0.00
2021,2,02/06/2021,BR,No Brand,0.00
2021,2,02/07/2021,BR,No Brand,0.00
2021,2,02/08/2021,BR,No Brand,0.00
2021,2,02/09/2021,BR,No Brand,0.00
2021,2,02/10/2021,BR,No Brand,0.00
2021,2,02/11/2021,BR,No Brand,0.00
2021,2,02/12/2021,BR,No Brand,0.00
2021,2,02/13/2021,BR,No Brand,0.00
2021,2,02/14/2021,BR,No Brand,0.00
2021,2,02/15/2021,BR,No Brand,0.00
2021,2,02/16/2021,BR,No Brand,0.00
2021,2,02/17/2021,BR,No Brand,0.00
2021,2,02/18/2021,BR,No Brand,0.00
2021,2,02/19/2021,BR,No Brand,0.00
2021,2,02/20/2021,BR,No Brand,0.00
2021,2,02/21/2021,BR,No Brand,0.00
2021,2,02/22/2021,BR,No Brand,0.00
2021,2,02/23/2021,BR,No Brand,0.00
2021,2,02/24/2021,BR,No Brand,0.00
2021,2,02/25/2021,BR,No Brand,0.00
2021,2,02/26/2021,BR,No Brand,0.00
2021,2,02/27/2021,BR,No Brand,0.00
2021,2,02/28/2021,BR,No Brand,0.00
2021,3,03/01/2021,BR,No Brand,0.00
2021,3,03/02/2021,BR,No Brand,0.00
2021,3,03/03/2021,BR,No Brand,0.00
2021,3,03/04/2021,BR,No Brand,0.00
2021,3,03/05/2021,BR,No Brand,0.00
2021,3,03/06/2021,BR,No Brand,0.00
2021,3,03/07/2021,BR,No Brand,0.00
2021,3,03/08/2021,BR,No Brand,0.00
2021,3,03/09/2021,BR,No Brand,0.00
2021,3,03/10/2021,BR,No Brand,0.00
2021,3,03/11/2021,BR,No Brand,0.00
2021,3,03/12/2021,BR,No Brand,0.00
2021,3,03/13/2021,BR,No Brand,0.00
2021,3,03/14/2021,BR,No Brand,0.00
2021,3,03/15/2021,BR,No Brand,0.00
2021,3,03/16/2021,BR,No Brand,0.00
2021,3,03/17/2021,BR,No Brand,0.00
2021,3,03/18/2021,BR,No Brand,0.00
2021,3,03/19/2021,BR,No Brand,0.00
2021,3,03/20/2021,BR,No Brand,0.00
2021,3,03/21/2021,BR,No Brand,0.00
2021,3,03/22/2021,BR,No Brand,0.00
2021,3,03/23/2021,BR,No Brand,0.00
2021,3,03/24/2021,BR,No Brand,0.00
2021,3,03/25/2021,BR,No Brand,0.00
2021,3,03/26/2021,BR,No Brand,0.00
2021,3,03/27/2021,BR,No Brand,0.00
2021,3,03/28/2021,BR,No Brand,0.00
2021,3,03/29/2021,BR,No Brand,0.00
2021,3,03/30/2021,BR,No Brand,0.00
2021,3,03/31/2021,BR,No Brand,0.00
2021,4,04/01/2021,BR,No Brand,0.00
2021,4,04/02/2021,BR,No Brand,0.00
2021,4,04/03/2021,BR,No Brand,0.00
2021,4,04/04/2021,BR,No Brand,0.00
2021,4,04/05/2021,BR,No Brand,0.00
2021,4,04/06/2021,BR,No Brand,0.00
2021,4,04/07/2021,BR,No Brand,0.00
2021,4,04/08/2021,BR,No Brand,0.00
2021,4,04/09/2021,BR,No Brand,0.00
2021,4,04/10/2021,BR,No Brand,0.00
2021,4,04/11/2021,BR,No Brand,0.00
2021,4,04/12/2021,BR,No Brand,0.00
2021,4,04/13/2021,BR,No Brand,0.00
2021,4,04/14/2021,BR,No Brand,0.00
2021,4,04/15/2021,BR,No Brand,0.00
2021,4,04/16/2021,BR,No Brand,0.00
2021,4,04/17/2021,BR,No Brand,0.00
2021,4,04/18/2021,BR,No Brand,0.00
2021,4,04/19/2021,BR,No Brand,0.00
2021,4,04/20/2021,BR,No Brand,0.00
2021,4,04/21/2021,BR,No Brand,0.00
2021,4,04/22/2021,BR,No Brand,0.00
2021,4,04/23/2021,BR,No Brand,0.00
2021,4,04/24/2021,BR,No Brand,0.00
2021,4,04/25/2021,BR,No Brand,0.00
2021,4,04/26/2021,BR,No Brand,0.00
2021,4,04/27/2021,BR,No Brand,0.00
2021,4,04/28/2021,BR,No Brand,0.00
2021,4,04/29/2021,BR,No Brand,0.00
2021,4,04/30/2021,BR,No Brand,0.00
2021,5,05/01/2021,BR,No Brand,0.00
2021,5,05/02/2021,BR,No Brand,0.00
2021,5,05/03/2021,BR,No Brand,0.00
2021,5,05/04/2021,BR,No Brand,0.00
2021,5,05/05/2021,BR,No Brand,0.00
2021,5,05/06/2021,BR,No Brand,0.00
2021,5,05/07/2021,BR,No Brand,0.00
2021,5,05/08/2021,BR,No Brand,0.00
2021,5,05/09/2021,BR,No Brand,0.00
2021,5,05/10/2021,BR,No Brand,0.00
2021,5,05/11/2021,BR,No Brand,0.00
2021,5,05/12/2021,BR,No Brand,0.00
2021,5,05/13/2021,BR,No Brand,0.00
2021,5,05/14/2021,BR,No Brand,0.00
2021,5,05/15/2021,BR,No Brand,0.00
2021,5,05/16/2021,BR,No Brand,0.00
2021,5,05/17/2021,BR,No Brand,0.00
2021,5,05/18/2021,BR,No Brand,0.00
2021,5,05/19/2021,BR,No Brand,0.00
2021,5,05/20/2021,BR,No Brand,0.00
2021,5,05/21/2021,BR,No Brand,0.00
2021,5,05/22/2021,BR,No Brand,0.00
2021,5,05/23/2021,BR,No Brand,0.00
2021,5,05/24/2021,BR,No Brand,0.00
2021,5,05/25/2021,BR,No Brand,0.00
2021,5,05/26/2021,BR,No Brand,0.00
2021,5,05/27/2021,BR,No Brand,0.00
2021,5,05/28/2021,BR,No Brand,0.00
2021,5,05/29/2021,BR,No Brand,0.00
2021,5,05/30/2021,BR,No Brand,0.00
2021,5,05/31/2021,BR,No Brand,0.00
2021,6,06/01/2021,BR,No Brand,0.00
2021,6,06/02/2021,BR,No Brand,0.00
2021,6,06/03/2021,BR,No Brand,0.00
2021,6,06/04/2021,BR,No Brand,0.00
2021,6,06/05/2021,BR,No Brand,0.00
2021,6,06/06/2021,BR,No Brand,0.00
2021,6,06/07/2021,BR,No Brand,0.00
2021,6,06/08/2021,BR,No Brand,0.00
2021,6,06/09/2021,BR,No Brand,0.00
2021,6,06/10/2021,BR,No Brand,0.00
2021,6,06/11/2021,BR,No Brand,0.00
2021,6,06/12/2021,BR,No Brand,0.00
2021,6,06/13/2021,BR,No Brand,0.00
2021,6,06/14/2021,BR,No Brand,0.00
2021,6,06/15/2021,BR,No Brand,0.00
2021,6,06/16/2021,BR,No Brand,0.00
2021,6,06/17/2021,BR,No Brand,0.00
2021,6,06/18/2021,BR,No Brand,0.00
2021,6,06/19/2021,BR,No Brand,0.00
2021,6,06/20/2021,BR,No Brand,0.00
2021,6,06/21/2021,BR,No Brand,0.00
2021,6,06/22/2021,BR,No Brand,0.00
2021,6,06/23/2021,BR,No Brand,0.00
2021,6,06/24/2021,BR,No Brand,0.00
2021,6,06/25/2021,BR,No Brand,0.00
2021,6,06/26/2021,BR,No Brand,0.00
2021,6,06/27/2021,BR,No Brand,0.00
2021,6,06/28/2021,BR,No Brand,0.00
2021,6,06/29/2021,BR,No Brand,0.00
2021,6,06/30/2021,BR,No Brand,0.00
2021,7,07/01/2021,BR,No Brand,0.00
2021,7,07/02/2021,BR,No Brand,0.00
2021,7,07/03/2021,BR,No Brand,0.00
2021,7,07/04/2021,BR,No Brand,0.00
2021,7,07/05/2021,BR,No Brand,0.00
2021,7,07/06/2021,BR,No Brand,0.00
2021,7,07/07/2021,BR,No Brand,0.00
2021,7,07/08/2021,BR,No Brand,0.00
2021,7,07/09/2021,BR,No Brand,0.00
2021,7,07/10/2021,BR,No Brand,0.00
2021,7,07/11/2021,BR,No Brand,0.00
2021,7,07/12/2021,BR,No Brand,0.00
2021,7,07/13/2021,BR,No Brand,0.00
2021,7,07/14/2021,BR,No Brand,0.00
2021,7,07/15/2021,BR,No Brand,0.00
2021,7,07/16/2021,BR,No Brand,0.00
2021,7,07/17/2021,BR,No Brand,0.00
2021,7,07/18/2021,BR,No Brand,0.00
2021,7,07/19/2021,BR,No Brand,0.00
2021,7,07/20/2021,BR,No Brand,0.00
2021,7,07/21/2021,BR,No Brand,0.00
2021,7,07/22/2021,BR,No Brand,0.00
2021,7,07/23/2021,BR,No Brand,0.00
2021,7,07/24/2021,BR,No Brand,0.00
2021,7,07/25/2021,BR,No Brand,0.00
2021,7,07/26/2021,BR,No Brand,0.00
2021,7,07/27/2021,BR,No Brand,0.00
2021,7,07/28/2021,BR,No Brand,0.00
2021,7,07/29/2021,BR,No Brand,0.00
2021,7,07/30/2021,BR,No Brand,0.00
2021,7,07/31/2021,BR,No Brand,0.00
2021,8,08/01/2021,BR,No Brand,0.00
2021,8,08/02/2021,BR,No Brand,0.00
2021,8,08/03/2021,BR,No Brand,0.00
2021,8,08/04/2021,BR,No Brand,0.00
2021,8,08/05/2021,BR,No Brand,0.00
2021,8,08/06/2021,BR,No Brand,0.00
2021,8,08/07/2021,BR,No Brand,0.00
2021,8,08/08/2021,BR,No Brand,0.00
2021,8,08/09/2021,BR,No Brand,0.00
2021,8,08/10/2021,BR,No Brand,0.00
2021,8,08/11/2021,BR,No Brand,0.00
2021,8,08/12/2021,BR,No Brand,0.00
2021,8,08/13/2021,BR,No Brand,0.00
2021,8,08/14/2021,BR,No Brand,0.00
2021,8,08/15/2021,BR,No Brand,0.00
2021,8,08/16/2021,BR,No Brand,0.00
2021,8,08/17/2021,BR,No Brand,0.00
2021,8,08/18/2021,BR,No Brand,0.00
2021,8,08/19/2021,BR,No Brand,0.00
2021,8,08/20/2021,BR,No Brand,0.00
2021,8,08/21/2021,BR,No Brand,0.00
2021,8,08/22/2021,BR,No Brand,0.00
2021,8,08/23/2021,BR,No Brand,0.00
2021,8,08/24/2021,BR,No Brand,0.00
2021,8,08/25/2021,BR,No Brand,0.00
2021,8,08/26/2021,BR,No Brand,0.00
2021,8,08/27/2021,BR,No Brand,0.00
2021,8,08/28/2021,BR,No Brand,0.00
2021,8,08/29/2021,BR,No Brand,0.00
2021,8,08/30/2021,BR,No Brand,0.00
2021,8,08/31/2021,BR,No Brand,0.00
2021,9,09/01/2021,BR,No Brand,0.00
2021,9,09/02/2021,BR,No Brand,0.00
2021,9,09/03/2021,BR,No Brand,0.00
2021,9,09/04/2021,BR,No Brand,0.00
2021,9,09/05/2021,BR,No Brand,0.00
2021,9,09/06/2021,BR,No Brand,0.00
2021,9,09/07/2021,BR,No Brand,0.00
2021,9,09/08/2021,BR,No Brand,0.00
2021,9,09/09/2021,BR,No Brand,0.00
2021,9,09/10/2021,BR,No Brand,0.00
2021,9,09/11/2021,BR,No Brand,0.00
2021,9,09/12/2021,BR,No Brand,0.00
2021,9,09/13/2021,BR,No Brand,0.00
2021,9,09/14/2021,BR,No Brand,0.00
2021,9,09/15/2021,BR,No Brand,0.00
2021,9,09/16/2021,BR,No Brand,0.00
2021,9,09/17/2021,BR,No Brand,0.00
2021,9,09/18/2021,BR,No Brand,0.00
2021,9,09/19/2021,BR,No Brand,0.00
2021,9,09/20/2021,BR,No Brand,0.00
2021,9,09/21/2021,BR,No Brand,0.00
2021,9,09/22/2021,BR,No Brand,0.00
2021,9,09/23/2021,BR,No Brand,0.00
2021,9,09/24/2021,BR,No Brand,0.00
2021,9,09/25/2021,BR,No Brand,0.00
2021,9,09/26/2021,BR,No Brand,0.00
2021,9,09/27/2021,BR,No Brand,0.00
2021,9,09/28/2021,BR,No Brand,0.00
2021,9,09/29/2021,BR,No Brand,0.00
2021,9,09/30/2021,BR,No Brand,0.00
2021,10,10/01/2021,BR,No Brand,0.00
2021,10,10/02/2021,BR,No Brand,0.00
2021,10,10/03/2021,BR,No Brand,0.00
2021,10,10/04/2021,BR,No Brand,0.00
2021,10,10/05/2021,BR,No Brand,0.00
2021,10,10/06/2021,BR,No Brand,0.00
2021,10,10/07/2021,BR,No Brand,0.00
2021,10,10/08/2021,BR,No Brand,0.00
2021,10,10/09/2021,BR,No Brand,0.00
2021,10,10/10/2021,BR,No Brand,0.00
2021,10,10/11/2021,BR,No Brand,0.00
2021,10,10/12/2021,BR,No Brand,0.00
2021,10,10/13/2021,BR,No Brand,0.00
2021,10,10/14/2021,BR,No Brand,0.00
2021,10,10/15/2021,BR,No Brand,0.00
2021,10,10/16/2021,BR,No Brand,0.00
2021,10,10/17/2021,BR,No Brand,0.00
2021,10,10/18/2021,BR,No Brand,0.00
2021,10,10/19/2021,BR,No Brand,0.00
2021,10,10/20/2021,BR,No Brand,0.00
2021,10,10/21/2021,BR,No Brand,0.00
2021,10,10/22/2021,BR,No Brand,0.00
2021,10,10/23/2021,BR,No Brand,0.00
2021,10,10/24/2021,BR,No Brand,0.00
2021,10,10/25/2021,BR,No Brand,0.00
2021,10,10/26/2021,BR,No Brand,0.00
2021,10,10/27/2021,BR,No Brand,0.00
2021,10,10/28/2021,BR,No Brand,0.00
2021,10,10/29/2021,BR,No Brand,0.00
2021,10,10/30/2021,BR,No Brand,0.00
2021,10,10/31/2021,BR,No Brand,0.00
2021,11,11/01/2021,BR,No Brand,0.00
2021,11,11/02/2021,BR,No Brand,0.00
2021,11,11/03/2021,BR,No Brand,0.00
2021,11,11/04/2021,BR,No Brand,0.00
2021,11,11/05/2021,BR,No Brand,0.00
2021,11,11/06/2021,BR,No Brand,0.00
2021,11,11/07/2021,BR,No Brand,0.00
2021,11,11/08/2021,BR,No Brand,0.00
2021,11,11/09/2021,BR,No Brand,0.00
2021,11,11/10/2021,BR,No Brand,0.00
2021,11,11/11/2021,BR,No Brand,0.00
2021,11,11/12/2021,BR,No Brand,0.00
2021,11,11/13/2021,BR,No Brand,0.00
2021,11,11/14/2021,BR,No Brand,0.00
2021,11,11/15/2021,BR,No Brand,0.00
2021,11,11/16/2021,BR,No Brand,0.00
2021,11,11/17/2021,BR,No Brand,0.00
2021,11,11/18/2021,BR,No Brand,0.00
2021,11,11/19/2021,BR,No Brand,0.00
2021,11,11/20/2021,BR,No Brand,0.00
2021,11,11/21/2021,BR,No Brand,0.00
2021,11,11/22/2021,BR,No Brand,0.00
2021,11,11/23/2021,BR,No Brand,0.00
2021,11,11/24/2021,BR,No Brand,0.00
2021,11,11/25/2021,BR,No Brand,0.00
2021,11,11/26/2021,BR,No Brand,0.00
2021,11,11/27/2021,BR,No Brand,0.00
2021,11,11/28/2021,BR,No Brand,0.00
2021,11,11/29/2021,BR,No Brand,0.00
2021,11,11/30/2021,BR,No Brand,0.00
2021,12,12/01/2021,BR,No Brand,0.00
2021,12,12/02/2021,BR,No Brand,0.00
2021,12,12/03/2021,BR,No Brand,0.00
2021,12,12/04/2021,BR,No Brand,0.00
2021,12,12/05/2021,BR,No Brand,0.00
2021,12,12/06/2021,BR,No Brand,0.00
2021,12,12/07/2021,BR,No Brand,0.00
2021,12,12/08/2021,BR,No Brand,0.00
2021,12,12/09/2021,BR,No Brand,0.00
2021,12,12/10/2021,BR,No Brand,0.00
2021,12,12/11/2021,BR,No Brand,0.00
2021,12,12/12/2021,BR,No Brand,0.00
2021,12,12/13/2021,BR,No Brand,0.00
2021,12,12/14/2021,BR,No Brand,0.00
2021,12,12/15/2021,BR,No Brand,0.00
2021,12,12/16/2021,BR,No Brand,0.00
2021,12,12/17/2021,BR,No Brand,0.00
2021,12,12/18/2021,BR,No Brand,0.00
2021,12,12/19/2021,BR,No Brand,0.00
2021,12,12/20/2021,BR,No Brand,0.00
2021,12,12/21/2021,BR,No Brand,0.00
2021,12,12/22/2021,BR,No Brand,0.00
2021,12,12/23/2021,BR,No Brand,0.00
2021,12,12/24/2021,BR,No Brand,0.00
2021,12,12/25/2021,BR,No Brand,0.00
2021,12,12/26/2021,BR,No Brand,0.00
2021,12,12/27/2021,BR,No Brand,0.00
2021,12,12/28/2021,BR,No Brand,0.00
2021,12,12/29/2021,BR,No Brand,0.00
2021,12,12/30/2021,BR,No Brand,0.00
2021,12,12/31/2021,BR,No Brand,0.00
2021,1,01/01/2021,CL,No Brand,0.00
2021,1,01/02/2021,CL,No Brand,0.00
2021,1,01/03/2021,CL,No Brand,0.00
2021,1,01/04/2021,CL,No Brand,0.00
2021,1,01/05/2021,CL,No Brand,0.00
2021,1,01/06/2021,CL,No Brand,0.00
2021,1,01/07/2021,CL,No Brand,0.00
2021,1,01/08/2021,CL,No Brand,0.00
2021,1,01/09/2021,CL,No Brand,0.00
2021,1,01/10/2021,CL,No Brand,0.00
2021,1,01/11/2021,CL,No Brand,0.00
2021,1,01/12/2021,CL,No Brand,0.00
2021,1,01/13/2021,CL,No Brand,0.00
2021,1,01/14/2021,CL,No Brand,0.00
2021,1,01/15/2021,CL,No Brand,0.00
2021,1,01/16/2021,CL,No Brand,0.00
2021,1,01/17/2021,CL,No Brand,0.00
2021,1,01/18/2021,CL,No Brand,0.00
2021,1,01/19/2021,CL,No Brand,0.00
2021,1,01/20/2021,CL,No Brand,0.00
2021,1,01/21/2021,CL,No Brand,0.00
2021,1,01/22/2021,CL,No Brand,0.00
2021,1,01/23/2021,CL,No Brand,0.00
2021,1,01/24/2021,CL,No Brand,0.00
2021,1,01/25/2021,CL,No Brand,0.00
2021,1,01/26/2021,CL,No Brand,0.00
2021,1,01/27/2021,CL,No Brand,0.00
2021,1,01/28/2021,CL,No Brand,0.00
2021,1,01/29/2021,CL,No Brand,0.00
2021,1,01/30/2021,CL,No Brand,0.00
2021,1,01/31/2021,CL,No Brand,0.00
2021,2,02/01/2021,CL,No Brand,0.00
2021,2,02/02/2021,CL,No Brand,0.00
2021,2,02/03/2021,CL,No Brand,0.00
2021,2,02/04/2021,CL,No Brand,0.00
2021,2,02/05/2021,CL,No Brand,0.00
2021,2,02/06/2021,CL,No Brand,0.00
2021,2,02/07/2021,CL,No Brand,0.00
2021,2,02/08/2021,CL,No Brand,0.00
2021,2,02/09/2021,CL,No Brand,0.00
2021,2,02/10/2021,CL,No Brand,0.00
2021,2,02/11/2021,CL,No Brand,0.00
2021,2,02/12/2021,CL,No Brand,0.00
2021,2,02/13/2021,CL,No Brand,0.00
2021,2,02/14/2021,CL,No Brand,0.00
2021,2,02/15/2021,CL,No Brand,0.00
2021,2,02/16/2021,CL,No Brand,0.00
2021,2,02/17/2021,CL,No Brand,0.00
2021,2,02/18/2021,CL,No Brand,0.00
2021,2,02/19/2021,CL,No Brand,0.00
2021,2,02/20/2021,CL,No Brand,0.00
2021,2,02/21/2021,CL,No Brand,0.00
2021,2,02/22/2021,CL,No Brand,0.00
2021,2,02/23/2021,CL,No Brand,0.00
2021,2,02/24/2021,CL,No Brand,0.00
2021,2,02/25/2021,CL,No Brand,0.00
2021,2,02/26/2021,CL,No Brand,0.00
2021,2,02/27/2021,CL,No Brand,0.00
2021,2,02/28/2021,CL,No Brand,0.00
2021,3,03/01/2021,CL,No Brand,0.00
2021,3,03/02/2021,CL,No Brand,0.00
2021,3,03/03/2021,CL,No Brand,0.00
2021,3,03/04/2021,CL,No Brand,0.00
2021,3,03/05/2021,CL,No Brand,0.00
2021,3,03/06/2021,CL,No Brand,0.00
2021,3,03/07/2021,CL,No Brand,0.00
2021,3,03/08/2021,CL,No Brand,0.00
2021,3,03/09/2021,CL,No Brand,0.00
2021,3,03/10/2021,CL,No Brand,0.00
2021,3,03/11/2021,CL,No Brand,0.00
2021,3,03/12/2021,CL,No Brand,0.00
2021,3,03/13/2021,CL,No Brand,0.00
2021,3,03/14/2021,CL,No Brand,0.00
2021,3,03/15/2021,CL,No Brand,0.00
2021,3,03/16/2021,CL,No Brand,0.00
2021,3,03/17/2021,CL,No Brand,0.00
2021,3,03/18/2021,CL,No Brand,0.00
2021,3,03/19/2021,CL,No Brand,0.00
2021,3,03/20/2021,CL,No Brand,0.00
2021,3,03/21/2021,CL,No Brand,0.00
2021,3,03/22/2021,CL,No Brand,0.00
2021,3,03/23/2021,CL,No Brand,0.00
2021,3,03/24/2021,CL,No Brand,0.00
2021,3,03/25/2021,CL,No Brand,0.00
2021,3,03/26/2021,CL,No Brand,0.00
2021,3,03/27/2021,CL,No Brand,0.00
2021,3,03/28/2021,CL,No Brand,0.00
2021,3,03/29/2021,CL,No Brand,0.00
2021,3,03/30/2021,CL,No Brand,0.00
2021,3,03/31/2021,CL,No Brand,0.00
2021,4,04/01/2021,CL,No Brand,0.00
2021,4,04/02/2021,CL,No Brand,0.00
2021,4,04/03/2021,CL,No Brand,0.00
2021,4,04/04/2021,CL,No Brand,0.00
2021,4,04/05/2021,CL,No Brand,0.00
2021,4,04/06/2021,CL,No Brand,0.00
2021,4,04/07/2021,CL,No Brand,0.00
2021,4,04/08/2021,CL,No Brand,0.00
2021,4,04/09/2021,CL,No Brand,0.00
2021,4,04/10/2021,CL,No Brand,0.00
2021,4,04/11/2021,CL,No Brand,0.00
2021,4,04/12/2021,CL,No Brand,0.00
2021,4,04/13/2021,CL,No Brand,0.00
2021,4,04/14/2021,CL,No Brand,0.00
2021,4,04/15/2021,CL,No Brand,0.00
2021,4,04/16/2021,CL,No Brand,0.00
2021,4,04/17/2021,CL,No Brand,0.00
2021,4,04/18/2021,CL,No Brand,0.00
2021,4,04/19/2021,CL,No Brand,0.00
2021,4,04/20/2021,CL,No Brand,0.00
2021,4,04/21/2021,CL,No Brand,0.00
2021,4,04/22/2021,CL,No Brand,0.00
2021,4,04/23/2021,CL,No Brand,0.00
2021,4,04/24/2021,CL,No Brand,0.00
2021,4,04/25/2021,CL,No Brand,0.00
2021,4,04/26/2021,CL,No Brand,0.00
2021,4,04/27/2021,CL,No Brand,0.00
2021,4,04/28/2021,CL,No Brand,0.00
2021,4,04/29/2021,CL,No Brand,0.00
2021,4,04/30/2021,CL,No Brand,0.00
2021,5,05/01/2021,CL,No Brand,0.00
2021,5,05/02/2021,CL,No Brand,0.00
2021,5,05/03/2021,CL,No Brand,0.00
2021,5,05/04/2021,CL,No Brand,0.00
2021,5,05/05/2021,CL,No Brand,0.00
2021,5,05/06/2021,CL,No Brand,0.00
2021,5,05/07/2021,CL,No Brand,0.00
2021,5,05/08/2021,CL,No Brand,0.00
2021,5,05/09/2021,CL,No Brand,0.00
2021,5,05/10/2021,CL,No Brand,0.00
2021,5,05/11/2021,CL,No Brand,0.00
2021,5,05/12/2021,CL,No Brand,0.00
2021,5,05/13/2021,CL,No Brand,0.00
2021,5,05/14/2021,CL,No Brand,0.00
2021,5,05/15/2021,CL,No Brand,0.00
2021,5,05/16/2021,CL,No Brand,0.00
2021,5,05/17/2021,CL,No Brand,0.00
2021,5,05/18/2021,CL,No Brand,0.00
2021,5,05/19/2021,CL,No Brand,0.00
2021,5,05/20/2021,CL,No Brand,0.00
2021,5,05/21/2021,CL,No Brand,0.00
2021,5,05/22/2021,CL,No Brand,0.00
2021,5,05/23/2021,CL,No Brand,0.00
2021,5,05/24/2021,CL,No Brand,0.00
2021,5,05/25/2021,CL,No Brand,0.00
2021,5,05/26/2021,CL,No Brand,0.00
2021,5,05/27/2021,CL,No Brand,0.00
2021,5,05/28/2021,CL,No Brand,0.00
2021,5,05/29/2021,CL,No Brand,0.00
2021,5,05/30/2021,CL,No Brand,0.00
2021,5,05/31/2021,CL,No Brand,0.00
2021,6,06/01/2021,CL,No Brand,0.00
2021,6,06/02/2021,CL,No Brand,0.00
2021,6,06/03/2021,CL,No Brand,0.00
2021,6,06/04/2021,CL,No Brand,0.00
2021,6,06/05/2021,CL,No Brand,0.00
2021,6,06/06/2021,CL,No Brand,0.00
2021,6,06/07/2021,CL,No Brand,0.00
2021,6,06/08/2021,CL,No Brand,0.00
2021,6,06/09/2021,CL,No Brand,0.00
2021,6,06/10/2021,CL,No Brand,0.00
2021,6,06/11/2021,CL,No Brand,0.00
2021,6,06/12/2021,CL,No Brand,0.00
2021,6,06/13/2021,CL,No Brand,0.00
2021,6,06/14/2021,CL,No Brand,0.00
2021,6,06/15/2021,CL,No Brand,0.00
2021,6,06/16/2021,CL,No Brand,0.00
2021,6,06/17/2021,CL,No Brand,0.00
2021,6,06/18/2021,CL,No Brand,0.00
2021,6,06/19/2021,CL,No Brand,0.00
2021,6,06/20/2021,CL,No Brand,0.00
2021,6,06/21/2021,CL,No Brand,0.00
2021,6,06/22/2021,CL,No Brand,0.00
2021,6,06/23/2021,CL,No Brand,0.00
2021,6,06/24/2021,CL,No Brand,0.00
2021,6,06/25/2021,CL,No Brand,0.00
2021,6,06/26/2021,CL,No Brand,0.00
2021,6,06/27/2021,CL,No Brand,0.00
2021,6,06/28/2021,CL,No Brand,0.00
2021,6,06/29/2021,CL,No Brand,0.00
2021,6,06/30/2021,CL,No Brand,0.00
2021,7,07/01/2021,CL,No Brand,0.00
2021,7,07/02/2021,CL,No Brand,0.00
2021,7,07/03/2021,CL,No Brand,0.00
2021,7,07/04/2021,CL,No Brand,0.00
2021,7,07/05/2021,CL,No Brand,0.00
2021,7,07/06/2021,CL,No Brand,0.00
2021,7,07/07/2021,CL,No Brand,0.00
2021,7,07/08/2021,CL,No Brand,0.00
2021,7,07/09/2021,CL,No Brand,0.00
2021,7,07/10/2021,CL,No Brand,0.00
2021,7,07/11/2021,CL,No Brand,0.00
2021,7,07/12/2021,CL,No Brand,0.00
2021,7,07/13/2021,CL,No Brand,0.00
2021,7,07/14/2021,CL,No Brand,0.00
2021,7,07/15/2021,CL,No Brand,0.00
2021,7,07/16/2021,CL,No Brand,0.00
2021,7,07/17/2021,CL,No Brand,0.00
2021,7,07/18/2021,CL,No Brand,0.00
2021,7,07/19/2021,CL,No Brand,0.00
2021,7,07/20/2021,CL,No Brand,0.00
2021,7,07/21/2021,CL,No Brand,0.00
2021,7,07/22/2021,CL,No Brand,0.00
2021,7,07/23/2021,CL,No Brand,0.00
2021,7,07/24/2021,CL,No Brand,0.00
2021,7,07/25/2021,CL,No Brand,0.00
2021,7,07/26/2021,CL,No Brand,0.00
2021,7,07/27/2021,CL,No Brand,0.00
2021,7,07/28/2021,CL,No Brand,0.00
2021,7,07/29/2021,CL,No Brand,0.00
2021,7,07/30/2021,CL,No Brand,0.00
2021,7,07/31/2021,CL,No Brand,0.00
2021,8,08/01/2021,CL,No Brand,0.00
2021,8,08/02/2021,CL,No Brand,0.00
2021,8,08/03/2021,CL,No Brand,0.00
2021,8,08/04/2021,CL,No Brand,0.00
2021,8,08/05/2021,CL,No Brand,0.00
2021,8,08/06/2021,CL,No Brand,0.00
2021,8,08/07/2021,CL,No Brand,0.00
2021,8,08/08/2021,CL,No Brand,0.00
2021,8,08/09/2021,CL,No Brand,0.00
2021,8,08/10/2021,CL,No Brand,0.00
2021,8,08/11/2021,CL,No Brand,0.00
2021,8,08/12/2021,CL,No Brand,0.00
2021,8,08/13/2021,CL,No Brand,0.00
2021,8,08/14/2021,CL,No Brand,0.00
2021,8,08/15/2021,CL,No Brand,0.00
2021,8,08/16/2021,CL,No Brand,0.00
2021,8,08/17/2021,CL,No Brand,0.00
2021,8,08/18/2021,CL,No Brand,0.00
2021,8,08/19/2021,CL,No Brand,0.00
2021,8,08/20/2021,CL,No Brand,0.00
2021,8,08/21/2021,CL,No Brand,0.00
2021,8,08/22/2021,CL,No Brand,0.00
2021,8,08/23/2021,CL,No Brand,0.00
2021,8,08/24/2021,CL,No Brand,0.00
2021,8,08/25/2021,CL,No Brand,0.00
2021,8,08/26/2021,CL,No Brand,0.00
2021,8,08/27/2021,CL,No Brand,0.00
2021,8,08/28/2021,CL,No Brand,0.00
2021,8,08/29/2021,CL,No Brand,0.00
2021,8,08/30/2021,CL,No Brand,0.00
2021,8,08/31/2021,CL,No Brand,0.00
2021,9,09/01/2021,CL,No Brand,0.00
2021,9,09/02/2021,CL,No Brand,0.00
2021,9,09/03/2021,CL,No Brand,0.00
2021,9,09/04/2021,CL,No Brand,0.00
2021,9,09/05/2021,CL,No Brand,0.00
2021,9,09/06/2021,CL,No Brand,0.00
2021,9,09/07/2021,CL,No Brand,0.00
2021,9,09/08/2021,CL,No Brand,0.00
2021,9,09/09/2021,CL,No Brand,0.00
2021,9,09/10/2021,CL,No Brand,0.00
2021,9,09/11/2021,CL,No Brand,0.00
2021,9,09/12/2021,CL,No Brand,0.00
2021,9,09/13/2021,CL,No Brand,0.00
2021,9,09/14/2021,CL,No Brand,0.00
2021,9,09/15/2021,CL,No Brand,0.00
2021,9,09/16/2021,CL,No Brand,0.00
2021,9,09/17/2021,CL,No Brand,0.00
2021,9,09/18/2021,CL,No Brand,0.00
2021,9,09/19/2021,CL,No Brand,0.00
2021,9,09/20/2021,CL,No Brand,0.00
2021,9,09/21/2021,CL,No Brand,0.00
2021,9,09/22/2021,CL,No Brand,0.00
2021,9,09/23/2021,CL,No Brand,0.00
2021,9,09/24/2021,CL,No Brand,0.00
2021,9,09/25/2021,CL,No Brand,0.00
2021,9,09/26/2021,CL,No Brand,0.00
2021,9,09/27/2021,CL,No Brand,0.00
2021,9,09/28/2021,CL,No Brand,0.00
2021,9,09/29/2021,CL,No Brand,0.00
2021,9,09/30/2021,CL,No Brand,0.00
2021,10,10/01/2021,CL,No Brand,0.00
2021,10,10/02/2021,CL,No Brand,0.00
2021,10,10/03/2021,CL,No Brand,0.00
2021,10,10/04/2021,CL,No Brand,0.00
2021,10,10/05/2021,CL,No Brand,0.00
2021,10,10/06/2021,CL,No Brand,0.00
2021,10,10/07/2021,CL,No Brand,0.00
2021,10,10/08/2021,CL,No Brand,0.00
2021,10,10/09/2021,CL,No Brand,0.00
2021,10,10/10/2021,CL,No Brand,0.00
2021,10,10/11/2021,CL,No Brand,0.00
2021,10,10/12/2021,CL,No Brand,0.00
2021,10,10/13/2021,CL,No Brand,0.00
2021,10,10/14/2021,CL,No Brand,0.00
2021,10,10/15/2021,CL,No Brand,0.00
2021,10,10/16/2021,CL,No Brand,0.00
2021,10,10/17/2021,CL,No Brand,0.00
2021,10,10/18/2021,CL,No Brand,0.00
2021,10,10/19/2021,CL,No Brand,0.00
2021,10,10/20/2021,CL,No Brand,0.00
2021,10,10/21/2021,CL,No Brand,0.00
2021,10,10/22/2021,CL,No Brand,0.00
2021,10,10/23/2021,CL,No Brand,0.00
2021,10,10/24/2021,CL,No Brand,0.00
2021,10,10/25/2021,CL,No Brand,0.00
2021,10,10/26/2021,CL,No Brand,0.00
2021,10,10/27/2021,CL,No Brand,0.00
2021,10,10/28/2021,CL,No Brand,0.00
2021,10,10/29/2021,CL,No Brand,0.00
2021,10,10/30/2021,CL,No Brand,0.00
2021,10,10/31/2021,CL,No Brand,0.00
2021,11,11/01/2021,CL,No Brand,0.00
2021,11,11/02/2021,CL,No Brand,0.00
2021,11,11/03/2021,CL,No Brand,0.00
2021,11,11/04/2021,CL,No Brand,0.00
2021,11,11/05/2021,CL,No Brand,0.00
2021,11,11/06/2021,CL,No Brand,0.00
2021,11,11/07/2021,CL,No Brand,0.00
2021,11,11/08/2021,CL,No Brand,0.00
2021,11,11/09/2021,CL,No Brand,0.00
2021,11,11/10/2021,CL,No Brand,0.00
2021,11,11/11/2021,CL,No Brand,0.00
2021,11,11/12/2021,CL,No Brand,0.00
2021,11,11/13/2021,CL,No Brand,0.00
2021,11,11/14/2021,CL,No Brand,0.00
2021,11,11/15/2021,CL,No Brand,0.00
2021,11,11/16/2021,CL,No Brand,0.00
2021,11,11/17/2021,CL,No Brand,0.00
2021,11,11/18/2021,CL,No Brand,0.00
2021,11,11/19/2021,CL,No Brand,0.00
2021,11,11/20/2021,CL,No Brand,0.00
2021,11,11/21/2021,CL,No Brand,0.00
2021,11,11/22/2021,CL,No Brand,0.00
2021,11,11/23/2021,CL,No Brand,0.00
2021,11,11/24/2021,CL,No Brand,0.00
2021,11,11/25/2021,CL,No Brand,0.00
2021,11,11/26/2021,CL,No Brand,0.00
2021,11,11/27/2021,CL,No Brand,0.00
2021,11,11/28/2021,CL,No Brand,0.00
2021,11,11/29/2021,CL,No Brand,0.00
2021,11,11/30/2021,CL,No Brand,0.00
2021,12,12/01/2021,CL,No Brand,0.00
2021,12,12/02/2021,CL,No Brand,0.00
2021,12,12/03/2021,CL,No Brand,0.00
2021,12,12/04/2021,CL,No Brand,0.00
2021,12,12/05/2021,CL,No Brand,0.00
2021,12,12/06/2021,CL,No Brand,0.00
2021,12,12/07/2021,CL,No Brand,0.00
2021,12,12/08/2021,CL,No Brand,0.00
2021,12,12/09/2021,CL,No Brand,0.00
2021,12,12/10/2021,CL,No Brand,0.00
2021,12,12/11/2021,CL,No Brand,0.00
2021,12,12/12/2021,CL,No Brand,0.00
2021,12,12/13/2021,CL,No Brand,0.00
2021,12,12/14/2021,CL,No Brand,0.00
2021,12,12/15/2021,CL,No Brand,0.00
2021,12,12/16/2021,CL,No Brand,0.00
2021,12,12/17/2021,CL,No Brand,0.00
2021,12,12/18/2021,CL,No Brand,0.00
2021,12,12/19/2021,CL,No Brand,0.00
2021,12,12/20/2021,CL,No Brand,0.00
2021,12,12/21/2021,CL,No Brand,0.00
2021,12,12/22/2021,CL,No Brand,0.00
2021,12,12/23/2021,CL,No Brand,0.00
2021,12,12/24/2021,CL,No Brand,0.00
2021,12,12/25/2021,CL,No Brand,0.00
2021,12,12/26/2021,CL,No Brand,0.00
2021,12,12/27/2021,CL,No Brand,0.00
2021,12,12/28/2021,CL,No Brand,0.00
2021,12,12/29/2021,CL,No Brand,0.00
2021,12,12/30/2021,CL,No Brand,0.00
2021,12,12/31/2021,CL,No Brand,0.00
2021,1,01/01/2021,CO,No Brand,0.00
2021,1,01/02/2021,CO,No Brand,0.00
2021,1,01/03/2021,CO,No Brand,0.00
2021,1,01/04/2021,CO,No Brand,0.00
2021,1,01/05/2021,CO,No Brand,0.00
2021,1,01/06/2021,CO,No Brand,0.00
2021,1,01/07/2021,CO,No Brand,0.00
2021,1,01/08/2021,CO,No Brand,0.00
2021,1,01/09/2021,CO,No Brand,0.00
2021,1,01/10/2021,CO,No Brand,0.00
2021,1,01/11/2021,CO,No Brand,0.00
2021,1,01/12/2021,CO,No Brand,0.00
2021,1,01/13/2021,CO,No Brand,0.00
2021,1,01/14/2021,CO,No Brand,0.00
2021,1,01/15/2021,CO,No Brand,0.00
2021,1,01/16/2021,CO,No Brand,0.00
2021,1,01/17/2021,CO,No Brand,0.00
2021,1,01/18/2021,CO,No Brand,0.00
2021,1,01/19/2021,CO,No Brand,0.00
2021,1,01/20/2021,CO,No Brand,0.00
2021,1,01/21/2021,CO,No Brand,0.00
2021,1,01/22/2021,CO,No Brand,0.00
2021,1,01/23/2021,CO,No Brand,0.00
2021,1,01/24/2021,CO,No Brand,0.00
2021,1,01/25/2021,CO,No Brand,0.00
2021,1,01/26/2021,CO,No Brand,0.00
2021,1,01/27/2021,CO,No Brand,0.00
2021,1,01/28/2021,CO,No Brand,0.00
2021,1,01/29/2021,CO,No Brand,0.00
2021,1,01/30/2021,CO,No Brand,0.00
2021,1,01/31/2021,CO,No Brand,0.00
2021,2,02/01/2021,CO,No Brand,0.00
2021,2,02/02/2021,CO,No Brand,0.00
2021,2,02/03/2021,CO,No Brand,0.00
2021,2,02/04/2021,CO,No Brand,0.00
2021,2,02/05/2021,CO,No Brand,0.00
2021,2,02/06/2021,CO,No Brand,0.00
2021,2,02/07/2021,CO,No Brand,0.00
2021,2,02/08/2021,CO,No Brand,0.00
2021,2,02/09/2021,CO,No Brand,0.00
2021,2,02/10/2021,CO,No Brand,0.00
2021,2,02/11/2021,CO,No Brand,0.00
2021,2,02/12/2021,CO,No Brand,0.00
2021,2,02/13/2021,CO,No Brand,0.00
2021,2,02/14/2021,CO,No Brand,0.00
2021,2,02/15/2021,CO,No Brand,0.00
2021,2,02/16/2021,CO,No Brand,0.00
2021,2,02/17/2021,CO,No Brand,0.00
2021,2,02/18/2021,CO,No Brand,0.00
2021,2,02/19/2021,CO,No Brand,0.00
2021,2,02/20/2021,CO,No Brand,0.00
2021,2,02/21/2021,CO,No Brand,0.00
2021,2,02/22/2021,CO,No Brand,0.00
2021,2,02/23/2021,CO,No Brand,0.00
2021,2,02/24/2021,CO,No Brand,0.00
2021,2,02/25/2021,CO,No Brand,0.00
2021,2,02/26/2021,CO,No Brand,0.00
2021,2,02/27/2021,CO,No Brand,0.00
2021,2,02/28/2021,CO,No Brand,0.00
2021,3,03/01/2021,CO,No Brand,0.00
2021,3,03/02/2021,CO,No Brand,0.00
2021,3,03/03/2021,CO,No Brand,0.00
2021,3,03/04/2021,CO,No Brand,0.00
2021,3,03/05/2021,CO,No Brand,0.00
2021,3,03/06/2021,CO,No Brand,0.00
2021,3,03/07/2021,CO,No Brand,0.00
2021,3,03/08/2021,CO,No Brand,0.00
2021,3,03/09/2021,CO,No Brand,0.00
2021,3,03/10/2021,CO,No Brand,0.00
2021,3,03/11/2021,CO,No Brand,0.00
2021,3,03/12/2021,CO,No Brand,0.00
2021,3,03/13/2021,CO,No Brand,0.00
2021,3,03/14/2021,CO,No Brand,0.00
2021,3,03/15/2021,CO,No Brand,0.00
2021,3,03/16/2021,CO,No Brand,0.00
2021,3,03/17/2021,CO,No Brand,0.00
2021,3,03/18/2021,CO,No Brand,0.00
2021,3,03/19/2021,CO,No Brand,0.00
2021,3,03/20/2021,CO,No Brand,0.00
2021,3,03/21/2021,CO,No Brand,0.00
2021,3,03/22/2021,CO,No Brand,0.00
2021,3,03/23/2021,CO,No Brand,0.00
2021,3,03/24/2021,CO,No Brand,0.00
2021,3,03/25/2021,CO,No Brand,0.00
2021,3,03/26/2021,CO,No Brand,0.00
2021,3,03/27/2021,CO,No Brand,0.00
2021,3,03/28/2021,CO,No Brand,0.00
2021,3,03/29/2021,CO,No Brand,0.00
2021,3,03/30/2021,CO,No Brand,0.00
2021,3,03/31/2021,CO,No Brand,0.00
2021,4,04/01/2021,CO,No Brand,0.00
2021,4,04/02/2021,CO,No Brand,0.00
2021,4,04/03/2021,CO,No Brand,0.00
2021,4,04/04/2021,CO,No Brand,0.00
2021,4,04/05/2021,CO,No Brand,0.00
2021,4,04/06/2021,CO,No Brand,0.00
2021,4,04/07/2021,CO,No Brand,0.00
2021,4,04/08/2021,CO,No Brand,0.00
2021,4,04/09/2021,CO,No Brand,0.00
2021,4,04/10/2021,CO,No Brand,0.00
2021,4,04/11/2021,CO,No Brand,0.00
2021,4,04/12/2021,CO,No Brand,0.00
2021,4,04/13/2021,CO,No Brand,0.00
2021,4,04/14/2021,CO,No Brand,0.00
2021,4,04/15/2021,CO,No Brand,0.00
2021,4,04/16/2021,CO,No Brand,0.00
2021,4,04/17/2021,CO,No Brand,0.00
2021,4,04/18/2021,CO,No Brand,0.00
2021,4,04/19/2021,CO,No Brand,0.00
2021,4,04/20/2021,CO,No Brand,0.00
2021,4,04/21/2021,CO,No Brand,0.00
2021,4,04/22/2021,CO,No Brand,0.00
2021,4,04/23/2021,CO,No Brand,0.00
2021,4,04/24/2021,CO,No Brand,0.00
2021,4,04/25/2021,CO,No Brand,0.00
2021,4,04/26/2021,CO,No Brand,0.00
2021,4,04/27/2021,CO,No Brand,0.00
2021,4,04/28/2021,CO,No Brand,0.00
2021,4,04/29/2021,CO,No Brand,0.00
2021,4,04/30/2021,CO,No Brand,0.00
2021,5,05/01/2021,CO,No Brand,0.00
2021,5,05/02/2021,CO,No Brand,0.00
2021,5,05/03/2021,CO,No Brand,0.00
2021,5,05/04/2021,CO,No Brand,0.00
2021,5,05/05/2021,CO,No Brand,0.00
2021,5,05/06/2021,CO,No Brand,0.00
2021,5,05/07/2021,CO,No Brand,0.00
2021,5,05/08/2021,CO,No Brand,0.00
2021,5,05/09/2021,CO,No Brand,0.00
2021,5,05/10/2021,CO,No Brand,0.00
2021,5,05/11/2021,CO,No Brand,0.00
2021,5,05/12/2021,CO,No Brand,0.00
2021,5,05/13/2021,CO,No Brand,0.00
2021,5,05/14/2021,CO,No Brand,0.00
2021,5,05/15/2021,CO,No Brand,0.00
2021,5,05/16/2021,CO,No Brand,0.00
2021,5,05/17/2021,CO,No Brand,0.00
2021,5,05/18/2021,CO,No Brand,0.00
2021,5,05/19/2021,CO,No Brand,0.00
2021,5,05/20/2021,CO,No Brand,0.00
2021,5,05/21/2021,CO,No Brand,0.00
2021,5,05/22/2021,CO,No Brand,0.00
2021,5,05/23/2021,CO,No Brand,0.00
2021,5,05/24/2021,CO,No Brand,0.00
2021,5,05/25/2021,CO,No Brand,0.00
2021,5,05/26/2021,CO,No Brand,0.00
2021,5,05/27/2021,CO,No Brand,0.00
2021,5,05/28/2021,CO,No Brand,0.00
2021,5,05/29/2021,CO,No Brand,0.00
2021,5,05/30/2021,CO,No Brand,0.00
2021,5,05/31/2021,CO,No Brand,0.00
2021,6,06/01/2021,CO,No Brand,0.00
2021,6,06/02/2021,CO,No Brand,0.00
2021,6,06/03/2021,CO,No Brand,0.00
2021,6,06/04/2021,CO,No Brand,0.00
2021,6,06/05/2021,CO,No Brand,0.00
2021,6,06/06/2021,CO,No Brand,0.00
2021,6,06/07/2021,CO,No Brand,0.00
2021,6,06/08/2021,CO,No Brand,0.00
2021,6,06/09/2021,CO,No Brand,0.00
2021,6,06/10/2021,CO,No Brand,0.00
2021,6,06/11/2021,CO,No Brand,0.00
2021,6,06/12/2021,CO,No Brand,0.00
2021,6,06/13/2021,CO,No Brand,0.00
2021,6,06/14/2021,CO,No Brand,0.00
2021,6,06/15/2021,CO,No Brand,0.00
2021,6,06/16/2021,CO,No Brand,0.00
2021,6,06/17/2021,CO,No Brand,0.00
2021,6,06/18/2021,CO,No Brand,0.00
2021,6,06/19/2021,CO,No Brand,0.00
2021,6,06/20/2021,CO,No Brand,0.00
2021,6,06/21/2021,CO,No Brand,0.00
2021,6,06/22/2021,CO,No Brand,0.00
2021,6,06/23/2021,CO,No Brand,0.00
2021,6,06/24/2021,CO,No Brand,0.00
2021,6,06/25/2021,CO,No Brand,0.00
2021,6,06/26/2021,CO,No Brand,0.00
2021,6,06/27/2021,CO,No Brand,0.00
2021,6,06/28/2021,CO,No Brand,0.00
2021,6,06/29/2021,CO,No Brand,0.00
2021,6,06/30/2021,CO,No Brand,0.00
2021,7,07/01/2021,CO,No Brand,0.00
2021,7,07/02/2021,CO,No Brand,0.00
2021,7,07/03/2021,CO,No Brand,0.00
2021,7,07/04/2021,CO,No Brand,0.00
2021,7,07/05/2021,CO,No Brand,0.00
2021,7,07/06/2021,CO,No Brand,0.00
2021,7,07/07/2021,CO,No Brand,0.00
2021,7,07/08/2021,CO,No Brand,0.00
2021,7,07/09/2021,CO,No Brand,0.00
2021,7,07/10/2021,CO,No Brand,0.00
2021,7,07/11/2021,CO,No Brand,0.00
2021,7,07/12/2021,CO,No Brand,0.00
2021,7,07/13/2021,CO,No Brand,0.00
2021,7,07/14/2021,CO,No Brand,0.00
2021,7,07/15/2021,CO,No Brand,0.00
2021,7,07/16/2021,CO,No Brand,0.00
2021,7,07/17/2021,CO,No Brand,0.00
2021,7,07/18/2021,CO,No Brand,0.00
2021,7,07/19/2021,CO,No Brand,0.00
2021,7,07/20/2021,CO,No Brand,0.00
2021,7,07/21/2021,CO,No Brand,0.00
2021,7,07/22/2021,CO,No Brand,0.00
2021,7,07/23/2021,CO,No Brand,0.00
2021,7,07/24/2021,CO,No Brand,0.00
2021,7,07/25/2021,CO,No Brand,0.00
2021,7,07/26/2021,CO,No Brand,0.00
2021,7,07/27/2021,CO,No Brand,0.00
2021,7,07/28/2021,CO,No Brand,0.00
2021,7,07/29/2021,CO,No Brand,0.00
2021,7,07/30/2021,CO,No Brand,0.00
2021,7,07/31/2021,CO,No Brand,0.00
2021,8,08/01/2021,CO,No Brand,0.00
2021,8,08/02/2021,CO,No Brand,0.00
2021,8,08/03/2021,CO,No Brand,0.00
2021,8,08/04/2021,CO,No Brand,0.00
2021,8,08/05/2021,CO,No Brand,0.00
2021,8,08/06/2021,CO,No Brand,0.00
2021,8,08/07/2021,CO,No Brand,0.00
2021,8,08/08/2021,CO,No Brand,0.00
2021,8,08/09/2021,CO,No Brand,0.00
2021,8,08/10/2021,CO,No Brand,0.00
2021,8,08/11/2021,CO,No Brand,0.00
2021,8,08/12/2021,CO,No Brand,0.00
2021,8,08/13/2021,CO,No Brand,0.00
2021,8,08/14/2021,CO,No Brand,0.00
2021,8,08/15/2021,CO,No Brand,0.00
2021,8,08/16/2021,CO,No Brand,0.00
2021,8,08/17/2021,CO,No Brand,0.00
2021,8,08/18/2021,CO,No Brand,0.00
2021,8,08/19/2021,CO,No Brand,0.00
2021,8,08/20/2021,CO,No Brand,0.00
2021,8,08/21/2021,CO,No Brand,0.00
2021,8,08/22/2021,CO,No Brand,0.00
2021,8,08/23/2021,CO,No Brand,0.00
2021,8,08/24/2021,CO,No Brand,0.00
2021,8,08/25/2021,CO,No Brand,0.00
2021,8,08/26/2021,CO,No Brand,0.00
2021,8,08/27/2021,CO,No Brand,0.00
2021,8,08/28/2021,CO,No Brand,0.00
2021,8,08/29/2021,CO,No Brand,0.00
2021,8,08/30/2021,CO,No Brand,0.00
2021,8,08/31/2021,CO,No Brand,0.00
2021,9,09/01/2021,CO,No Brand,0.00
2021,9,09/02/2021,CO,No Brand,0.00
2021,9,09/03/2021,CO,No Brand,0.00
2021,9,09/04/2021,CO,No Brand,0.00
2021,9,09/05/2021,CO,No Brand,0.00
2021,9,09/06/2021,CO,No Brand,0.00
2021,9,09/07/2021,CO,No Brand,0.00
2021,9,09/08/2021,CO,No Brand,0.00
2021,9,09/09/2021,CO,No Brand,0.00
2021,9,09/10/2021,CO,No Brand,0.00
2021,9,09/11/2021,CO,No Brand,0.00
2021,9,09/12/2021,CO,No Brand,0.00
2021,9,09/13/2021,CO,No Brand,0.00
2021,9,09/14/2021,CO,No Brand,0.00
2021,9,09/15/2021,CO,No Brand,0.00
2021,9,09/16/2021,CO,No Brand,0.00
2021,9,09/17/2021,CO,No Brand,0.00
2021,9,09/18/2021,CO,No Brand,0.00
2021,9,09/19/2021,CO,No Brand,0.00
2021,9,09/20/2021,CO,No Brand,0.00
2021,9,09/21/2021,CO,No Brand,0.00
2021,9,09/22/2021,CO,No Brand,0.00
2021,9,09/23/2021,CO,No Brand,0.00
2021,9,09/24/2021,CO,No Brand,0.00
2021,9,09/25/2021,CO,No Brand,0.00
2021,9,09/26/2021,CO,No Brand,0.00
2021,9,09/27/2021,CO,No Brand,0.00
2021,9,09/28/2021,CO,No Brand,0.00
2021,9,09/29/2021,CO,No Brand,0.00
2021,9,09/30/2021,CO,No Brand,0.00
2021,10,10/01/2021,CO,No Brand,0.00
2021,10,10/02/2021,CO,No Brand,0.00
2021,10,10/03/2021,CO,No Brand,0.00
2021,10,10/04/2021,CO,No Brand,0.00
2021,10,10/05/2021,CO,No Brand,0.00
2021,10,10/06/2021,CO,No Brand,0.00
2021,10,10/07/2021,CO,No Brand,0.00
2021,10,10/08/2021,CO,No Brand,0.00
2021,10,10/09/2021,CO,No Brand,0.00
2021,10,10/10/2021,CO,No Brand,0.00
2021,10,10/11/2021,CO,No Brand,0.00
2021,10,10/12/2021,CO,No Brand,0.00
2021,10,10/13/2021,CO,No Brand,0.00
2021,10,10/14/2021,CO,No Brand,0.00
2021,10,10/15/2021,CO,No Brand,0.00
2021,10,10/16/2021,CO,No Brand,0.00
2021,10,10/17/2021,CO,No Brand,0.00
2021,10,10/18/2021,CO,No Brand,0.00
2021,10,10/19/2021,CO,No Brand,0.00
2021,10,10/20/2021,CO,No Brand,0.00
2021,10,10/21/2021,CO,No Brand,0.00
2021,10,10/22/2021,CO,No Brand,0.00
2021,10,10/23/2021,CO,No Brand,0.00
2021,10,10/24/2021,CO,No Brand,0.00
2021,10,10/25/2021,CO,No Brand,0.00
2021,10,10/26/2021,CO,No Brand,0.00
2021,10,10/27/2021,CO,No Brand,0.00
2021,10,10/28/2021,CO,No Brand,0.00
2021,10,10/29/2021,CO,No Brand,0.00
2021,10,10/30/2021,CO,No Brand,0.00
2021,10,10/31/2021,CO,No Brand,0.00
2021,11,11/01/2021,CO,No Brand,0.00
2021,11,11/02/2021,CO,No Brand,0.00
2021,11,11/03/2021,CO,No Brand,0.00
2021,11,11/04/2021,CO,No Brand,0.00
2021,11,11/05/2021,CO,No Brand,0.00
2021,11,11/06/2021,CO,No Brand,0.00
2021,11,11/07/2021,CO,No Brand,0.00
2021,11,11/08/2021,CO,No Brand,0.00
2021,11,11/09/2021,CO,No Brand,0.00
2021,11,11/10/2021,CO,No Brand,0.00
2021,11,11/11/2021,CO,No Brand,0.00
2021,11,11/12/2021,CO,No Brand,0.00
2021,11,11/13/2021,CO,No Brand,0.00
2021,11,11/14/2021,CO,No Brand,0.00
2021,11,11/15/2021,CO,No Brand,0.00
2021,11,11/16/2021,CO,No Brand,0.00
2021,11,11/17/2021,CO,No Brand,0.00
2021,11,11/18/2021,CO,No Brand,0.00
2021,11,11/19/2021,CO,No Brand,0.00
2021,11,11/20/2021,CO,No Brand,0.00
2021,11,11/21/2021,CO,No Brand,0.00
2021,11,11/22/2021,CO,No Brand,0.00
2021,11,11/23/2021,CO,No Brand,0.00
2021,11,11/24/2021,CO,No Brand,0.00
2021,11,11/25/2021,CO,No Brand,0.00
2021,11,11/26/2021,CO,No Brand,0.00
2021,11,11/27/2021,CO,No Brand,0.00
2021,11,11/28/2021,CO,No Brand,0.00
2021,11,11/29/2021,CO,No Brand,0.00
2021,11,11/30/2021,CO,No Brand,0.00
2021,12,12/01/2021,CO,No Brand,0.00
2021,12,12/02/2021,CO,No Brand,0.00
2021,12,12/03/2021,CO,No Brand,0.00
2021,12,12/04/2021,CO,No Brand,0.00
2021,12,12/05/2021,CO,No Brand,0.00
2021,12,12/06/2021,CO,No Brand,0.00
2021,12,12/07/2021,CO,No Brand,0.00
2021,12,12/08/2021,CO,No Brand,0.00
2021,12,12/09/2021,CO,No Brand,0.00
2021,12,12/10/2021,CO,No Brand,0.00
2021,12,12/11/2021,CO,No Brand,0.00
2021,12,12/12/2021,CO,No Brand,0.00
2021,12,12/13/2021,CO,No Brand,0.00
2021,12,12/14/2021,CO,No Brand,0.00
2021,12,12/15/2021,CO,No Brand,0.00
2021,12,12/16/2021,CO,No Brand,0.00
2021,12,12/17/2021,CO,No Brand,0.00
2021,12,12/18/2021,CO,No Brand,0.00
2021,12,12/19/2021,CO,No Brand,0.00
2021,12,12/20/2021,CO,No Brand,0.00
2021,12,12/21/2021,CO,No Brand,0.00
2021,12,12/22/2021,CO,No Brand,0.00
2021,12,12/23/2021,CO,No Brand,0.00
2021,12,12/24/2021,CO,No Brand,0.00
2021,12,12/25/2021,CO,No Brand,0.00
2021,12,12/26/2021,CO,No Brand,0.00
2021,12,12/27/2021,CO,No Brand,0.00
2021,12,12/28/2021,CO,No Brand,0.00
2021,12,12/29/2021,CO,No Brand,0.00
2021,12,12/30/2021,CO,No Brand,0.00
2021,12,12/31/2021,CO,No Brand,0.00
2021,1,01/01/2021,MX,No Brand,0.00
2021,1,01/02/2021,MX,No Brand,0.00
2021,1,01/03/2021,MX,No Brand,0.00
2021,1,01/04/2021,MX,No Brand,0.00
2021,1,01/05/2021,MX,No Brand,0.00
2021,1,01/06/2021,MX,No Brand,0.00
2021,1,01/07/2021,MX,No Brand,0.00
2021,1,01/08/2021,MX,No Brand,0.00
2021,1,01/09/2021,MX,No Brand,0.00
2021,1,01/10/2021,MX,No Brand,0.00
2021,1,01/11/2021,MX,No Brand,0.00
2021,1,01/12/2021,MX,No Brand,0.00
2021,1,01/13/2021,MX,No Brand,0.00
2021,1,01/14/2021,MX,No Brand,0.00
2021,1,01/15/2021,MX,No Brand,0.00
2021,1,01/16/2021,MX,No Brand,0.00
2021,1,01/17/2021,MX,No Brand,0.00
2021,1,01/18/2021,MX,No Brand,0.00
2021,1,01/19/2021,MX,No Brand,0.00
2021,1,01/20/2021,MX,No Brand,0.00
2021,1,01/21/2021,MX,No Brand,0.00
2021,1,01/22/2021,MX,No Brand,0.00
2021,1,01/23/2021,MX,No Brand,0.00
2021,1,01/24/2021,MX,No Brand,0.00
2021,1,01/25/2021,MX,No Brand,0.00
2021,1,01/26/2021,MX,No Brand,0.00
2021,1,01/27/2021,MX,No Brand,0.00
2021,1,01/28/2021,MX,No Brand,0.00
2021,1,01/29/2021,MX,No Brand,0.00
2021,1,01/30/2021,MX,No Brand,0.00
2021,1,01/31/2021,MX,No Brand,0.00
2021,2,02/01/2021,MX,No Brand,0.00
2021,2,02/02/2021,MX,No Brand,0.00
2021,2,02/03/2021,MX,No Brand,0.00
2021,2,02/04/2021,MX,No Brand,0.00
2021,2,02/05/2021,MX,No Brand,0.00
2021,2,02/06/2021,MX,No Brand,0.00
2021,2,02/07/2021,MX,No Brand,0.00
2021,2,02/08/2021,MX,No Brand,0.00
2021,2,02/09/2021,MX,No Brand,0.00
2021,2,02/10/2021,MX,No Brand,0.00
2021,2,02/11/2021,MX,No Brand,0.00
2021,2,02/12/2021,MX,No Brand,0.00
2021,2,02/13/2021,MX,No Brand,0.00
2021,2,02/14/2021,MX,No Brand,0.00
2021,2,02/15/2021,MX,No Brand,0.00
2021,2,02/16/2021,MX,No Brand,0.00
2021,2,02/17/2021,MX,No Brand,0.00
2021,2,02/18/2021,MX,No Brand,0.00
2021,2,02/19/2021,MX,No Brand,0.00
2021,2,02/20/2021,MX,No Brand,0.00
2021,2,02/21/2021,MX,No Brand,0.00
2021,2,02/22/2021,MX,No Brand,0.00
2021,2,02/23/2021,MX,No Brand,0.00
2021,2,02/24/2021,MX,No Brand,0.00
2021,2,02/25/2021,MX,No Brand,0.00
2021,2,02/26/2021,MX,No Brand,0.00
2021,2,02/27/2021,MX,No Brand,0.00
2021,2,02/28/2021,MX,No Brand,0.00
2021,3,03/01/2021,MX,No Brand,0.00
2021,3,03/02/2021,MX,No Brand,0.00
2021,3,03/03/2021,MX,No Brand,0.00
2021,3,03/04/2021,MX,No Brand,0.00
2021,3,03/05/2021,MX,No Brand,0.00
2021,3,03/06/2021,MX,No Brand,0.00
2021,3,03/07/2021,MX,No Brand,0.00
2021,3,03/08/2021,MX,No Brand,0.00
2021,3,03/09/2021,MX,No Brand,0.00
2021,3,03/10/2021,MX,No Brand,0.00
2021,3,03/11/2021,MX,No Brand,0.00
2021,3,03/12/2021,MX,No Brand,0.00
2021,3,03/13/2021,MX,No Brand,0.00
2021,3,03/14/2021,MX,No Brand,0.00
2021,3,03/15/2021,MX,No Brand,0.00
2021,3,03/16/2021,MX,No Brand,0.00
2021,3,03/17/2021,MX,No Brand,0.00
2021,3,03/18/2021,MX,No Brand,0.00
2021,3,03/19/2021,MX,No Brand,0.00
2021,3,03/20/2021,MX,No Brand,0.00
2021,3,03/21/2021,MX,No Brand,0.00
2021,3,03/22/2021,MX,No Brand,0.00
2021,3,03/23/2021,MX,No Brand,0.00
2021,3,03/24/2021,MX,No Brand,0.00
2021,3,03/25/2021,MX,No Brand,0.00
2021,3,03/26/2021,MX,No Brand,0.00
2021,3,03/27/2021,MX,No Brand,0.00
2021,3,03/28/2021,MX,No Brand,0.00
2021,3,03/29/2021,MX,No Brand,0.00
2021,3,03/30/2021,MX,No Brand,0.00
2021,3,03/31/2021,MX,No Brand,0.00
2021,4,04/01/2021,MX,No Brand,0.00
2021,4,04/02/2021,MX,No Brand,0.00
2021,4,04/03/2021,MX,No Brand,0.00
2021,4,04/04/2021,MX,No Brand,0.00
2021,4,04/05/2021,MX,No Brand,0.00
2021,4,04/06/2021,MX,No Brand,0.00
2021,4,04/07/2021,MX,No Brand,0.00
2021,4,04/08/2021,MX,No Brand,0.00
2021,4,04/09/2021,MX,No Brand,0.00
2021,4,04/10/2021,MX,No Brand,0.00
2021,4,04/11/2021,MX,No Brand,0.00
2021,4,04/12/2021,MX,No Brand,0.00
2021,4,04/13/2021,MX,No Brand,0.00
2021,4,04/14/2021,MX,No Brand,0.00
2021,4,04/15/2021,MX,No Brand,0.00
2021,4,04/16/2021,MX,No Brand,0.00
2021,4,04/17/2021,MX,No Brand,0.00
2021,4,04/18/2021,MX,No Brand,0.00
2021,4,04/19/2021,MX,No Brand,0.00
2021,4,04/20/2021,MX,No Brand,0.00
2021,4,04/21/2021,MX,No Brand,0.00
2021,4,04/22/2021,MX,No Brand,0.00
2021,4,04/23/2021,MX,No Brand,0.00
2021,4,04/24/2021,MX,No Brand,0.00
2021,4,04/25/2021,MX,No Brand,0.00
2021,4,04/26/2021,MX,No Brand,0.00
2021,4,04/27/2021,MX,No Brand,0.00
2021,4,04/28/2021,MX,No Brand,0.00
2021,4,04/29/2021,MX,No Brand,0.00
2021,4,04/30/2021,MX,No Brand,0.00
2021,5,05/01/2021,MX,No Brand,0.00
2021,5,05/02/2021,MX,No Brand,0.00
2021,5,05/03/2021,MX,No Brand,0.00
2021,5,05/04/2021,MX,No Brand,0.00
2021,5,05/05/2021,MX,No Brand,0.00
2021,5,05/06/2021,MX,No Brand,0.00
2021,5,05/07/2021,MX,No Brand,0.00
2021,5,05/08/2021,MX,No Brand,0.00
2021,5,05/09/2021,MX,No Brand,0.00
2021,5,05/10/2021,MX,No Brand,0.00
2021,5,05/11/2021,MX,No Brand,0.00
2021,5,05/12/2021,MX,No Brand,0.00
2021,5,05/13/2021,MX,No Brand,0.00
2021,5,05/14/2021,MX,No Brand,0.00
2021,5,05/15/2021,MX,No Brand,0.00
2021,5,05/16/2021,MX,No Brand,0.00
2021,5,05/17/2021,MX,No Brand,0.00
2021,5,05/18/2021,MX,No Brand,0.00
2021,5,05/19/2021,MX,No Brand,0.00
2021,5,05/20/2021,MX,No Brand,0.00
2021,5,05/21/2021,MX,No Brand,0.00
2021,5,05/22/2021,MX,No Brand,0.00
2021,5,05/23/2021,MX,No Brand,0.00
2021,5,05/24/2021,MX,No Brand,0.00
2021,5,05/25/2021,MX,No Brand,0.00
2021,5,05/26/2021,MX,No Brand,0.00
2021,5,05/27/2021,MX,No Brand,0.00
2021,5,05/28/2021,MX,No Brand,0.00
2021,5,05/29/2021,MX,No Brand,0.00
2021,5,05/30/2021,MX,No Brand,0.00
2021,5,05/31/2021,MX,No Brand,0.00
2021,6,06/01/2021,MX,No Brand,0.00
2021,6,06/02/2021,MX,No Brand,0.00
2021,6,06/03/2021,MX,No Brand,0.00
2021,6,06/04/2021,MX,No Brand,0.00
2021,6,06/05/2021,MX,No Brand,0.00
2021,6,06/06/2021,MX,No Brand,0.00
2021,6,06/07/2021,MX,No Brand,0.00
2021,6,06/08/2021,MX,No Brand,0.00
2021,6,06/09/2021,MX,No Brand,0.00
2021,6,06/10/2021,MX,No Brand,0.00
2021,6,06/11/2021,MX,No Brand,0.00
2021,6,06/12/2021,MX,No Brand,0.00
2021,6,06/13/2021,MX,No Brand,0.00
2021,6,06/14/2021,MX,No Brand,0.00
2021,6,06/15/2021,MX,No Brand,0.00
2021,6,06/16/2021,MX,No Brand,0.00
2021,6,06/17/2021,MX,No Brand,0.00
2021,6,06/18/2021,MX,No Brand,0.00
2021,6,06/19/2021,MX,No Brand,0.00
2021,6,06/20/2021,MX,No Brand,0.00
2021,6,06/21/2021,MX,No Brand,0.00
2021,6,06/22/2021,MX,No Brand,0.00
2021,6,06/23/2021,MX,No Brand,0.00
2021,6,06/24/2021,MX,No Brand,0.00
2021,6,06/25/2021,MX,No Brand,0.00
2021,6,06/26/2021,MX,No Brand,0.00
2021,6,06/27/2021,MX,No Brand,0.00
2021,6,06/28/2021,MX,No Brand,0.00
2021,6,06/29/2021,MX,No Brand,0.00
2021,6,06/30/2021,MX,No Brand,0.00
2021,7,07/01/2021,MX,No Brand,0.00
2021,7,07/02/2021,MX,No Brand,0.00
2021,7,07/03/2021,MX,No Brand,0.00
2021,7,07/04/2021,MX,No Brand,0.00
2021,7,07/05/2021,MX,No Brand,0.00
2021,7,07/06/2021,MX,No Brand,0.00
2021,7,07/07/2021,MX,No Brand,0.00
2021,7,07/08/2021,MX,No Brand,0.00
2021,7,07/09/2021,MX,No Brand,0.00
2021,7,07/10/2021,MX,No Brand,0.00
2021,7,07/11/2021,MX,No Brand,0.00
2021,7,07/12/2021,MX,No Brand,0.00
2021,7,07/13/2021,MX,No Brand,0.00
2021,7,07/14/2021,MX,No Brand,0.00
2021,7,07/15/2021,MX,No Brand,0.00
2021,7,07/16/2021,MX,No Brand,0.00
2021,7,07/17/2021,MX,No Brand,0.00
2021,7,07/18/2021,MX,No Brand,0.00
2021,7,07/19/2021,MX,No Brand,0.00
2021,7,07/20/2021,MX,No Brand,0.00
2021,7,07/21/2021,MX,No Brand,0.00
2021,7,07/22/2021,MX,No Brand,0.00
2021,7,07/23/2021,MX,No Brand,0.00
2021,7,07/24/2021,MX,No Brand,0.00
2021,7,07/25/2021,MX,No Brand,0.00
2021,7,07/26/2021,MX,No Brand,0.00
2021,7,07/27/2021,MX,No Brand,0.00
2021,7,07/28/2021,MX,No Brand,0.00
2021,7,07/29/2021,MX,No Brand,0.00
2021,7,07/30/2021,MX,No Brand,0.00
2021,7,07/31/2021,MX,No Brand,0.00
2021,8,08/01/2021,MX,No Brand,0.00
2021,8,08/02/2021,MX,No Brand,0.00
2021,8,08/03/2021,MX,No Brand,0.00
2021,8,08/04/2021,MX,No Brand,0.00
2021,8,08/05/2021,MX,No Brand,0.00
2021,8,08/06/2021,MX,No Brand,0.00
2021,8,08/07/2021,MX,No Brand,0.00
2021,8,08/08/2021,MX,No Brand,0.00
2021,8,08/09/2021,MX,No Brand,0.00
2021,8,08/10/2021,MX,No Brand,0.00
2021,8,08/11/2021,MX,No Brand,0.00
2021,8,08/12/2021,MX,No Brand,0.00
2021,8,08/13/2021,MX,No Brand,0.00
2021,8,08/14/2021,MX,No Brand,0.00
2021,8,08/15/2021,MX,No Brand,0.00
2021,8,08/16/2021,MX,No Brand,0.00
2021,8,08/17/2021,MX,No Brand,0.00
2021,8,08/18/2021,MX,No Brand,0.00
2021,8,08/19/2021,MX,No Brand,0.00
2021,8,08/20/2021,MX,No Brand,0.00
2021,8,08/21/2021,MX,No Brand,0.00
2021,8,08/22/2021,MX,No Brand,0.00
2021,8,08/23/2021,MX,No Brand,0.00
2021,8,08/24/2021,MX,No Brand,0.00
2021,8,08/25/2021,MX,No Brand,0.00
2021,8,08/26/2021,MX,No Brand,0.00
2021,8,08/27/2021,MX,No Brand,0.00
2021,8,08/28/2021,MX,No Brand,0.00
2021,8,08/29/2021,MX,No Brand,0.00
2021,8,08/30/2021,MX,No Brand,0.00
2021,8,08/31/2021,MX,No Brand,0.00
2021,9,09/01/2021,MX,No Brand,0.00
2021,9,09/02/2021,MX,No Brand,0.00
2021,9,09/03/2021,MX,No Brand,0.00
2021,9,09/04/2021,MX,No Brand,0.00
2021,9,09/05/2021,MX,No Brand,0.00
2021,9,09/06/2021,MX,No Brand,0.00
2021,9,09/07/2021,MX,No Brand,0.00
2021,9,09/08/2021,MX,No Brand,0.00
2021,9,09/09/2021,MX,No Brand,0.00
2021,9,09/10/2021,MX,No Brand,0.00
2021,9,09/11/2021,MX,No Brand,0.00
2021,9,09/12/2021,MX,No Brand,0.00
2021,9,09/13/2021,MX,No Brand,0.00
2021,9,09/14/2021,MX,No Brand,0.00
2021,9,09/15/2021,MX,No Brand,0.00
2021,9,09/16/2021,MX,No Brand,0.00
2021,9,09/17/2021,MX,No Brand,0.00
2021,9,09/18/2021,MX,No Brand,0.00
2021,9,09/19/2021,MX,No Brand,0.00
2021,9,09/20/2021,MX,No Brand,0.00
2021,9,09/21/2021,MX,No Brand,0.00
2021,9,09/22/2021,MX,No Brand,0.00
2021,9,09/23/2021,MX,No Brand,0.00
2021,9,09/24/2021,MX,No Brand,0.00
2021,9,09/25/2021,MX,No Brand,0.00
2021,9,09/26/2021,MX,No Brand,0.00
2021,9,09/27/2021,MX,No Brand,0.00
2021,9,09/28/2021,MX,No Brand,0.00
2021,9,09/29/2021,MX,No Brand,0.00
2021,9,09/30/2021,MX,No Brand,0.00
2021,10,10/01/2021,MX,No Brand,0.00
2021,10,10/02/2021,MX,No Brand,0.00
2021,10,10/03/2021,MX,No Brand,0.00
2021,10,10/04/2021,MX,No Brand,0.00
2021,10,10/05/2021,MX,No Brand,0.00
2021,10,10/06/2021,MX,No Brand,0.00
2021,10,10/07/2021,MX,No Brand,0.00
2021,10,10/08/2021,MX,No Brand,0.00
2021,10,10/09/2021,MX,No Brand,0.00
2021,10,10/10/2021,MX,No Brand,0.00
2021,10,10/11/2021,MX,No Brand,0.00
2021,10,10/12/2021,MX,No Brand,0.00
2021,10,10/13/2021,MX,No Brand,0.00
2021,10,10/14/2021,MX,No Brand,0.00
2021,10,10/15/2021,MX,No Brand,0.00
2021,10,10/16/2021,MX,No Brand,0.00
2021,10,10/17/2021,MX,No Brand,0.00
2021,10,10/18/2021,MX,No Brand,0.00
2021,10,10/19/2021,MX,No Brand,0.00
2021,10,10/20/2021,MX,No Brand,0.00
2021,10,10/21/2021,MX,No Brand,0.00
2021,10,10/22/2021,MX,No Brand,0.00
2021,10,10/23/2021,MX,No Brand,0.00
2021,10,10/24/2021,MX,No Brand,0.00
2021,10,10/25/2021,MX,No Brand,0.00
2021,10,10/26/2021,MX,No Brand,0.00
2021,10,10/27/2021,MX,No Brand,0.00
2021,10,10/28/2021,MX,No Brand,0.00
2021,10,10/29/2021,MX,No Brand,0.00
2021,10,10/30/2021,MX,No Brand,0.00
2021,10,10/31/2021,MX,No Brand,0.00
2021,11,11/01/2021,MX,No Brand,0.00
2021,11,11/02/2021,MX,No Brand,0.00
2021,11,11/03/2021,MX,No Brand,0.00
2021,11,11/04/2021,MX,No Brand,0.00
2021,11,11/05/2021,MX,No Brand,0.00
2021,11,11/06/2021,MX,No Brand,0.00
2021,11,11/07/2021,MX,No Brand,0.00
2021,11,11/08/2021,MX,No Brand,0.00
2021,11,11/09/2021,MX,No Brand,0.00
2021,11,11/10/2021,MX,No Brand,0.00
2021,11,11/11/2021,MX,No Brand,0.00
2021,11,11/12/2021,MX,No Brand,0.00
2021,11,11/13/2021,MX,No Brand,0.00
2021,11,11/14/2021,MX,No Brand,0.00
2021,11,11/15/2021,MX,No Brand,0.00
2021,11,11/16/2021,MX,No Brand,0.00
2021,11,11/17/2021,MX,No Brand,0.00
2021,11,11/18/2021,MX,No Brand,0.00
2021,11,11/19/2021,MX,No Brand,0.00
2021,11,11/20/2021,MX,No Brand,0.00
2021,11,11/21/2021,MX,No Brand,0.00
2021,11,11/22/2021,MX,No Brand,0.00
2021,11,11/23/2021,MX,No Brand,0.00
2021,11,11/24/2021,MX,No Brand,0.00
2021,11,11/25/2021,MX,No Brand,0.00
2021,11,11/26/2021,MX,No Brand,0.00
2021,11,11/27/2021,MX,No Brand,0.00
2021,11,11/28/2021,MX,No Brand,0.00
2021,11,11/29/2021,MX,No Brand,0.00
2021,11,11/30/2021,MX,No Brand,0.00
2021,12,12/01/2021,MX,No Brand,0.00
2021,12,12/02/2021,MX,No Brand,0.00
2021,12,12/03/2021,MX,No Brand,0.00
2021,12,12/04/2021,MX,No Brand,0.00
2021,12,12/05/2021,MX,No Brand,0.00
2021,12,12/06/2021,MX,No Brand,0.00
2021,12,12/07/2021,MX,No Brand,0.00
2021,12,12/08/2021,MX,No Brand,0.00
2021,12,12/09/2021,MX,No Brand,0.00
2021,12,12/10/2021,MX,No Brand,0.00
2021,12,12/11/2021,MX,No Brand,0.00
2021,12,12/12/2021,MX,No Brand,0.00
2021,12,12/13/2021,MX,No Brand,0.00
2021,12,12/14/2021,MX,No Brand,0.00
2021,12,12/15/2021,MX,No Brand,0.00
2021,12,12/16/2021,MX,No Brand,0.00
2021,12,12/17/2021,MX,No Brand,0.00
2021,12,12/18/2021,MX,No Brand,0.00
2021,12,12/19/2021,MX,No Brand,0.00
2021,12,12/20/2021,MX,No Brand,0.00
2021,12,12/21/2021,MX,No Brand,0.00
2021,12,12/22/2021,MX,No Brand,0.00
2021,12,12/23/2021,MX,No Brand,0.00
2021,12,12/24/2021,MX,No Brand,0.00
2021,12,12/25/2021,MX,No Brand,0.00
2021,12,12/26/2021,MX,No Brand,0.00
2021,12,12/27/2021,MX,No Brand,0.00
2021,12,12/28/2021,MX,No Brand,0.00
2021,12,12/29/2021,MX,No Brand,0.00
2021,12,12/30/2021,MX,No Brand,0.00
2021,12,12/31/2021,MX,No Brand,0.00
2020,1,01/01/2020,AR,Branded,969.74
2020,1,01/02/2020,AR,Branded,969.74
2020,1,01/03/2020,AR,Branded,969.74
2020,1,01/04/2020,AR,Branded,969.74
2020,1,01/05/2020,AR,Branded,969.74
2020,1,01/06/2020,AR,Branded,969.74
2020,1,01/07/2020,AR,Branded,969.74
2020,1,01/08/2020,AR,Branded,969.74
2020,1,01/09/2020,AR,Branded,969.74
2020,1,01/10/2020,AR,Branded,969.74
2020,1,01/11/2020,AR,Branded,969.74
2020,1,01/12/2020,AR,Branded,969.74
2020,1,01/13/2020,AR,Branded,969.74
2020,1,01/14/2020,AR,Branded,969.74
2020,1,01/15/2020,AR,Branded,969.74
2020,1,01/16/2020,AR,Branded,969.74
2020,1,01/17/2020,AR,Branded,969.74
2020,1,01/18/2020,AR,Branded,969.74
2020,1,01/19/2020,AR,Branded,969.74
2020,1,01/20/2020,AR,Branded,969.74
2020,1,01/21/2020,AR,Branded,969.74
2020,1,01/22/2020,AR,Branded,969.74
2020,1,01/23/2020,AR,Branded,969.74
2020,1,01/24/2020,AR,Branded,969.74
2020,1,01/25/2020,AR,Branded,969.74
2020,1,01/26/2020,AR,Branded,969.74
2020,1,01/27/2020,AR,Branded,969.74
2020,1,01/28/2020,AR,Branded,969.74
2020,1,01/29/2020,AR,Branded,969.74
2020,1,01/30/2020,AR,Branded,969.74
2020,1,01/31/2020,AR,Branded,969.74
2020,2,02/01/2020,AR,Branded,1106.45
2020,2,02/02/2020,AR,Branded,1106.45
2020,2,02/03/2020,AR,Branded,1106.45
2020,2,02/04/2020,AR,Branded,1106.45
2020,2,02/05/2020,AR,Branded,1106.45
2020,2,02/06/2020,AR,Branded,1106.45
2020,2,02/07/2020,AR,Branded,1106.45
2020,2,02/08/2020,AR,Branded,1106.45
2020,2,02/09/2020,AR,Branded,1106.45
2020,2,02/10/2020,AR,Branded,1106.45
2020,2,02/11/2020,AR,Branded,1106.45
2020,2,02/12/2020,AR,Branded,1106.45
2020,2,02/13/2020,AR,Branded,1106.45
2020,2,02/14/2020,AR,Branded,1106.45
2020,2,02/15/2020,AR,Branded,1106.45
2020,2,02/16/2020,AR,Branded,1106.45
2020,2,02/17/2020,AR,Branded,1106.45
2020,2,02/18/2020,AR,Branded,1106.45
2020,2,02/19/2020,AR,Branded,1106.45
2020,2,02/20/2020,AR,Branded,1106.45
2020,2,02/21/2020,AR,Branded,1106.45
2020,2,02/22/2020,AR,Branded,1106.45
2020,2,02/23/2020,AR,Branded,1106.45
2020,2,02/24/2020,AR,Branded,1106.45
2020,2,02/25/2020,AR,Branded,1106.45
2020,2,02/26/2020,AR,Branded,1106.45
2020,2,02/27/2020,AR,Branded,1106.45
2020,2,02/28/2020,AR,Branded,1106.45
2020,2,02/29/2020,AR,Branded,1106.45
2020,3,03/01/2020,AR,Branded,1148.84
2020,3,03/02/2020,AR,Branded,1148.84
2020,3,03/03/2020,AR,Branded,1148.84
2020,3,03/04/2020,AR,Branded,1148.84
2020,3,03/05/2020,AR,Branded,1148.84
2020,3,03/06/2020,AR,Branded,1148.84
2020,3,03/07/2020,AR,Branded,1148.84
2020,3,03/08/2020,AR,Branded,1148.84
2020,3,03/09/2020,AR,Branded,1148.84
2020,3,03/10/2020,AR,Branded,1148.84
2020,3,03/11/2020,AR,Branded,1148.84
2020,3,03/12/2020,AR,Branded,1148.84
2020,3,03/13/2020,AR,Branded,1148.84
2020,3,03/14/2020,AR,Branded,1148.84
2020,3,03/15/2020,AR,Branded,1148.84
2020,3,03/16/2020,AR,Branded,1148.84
2020,3,03/17/2020,AR,Branded,1148.84
2020,3,03/18/2020,AR,Branded,1148.84
2020,3,03/19/2020,AR,Branded,1148.84
2020,3,03/20/2020,AR,Branded,1148.84
2020,3,03/21/2020,AR,Branded,1148.84
2020,3,03/22/2020,AR,Branded,1148.84
2020,3,03/23/2020,AR,Branded,1148.84
2020,3,03/24/2020,AR,Branded,1148.84
2020,3,03/25/2020,AR,Branded,1148.84
2020,3,03/26/2020,AR,Branded,1148.84
2020,3,03/27/2020,AR,Branded,1148.84
2020,3,03/28/2020,AR,Branded,1148.84
2020,3,03/29/2020,AR,Branded,1148.84
2020,3,03/30/2020,AR,Branded,1148.84
2020,3,03/31/2020,AR,Branded,1148.84
2020,4,04/01/2020,AR,Branded,2166.13
2020,4,04/02/2020,AR,Branded,2166.13
2020,4,04/03/2020,AR,Branded,2166.13
2020,4,04/04/2020,AR,Branded,2166.13
2020,4,04/05/2020,AR,Branded,2166.13
2020,4,04/06/2020,AR,Branded,2166.13
2020,4,04/07/2020,AR,Branded,2166.13
2020,4,04/08/2020,AR,Branded,2166.13
2020,4,04/09/2020,AR,Branded,2166.13
2020,4,04/10/2020,AR,Branded,2166.13
2020,4,04/11/2020,AR,Branded,2166.13
2020,4,04/12/2020,AR,Branded,2166.13
2020,4,04/13/2020,AR,Branded,2166.13
2020,4,04/14/2020,AR,Branded,2166.13
2020,4,04/15/2020,AR,Branded,2166.13
2020,4,04/16/2020,AR,Branded,2166.13
2020,4,04/17/2020,AR,Branded,2166.13
2020,4,04/18/2020,AR,Branded,2166.13
2020,4,04/19/2020,AR,Branded,2166.13
2020,4,04/20/2020,AR,Branded,2166.13
2020,4,04/21/2020,AR,Branded,2166.13
2020,4,04/22/2020,AR,Branded,2166.13
2020,4,04/23/2020,AR,Branded,2166.13
2020,4,04/24/2020,AR,Branded,2166.13
2020,4,04/25/2020,AR,Branded,2166.13
2020,4,04/26/2020,AR,Branded,2166.13
2020,4,04/27/2020,AR,Branded,2166.13
2020,4,04/28/2020,AR,Branded,2166.13
2020,4,04/29/2020,AR,Branded,2166.13
2020,4,04/30/2020,AR,Branded,2166.13
2020,5,05/01/2020,AR,Branded,5322.58
2020,5,05/02/2020,AR,Branded,5322.58
2020,5,05/03/2020,AR,Branded,5322.58
2020,5,05/04/2020,AR,Branded,5322.58
2020,5,05/05/2020,AR,Branded,5322.58
2020,5,05/06/2020,AR,Branded,5322.58
2020,5,05/07/2020,AR,Branded,5322.58
2020,5,05/08/2020,AR,Branded,5322.58
2020,5,05/09/2020,AR,Branded,5322.58
2020,5,05/10/2020,AR,Branded,5322.58
2020,5,05/11/2020,AR,Branded,5322.58
2020,5,05/12/2020,AR,Branded,5322.58
2020,5,05/13/2020,AR,Branded,5322.58
2020,5,05/14/2020,AR,Branded,5322.58
2020,5,05/15/2020,AR,Branded,5322.58
2020,5,05/16/2020,AR,Branded,5322.58
2020,5,05/17/2020,AR,Branded,5322.58
2020,5,05/18/2020,AR,Branded,5322.58
2020,5,05/19/2020,AR,Branded,5322.58
2020,5,05/20/2020,AR,Branded,5322.58
2020,5,05/21/2020,AR,Branded,5322.58
2020,5,05/22/2020,AR,Branded,5322.58
2020,5,05/23/2020,AR,Branded,5322.58
2020,5,05/24/2020,AR,Branded,5322.58
2020,5,05/25/2020,AR,Branded,5322.58
2020,5,05/26/2020,AR,Branded,5322.58
2020,5,05/27/2020,AR,Branded,5322.58
2020,5,05/28/2020,AR,Branded,5322.58
2020,5,05/29/2020,AR,Branded,5322.58
2020,5,05/30/2020,AR,Branded,5322.58
2020,5,05/31/2020,AR,Branded,5322.58
2020,6,06/01/2020,AR,Branded,5198.97
2020,6,06/02/2020,AR,Branded,5198.97
2020,6,06/03/2020,AR,Branded,5198.97
2020,6,06/04/2020,AR,Branded,5198.97
2020,6,06/05/2020,AR,Branded,5198.97
2020,6,06/06/2020,AR,Branded,5198.97
2020,6,06/07/2020,AR,Branded,5198.97
2020,6,06/08/2020,AR,Branded,5198.97
2020,6,06/09/2020,AR,Branded,5198.97
2020,6,06/10/2020,AR,Branded,5198.97
2020,6,06/11/2020,AR,Branded,5198.97
2020,6,06/12/2020,AR,Branded,5198.97
2020,6,06/13/2020,AR,Branded,5198.97
2020,6,06/14/2020,AR,Branded,5198.97
2020,6,06/15/2020,AR,Branded,5198.97
2020,6,06/16/2020,AR,Branded,5198.97
2020,6,06/17/2020,AR,Branded,5198.97
2020,6,06/18/2020,AR,Branded,5198.97
2020,6,06/19/2020,AR,Branded,5198.97
2020,6,06/20/2020,AR,Branded,5198.97
2020,6,06/21/2020,AR,Branded,5198.97
2020,6,06/22/2020,AR,Branded,5198.97
2020,6,06/23/2020,AR,Branded,5198.97
2020,6,06/24/2020,AR,Branded,5198.97
2020,6,06/25/2020,AR,Branded,5198.97
2020,6,06/26/2020,AR,Branded,5198.97
2020,6,06/27/2020,AR,Branded,5198.97
2020,6,06/28/2020,AR,Branded,5198.97
2020,6,06/29/2020,AR,Branded,5198.97
2020,6,06/30/2020,AR,Branded,5198.97
2020,7,07/01/2020,AR,Branded,5394.35
2020,7,07/02/2020,AR,Branded,5394.35
2020,7,07/03/2020,AR,Branded,5394.35
2020,7,07/04/2020,AR,Branded,5394.35
2020,7,07/05/2020,AR,Branded,5394.35
2020,7,07/06/2020,AR,Branded,5394.35
2020,7,07/07/2020,AR,Branded,5394.35
2020,7,07/08/2020,AR,Branded,5394.35
2020,7,07/09/2020,AR,Branded,5394.35
2020,7,07/10/2020,AR,Branded,5394.35
2020,7,07/11/2020,AR,Branded,5394.35
2020,7,07/12/2020,AR,Branded,5394.35
2020,7,07/13/2020,AR,Branded,5394.35
2020,7,07/14/2020,AR,Branded,5394.35
2020,7,07/15/2020,AR,Branded,5394.35
2020,7,07/16/2020,AR,Branded,5394.35
2020,7,07/17/2020,AR,Branded,5394.35
2020,7,07/18/2020,AR,Branded,5394.35
2020,7,07/19/2020,AR,Branded,5394.35
2020,7,07/20/2020,AR,Branded,5394.35
2020,7,07/21/2020,AR,Branded,5394.35
2020,7,07/22/2020,AR,Branded,5394.35
2020,7,07/23/2020,AR,Branded,5394.35
2020,7,07/24/2020,AR,Branded,5394.35
2020,7,07/25/2020,AR,Branded,5394.35
2020,7,07/26/2020,AR,Branded,5394.35
2020,7,07/27/2020,AR,Branded,5394.35
2020,7,07/28/2020,AR,Branded,5394.35
2020,7,07/29/2020,AR,Branded,5394.35
2020,7,07/30/2020,AR,Branded,5394.35
2020,7,07/31/2020,AR,Branded,5394.35
2020,8,08/01/2020,AR,Branded,4843.74
2020,8,08/02/2020,AR,Branded,4843.74
2020,8,08/03/2020,AR,Branded,4843.74
2020,8,08/04/2020,AR,Branded,4843.74
2020,8,08/05/2020,AR,Branded,4843.74
2020,8,08/06/2020,AR,Branded,4843.74
2020,8,08/07/2020,AR,Branded,4843.74
2020,8,08/08/2020,AR,Branded,4843.74
2020,8,08/09/2020,AR,Branded,4843.74
2020,8,08/10/2020,AR,Branded,4843.74
2020,8,08/11/2020,AR,Branded,4843.74
2020,8,08/12/2020,AR,Branded,4843.74
2020,8,08/13/2020,AR,Branded,4843.74
2020,8,08/14/2020,AR,Branded,4843.74
2020,8,08/15/2020,AR,Branded,4843.74
2020,8,08/16/2020,AR,Branded,4843.74
2020,8,08/17/2020,AR,Branded,4843.74
2020,8,08/18/2020,AR,Branded,4843.74
2020,8,08/19/2020,AR,Branded,4843.74
2020,8,08/20/2020,AR,Branded,4843.74
2020,8,08/21/2020,AR,Branded,4843.74
2020,8,08/22/2020,AR,Branded,4843.74
2020,8,08/23/2020,AR,Branded,4843.74
2020,8,08/24/2020,AR,Branded,4843.74
2020,8,08/25/2020,AR,Branded,4843.74
2020,8,08/26/2020,AR,Branded,4843.74
2020,8,08/27/2020,AR,Branded,4843.74
2020,8,08/28/2020,AR,Branded,4843.74
2020,8,08/29/2020,AR,Branded,4843.74
2020,8,08/30/2020,AR,Branded,4843.74
2020,8,08/31/2020,AR,Branded,4843.74
2020,9,09/01/2020,AR,Branded,4964.00
2020,9,09/02/2020,AR,Branded,4964.00
2020,9,09/03/2020,AR,Branded,4964.00
2020,9,09/04/2020,AR,Branded,4964.00
2020,9,09/05/2020,AR,Branded,4964.00
2020,9,09/06/2020,AR,Branded,4964.00
2020,9,09/07/2020,AR,Branded,4964.00
2020,9,09/08/2020,AR,Branded,4964.00
2020,9,09/09/2020,AR,Branded,4964.00
2020,9,09/10/2020,AR,Branded,4964.00
2020,9,09/11/2020,AR,Branded,4964.00
2020,9,09/12/2020,AR,Branded,4964.00
2020,9,09/13/2020,AR,Branded,4964.00
2020,9,09/14/2020,AR,Branded,4964.00
2020,9,09/15/2020,AR,Branded,4964.00
2020,9,09/16/2020,AR,Branded,4964.00
2020,9,09/17/2020,AR,Branded,4964.00
2020,9,09/18/2020,AR,Branded,4964.00
2020,9,09/19/2020,AR,Branded,4964.00
2020,9,09/20/2020,AR,Branded,4964.00
2020,9,09/21/2020,AR,Branded,4964.00
2020,9,09/22/2020,AR,Branded,4964.00
2020,9,09/23/2020,AR,Branded,4964.00
2020,9,09/24/2020,AR,Branded,4964.00
2020,9,09/25/2020,AR,Branded,4964.00
2020,9,09/26/2020,AR,Branded,4964.00
2020,9,09/27/2020,AR,Branded,4964.00
2020,9,09/28/2020,AR,Branded,4964.00
2020,9,09/29/2020,AR,Branded,4964.00
2020,9,09/30/2020,AR,Branded,4964.00
2020,10,10/01/2020,AR,Branded,4524.45
2020,10,10/02/2020,AR,Branded,4524.45
2020,10,10/03/2020,AR,Branded,4524.45
2020,10,10/04/2020,AR,Branded,4524.45
2020,10,10/05/2020,AR,Branded,4524.45
2020,10,10/06/2020,AR,Branded,4524.45
2020,10,10/07/2020,AR,Branded,4524.45
2020,10,10/08/2020,AR,Branded,4524.45
2020,10,10/09/2020,AR,Branded,4524.45
2020,10,10/10/2020,AR,Branded,4524.45
2020,10,10/11/2020,AR,Branded,4524.45
2020,10,10/12/2020,AR,Branded,4524.45
2020,10,10/13/2020,AR,Branded,4524.45
2020,10,10/14/2020,AR,Branded,4524.45
2020,10,10/15/2020,AR,Branded,4524.45
2020,10,10/16/2020,AR,Branded,4524.45
2020,10,10/17/2020,AR,Branded,4524.45
2020,10,10/18/2020,AR,Branded,4524.45
2020,10,10/19/2020,AR,Branded,4524.45
2020,10,10/20/2020,AR,Branded,4524.45
2020,10,10/21/2020,AR,Branded,4524.45
2020,10,10/22/2020,AR,Branded,4524.45
2020,10,10/23/2020,AR,Branded,4524.45
2020,10,10/24/2020,AR,Branded,4524.45
2020,10,10/25/2020,AR,Branded,4524.45
2020,10,10/26/2020,AR,Branded,4524.45
2020,10,10/27/2020,AR,Branded,4524.45
2020,10,10/28/2020,AR,Branded,4524.45
2020,10,10/29/2020,AR,Branded,4524.45
2020,10,10/30/2020,AR,Branded,4524.45
2020,10,10/31/2020,AR,Branded,4524.45
2020,11,11/01/2020,AR,Branded,4132.83
2020,11,11/02/2020,AR,Branded,4132.83
2020,11,11/03/2020,AR,Branded,4132.83
2020,11,11/04/2020,AR,Branded,4132.83
2020,11,11/05/2020,AR,Branded,4132.83
2020,11,11/06/2020,AR,Branded,4132.83
2020,11,11/07/2020,AR,Branded,4132.83
2020,11,11/08/2020,AR,Branded,4132.83
2020,11,11/09/2020,AR,Branded,4132.83
2020,11,11/10/2020,AR,Branded,4132.83
2020,11,11/11/2020,AR,Branded,4132.83
2020,11,11/12/2020,AR,Branded,4132.83
2020,11,11/13/2020,AR,Branded,4132.83
2020,11,11/14/2020,AR,Branded,4132.83
2020,11,11/15/2020,AR,Branded,4132.83
2020,11,11/16/2020,AR,Branded,4132.83
2020,11,11/17/2020,AR,Branded,4132.83
2020,11,11/18/2020,AR,Branded,4132.83
2020,11,11/19/2020,AR,Branded,4132.83
2020,11,11/20/2020,AR,Branded,4132.83
2020,11,11/21/2020,AR,Branded,4132.83
2020,11,11/22/2020,AR,Branded,4132.83
2020,11,11/23/2020,AR,Branded,4132.83
2020,11,11/24/2020,AR,Branded,4132.83
2020,11,11/25/2020,AR,Branded,4132.83
2020,11,11/26/2020,AR,Branded,4132.83
2020,11,11/27/2020,AR,Branded,4132.83
2020,11,11/28/2020,AR,Branded,4132.83
2020,11,11/29/2020,AR,Branded,4132.83
2020,11,11/30/2020,AR,Branded,4132.83
2020,12,12/01/2020,AR,Branded,3151.29
2020,12,12/02/2020,AR,Branded,3151.29
2020,12,12/03/2020,AR,Branded,3151.29
2020,12,12/04/2020,AR,Branded,3151.29
2020,12,12/05/2020,AR,Branded,3151.29
2020,12,12/06/2020,AR,Branded,3151.29
2020,12,12/07/2020,AR,Branded,3151.29
2020,12,12/08/2020,AR,Branded,3151.29
2020,12,12/09/2020,AR,Branded,3151.29
2020,12,12/10/2020,AR,Branded,3151.29
2020,12,12/11/2020,AR,Branded,3151.29
2020,12,12/12/2020,AR,Branded,3151.29
2020,12,12/13/2020,AR,Branded,3151.29
2020,12,12/14/2020,AR,Branded,3151.29
2020,12,12/15/2020,AR,Branded,3151.29
2020,12,12/16/2020,AR,Branded,3151.29
2020,12,12/17/2020,AR,Branded,3151.29
2020,12,12/18/2020,AR,Branded,3151.29
2020,12,12/19/2020,AR,Branded,3151.29
2020,12,12/20/2020,AR,Branded,3151.29
2020,12,12/21/2020,AR,Branded,3151.29
2020,12,12/22/2020,AR,Branded,3151.29
2020,12,12/23/2020,AR,Branded,3151.29
2020,12,12/24/2020,AR,Branded,3151.29
2020,12,12/25/2020,AR,Branded,3151.29
2020,12,12/26/2020,AR,Branded,3151.29
2020,12,12/27/2020,AR,Branded,3151.29
2020,12,12/28/2020,AR,Branded,3151.29
2020,12,12/29/2020,AR,Branded,3151.29
2020,12,12/30/2020,AR,Branded,3151.29
2020,12,12/31/2020,AR,Branded,3151.29
2020,1,01/01/2020,BR,Branded,0.00
2020,1,01/02/2020,BR,Branded,0.00
2020,1,01/03/2020,BR,Branded,0.00
2020,1,01/04/2020,BR,Branded,0.00
2020,1,01/05/2020,BR,Branded,0.00
2020,1,01/06/2020,BR,Branded,0.00
2020,1,01/07/2020,BR,Branded,0.00
2020,1,01/08/2020,BR,Branded,0.00
2020,1,01/09/2020,BR,Branded,0.00
2020,1,01/10/2020,BR,Branded,0.00
2020,1,01/11/2020,BR,Branded,0.00
2020,1,01/12/2020,BR,Branded,0.00
2020,1,01/13/2020,BR,Branded,0.00
2020,1,01/14/2020,BR,Branded,0.00
2020,1,01/15/2020,BR,Branded,0.00
2020,1,01/16/2020,BR,Branded,0.00
2020,1,01/17/2020,BR,Branded,0.00
2020,1,01/18/2020,BR,Branded,0.00
2020,1,01/19/2020,BR,Branded,0.00
2020,1,01/20/2020,BR,Branded,0.00
2020,1,01/21/2020,BR,Branded,0.00
2020,1,01/22/2020,BR,Branded,0.00
2020,1,01/23/2020,BR,Branded,0.00
2020,1,01/24/2020,BR,Branded,0.00
2020,1,01/25/2020,BR,Branded,0.00
2020,1,01/26/2020,BR,Branded,0.00
2020,1,01/27/2020,BR,Branded,0.00
2020,1,01/28/2020,BR,Branded,0.00
2020,1,01/29/2020,BR,Branded,0.00
2020,1,01/30/2020,BR,Branded,0.00
2020,1,01/31/2020,BR,Branded,0.00
2020,2,02/01/2020,BR,Branded,0.00
2020,2,02/02/2020,BR,Branded,0.00
2020,2,02/03/2020,BR,Branded,0.00
2020,2,02/04/2020,BR,Branded,0.00
2020,2,02/05/2020,BR,Branded,0.00
2020,2,02/06/2020,BR,Branded,0.00
2020,2,02/07/2020,BR,Branded,0.00
2020,2,02/08/2020,BR,Branded,0.00
2020,2,02/09/2020,BR,Branded,0.00
2020,2,02/10/2020,BR,Branded,0.00
2020,2,02/11/2020,BR,Branded,0.00
2020,2,02/12/2020,BR,Branded,0.00
2020,2,02/13/2020,BR,Branded,0.00
2020,2,02/14/2020,BR,Branded,0.00
2020,2,02/15/2020,BR,Branded,0.00
2020,2,02/16/2020,BR,Branded,0.00
2020,2,02/17/2020,BR,Branded,0.00
2020,2,02/18/2020,BR,Branded,0.00
2020,2,02/19/2020,BR,Branded,0.00
2020,2,02/20/2020,BR,Branded,0.00
2020,2,02/21/2020,BR,Branded,0.00
2020,2,02/22/2020,BR,Branded,0.00
2020,2,02/23/2020,BR,Branded,0.00
2020,2,02/24/2020,BR,Branded,0.00
2020,2,02/25/2020,BR,Branded,0.00
2020,2,02/26/2020,BR,Branded,0.00
2020,2,02/27/2020,BR,Branded,0.00
2020,2,02/28/2020,BR,Branded,0.00
2020,2,02/29/2020,BR,Branded,0.00
2020,3,03/01/2020,BR,Branded,0.00
2020,3,03/02/2020,BR,Branded,0.00
2020,3,03/03/2020,BR,Branded,0.00
2020,3,03/04/2020,BR,Branded,0.00
2020,3,03/05/2020,BR,Branded,0.00
2020,3,03/06/2020,BR,Branded,0.00
2020,3,03/07/2020,BR,Branded,0.00
2020,3,03/08/2020,BR,Branded,0.00
2020,3,03/09/2020,BR,Branded,0.00
2020,3,03/10/2020,BR,Branded,0.00
2020,3,03/11/2020,BR,Branded,0.00
2020,3,03/12/2020,BR,Branded,0.00
2020,3,03/13/2020,BR,Branded,0.00
2020,3,03/14/2020,BR,Branded,0.00
2020,3,03/15/2020,BR,Branded,0.00
2020,3,03/16/2020,BR,Branded,0.00
2020,3,03/17/2020,BR,Branded,0.00
2020,3,03/18/2020,BR,Branded,0.00
2020,3,03/19/2020,BR,Branded,0.00
2020,3,03/20/2020,BR,Branded,0.00
2020,3,03/21/2020,BR,Branded,0.00
2020,3,03/22/2020,BR,Branded,0.00
2020,3,03/23/2020,BR,Branded,0.00
2020,3,03/24/2020,BR,Branded,0.00
2020,3,03/25/2020,BR,Branded,0.00
2020,3,03/26/2020,BR,Branded,0.00
2020,3,03/27/2020,BR,Branded,0.00
2020,3,03/28/2020,BR,Branded,0.00
2020,3,03/29/2020,BR,Branded,0.00
2020,3,03/30/2020,BR,Branded,0.00
2020,3,03/31/2020,BR,Branded,0.00
2020,4,04/01/2020,BR,Branded,0.00
2020,4,04/02/2020,BR,Branded,0.00
2020,4,04/03/2020,BR,Branded,0.00
2020,4,04/04/2020,BR,Branded,0.00
2020,4,04/05/2020,BR,Branded,0.00
2020,4,04/06/2020,BR,Branded,0.00
2020,4,04/07/2020,BR,Branded,0.00
2020,4,04/08/2020,BR,Branded,0.00
2020,4,04/09/2020,BR,Branded,0.00
2020,4,04/10/2020,BR,Branded,0.00
2020,4,04/11/2020,BR,Branded,0.00
2020,4,04/12/2020,BR,Branded,0.00
2020,4,04/13/2020,BR,Branded,0.00
2020,4,04/14/2020,BR,Branded,0.00
2020,4,04/15/2020,BR,Branded,0.00
2020,4,04/16/2020,BR,Branded,0.00
2020,4,04/17/2020,BR,Branded,0.00
2020,4,04/18/2020,BR,Branded,0.00
2020,4,04/19/2020,BR,Branded,0.00
2020,4,04/20/2020,BR,Branded,0.00
2020,4,04/21/2020,BR,Branded,0.00
2020,4,04/22/2020,BR,Branded,0.00
2020,4,04/23/2020,BR,Branded,0.00
2020,4,04/24/2020,BR,Branded,0.00
2020,4,04/25/2020,BR,Branded,0.00
2020,4,04/26/2020,BR,Branded,0.00
2020,4,04/27/2020,BR,Branded,0.00
2020,4,04/28/2020,BR,Branded,0.00
2020,4,04/29/2020,BR,Branded,0.00
2020,4,04/30/2020,BR,Branded,0.00
2020,5,05/01/2020,BR,Branded,0.00
2020,5,05/02/2020,BR,Branded,0.00
2020,5,05/03/2020,BR,Branded,0.00
2020,5,05/04/2020,BR,Branded,0.00
2020,5,05/05/2020,BR,Branded,0.00
2020,5,05/06/2020,BR,Branded,0.00
2020,5,05/07/2020,BR,Branded,0.00
2020,5,05/08/2020,BR,Branded,0.00
2020,5,05/09/2020,BR,Branded,0.00
2020,5,05/10/2020,BR,Branded,0.00
2020,5,05/11/2020,BR,Branded,0.00
2020,5,05/12/2020,BR,Branded,0.00
2020,5,05/13/2020,BR,Branded,0.00
2020,5,05/14/2020,BR,Branded,0.00
2020,5,05/15/2020,BR,Branded,0.00
2020,5,05/16/2020,BR,Branded,0.00
2020,5,05/17/2020,BR,Branded,0.00
2020,5,05/18/2020,BR,Branded,0.00
2020,5,05/19/2020,BR,Branded,0.00
2020,5,05/20/2020,BR,Branded,0.00
2020,5,05/21/2020,BR,Branded,0.00
2020,5,05/22/2020,BR,Branded,0.00
2020,5,05/23/2020,BR,Branded,0.00
2020,5,05/24/2020,BR,Branded,0.00
2020,5,05/25/2020,BR,Branded,0.00
2020,5,05/26/2020,BR,Branded,0.00
2020,5,05/27/2020,BR,Branded,0.00
2020,5,05/28/2020,BR,Branded,0.00
2020,5,05/29/2020,BR,Branded,0.00
2020,5,05/30/2020,BR,Branded,0.00
2020,5,05/31/2020,BR,Branded,0.00
2020,6,06/01/2020,BR,Branded,0.00
2020,6,06/02/2020,BR,Branded,0.00
2020,6,06/03/2020,BR,Branded,0.00
2020,6,06/04/2020,BR,Branded,0.00
2020,6,06/05/2020,BR,Branded,0.00
2020,6,06/06/2020,BR,Branded,0.00
2020,6,06/07/2020,BR,Branded,0.00
2020,6,06/08/2020,BR,Branded,0.00
2020,6,06/09/2020,BR,Branded,0.00
2020,6,06/10/2020,BR,Branded,0.00
2020,6,06/11/2020,BR,Branded,0.00
2020,6,06/12/2020,BR,Branded,0.00
2020,6,06/13/2020,BR,Branded,0.00
2020,6,06/14/2020,BR,Branded,0.00
2020,6,06/15/2020,BR,Branded,0.00
2020,6,06/16/2020,BR,Branded,0.00
2020,6,06/17/2020,BR,Branded,0.00
2020,6,06/18/2020,BR,Branded,0.00
2020,6,06/19/2020,BR,Branded,0.00
2020,6,06/20/2020,BR,Branded,0.00
2020,6,06/21/2020,BR,Branded,0.00
2020,6,06/22/2020,BR,Branded,0.00
2020,6,06/23/2020,BR,Branded,0.00
2020,6,06/24/2020,BR,Branded,0.00
2020,6,06/25/2020,BR,Branded,0.00
2020,6,06/26/2020,BR,Branded,0.00
2020,6,06/27/2020,BR,Branded,0.00
2020,6,06/28/2020,BR,Branded,0.00
2020,6,06/29/2020,BR,Branded,0.00
2020,6,06/30/2020,BR,Branded,0.00
2020,7,07/01/2020,BR,Branded,0.00
2020,7,07/02/2020,BR,Branded,0.00
2020,7,07/03/2020,BR,Branded,0.00
2020,7,07/04/2020,BR,Branded,0.00
2020,7,07/05/2020,BR,Branded,0.00
2020,7,07/06/2020,BR,Branded,0.00
2020,7,07/07/2020,BR,Branded,0.00
2020,7,07/08/2020,BR,Branded,0.00
2020,7,07/09/2020,BR,Branded,0.00
2020,7,07/10/2020,BR,Branded,0.00
2020,7,07/11/2020,BR,Branded,0.00
2020,7,07/12/2020,BR,Branded,0.00
2020,7,07/13/2020,BR,Branded,0.00
2020,7,07/14/2020,BR,Branded,0.00
2020,7,07/15/2020,BR,Branded,0.00
2020,7,07/16/2020,BR,Branded,0.00
2020,7,07/17/2020,BR,Branded,0.00
2020,7,07/18/2020,BR,Branded,0.00
2020,7,07/19/2020,BR,Branded,0.00
2020,7,07/20/2020,BR,Branded,0.00
2020,7,07/21/2020,BR,Branded,0.00
2020,7,07/22/2020,BR,Branded,0.00
2020,7,07/23/2020,BR,Branded,0.00
2020,7,07/24/2020,BR,Branded,0.00
2020,7,07/25/2020,BR,Branded,0.00
2020,7,07/26/2020,BR,Branded,0.00
2020,7,07/27/2020,BR,Branded,0.00
2020,7,07/28/2020,BR,Branded,0.00
2020,7,07/29/2020,BR,Branded,0.00
2020,7,07/30/2020,BR,Branded,0.00
2020,7,07/31/2020,BR,Branded,0.00
2020,8,08/01/2020,BR,Branded,0.00
2020,8,08/02/2020,BR,Branded,0.00
2020,8,08/03/2020,BR,Branded,0.00
2020,8,08/04/2020,BR,Branded,0.00
2020,8,08/05/2020,BR,Branded,0.00
2020,8,08/06/2020,BR,Branded,0.00
2020,8,08/07/2020,BR,Branded,0.00
2020,8,08/08/2020,BR,Branded,0.00
2020,8,08/09/2020,BR,Branded,0.00
2020,8,08/10/2020,BR,Branded,0.00
2020,8,08/11/2020,BR,Branded,0.00
2020,8,08/12/2020,BR,Branded,0.00
2020,8,08/13/2020,BR,Branded,0.00
2020,8,08/14/2020,BR,Branded,0.00
2020,8,08/15/2020,BR,Branded,0.00
2020,8,08/16/2020,BR,Branded,0.00
2020,8,08/17/2020,BR,Branded,0.00
2020,8,08/18/2020,BR,Branded,0.00
2020,8,08/19/2020,BR,Branded,0.00
2020,8,08/20/2020,BR,Branded,0.00
2020,8,08/21/2020,BR,Branded,0.00
2020,8,08/22/2020,BR,Branded,0.00
2020,8,08/23/2020,BR,Branded,0.00
2020,8,08/24/2020,BR,Branded,0.00
2020,8,08/25/2020,BR,Branded,0.00
2020,8,08/26/2020,BR,Branded,0.00
2020,8,08/27/2020,BR,Branded,0.00
2020,8,08/28/2020,BR,Branded,0.00
2020,8,08/29/2020,BR,Branded,0.00
2020,8,08/30/2020,BR,Branded,0.00
2020,8,08/31/2020,BR,Branded,0.00
2020,9,09/01/2020,BR,Branded,0.00
2020,9,09/02/2020,BR,Branded,0.00
2020,9,09/03/2020,BR,Branded,0.00
2020,9,09/04/2020,BR,Branded,0.00
2020,9,09/05/2020,BR,Branded,0.00
2020,9,09/06/2020,BR,Branded,0.00
2020,9,09/07/2020,BR,Branded,0.00
2020,9,09/08/2020,BR,Branded,0.00
2020,9,09/09/2020,BR,Branded,0.00
2020,9,09/10/2020,BR,Branded,0.00
2020,9,09/11/2020,BR,Branded,0.00
2020,9,09/12/2020,BR,Branded,0.00
2020,9,09/13/2020,BR,Branded,0.00
2020,9,09/14/2020,BR,Branded,0.00
2020,9,09/15/2020,BR,Branded,0.00
2020,9,09/16/2020,BR,Branded,0.00
2020,9,09/17/2020,BR,Branded,0.00
2020,9,09/18/2020,BR,Branded,0.00
2020,9,09/19/2020,BR,Branded,0.00
2020,9,09/20/2020,BR,Branded,0.00
2020,9,09/21/2020,BR,Branded,0.00
2020,9,09/22/2020,BR,Branded,0.00
2020,9,09/23/2020,BR,Branded,0.00
2020,9,09/24/2020,BR,Branded,0.00
2020,9,09/25/2020,BR,Branded,0.00
2020,9,09/26/2020,BR,Branded,0.00
2020,9,09/27/2020,BR,Branded,0.00
2020,9,09/28/2020,BR,Branded,0.00
2020,9,09/29/2020,BR,Branded,0.00
2020,9,09/30/2020,BR,Branded,0.00
2020,10,10/01/2020,BR,Branded,0.00
2020,10,10/02/2020,BR,Branded,0.00
2020,10,10/03/2020,BR,Branded,0.00
2020,10,10/04/2020,BR,Branded,0.00
2020,10,10/05/2020,BR,Branded,0.00
2020,10,10/06/2020,BR,Branded,0.00
2020,10,10/07/2020,BR,Branded,0.00
2020,10,10/08/2020,BR,Branded,0.00
2020,10,10/09/2020,BR,Branded,0.00
2020,10,10/10/2020,BR,Branded,0.00
2020,10,10/11/2020,BR,Branded,0.00
2020,10,10/12/2020,BR,Branded,0.00
2020,10,10/13/2020,BR,Branded,0.00
2020,10,10/14/2020,BR,Branded,0.00
2020,10,10/15/2020,BR,Branded,0.00
2020,10,10/16/2020,BR,Branded,0.00
2020,10,10/17/2020,BR,Branded,0.00
2020,10,10/18/2020,BR,Branded,0.00
2020,10,10/19/2020,BR,Branded,0.00
2020,10,10/20/2020,BR,Branded,0.00
2020,10,10/21/2020,BR,Branded,0.00
2020,10,10/22/2020,BR,Branded,0.00
2020,10,10/23/2020,BR,Branded,0.00
2020,10,10/24/2020,BR,Branded,0.00
2020,10,10/25/2020,BR,Branded,0.00
2020,10,10/26/2020,BR,Branded,0.00
2020,10,10/27/2020,BR,Branded,0.00
2020,10,10/28/2020,BR,Branded,0.00
2020,10,10/29/2020,BR,Branded,0.00
2020,10,10/30/2020,BR,Branded,0.00
2020,10,10/31/2020,BR,Branded,0.00
2020,11,11/01/2020,BR,Branded,0.00
2020,11,11/02/2020,BR,Branded,0.00
2020,11,11/03/2020,BR,Branded,0.00
2020,11,11/04/2020,BR,Branded,0.00
2020,11,11/05/2020,BR,Branded,0.00
2020,11,11/06/2020,BR,Branded,0.00
2020,11,11/07/2020,BR,Branded,0.00
2020,11,11/08/2020,BR,Branded,0.00
2020,11,11/09/2020,BR,Branded,0.00
2020,11,11/10/2020,BR,Branded,0.00
2020,11,11/11/2020,BR,Branded,0.00
2020,11,11/12/2020,BR,Branded,0.00
2020,11,11/13/2020,BR,Branded,0.00
2020,11,11/14/2020,BR,Branded,0.00
2020,11,11/15/2020,BR,Branded,0.00
2020,11,11/16/2020,BR,Branded,0.00
2020,11,11/17/2020,BR,Branded,0.00
2020,11,11/18/2020,BR,Branded,0.00
2020,11,11/19/2020,BR,Branded,0.00
2020,11,11/20/2020,BR,Branded,0.00
2020,11,11/21/2020,BR,Branded,0.00
2020,11,11/22/2020,BR,Branded,0.00
2020,11,11/23/2020,BR,Branded,0.00
2020,11,11/24/2020,BR,Branded,0.00
2020,11,11/25/2020,BR,Branded,0.00
2020,11,11/26/2020,BR,Branded,0.00
2020,11,11/27/2020,BR,Branded,0.00
2020,11,11/28/2020,BR,Branded,0.00
2020,11,11/29/2020,BR,Branded,0.00
2020,11,11/30/2020,BR,Branded,0.00
2020,12,12/01/2020,BR,Branded,0.00
2020,12,12/02/2020,BR,Branded,0.00
2020,12,12/03/2020,BR,Branded,0.00
2020,12,12/04/2020,BR,Branded,0.00
2020,12,12/05/2020,BR,Branded,0.00
2020,12,12/06/2020,BR,Branded,0.00
2020,12,12/07/2020,BR,Branded,0.00
2020,12,12/08/2020,BR,Branded,0.00
2020,12,12/09/2020,BR,Branded,0.00
2020,12,12/10/2020,BR,Branded,0.00
2020,12,12/11/2020,BR,Branded,0.00
2020,12,12/12/2020,BR,Branded,0.00
2020,12,12/13/2020,BR,Branded,0.00
2020,12,12/14/2020,BR,Branded,0.00
2020,12,12/15/2020,BR,Branded,0.00
2020,12,12/16/2020,BR,Branded,0.00
2020,12,12/17/2020,BR,Branded,0.00
2020,12,12/18/2020,BR,Branded,0.00
2020,12,12/19/2020,BR,Branded,0.00
2020,12,12/20/2020,BR,Branded,0.00
2020,12,12/21/2020,BR,Branded,0.00
2020,12,12/22/2020,BR,Branded,0.00
2020,12,12/23/2020,BR,Branded,0.00
2020,12,12/24/2020,BR,Branded,0.00
2020,12,12/25/2020,BR,Branded,0.00
2020,12,12/26/2020,BR,Branded,0.00
2020,12,12/27/2020,BR,Branded,0.00
2020,12,12/28/2020,BR,Branded,0.00
2020,12,12/29/2020,BR,Branded,0.00
2020,12,12/30/2020,BR,Branded,0.00
2020,12,12/31/2020,BR,Branded,0.00
2020,1,01/01/2020,CL,Branded,0.00
2020,1,01/02/2020,CL,Branded,0.00
2020,1,01/03/2020,CL,Branded,0.00
2020,1,01/04/2020,CL,Branded,0.00
2020,1,01/05/2020,CL,Branded,0.00
2020,1,01/06/2020,CL,Branded,0.00
2020,1,01/07/2020,CL,Branded,0.00
2020,1,01/08/2020,CL,Branded,0.00
2020,1,01/09/2020,CL,Branded,0.00
2020,1,01/10/2020,CL,Branded,0.00
2020,1,01/11/2020,CL,Branded,0.00
2020,1,01/12/2020,CL,Branded,0.00
2020,1,01/13/2020,CL,Branded,0.00
2020,1,01/14/2020,CL,Branded,0.00
2020,1,01/15/2020,CL,Branded,0.00
2020,1,01/16/2020,CL,Branded,0.00
2020,1,01/17/2020,CL,Branded,0.00
2020,1,01/18/2020,CL,Branded,0.00
2020,1,01/19/2020,CL,Branded,0.00
2020,1,01/20/2020,CL,Branded,0.00
2020,1,01/21/2020,CL,Branded,0.00
2020,1,01/22/2020,CL,Branded,0.00
2020,1,01/23/2020,CL,Branded,0.00
2020,1,01/24/2020,CL,Branded,0.00
2020,1,01/25/2020,CL,Branded,0.00
2020,1,01/26/2020,CL,Branded,0.00
2020,1,01/27/2020,CL,Branded,0.00
2020,1,01/28/2020,CL,Branded,0.00
2020,1,01/29/2020,CL,Branded,0.00
2020,1,01/30/2020,CL,Branded,0.00
2020,1,01/31/2020,CL,Branded,0.00
2020,2,02/01/2020,CL,Branded,0.00
2020,2,02/02/2020,CL,Branded,0.00
2020,2,02/03/2020,CL,Branded,0.00
2020,2,02/04/2020,CL,Branded,0.00
2020,2,02/05/2020,CL,Branded,0.00
2020,2,02/06/2020,CL,Branded,0.00
2020,2,02/07/2020,CL,Branded,0.00
2020,2,02/08/2020,CL,Branded,0.00
2020,2,02/09/2020,CL,Branded,0.00
2020,2,02/10/2020,CL,Branded,0.00
2020,2,02/11/2020,CL,Branded,0.00
2020,2,02/12/2020,CL,Branded,0.00
2020,2,02/13/2020,CL,Branded,0.00
2020,2,02/14/2020,CL,Branded,0.00
2020,2,02/15/2020,CL,Branded,0.00
2020,2,02/16/2020,CL,Branded,0.00
2020,2,02/17/2020,CL,Branded,0.00
2020,2,02/18/2020,CL,Branded,0.00
2020,2,02/19/2020,CL,Branded,0.00
2020,2,02/20/2020,CL,Branded,0.00
2020,2,02/21/2020,CL,Branded,0.00
2020,2,02/22/2020,CL,Branded,0.00
2020,2,02/23/2020,CL,Branded,0.00
2020,2,02/24/2020,CL,Branded,0.00
2020,2,02/25/2020,CL,Branded,0.00
2020,2,02/26/2020,CL,Branded,0.00
2020,2,02/27/2020,CL,Branded,0.00
2020,2,02/28/2020,CL,Branded,0.00
2020,2,02/29/2020,CL,Branded,0.00
2020,3,03/01/2020,CL,Branded,0.00
2020,3,03/02/2020,CL,Branded,0.00
2020,3,03/03/2020,CL,Branded,0.00
2020,3,03/04/2020,CL,Branded,0.00
2020,3,03/05/2020,CL,Branded,0.00
2020,3,03/06/2020,CL,Branded,0.00
2020,3,03/07/2020,CL,Branded,0.00
2020,3,03/08/2020,CL,Branded,0.00
2020,3,03/09/2020,CL,Branded,0.00
2020,3,03/10/2020,CL,Branded,0.00
2020,3,03/11/2020,CL,Branded,0.00
2020,3,03/12/2020,CL,Branded,0.00
2020,3,03/13/2020,CL,Branded,0.00
2020,3,03/14/2020,CL,Branded,0.00
2020,3,03/15/2020,CL,Branded,0.00
2020,3,03/16/2020,CL,Branded,0.00
2020,3,03/17/2020,CL,Branded,0.00
2020,3,03/18/2020,CL,Branded,0.00
2020,3,03/19/2020,CL,Branded,0.00
2020,3,03/20/2020,CL,Branded,0.00
2020,3,03/21/2020,CL,Branded,0.00
2020,3,03/22/2020,CL,Branded,0.00
2020,3,03/23/2020,CL,Branded,0.00
2020,3,03/24/2020,CL,Branded,0.00
2020,3,03/25/2020,CL,Branded,0.00
2020,3,03/26/2020,CL,Branded,0.00
2020,3,03/27/2020,CL,Branded,0.00
2020,3,03/28/2020,CL,Branded,0.00
2020,3,03/29/2020,CL,Branded,0.00
2020,3,03/30/2020,CL,Branded,0.00
2020,3,03/31/2020,CL,Branded,0.00
2020,4,04/01/2020,CL,Branded,0.00
2020,4,04/02/2020,CL,Branded,0.00
2020,4,04/03/2020,CL,Branded,0.00
2020,4,04/04/2020,CL,Branded,0.00
2020,4,04/05/2020,CL,Branded,0.00
2020,4,04/06/2020,CL,Branded,0.00
2020,4,04/07/2020,CL,Branded,0.00
2020,4,04/08/2020,CL,Branded,0.00
2020,4,04/09/2020,CL,Branded,0.00
2020,4,04/10/2020,CL,Branded,0.00
2020,4,04/11/2020,CL,Branded,0.00
2020,4,04/12/2020,CL,Branded,0.00
2020,4,04/13/2020,CL,Branded,0.00
2020,4,04/14/2020,CL,Branded,0.00
2020,4,04/15/2020,CL,Branded,0.00
2020,4,04/16/2020,CL,Branded,0.00
2020,4,04/17/2020,CL,Branded,0.00
2020,4,04/18/2020,CL,Branded,0.00
2020,4,04/19/2020,CL,Branded,0.00
2020,4,04/20/2020,CL,Branded,0.00
2020,4,04/21/2020,CL,Branded,0.00
2020,4,04/22/2020,CL,Branded,0.00
2020,4,04/23/2020,CL,Branded,0.00
2020,4,04/24/2020,CL,Branded,0.00
2020,4,04/25/2020,CL,Branded,0.00
2020,4,04/26/2020,CL,Branded,0.00
2020,4,04/27/2020,CL,Branded,0.00
2020,4,04/28/2020,CL,Branded,0.00
2020,4,04/29/2020,CL,Branded,0.00
2020,4,04/30/2020,CL,Branded,0.00
2020,5,05/01/2020,CL,Branded,0.00
2020,5,05/02/2020,CL,Branded,0.00
2020,5,05/03/2020,CL,Branded,0.00
2020,5,05/04/2020,CL,Branded,0.00
2020,5,05/05/2020,CL,Branded,0.00
2020,5,05/06/2020,CL,Branded,0.00
2020,5,05/07/2020,CL,Branded,0.00
2020,5,05/08/2020,CL,Branded,0.00
2020,5,05/09/2020,CL,Branded,0.00
2020,5,05/10/2020,CL,Branded,0.00
2020,5,05/11/2020,CL,Branded,0.00
2020,5,05/12/2020,CL,Branded,0.00
2020,5,05/13/2020,CL,Branded,0.00
2020,5,05/14/2020,CL,Branded,0.00
2020,5,05/15/2020,CL,Branded,0.00
2020,5,05/16/2020,CL,Branded,0.00
2020,5,05/17/2020,CL,Branded,0.00
2020,5,05/18/2020,CL,Branded,0.00
2020,5,05/19/2020,CL,Branded,0.00
2020,5,05/20/2020,CL,Branded,0.00
2020,5,05/21/2020,CL,Branded,0.00
2020,5,05/22/2020,CL,Branded,0.00
2020,5,05/23/2020,CL,Branded,0.00
2020,5,05/24/2020,CL,Branded,0.00
2020,5,05/25/2020,CL,Branded,0.00
2020,5,05/26/2020,CL,Branded,0.00
2020,5,05/27/2020,CL,Branded,0.00
2020,5,05/28/2020,CL,Branded,0.00
2020,5,05/29/2020,CL,Branded,0.00
2020,5,05/30/2020,CL,Branded,0.00
2020,5,05/31/2020,CL,Branded,0.00
2020,6,06/01/2020,CL,Branded,0.00
2020,6,06/02/2020,CL,Branded,0.00
2020,6,06/03/2020,CL,Branded,0.00
2020,6,06/04/2020,CL,Branded,0.00
2020,6,06/05/2020,CL,Branded,0.00
2020,6,06/06/2020,CL,Branded,0.00
2020,6,06/07/2020,CL,Branded,0.00
2020,6,06/08/2020,CL,Branded,0.00
2020,6,06/09/2020,CL,Branded,0.00
2020,6,06/10/2020,CL,Branded,0.00
2020,6,06/11/2020,CL,Branded,0.00
2020,6,06/12/2020,CL,Branded,0.00
2020,6,06/13/2020,CL,Branded,0.00
2020,6,06/14/2020,CL,Branded,0.00
2020,6,06/15/2020,CL,Branded,0.00
2020,6,06/16/2020,CL,Branded,0.00
2020,6,06/17/2020,CL,Branded,0.00
2020,6,06/18/2020,CL,Branded,0.00
2020,6,06/19/2020,CL,Branded,0.00
2020,6,06/20/2020,CL,Branded,0.00
2020,6,06/21/2020,CL,Branded,0.00
2020,6,06/22/2020,CL,Branded,0.00
2020,6,06/23/2020,CL,Branded,0.00
2020,6,06/24/2020,CL,Branded,0.00
2020,6,06/25/2020,CL,Branded,0.00
2020,6,06/26/2020,CL,Branded,0.00
2020,6,06/27/2020,CL,Branded,0.00
2020,6,06/28/2020,CL,Branded,0.00
2020,6,06/29/2020,CL,Branded,0.00
2020,6,06/30/2020,CL,Branded,0.00
2020,7,07/01/2020,CL,Branded,0.00
2020,7,07/02/2020,CL,Branded,0.00
2020,7,07/03/2020,CL,Branded,0.00
2020,7,07/04/2020,CL,Branded,0.00
2020,7,07/05/2020,CL,Branded,0.00
2020,7,07/06/2020,CL,Branded,0.00
2020,7,07/07/2020,CL,Branded,0.00
2020,7,07/08/2020,CL,Branded,0.00
2020,7,07/09/2020,CL,Branded,0.00
2020,7,07/10/2020,CL,Branded,0.00
2020,7,07/11/2020,CL,Branded,0.00
2020,7,07/12/2020,CL,Branded,0.00
2020,7,07/13/2020,CL,Branded,0.00
2020,7,07/14/2020,CL,Branded,0.00
2020,7,07/15/2020,CL,Branded,0.00
2020,7,07/16/2020,CL,Branded,0.00
2020,7,07/17/2020,CL,Branded,0.00
2020,7,07/18/2020,CL,Branded,0.00
2020,7,07/19/2020,CL,Branded,0.00
2020,7,07/20/2020,CL,Branded,0.00
2020,7,07/21/2020,CL,Branded,0.00
2020,7,07/22/2020,CL,Branded,0.00
2020,7,07/23/2020,CL,Branded,0.00
2020,7,07/24/2020,CL,Branded,0.00
2020,7,07/25/2020,CL,Branded,0.00
2020,7,07/26/2020,CL,Branded,0.00
2020,7,07/27/2020,CL,Branded,0.00
2020,7,07/28/2020,CL,Branded,0.00
2020,7,07/29/2020,CL,Branded,0.00
2020,7,07/30/2020,CL,Branded,0.00
2020,7,07/31/2020,CL,Branded,0.00
2020,8,08/01/2020,CL,Branded,0.00
2020,8,08/02/2020,CL,Branded,0.00
2020,8,08/03/2020,CL,Branded,0.00
2020,8,08/04/2020,CL,Branded,0.00
2020,8,08/05/2020,CL,Branded,0.00
2020,8,08/06/2020,CL,Branded,0.00
2020,8,08/07/2020,CL,Branded,0.00
2020,8,08/08/2020,CL,Branded,0.00
2020,8,08/09/2020,CL,Branded,0.00
2020,8,08/10/2020,CL,Branded,0.00
2020,8,08/11/2020,CL,Branded,0.00
2020,8,08/12/2020,CL,Branded,0.00
2020,8,08/13/2020,CL,Branded,0.00
2020,8,08/14/2020,CL,Branded,0.00
2020,8,08/15/2020,CL,Branded,0.00
2020,8,08/16/2020,CL,Branded,0.00
2020,8,08/17/2020,CL,Branded,0.00
2020,8,08/18/2020,CL,Branded,0.00
2020,8,08/19/2020,CL,Branded,0.00
2020,8,08/20/2020,CL,Branded,0.00
2020,8,08/21/2020,CL,Branded,0.00
2020,8,08/22/2020,CL,Branded,0.00
2020,8,08/23/2020,CL,Branded,0.00
2020,8,08/24/2020,CL,Branded,0.00
2020,8,08/25/2020,CL,Branded,0.00
2020,8,08/26/2020,CL,Branded,0.00
2020,8,08/27/2020,CL,Branded,0.00
2020,8,08/28/2020,CL,Branded,0.00
2020,8,08/29/2020,CL,Branded,0.00
2020,8,08/30/2020,CL,Branded,0.00
2020,8,08/31/2020,CL,Branded,0.00
2020,9,09/01/2020,CL,Branded,0.00
2020,9,09/02/2020,CL,Branded,0.00
2020,9,09/03/2020,CL,Branded,0.00
2020,9,09/04/2020,CL,Branded,0.00
2020,9,09/05/2020,CL,Branded,0.00
2020,9,09/06/2020,CL,Branded,0.00
2020,9,09/07/2020,CL,Branded,0.00
2020,9,09/08/2020,CL,Branded,0.00
2020,9,09/09/2020,CL,Branded,0.00
2020,9,09/10/2020,CL,Branded,0.00
2020,9,09/11/2020,CL,Branded,0.00
2020,9,09/12/2020,CL,Branded,0.00
2020,9,09/13/2020,CL,Branded,0.00
2020,9,09/14/2020,CL,Branded,0.00
2020,9,09/15/2020,CL,Branded,0.00
2020,9,09/16/2020,CL,Branded,0.00
2020,9,09/17/2020,CL,Branded,0.00
2020,9,09/18/2020,CL,Branded,0.00
2020,9,09/19/2020,CL,Branded,0.00
2020,9,09/20/2020,CL,Branded,0.00
2020,9,09/21/2020,CL,Branded,0.00
2020,9,09/22/2020,CL,Branded,0.00
2020,9,09/23/2020,CL,Branded,0.00
2020,9,09/24/2020,CL,Branded,0.00
2020,9,09/25/2020,CL,Branded,0.00
2020,9,09/26/2020,CL,Branded,0.00
2020,9,09/27/2020,CL,Branded,0.00
2020,9,09/28/2020,CL,Branded,0.00
2020,9,09/29/2020,CL,Branded,0.00
2020,9,09/30/2020,CL,Branded,0.00
2020,10,10/01/2020,CL,Branded,0.00
2020,10,10/02/2020,CL,Branded,0.00
2020,10,10/03/2020,CL,Branded,0.00
2020,10,10/04/2020,CL,Branded,0.00
2020,10,10/05/2020,CL,Branded,0.00
2020,10,10/06/2020,CL,Branded,0.00
2020,10,10/07/2020,CL,Branded,0.00
2020,10,10/08/2020,CL,Branded,0.00
2020,10,10/09/2020,CL,Branded,0.00
2020,10,10/10/2020,CL,Branded,0.00
2020,10,10/11/2020,CL,Branded,0.00
2020,10,10/12/2020,CL,Branded,0.00
2020,10,10/13/2020,CL,Branded,0.00
2020,10,10/14/2020,CL,Branded,0.00
2020,10,10/15/2020,CL,Branded,0.00
2020,10,10/16/2020,CL,Branded,0.00
2020,10,10/17/2020,CL,Branded,0.00
2020,10,10/18/2020,CL,Branded,0.00
2020,10,10/19/2020,CL,Branded,0.00
2020,10,10/20/2020,CL,Branded,0.00
2020,10,10/21/2020,CL,Branded,0.00
2020,10,10/22/2020,CL,Branded,0.00
2020,10,10/23/2020,CL,Branded,0.00
2020,10,10/24/2020,CL,Branded,0.00
2020,10,10/25/2020,CL,Branded,0.00
2020,10,10/26/2020,CL,Branded,0.00
2020,10,10/27/2020,CL,Branded,0.00
2020,10,10/28/2020,CL,Branded,0.00
2020,10,10/29/2020,CL,Branded,0.00
2020,10,10/30/2020,CL,Branded,0.00
2020,10,10/31/2020,CL,Branded,0.00
2020,11,11/01/2020,CL,Branded,0.00
2020,11,11/02/2020,CL,Branded,0.00
2020,11,11/03/2020,CL,Branded,0.00
2020,11,11/04/2020,CL,Branded,0.00
2020,11,11/05/2020,CL,Branded,0.00
2020,11,11/06/2020,CL,Branded,0.00
2020,11,11/07/2020,CL,Branded,0.00
2020,11,11/08/2020,CL,Branded,0.00
2020,11,11/09/2020,CL,Branded,0.00
2020,11,11/10/2020,CL,Branded,0.00
2020,11,11/11/2020,CL,Branded,0.00
2020,11,11/12/2020,CL,Branded,0.00
2020,11,11/13/2020,CL,Branded,0.00
2020,11,11/14/2020,CL,Branded,0.00
2020,11,11/15/2020,CL,Branded,0.00
2020,11,11/16/2020,CL,Branded,0.00
2020,11,11/17/2020,CL,Branded,0.00
2020,11,11/18/2020,CL,Branded,0.00
2020,11,11/19/2020,CL,Branded,0.00
2020,11,11/20/2020,CL,Branded,0.00
2020,11,11/21/2020,CL,Branded,0.00
2020,11,11/22/2020,CL,Branded,0.00
2020,11,11/23/2020,CL,Branded,0.00
2020,11,11/24/2020,CL,Branded,0.00
2020,11,11/25/2020,CL,Branded,0.00
2020,11,11/26/2020,CL,Branded,0.00
2020,11,11/27/2020,CL,Branded,0.00
2020,11,11/28/2020,CL,Branded,0.00
2020,11,11/29/2020,CL,Branded,0.00
2020,11,11/30/2020,CL,Branded,0.00
2020,12,12/01/2020,CL,Branded,0.00
2020,12,12/02/2020,CL,Branded,0.00
2020,12,12/03/2020,CL,Branded,0.00
2020,12,12/04/2020,CL,Branded,0.00
2020,12,12/05/2020,CL,Branded,0.00
2020,12,12/06/2020,CL,Branded,0.00
2020,12,12/07/2020,CL,Branded,0.00
2020,12,12/08/2020,CL,Branded,0.00
2020,12,12/09/2020,CL,Branded,0.00
2020,12,12/10/2020,CL,Branded,0.00
2020,12,12/11/2020,CL,Branded,0.00
2020,12,12/12/2020,CL,Branded,0.00
2020,12,12/13/2020,CL,Branded,0.00
2020,12,12/14/2020,CL,Branded,0.00
2020,12,12/15/2020,CL,Branded,0.00
2020,12,12/16/2020,CL,Branded,0.00
2020,12,12/17/2020,CL,Branded,0.00
2020,12,12/18/2020,CL,Branded,0.00
2020,12,12/19/2020,CL,Branded,0.00
2020,12,12/20/2020,CL,Branded,0.00
2020,12,12/21/2020,CL,Branded,0.00
2020,12,12/22/2020,CL,Branded,0.00
2020,12,12/23/2020,CL,Branded,0.00
2020,12,12/24/2020,CL,Branded,0.00
2020,12,12/25/2020,CL,Branded,0.00
2020,12,12/26/2020,CL,Branded,0.00
2020,12,12/27/2020,CL,Branded,0.00
2020,12,12/28/2020,CL,Branded,0.00
2020,12,12/29/2020,CL,Branded,0.00
2020,12,12/30/2020,CL,Branded,0.00
2020,12,12/31/2020,CL,Branded,0.00
2020,1,01/01/2020,CO,Branded,0.00
2020,1,01/02/2020,CO,Branded,0.00
2020,1,01/03/2020,CO,Branded,0.00
2020,1,01/04/2020,CO,Branded,0.00
2020,1,01/05/2020,CO,Branded,0.00
2020,1,01/06/2020,CO,Branded,0.00
2020,1,01/07/2020,CO,Branded,0.00
2020,1,01/08/2020,CO,Branded,0.00
2020,1,01/09/2020,CO,Branded,0.00
2020,1,01/10/2020,CO,Branded,0.00
2020,1,01/11/2020,CO,Branded,0.00
2020,1,01/12/2020,CO,Branded,0.00
2020,1,01/13/2020,CO,Branded,0.00
2020,1,01/14/2020,CO,Branded,0.00
2020,1,01/15/2020,CO,Branded,0.00
2020,1,01/16/2020,CO,Branded,0.00
2020,1,01/17/2020,CO,Branded,0.00
2020,1,01/18/2020,CO,Branded,0.00
2020,1,01/19/2020,CO,Branded,0.00
2020,1,01/20/2020,CO,Branded,0.00
2020,1,01/21/2020,CO,Branded,0.00
2020,1,01/22/2020,CO,Branded,0.00
2020,1,01/23/2020,CO,Branded,0.00
2020,1,01/24/2020,CO,Branded,0.00
2020,1,01/25/2020,CO,Branded,0.00
2020,1,01/26/2020,CO,Branded,0.00
2020,1,01/27/2020,CO,Branded,0.00
2020,1,01/28/2020,CO,Branded,0.00
2020,1,01/29/2020,CO,Branded,0.00
2020,1,01/30/2020,CO,Branded,0.00
2020,1,01/31/2020,CO,Branded,0.00
2020,2,02/01/2020,CO,Branded,0.00
2020,2,02/02/2020,CO,Branded,0.00
2020,2,02/03/2020,CO,Branded,0.00
2020,2,02/04/2020,CO,Branded,0.00
2020,2,02/05/2020,CO,Branded,0.00
2020,2,02/06/2020,CO,Branded,0.00
2020,2,02/07/2020,CO,Branded,0.00
2020,2,02/08/2020,CO,Branded,0.00
2020,2,02/09/2020,CO,Branded,0.00
2020,2,02/10/2020,CO,Branded,0.00
2020,2,02/11/2020,CO,Branded,0.00
2020,2,02/12/2020,CO,Branded,0.00
2020,2,02/13/2020,CO,Branded,0.00
2020,2,02/14/2020,CO,Branded,0.00
2020,2,02/15/2020,CO,Branded,0.00
2020,2,02/16/2020,CO,Branded,0.00
2020,2,02/17/2020,CO,Branded,0.00
2020,2,02/18/2020,CO,Branded,0.00
2020,2,02/19/2020,CO,Branded,0.00
2020,2,02/20/2020,CO,Branded,0.00
2020,2,02/21/2020,CO,Branded,0.00
2020,2,02/22/2020,CO,Branded,0.00
2020,2,02/23/2020,CO,Branded,0.00
2020,2,02/24/2020,CO,Branded,0.00
2020,2,02/25/2020,CO,Branded,0.00
2020,2,02/26/2020,CO,Branded,0.00
2020,2,02/27/2020,CO,Branded,0.00
2020,2,02/28/2020,CO,Branded,0.00
2020,2,02/29/2020,CO,Branded,0.00
2020,3,03/01/2020,CO,Branded,0.00
2020,3,03/02/2020,CO,Branded,0.00
2020,3,03/03/2020,CO,Branded,0.00
2020,3,03/04/2020,CO,Branded,0.00
2020,3,03/05/2020,CO,Branded,0.00
2020,3,03/06/2020,CO,Branded,0.00
2020,3,03/07/2020,CO,Branded,0.00
2020,3,03/08/2020,CO,Branded,0.00
2020,3,03/09/2020,CO,Branded,0.00
2020,3,03/10/2020,CO,Branded,0.00
2020,3,03/11/2020,CO,Branded,0.00
2020,3,03/12/2020,CO,Branded,0.00
2020,3,03/13/2020,CO,Branded,0.00
2020,3,03/14/2020,CO,Branded,0.00
2020,3,03/15/2020,CO,Branded,0.00
2020,3,03/16/2020,CO,Branded,0.00
2020,3,03/17/2020,CO,Branded,0.00
2020,3,03/18/2020,CO,Branded,0.00
2020,3,03/19/2020,CO,Branded,0.00
2020,3,03/20/2020,CO,Branded,0.00
2020,3,03/21/2020,CO,Branded,0.00
2020,3,03/22/2020,CO,Branded,0.00
2020,3,03/23/2020,CO,Branded,0.00
2020,3,03/24/2020,CO,Branded,0.00
2020,3,03/25/2020,CO,Branded,0.00
2020,3,03/26/2020,CO,Branded,0.00
2020,3,03/27/2020,CO,Branded,0.00
2020,3,03/28/2020,CO,Branded,0.00
2020,3,03/29/2020,CO,Branded,0.00
2020,3,03/30/2020,CO,Branded,0.00
2020,3,03/31/2020,CO,Branded,0.00
2020,4,04/01/2020,CO,Branded,0.00
2020,4,04/02/2020,CO,Branded,0.00
2020,4,04/03/2020,CO,Branded,0.00
2020,4,04/04/2020,CO,Branded,0.00
2020,4,04/05/2020,CO,Branded,0.00
2020,4,04/06/2020,CO,Branded,0.00
2020,4,04/07/2020,CO,Branded,0.00
2020,4,04/08/2020,CO,Branded,0.00
2020,4,04/09/2020,CO,Branded,0.00
2020,4,04/10/2020,CO,Branded,0.00
2020,4,04/11/2020,CO,Branded,0.00
2020,4,04/12/2020,CO,Branded,0.00
2020,4,04/13/2020,CO,Branded,0.00
2020,4,04/14/2020,CO,Branded,0.00
2020,4,04/15/2020,CO,Branded,0.00
2020,4,04/16/2020,CO,Branded,0.00
2020,4,04/17/2020,CO,Branded,0.00
2020,4,04/18/2020,CO,Branded,0.00
2020,4,04/19/2020,CO,Branded,0.00
2020,4,04/20/2020,CO,Branded,0.00
2020,4,04/21/2020,CO,Branded,0.00
2020,4,04/22/2020,CO,Branded,0.00
2020,4,04/23/2020,CO,Branded,0.00
2020,4,04/24/2020,CO,Branded,0.00
2020,4,04/25/2020,CO,Branded,0.00
2020,4,04/26/2020,CO,Branded,0.00
2020,4,04/27/2020,CO,Branded,0.00
2020,4,04/28/2020,CO,Branded,0.00
2020,4,04/29/2020,CO,Branded,0.00
2020,4,04/30/2020,CO,Branded,0.00
2020,5,05/01/2020,CO,Branded,0.00
2020,5,05/02/2020,CO,Branded,0.00
2020,5,05/03/2020,CO,Branded,0.00
2020,5,05/04/2020,CO,Branded,0.00
2020,5,05/05/2020,CO,Branded,0.00
2020,5,05/06/2020,CO,Branded,0.00
2020,5,05/07/2020,CO,Branded,0.00
2020,5,05/08/2020,CO,Branded,0.00
2020,5,05/09/2020,CO,Branded,0.00
2020,5,05/10/2020,CO,Branded,0.00
2020,5,05/11/2020,CO,Branded,0.00
2020,5,05/12/2020,CO,Branded,0.00
2020,5,05/13/2020,CO,Branded,0.00
2020,5,05/14/2020,CO,Branded,0.00
2020,5,05/15/2020,CO,Branded,0.00
2020,5,05/16/2020,CO,Branded,0.00
2020,5,05/17/2020,CO,Branded,0.00
2020,5,05/18/2020,CO,Branded,0.00
2020,5,05/19/2020,CO,Branded,0.00
2020,5,05/20/2020,CO,Branded,0.00
2020,5,05/21/2020,CO,Branded,0.00
2020,5,05/22/2020,CO,Branded,0.00
2020,5,05/23/2020,CO,Branded,0.00
2020,5,05/24/2020,CO,Branded,0.00
2020,5,05/25/2020,CO,Branded,0.00
2020,5,05/26/2020,CO,Branded,0.00
2020,5,05/27/2020,CO,Branded,0.00
2020,5,05/28/2020,CO,Branded,0.00
2020,5,05/29/2020,CO,Branded,0.00
2020,5,05/30/2020,CO,Branded,0.00
2020,5,05/31/2020,CO,Branded,0.00
2020,6,06/01/2020,CO,Branded,0.00
2020,6,06/02/2020,CO,Branded,0.00
2020,6,06/03/2020,CO,Branded,0.00
2020,6,06/04/2020,CO,Branded,0.00
2020,6,06/05/2020,CO,Branded,0.00
2020,6,06/06/2020,CO,Branded,0.00
2020,6,06/07/2020,CO,Branded,0.00
2020,6,06/08/2020,CO,Branded,0.00
2020,6,06/09/2020,CO,Branded,0.00
2020,6,06/10/2020,CO,Branded,0.00
2020,6,06/11/2020,CO,Branded,0.00
2020,6,06/12/2020,CO,Branded,0.00
2020,6,06/13/2020,CO,Branded,0.00
2020,6,06/14/2020,CO,Branded,0.00
2020,6,06/15/2020,CO,Branded,0.00
2020,6,06/16/2020,CO,Branded,0.00
2020,6,06/17/2020,CO,Branded,0.00
2020,6,06/18/2020,CO,Branded,0.00
2020,6,06/19/2020,CO,Branded,0.00
2020,6,06/20/2020,CO,Branded,0.00
2020,6,06/21/2020,CO,Branded,0.00
2020,6,06/22/2020,CO,Branded,0.00
2020,6,06/23/2020,CO,Branded,0.00
2020,6,06/24/2020,CO,Branded,0.00
2020,6,06/25/2020,CO,Branded,0.00
2020,6,06/26/2020,CO,Branded,0.00
2020,6,06/27/2020,CO,Branded,0.00
2020,6,06/28/2020,CO,Branded,0.00
2020,6,06/29/2020,CO,Branded,0.00
2020,6,06/30/2020,CO,Branded,0.00
2020,7,07/01/2020,CO,Branded,0.00
2020,7,07/02/2020,CO,Branded,0.00
2020,7,07/03/2020,CO,Branded,0.00
2020,7,07/04/2020,CO,Branded,0.00
2020,7,07/05/2020,CO,Branded,0.00
2020,7,07/06/2020,CO,Branded,0.00
2020,7,07/07/2020,CO,Branded,0.00
2020,7,07/08/2020,CO,Branded,0.00
2020,7,07/09/2020,CO,Branded,0.00
2020,7,07/10/2020,CO,Branded,0.00
2020,7,07/11/2020,CO,Branded,0.00
2020,7,07/12/2020,CO,Branded,0.00
2020,7,07/13/2020,CO,Branded,0.00
2020,7,07/14/2020,CO,Branded,0.00
2020,7,07/15/2020,CO,Branded,0.00
2020,7,07/16/2020,CO,Branded,0.00
2020,7,07/17/2020,CO,Branded,0.00
2020,7,07/18/2020,CO,Branded,0.00
2020,7,07/19/2020,CO,Branded,0.00
2020,7,07/20/2020,CO,Branded,0.00
2020,7,07/21/2020,CO,Branded,0.00
2020,7,07/22/2020,CO,Branded,0.00
2020,7,07/23/2020,CO,Branded,0.00
2020,7,07/24/2020,CO,Branded,0.00
2020,7,07/25/2020,CO,Branded,0.00
2020,7,07/26/2020,CO,Branded,0.00
2020,7,07/27/2020,CO,Branded,0.00
2020,7,07/28/2020,CO,Branded,0.00
2020,7,07/29/2020,CO,Branded,0.00
2020,7,07/30/2020,CO,Branded,0.00
2020,7,07/31/2020,CO,Branded,0.00
2020,8,08/01/2020,CO,Branded,0.00
2020,8,08/02/2020,CO,Branded,0.00
2020,8,08/03/2020,CO,Branded,0.00
2020,8,08/04/2020,CO,Branded,0.00
2020,8,08/05/2020,CO,Branded,0.00
2020,8,08/06/2020,CO,Branded,0.00
2020,8,08/07/2020,CO,Branded,0.00
2020,8,08/08/2020,CO,Branded,0.00
2020,8,08/09/2020,CO,Branded,0.00
2020,8,08/10/2020,CO,Branded,0.00
2020,8,08/11/2020,CO,Branded,0.00
2020,8,08/12/2020,CO,Branded,0.00
2020,8,08/13/2020,CO,Branded,0.00
2020,8,08/14/2020,CO,Branded,0.00
2020,8,08/15/2020,CO,Branded,0.00
2020,8,08/16/2020,CO,Branded,0.00
2020,8,08/17/2020,CO,Branded,0.00
2020,8,08/18/2020,CO,Branded,0.00
2020,8,08/19/2020,CO,Branded,0.00
2020,8,08/20/2020,CO,Branded,0.00
2020,8,08/21/2020,CO,Branded,0.00
2020,8,08/22/2020,CO,Branded,0.00
2020,8,08/23/2020,CO,Branded,0.00
2020,8,08/24/2020,CO,Branded,0.00
2020,8,08/25/2020,CO,Branded,0.00
2020,8,08/26/2020,CO,Branded,0.00
2020,8,08/27/2020,CO,Branded,0.00
2020,8,08/28/2020,CO,Branded,0.00
2020,8,08/29/2020,CO,Branded,0.00
2020,8,08/30/2020,CO,Branded,0.00
2020,8,08/31/2020,CO,Branded,0.00
2020,9,09/01/2020,CO,Branded,0.00
2020,9,09/02/2020,CO,Branded,0.00
2020,9,09/03/2020,CO,Branded,0.00
2020,9,09/04/2020,CO,Branded,0.00
2020,9,09/05/2020,CO,Branded,0.00
2020,9,09/06/2020,CO,Branded,0.00
2020,9,09/07/2020,CO,Branded,0.00
2020,9,09/08/2020,CO,Branded,0.00
2020,9,09/09/2020,CO,Branded,0.00
2020,9,09/10/2020,CO,Branded,0.00
2020,9,09/11/2020,CO,Branded,0.00
2020,9,09/12/2020,CO,Branded,0.00
2020,9,09/13/2020,CO,Branded,0.00
2020,9,09/14/2020,CO,Branded,0.00
2020,9,09/15/2020,CO,Branded,0.00
2020,9,09/16/2020,CO,Branded,0.00
2020,9,09/17/2020,CO,Branded,0.00
2020,9,09/18/2020,CO,Branded,0.00
2020,9,09/19/2020,CO,Branded,0.00
2020,9,09/20/2020,CO,Branded,0.00
2020,9,09/21/2020,CO,Branded,0.00
2020,9,09/22/2020,CO,Branded,0.00
2020,9,09/23/2020,CO,Branded,0.00
2020,9,09/24/2020,CO,Branded,0.00
2020,9,09/25/2020,CO,Branded,0.00
2020,9,09/26/2020,CO,Branded,0.00
2020,9,09/27/2020,CO,Branded,0.00
2020,9,09/28/2020,CO,Branded,0.00
2020,9,09/29/2020,CO,Branded,0.00
2020,9,09/30/2020,CO,Branded,0.00
2020,10,10/01/2020,CO,Branded,0.00
2020,10,10/02/2020,CO,Branded,0.00
2020,10,10/03/2020,CO,Branded,0.00
2020,10,10/04/2020,CO,Branded,0.00
2020,10,10/05/2020,CO,Branded,0.00
2020,10,10/06/2020,CO,Branded,0.00
2020,10,10/07/2020,CO,Branded,0.00
2020,10,10/08/2020,CO,Branded,0.00
2020,10,10/09/2020,CO,Branded,0.00
2020,10,10/10/2020,CO,Branded,0.00
2020,10,10/11/2020,CO,Branded,0.00
2020,10,10/12/2020,CO,Branded,0.00
2020,10,10/13/2020,CO,Branded,0.00
2020,10,10/14/2020,CO,Branded,0.00
2020,10,10/15/2020,CO,Branded,0.00
2020,10,10/16/2020,CO,Branded,0.00
2020,10,10/17/2020,CO,Branded,0.00
2020,10,10/18/2020,CO,Branded,0.00
2020,10,10/19/2020,CO,Branded,0.00
2020,10,10/20/2020,CO,Branded,0.00
2020,10,10/21/2020,CO,Branded,0.00
2020,10,10/22/2020,CO,Branded,0.00
2020,10,10/23/2020,CO,Branded,0.00
2020,10,10/24/2020,CO,Branded,0.00
2020,10,10/25/2020,CO,Branded,0.00
2020,10,10/26/2020,CO,Branded,0.00
2020,10,10/27/2020,CO,Branded,0.00
2020,10,10/28/2020,CO,Branded,0.00
2020,10,10/29/2020,CO,Branded,0.00
2020,10,10/30/2020,CO,Branded,0.00
2020,10,10/31/2020,CO,Branded,0.00
2020,11,11/01/2020,CO,Branded,0.00
2020,11,11/02/2020,CO,Branded,0.00
2020,11,11/03/2020,CO,Branded,0.00
2020,11,11/04/2020,CO,Branded,0.00
2020,11,11/05/2020,CO,Branded,0.00
2020,11,11/06/2020,CO,Branded,0.00
2020,11,11/07/2020,CO,Branded,0.00
2020,11,11/08/2020,CO,Branded,0.00
2020,11,11/09/2020,CO,Branded,0.00
2020,11,11/10/2020,CO,Branded,0.00
2020,11,11/11/2020,CO,Branded,0.00
2020,11,11/12/2020,CO,Branded,0.00
2020,11,11/13/2020,CO,Branded,0.00
2020,11,11/14/2020,CO,Branded,0.00
2020,11,11/15/2020,CO,Branded,0.00
2020,11,11/16/2020,CO,Branded,0.00
2020,11,11/17/2020,CO,Branded,0.00
2020,11,11/18/2020,CO,Branded,0.00
2020,11,11/19/2020,CO,Branded,0.00
2020,11,11/20/2020,CO,Branded,0.00
2020,11,11/21/2020,CO,Branded,0.00
2020,11,11/22/2020,CO,Branded,0.00
2020,11,11/23/2020,CO,Branded,0.00
2020,11,11/24/2020,CO,Branded,0.00
2020,11,11/25/2020,CO,Branded,0.00
2020,11,11/26/2020,CO,Branded,0.00
2020,11,11/27/2020,CO,Branded,0.00
2020,11,11/28/2020,CO,Branded,0.00
2020,11,11/29/2020,CO,Branded,0.00
2020,11,11/30/2020,CO,Branded,0.00
2020,12,12/01/2020,CO,Branded,0.00
2020,12,12/02/2020,CO,Branded,0.00
2020,12,12/03/2020,CO,Branded,0.00
2020,12,12/04/2020,CO,Branded,0.00
2020,12,12/05/2020,CO,Branded,0.00
2020,12,12/06/2020,CO,Branded,0.00
2020,12,12/07/2020,CO,Branded,0.00
2020,12,12/08/2020,CO,Branded,0.00
2020,12,12/09/2020,CO,Branded,0.00
2020,12,12/10/2020,CO,Branded,0.00
2020,12,12/11/2020,CO,Branded,0.00
2020,12,12/12/2020,CO,Branded,0.00
2020,12,12/13/2020,CO,Branded,0.00
2020,12,12/14/2020,CO,Branded,0.00
2020,12,12/15/2020,CO,Branded,0.00
2020,12,12/16/2020,CO,Branded,0.00
2020,12,12/17/2020,CO,Branded,0.00
2020,12,12/18/2020,CO,Branded,0.00
2020,12,12/19/2020,CO,Branded,0.00
2020,12,12/20/2020,CO,Branded,0.00
2020,12,12/21/2020,CO,Branded,0.00
2020,12,12/22/2020,CO,Branded,0.00
2020,12,12/23/2020,CO,Branded,0.00
2020,12,12/24/2020,CO,Branded,0.00
2020,12,12/25/2020,CO,Branded,0.00
2020,12,12/26/2020,CO,Branded,0.00
2020,12,12/27/2020,CO,Branded,0.00
2020,12,12/28/2020,CO,Branded,0.00
2020,12,12/29/2020,CO,Branded,0.00
2020,12,12/30/2020,CO,Branded,0.00
2020,12,12/31/2020,CO,Branded,0.00
2020,1,01/01/2020,MX,Branded,0.00
2020,1,01/02/2020,MX,Branded,0.00
2020,1,01/03/2020,MX,Branded,0.00
2020,1,01/04/2020,MX,Branded,0.00
2020,1,01/05/2020,MX,Branded,0.00
2020,1,01/06/2020,MX,Branded,0.00
2020,1,01/07/2020,MX,Branded,0.00
2020,1,01/08/2020,MX,Branded,0.00
2020,1,01/09/2020,MX,Branded,0.00
2020,1,01/10/2020,MX,Branded,0.00
2020,1,01/11/2020,MX,Branded,0.00
2020,1,01/12/2020,MX,Branded,0.00
2020,1,01/13/2020,MX,Branded,0.00
2020,1,01/14/2020,MX,Branded,0.00
2020,1,01/15/2020,MX,Branded,0.00
2020,1,01/16/2020,MX,Branded,0.00
2020,1,01/17/2020,MX,Branded,0.00
2020,1,01/18/2020,MX,Branded,0.00
2020,1,01/19/2020,MX,Branded,0.00
2020,1,01/20/2020,MX,Branded,0.00
2020,1,01/21/2020,MX,Branded,0.00
2020,1,01/22/2020,MX,Branded,0.00
2020,1,01/23/2020,MX,Branded,0.00
2020,1,01/24/2020,MX,Branded,0.00
2020,1,01/25/2020,MX,Branded,0.00
2020,1,01/26/2020,MX,Branded,0.00
2020,1,01/27/2020,MX,Branded,0.00
2020,1,01/28/2020,MX,Branded,0.00
2020,1,01/29/2020,MX,Branded,0.00
2020,1,01/30/2020,MX,Branded,0.00
2020,1,01/31/2020,MX,Branded,0.00
2020,2,02/01/2020,MX,Branded,0.00
2020,2,02/02/2020,MX,Branded,0.00
2020,2,02/03/2020,MX,Branded,0.00
2020,2,02/04/2020,MX,Branded,0.00
2020,2,02/05/2020,MX,Branded,0.00
2020,2,02/06/2020,MX,Branded,0.00
2020,2,02/07/2020,MX,Branded,0.00
2020,2,02/08/2020,MX,Branded,0.00
2020,2,02/09/2020,MX,Branded,0.00
2020,2,02/10/2020,MX,Branded,0.00
2020,2,02/11/2020,MX,Branded,0.00
2020,2,02/12/2020,MX,Branded,0.00
2020,2,02/13/2020,MX,Branded,0.00
2020,2,02/14/2020,MX,Branded,0.00
2020,2,02/15/2020,MX,Branded,0.00
2020,2,02/16/2020,MX,Branded,0.00
2020,2,02/17/2020,MX,Branded,0.00
2020,2,02/18/2020,MX,Branded,0.00
2020,2,02/19/2020,MX,Branded,0.00
2020,2,02/20/2020,MX,Branded,0.00
2020,2,02/21/2020,MX,Branded,0.00
2020,2,02/22/2020,MX,Branded,0.00
2020,2,02/23/2020,MX,Branded,0.00
2020,2,02/24/2020,MX,Branded,0.00
2020,2,02/25/2020,MX,Branded,0.00
2020,2,02/26/2020,MX,Branded,0.00
2020,2,02/27/2020,MX,Branded,0.00
2020,2,02/28/2020,MX,Branded,0.00
2020,2,02/29/2020,MX,Branded,0.00
2020,3,03/01/2020,MX,Branded,0.00
2020,3,03/02/2020,MX,Branded,0.00
2020,3,03/03/2020,MX,Branded,0.00
2020,3,03/04/2020,MX,Branded,0.00
2020,3,03/05/2020,MX,Branded,0.00
2020,3,03/06/2020,MX,Branded,0.00
2020,3,03/07/2020,MX,Branded,0.00
2020,3,03/08/2020,MX,Branded,0.00
2020,3,03/09/2020,MX,Branded,0.00
2020,3,03/10/2020,MX,Branded,0.00
2020,3,03/11/2020,MX,Branded,0.00
2020,3,03/12/2020,MX,Branded,0.00
2020,3,03/13/2020,MX,Branded,0.00
2020,3,03/14/2020,MX,Branded,0.00
2020,3,03/15/2020,MX,Branded,0.00
2020,3,03/16/2020,MX,Branded,0.00
2020,3,03/17/2020,MX,Branded,0.00
2020,3,03/18/2020,MX,Branded,0.00
2020,3,03/19/2020,MX,Branded,0.00
2020,3,03/20/2020,MX,Branded,0.00
2020,3,03/21/2020,MX,Branded,0.00
2020,3,03/22/2020,MX,Branded,0.00
2020,3,03/23/2020,MX,Branded,0.00
2020,3,03/24/2020,MX,Branded,0.00
2020,3,03/25/2020,MX,Branded,0.00
2020,3,03/26/2020,MX,Branded,0.00
2020,3,03/27/2020,MX,Branded,0.00
2020,3,03/28/2020,MX,Branded,0.00
2020,3,03/29/2020,MX,Branded,0.00
2020,3,03/30/2020,MX,Branded,0.00
2020,3,03/31/2020,MX,Branded,0.00
2020,4,04/01/2020,MX,Branded,0.00
2020,4,04/02/2020,MX,Branded,0.00
2020,4,04/03/2020,MX,Branded,0.00
2020,4,04/04/2020,MX,Branded,0.00
2020,4,04/05/2020,MX,Branded,0.00
2020,4,04/06/2020,MX,Branded,0.00
2020,4,04/07/2020,MX,Branded,0.00
2020,4,04/08/2020,MX,Branded,0.00
2020,4,04/09/2020,MX,Branded,0.00
2020,4,04/10/2020,MX,Branded,0.00
2020,4,04/11/2020,MX,Branded,0.00
2020,4,04/12/2020,MX,Branded,0.00
2020,4,04/13/2020,MX,Branded,0.00
2020,4,04/14/2020,MX,Branded,0.00
2020,4,04/15/2020,MX,Branded,0.00
2020,4,04/16/2020,MX,Branded,0.00
2020,4,04/17/2020,MX,Branded,0.00
2020,4,04/18/2020,MX,Branded,0.00
2020,4,04/19/2020,MX,Branded,0.00
2020,4,04/20/2020,MX,Branded,0.00
2020,4,04/21/2020,MX,Branded,0.00
2020,4,04/22/2020,MX,Branded,0.00
2020,4,04/23/2020,MX,Branded,0.00
2020,4,04/24/2020,MX,Branded,0.00
2020,4,04/25/2020,MX,Branded,0.00
2020,4,04/26/2020,MX,Branded,0.00
2020,4,04/27/2020,MX,Branded,0.00
2020,4,04/28/2020,MX,Branded,0.00
2020,4,04/29/2020,MX,Branded,0.00
2020,4,04/30/2020,MX,Branded,0.00
2020,5,05/01/2020,MX,Branded,0.00
2020,5,05/02/2020,MX,Branded,0.00
2020,5,05/03/2020,MX,Branded,0.00
2020,5,05/04/2020,MX,Branded,0.00
2020,5,05/05/2020,MX,Branded,0.00
2020,5,05/06/2020,MX,Branded,0.00
2020,5,05/07/2020,MX,Branded,0.00
2020,5,05/08/2020,MX,Branded,0.00
2020,5,05/09/2020,MX,Branded,0.00
2020,5,05/10/2020,MX,Branded,0.00
2020,5,05/11/2020,MX,Branded,0.00
2020,5,05/12/2020,MX,Branded,0.00
2020,5,05/13/2020,MX,Branded,0.00
2020,5,05/14/2020,MX,Branded,0.00
2020,5,05/15/2020,MX,Branded,0.00
2020,5,05/16/2020,MX,Branded,0.00
2020,5,05/17/2020,MX,Branded,0.00
2020,5,05/18/2020,MX,Branded,0.00
2020,5,05/19/2020,MX,Branded,0.00
2020,5,05/20/2020,MX,Branded,0.00
2020,5,05/21/2020,MX,Branded,0.00
2020,5,05/22/2020,MX,Branded,0.00
2020,5,05/23/2020,MX,Branded,0.00
2020,5,05/24/2020,MX,Branded,0.00
2020,5,05/25/2020,MX,Branded,0.00
2020,5,05/26/2020,MX,Branded,0.00
2020,5,05/27/2020,MX,Branded,0.00
2020,5,05/28/2020,MX,Branded,0.00
2020,5,05/29/2020,MX,Branded,0.00
2020,5,05/30/2020,MX,Branded,0.00
2020,5,05/31/2020,MX,Branded,0.00
2020,6,06/01/2020,MX,Branded,0.00
2020,6,06/02/2020,MX,Branded,0.00
2020,6,06/03/2020,MX,Branded,0.00
2020,6,06/04/2020,MX,Branded,0.00
2020,6,06/05/2020,MX,Branded,0.00
2020,6,06/06/2020,MX,Branded,0.00
2020,6,06/07/2020,MX,Branded,0.00
2020,6,06/08/2020,MX,Branded,0.00
2020,6,06/09/2020,MX,Branded,0.00
2020,6,06/10/2020,MX,Branded,0.00
2020,6,06/11/2020,MX,Branded,0.00
2020,6,06/12/2020,MX,Branded,0.00
2020,6,06/13/2020,MX,Branded,0.00
2020,6,06/14/2020,MX,Branded,0.00
2020,6,06/15/2020,MX,Branded,0.00
2020,6,06/16/2020,MX,Branded,0.00
2020,6,06/17/2020,MX,Branded,0.00
2020,6,06/18/2020,MX,Branded,0.00
2020,6,06/19/2020,MX,Branded,0.00
2020,6,06/20/2020,MX,Branded,0.00
2020,6,06/21/2020,MX,Branded,0.00
2020,6,06/22/2020,MX,Branded,0.00
2020,6,06/23/2020,MX,Branded,0.00
2020,6,06/24/2020,MX,Branded,0.00
2020,6,06/25/2020,MX,Branded,0.00
2020,6,06/26/2020,MX,Branded,0.00
2020,6,06/27/2020,MX,Branded,0.00
2020,6,06/28/2020,MX,Branded,0.00
2020,6,06/29/2020,MX,Branded,0.00
2020,6,06/30/2020,MX,Branded,0.00
2020,7,07/01/2020,MX,Branded,0.00
2020,7,07/02/2020,MX,Branded,0.00
2020,7,07/03/2020,MX,Branded,0.00
2020,7,07/04/2020,MX,Branded,0.00
2020,7,07/05/2020,MX,Branded,0.00
2020,7,07/06/2020,MX,Branded,0.00
2020,7,07/07/2020,MX,Branded,0.00
2020,7,07/08/2020,MX,Branded,0.00
2020,7,07/09/2020,MX,Branded,0.00
2020,7,07/10/2020,MX,Branded,0.00
2020,7,07/11/2020,MX,Branded,0.00
2020,7,07/12/2020,MX,Branded,0.00
2020,7,07/13/2020,MX,Branded,0.00
2020,7,07/14/2020,MX,Branded,0.00
2020,7,07/15/2020,MX,Branded,0.00
2020,7,07/16/2020,MX,Branded,0.00
2020,7,07/17/2020,MX,Branded,0.00
2020,7,07/18/2020,MX,Branded,0.00
2020,7,07/19/2020,MX,Branded,0.00
2020,7,07/20/2020,MX,Branded,0.00
2020,7,07/21/2020,MX,Branded,0.00
2020,7,07/22/2020,MX,Branded,0.00
2020,7,07/23/2020,MX,Branded,0.00
2020,7,07/24/2020,MX,Branded,0.00
2020,7,07/25/2020,MX,Branded,0.00
2020,7,07/26/2020,MX,Branded,0.00
2020,7,07/27/2020,MX,Branded,0.00
2020,7,07/28/2020,MX,Branded,0.00
2020,7,07/29/2020,MX,Branded,0.00
2020,7,07/30/2020,MX,Branded,0.00
2020,7,07/31/2020,MX,Branded,0.00
2020,8,08/01/2020,MX,Branded,0.00
2020,8,08/02/2020,MX,Branded,0.00
2020,8,08/03/2020,MX,Branded,0.00
2020,8,08/04/2020,MX,Branded,0.00
2020,8,08/05/2020,MX,Branded,0.00
2020,8,08/06/2020,MX,Branded,0.00
2020,8,08/07/2020,MX,Branded,0.00
2020,8,08/08/2020,MX,Branded,0.00
2020,8,08/09/2020,MX,Branded,0.00
2020,8,08/10/2020,MX,Branded,0.00
2020,8,08/11/2020,MX,Branded,0.00
2020,8,08/12/2020,MX,Branded,0.00
2020,8,08/13/2020,MX,Branded,0.00
2020,8,08/14/2020,MX,Branded,0.00
2020,8,08/15/2020,MX,Branded,0.00
2020,8,08/16/2020,MX,Branded,0.00
2020,8,08/17/2020,MX,Branded,0.00
2020,8,08/18/2020,MX,Branded,0.00
2020,8,08/19/2020,MX,Branded,0.00
2020,8,08/20/2020,MX,Branded,0.00
2020,8,08/21/2020,MX,Branded,0.00
2020,8,08/22/2020,MX,Branded,0.00
2020,8,08/23/2020,MX,Branded,0.00
2020,8,08/24/2020,MX,Branded,0.00
2020,8,08/25/2020,MX,Branded,0.00
2020,8,08/26/2020,MX,Branded,0.00
2020,8,08/27/2020,MX,Branded,0.00
2020,8,08/28/2020,MX,Branded,0.00
2020,8,08/29/2020,MX,Branded,0.00
2020,8,08/30/2020,MX,Branded,0.00
2020,8,08/31/2020,MX,Branded,0.00
2020,9,09/01/2020,MX,Branded,0.00
2020,9,09/02/2020,MX,Branded,0.00
2020,9,09/03/2020,MX,Branded,0.00
2020,9,09/04/2020,MX,Branded,0.00
2020,9,09/05/2020,MX,Branded,0.00
2020,9,09/06/2020,MX,Branded,0.00
2020,9,09/07/2020,MX,Branded,0.00
2020,9,09/08/2020,MX,Branded,0.00
2020,9,09/09/2020,MX,Branded,0.00
2020,9,09/10/2020,MX,Branded,0.00
2020,9,09/11/2020,MX,Branded,0.00
2020,9,09/12/2020,MX,Branded,0.00
2020,9,09/13/2020,MX,Branded,0.00
2020,9,09/14/2020,MX,Branded,0.00
2020,9,09/15/2020,MX,Branded,0.00
2020,9,09/16/2020,MX,Branded,0.00
2020,9,09/17/2020,MX,Branded,0.00
2020,9,09/18/2020,MX,Branded,0.00
2020,9,09/19/2020,MX,Branded,0.00
2020,9,09/20/2020,MX,Branded,0.00
2020,9,09/21/2020,MX,Branded,0.00
2020,9,09/22/2020,MX,Branded,0.00
2020,9,09/23/2020,MX,Branded,0.00
2020,9,09/24/2020,MX,Branded,0.00
2020,9,09/25/2020,MX,Branded,0.00
2020,9,09/26/2020,MX,Branded,0.00
2020,9,09/27/2020,MX,Branded,0.00
2020,9,09/28/2020,MX,Branded,0.00
2020,9,09/29/2020,MX,Branded,0.00
2020,9,09/30/2020,MX,Branded,0.00
2020,10,10/01/2020,MX,Branded,0.00
2020,10,10/02/2020,MX,Branded,0.00
2020,10,10/03/2020,MX,Branded,0.00
2020,10,10/04/2020,MX,Branded,0.00
2020,10,10/05/2020,MX,Branded,0.00
2020,10,10/06/2020,MX,Branded,0.00
2020,10,10/07/2020,MX,Branded,0.00
2020,10,10/08/2020,MX,Branded,0.00
2020,10,10/09/2020,MX,Branded,0.00
2020,10,10/10/2020,MX,Branded,0.00
2020,10,10/11/2020,MX,Branded,0.00
2020,10,10/12/2020,MX,Branded,0.00
2020,10,10/13/2020,MX,Branded,0.00
2020,10,10/14/2020,MX,Branded,0.00
2020,10,10/15/2020,MX,Branded,0.00
2020,10,10/16/2020,MX,Branded,0.00
2020,10,10/17/2020,MX,Branded,0.00
2020,10,10/18/2020,MX,Branded,0.00
2020,10,10/19/2020,MX,Branded,0.00
2020,10,10/20/2020,MX,Branded,0.00
2020,10,10/21/2020,MX,Branded,0.00
2020,10,10/22/2020,MX,Branded,0.00
2020,10,10/23/2020,MX,Branded,0.00
2020,10,10/24/2020,MX,Branded,0.00
2020,10,10/25/2020,MX,Branded,0.00
2020,10,10/26/2020,MX,Branded,0.00
2020,10,10/27/2020,MX,Branded,0.00
2020,10,10/28/2020,MX,Branded,0.00
2020,10,10/29/2020,MX,Branded,0.00
2020,10,10/30/2020,MX,Branded,0.00
2020,10,10/31/2020,MX,Branded,0.00
2020,11,11/01/2020,MX,Branded,0.00
2020,11,11/02/2020,MX,Branded,0.00
2020,11,11/03/2020,MX,Branded,0.00
2020,11,11/04/2020,MX,Branded,0.00
2020,11,11/05/2020,MX,Branded,0.00
2020,11,11/06/2020,MX,Branded,0.00
2020,11,11/07/2020,MX,Branded,0.00
2020,11,11/08/2020,MX,Branded,0.00
2020,11,11/09/2020,MX,Branded,0.00
2020,11,11/10/2020,MX,Branded,0.00
2020,11,11/11/2020,MX,Branded,0.00
2020,11,11/12/2020,MX,Branded,0.00
2020,11,11/13/2020,MX,Branded,0.00
2020,11,11/14/2020,MX,Branded,0.00
2020,11,11/15/2020,MX,Branded,0.00
2020,11,11/16/2020,MX,Branded,0.00
2020,11,11/17/2020,MX,Branded,0.00
2020,11,11/18/2020,MX,Branded,0.00
2020,11,11/19/2020,MX,Branded,0.00
2020,11,11/20/2020,MX,Branded,0.00
2020,11,11/21/2020,MX,Branded,0.00
2020,11,11/22/2020,MX,Branded,0.00
2020,11,11/23/2020,MX,Branded,0.00
2020,11,11/24/2020,MX,Branded,0.00
2020,11,11/25/2020,MX,Branded,0.00
2020,11,11/26/2020,MX,Branded,0.00
2020,11,11/27/2020,MX,Branded,0.00
2020,11,11/28/2020,MX,Branded,0.00
2020,11,11/29/2020,MX,Branded,0.00
2020,11,11/30/2020,MX,Branded,0.00
2020,12,12/01/2020,MX,Branded,0.00
2020,12,12/02/2020,MX,Branded,0.00
2020,12,12/03/2020,MX,Branded,0.00
2020,12,12/04/2020,MX,Branded,0.00
2020,12,12/05/2020,MX,Branded,0.00
2020,12,12/06/2020,MX,Branded,0.00
2020,12,12/07/2020,MX,Branded,0.00
2020,12,12/08/2020,MX,Branded,0.00
2020,12,12/09/2020,MX,Branded,0.00
2020,12,12/10/2020,MX,Branded,0.00
2020,12,12/11/2020,MX,Branded,0.00
2020,12,12/12/2020,MX,Branded,0.00
2020,12,12/13/2020,MX,Branded,0.00
2020,12,12/14/2020,MX,Branded,0.00
2020,12,12/15/2020,MX,Branded,0.00
2020,12,12/16/2020,MX,Branded,0.00
2020,12,12/17/2020,MX,Branded,0.00
2020,12,12/18/2020,MX,Branded,0.00
2020,12,12/19/2020,MX,Branded,0.00
2020,12,12/20/2020,MX,Branded,0.00
2020,12,12/21/2020,MX,Branded,0.00
2020,12,12/22/2020,MX,Branded,0.00
2020,12,12/23/2020,MX,Branded,0.00
2020,12,12/24/2020,MX,Branded,0.00
2020,12,12/25/2020,MX,Branded,0.00
2020,12,12/26/2020,MX,Branded,0.00
2020,12,12/27/2020,MX,Branded,0.00
2020,12,12/28/2020,MX,Branded,0.00
2020,12,12/29/2020,MX,Branded,0.00
2020,12,12/30/2020,MX,Branded,0.00
2020,12,12/31/2020,MX,Branded,0.00
2020,1,01/01/2020,AR,No Brand,0.00
2020,1,01/02/2020,AR,No Brand,0.00
2020,1,01/03/2020,AR,No Brand,0.00
2020,1,01/04/2020,AR,No Brand,0.00
2020,1,01/05/2020,AR,No Brand,0.00
2020,1,01/06/2020,AR,No Brand,0.00
2020,1,01/07/2020,AR,No Brand,0.00
2020,1,01/08/2020,AR,No Brand,0.00
2020,1,01/09/2020,AR,No Brand,0.00
2020,1,01/10/2020,AR,No Brand,0.00
2020,1,01/11/2020,AR,No Brand,0.00
2020,1,01/12/2020,AR,No Brand,0.00
2020,1,01/13/2020,AR,No Brand,0.00
2020,1,01/14/2020,AR,No Brand,0.00
2020,1,01/15/2020,AR,No Brand,0.00
2020,1,01/16/2020,AR,No Brand,0.00
2020,1,01/17/2020,AR,No Brand,0.00
2020,1,01/18/2020,AR,No Brand,0.00
2020,1,01/19/2020,AR,No Brand,0.00
2020,1,01/20/2020,AR,No Brand,0.00
2020,1,01/21/2020,AR,No Brand,0.00
2020,1,01/22/2020,AR,No Brand,0.00
2020,1,01/23/2020,AR,No Brand,0.00
2020,1,01/24/2020,AR,No Brand,0.00
2020,1,01/25/2020,AR,No Brand,0.00
2020,1,01/26/2020,AR,No Brand,0.00
2020,1,01/27/2020,AR,No Brand,0.00
2020,1,01/28/2020,AR,No Brand,0.00
2020,1,01/29/2020,AR,No Brand,0.00
2020,1,01/30/2020,AR,No Brand,0.00
2020,1,01/31/2020,AR,No Brand,0.00
2020,2,02/01/2020,AR,No Brand,0.00
2020,2,02/02/2020,AR,No Brand,0.00
2020,2,02/03/2020,AR,No Brand,0.00
2020,2,02/04/2020,AR,No Brand,0.00
2020,2,02/05/2020,AR,No Brand,0.00
2020,2,02/06/2020,AR,No Brand,0.00
2020,2,02/07/2020,AR,No Brand,0.00
2020,2,02/08/2020,AR,No Brand,0.00
2020,2,02/09/2020,AR,No Brand,0.00
2020,2,02/10/2020,AR,No Brand,0.00
2020,2,02/11/2020,AR,No Brand,0.00
2020,2,02/12/2020,AR,No Brand,0.00
2020,2,02/13/2020,AR,No Brand,0.00
2020,2,02/14/2020,AR,No Brand,0.00
2020,2,02/15/2020,AR,No Brand,0.00
2020,2,02/16/2020,AR,No Brand,0.00
2020,2,02/17/2020,AR,No Brand,0.00
2020,2,02/18/2020,AR,No Brand,0.00
2020,2,02/19/2020,AR,No Brand,0.00
2020,2,02/20/2020,AR,No Brand,0.00
2020,2,02/21/2020,AR,No Brand,0.00
2020,2,02/22/2020,AR,No Brand,0.00
2020,2,02/23/2020,AR,No Brand,0.00
2020,2,02/24/2020,AR,No Brand,0.00
2020,2,02/25/2020,AR,No Brand,0.00
2020,2,02/26/2020,AR,No Brand,0.00
2020,2,02/27/2020,AR,No Brand,0.00
2020,2,02/28/2020,AR,No Brand,0.00
2020,2,02/29/2020,AR,No Brand,0.00
2020,3,03/01/2020,AR,No Brand,0.00
2020,3,03/02/2020,AR,No Brand,0.00
2020,3,03/03/2020,AR,No Brand,0.00
2020,3,03/04/2020,AR,No Brand,0.00
2020,3,03/05/2020,AR,No Brand,0.00
2020,3,03/06/2020,AR,No Brand,0.00
2020,3,03/07/2020,AR,No Brand,0.00
2020,3,03/08/2020,AR,No Brand,0.00
2020,3,03/09/2020,AR,No Brand,0.00
2020,3,03/10/2020,AR,No Brand,0.00
2020,3,03/11/2020,AR,No Brand,0.00
2020,3,03/12/2020,AR,No Brand,0.00
2020,3,03/13/2020,AR,No Brand,0.00
2020,3,03/14/2020,AR,No Brand,0.00
2020,3,03/15/2020,AR,No Brand,0.00
2020,3,03/16/2020,AR,No Brand,0.00
2020,3,03/17/2020,AR,No Brand,0.00
2020,3,03/18/2020,AR,No Brand,0.00
2020,3,03/19/2020,AR,No Brand,0.00
2020,3,03/20/2020,AR,No Brand,0.00
2020,3,03/21/2020,AR,No Brand,0.00
2020,3,03/22/2020,AR,No Brand,0.00
2020,3,03/23/2020,AR,No Brand,0.00
2020,3,03/24/2020,AR,No Brand,0.00
2020,3,03/25/2020,AR,No Brand,0.00
2020,3,03/26/2020,AR,No Brand,0.00
2020,3,03/27/2020,AR,No Brand,0.00
2020,3,03/28/2020,AR,No Brand,0.00
2020,3,03/29/2020,AR,No Brand,0.00
2020,3,03/30/2020,AR,No Brand,0.00
2020,3,03/31/2020,AR,No Brand,0.00
2020,4,04/01/2020,AR,No Brand,0.00
2020,4,04/02/2020,AR,No Brand,0.00
2020,4,04/03/2020,AR,No Brand,0.00
2020,4,04/04/2020,AR,No Brand,0.00
2020,4,04/05/2020,AR,No Brand,0.00
2020,4,04/06/2020,AR,No Brand,0.00
2020,4,04/07/2020,AR,No Brand,0.00
2020,4,04/08/2020,AR,No Brand,0.00
2020,4,04/09/2020,AR,No Brand,0.00
2020,4,04/10/2020,AR,No Brand,0.00
2020,4,04/11/2020,AR,No Brand,0.00
2020,4,04/12/2020,AR,No Brand,0.00
2020,4,04/13/2020,AR,No Brand,0.00
2020,4,04/14/2020,AR,No Brand,0.00
2020,4,04/15/2020,AR,No Brand,0.00
2020,4,04/16/2020,AR,No Brand,0.00
2020,4,04/17/2020,AR,No Brand,0.00
2020,4,04/18/2020,AR,No Brand,0.00
2020,4,04/19/2020,AR,No Brand,0.00
2020,4,04/20/2020,AR,No Brand,0.00
2020,4,04/21/2020,AR,No Brand,0.00
2020,4,04/22/2020,AR,No Brand,0.00
2020,4,04/23/2020,AR,No Brand,0.00
2020,4,04/24/2020,AR,No Brand,0.00
2020,4,04/25/2020,AR,No Brand,0.00
2020,4,04/26/2020,AR,No Brand,0.00
2020,4,04/27/2020,AR,No Brand,0.00
2020,4,04/28/2020,AR,No Brand,0.00
2020,4,04/29/2020,AR,No Brand,0.00
2020,4,04/30/2020,AR,No Brand,0.00
2020,5,05/01/2020,AR,No Brand,0.00
2020,5,05/02/2020,AR,No Brand,0.00
2020,5,05/03/2020,AR,No Brand,0.00
2020,5,05/04/2020,AR,No Brand,0.00
2020,5,05/05/2020,AR,No Brand,0.00
2020,5,05/06/2020,AR,No Brand,0.00
2020,5,05/07/2020,AR,No Brand,0.00
2020,5,05/08/2020,AR,No Brand,0.00
2020,5,05/09/2020,AR,No Brand,0.00
2020,5,05/10/2020,AR,No Brand,0.00
2020,5,05/11/2020,AR,No Brand,0.00
2020,5,05/12/2020,AR,No Brand,0.00
2020,5,05/13/2020,AR,No Brand,0.00
2020,5,05/14/2020,AR,No Brand,0.00
2020,5,05/15/2020,AR,No Brand,0.00
2020,5,05/16/2020,AR,No Brand,0.00
2020,5,05/17/2020,AR,No Brand,0.00
2020,5,05/18/2020,AR,No Brand,0.00
2020,5,05/19/2020,AR,No Brand,0.00
2020,5,05/20/2020,AR,No Brand,0.00
2020,5,05/21/2020,AR,No Brand,0.00
2020,5,05/22/2020,AR,No Brand,0.00
2020,5,05/23/2020,AR,No Brand,0.00
2020,5,05/24/2020,AR,No Brand,0.00
2020,5,05/25/2020,AR,No Brand,0.00
2020,5,05/26/2020,AR,No Brand,0.00
2020,5,05/27/2020,AR,No Brand,0.00
2020,5,05/28/2020,AR,No Brand,0.00
2020,5,05/29/2020,AR,No Brand,0.00
2020,5,05/30/2020,AR,No Brand,0.00
2020,5,05/31/2020,AR,No Brand,0.00
2020,6,06/01/2020,AR,No Brand,0.00
2020,6,06/02/2020,AR,No Brand,0.00
2020,6,06/03/2020,AR,No Brand,0.00
2020,6,06/04/2020,AR,No Brand,0.00
2020,6,06/05/2020,AR,No Brand,0.00
2020,6,06/06/2020,AR,No Brand,0.00
2020,6,06/07/2020,AR,No Brand,0.00
2020,6,06/08/2020,AR,No Brand,0.00
2020,6,06/09/2020,AR,No Brand,0.00
2020,6,06/10/2020,AR,No Brand,0.00
2020,6,06/11/2020,AR,No Brand,0.00
2020,6,06/12/2020,AR,No Brand,0.00
2020,6,06/13/2020,AR,No Brand,0.00
2020,6,06/14/2020,AR,No Brand,0.00
2020,6,06/15/2020,AR,No Brand,0.00
2020,6,06/16/2020,AR,No Brand,0.00
2020,6,06/17/2020,AR,No Brand,0.00
2020,6,06/18/2020,AR,No Brand,0.00
2020,6,06/19/2020,AR,No Brand,0.00
2020,6,06/20/2020,AR,No Brand,0.00
2020,6,06/21/2020,AR,No Brand,0.00
2020,6,06/22/2020,AR,No Brand,0.00
2020,6,06/23/2020,AR,No Brand,0.00
2020,6,06/24/2020,AR,No Brand,0.00
2020,6,06/25/2020,AR,No Brand,0.00
2020,6,06/26/2020,AR,No Brand,0.00
2020,6,06/27/2020,AR,No Brand,0.00
2020,6,06/28/2020,AR,No Brand,0.00
2020,6,06/29/2020,AR,No Brand,0.00
2020,6,06/30/2020,AR,No Brand,0.00
2020,7,07/01/2020,AR,No Brand,0.00
2020,7,07/02/2020,AR,No Brand,0.00
2020,7,07/03/2020,AR,No Brand,0.00
2020,7,07/04/2020,AR,No Brand,0.00
2020,7,07/05/2020,AR,No Brand,0.00
2020,7,07/06/2020,AR,No Brand,0.00
2020,7,07/07/2020,AR,No Brand,0.00
2020,7,07/08/2020,AR,No Brand,0.00
2020,7,07/09/2020,AR,No Brand,0.00
2020,7,07/10/2020,AR,No Brand,0.00
2020,7,07/11/2020,AR,No Brand,0.00
2020,7,07/12/2020,AR,No Brand,0.00
2020,7,07/13/2020,AR,No Brand,0.00
2020,7,07/14/2020,AR,No Brand,0.00
2020,7,07/15/2020,AR,No Brand,0.00
2020,7,07/16/2020,AR,No Brand,0.00
2020,7,07/17/2020,AR,No Brand,0.00
2020,7,07/18/2020,AR,No Brand,0.00
2020,7,07/19/2020,AR,No Brand,0.00
2020,7,07/20/2020,AR,No Brand,0.00
2020,7,07/21/2020,AR,No Brand,0.00
2020,7,07/22/2020,AR,No Brand,0.00
2020,7,07/23/2020,AR,No Brand,0.00
2020,7,07/24/2020,AR,No Brand,0.00
2020,7,07/25/2020,AR,No Brand,0.00
2020,7,07/26/2020,AR,No Brand,0.00
2020,7,07/27/2020,AR,No Brand,0.00
2020,7,07/28/2020,AR,No Brand,0.00
2020,7,07/29/2020,AR,No Brand,0.00
2020,7,07/30/2020,AR,No Brand,0.00
2020,7,07/31/2020,AR,No Brand,0.00
2020,8,08/01/2020,AR,No Brand,0.00
2020,8,08/02/2020,AR,No Brand,0.00
2020,8,08/03/2020,AR,No Brand,0.00
2020,8,08/04/2020,AR,No Brand,0.00
2020,8,08/05/2020,AR,No Brand,0.00
2020,8,08/06/2020,AR,No Brand,0.00
2020,8,08/07/2020,AR,No Brand,0.00
2020,8,08/08/2020,AR,No Brand,0.00
2020,8,08/09/2020,AR,No Brand,0.00
2020,8,08/10/2020,AR,No Brand,0.00
2020,8,08/11/2020,AR,No Brand,0.00
2020,8,08/12/2020,AR,No Brand,0.00
2020,8,08/13/2020,AR,No Brand,0.00
2020,8,08/14/2020,AR,No Brand,0.00
2020,8,08/15/2020,AR,No Brand,0.00
2020,8,08/16/2020,AR,No Brand,0.00
2020,8,08/17/2020,AR,No Brand,0.00
2020,8,08/18/2020,AR,No Brand,0.00
2020,8,08/19/2020,AR,No Brand,0.00
2020,8,08/20/2020,AR,No Brand,0.00
2020,8,08/21/2020,AR,No Brand,0.00
2020,8,08/22/2020,AR,No Brand,0.00
2020,8,08/23/2020,AR,No Brand,0.00
2020,8,08/24/2020,AR,No Brand,0.00
2020,8,08/25/2020,AR,No Brand,0.00
2020,8,08/26/2020,AR,No Brand,0.00
2020,8,08/27/2020,AR,No Brand,0.00
2020,8,08/28/2020,AR,No Brand,0.00
2020,8,08/29/2020,AR,No Brand,0.00
2020,8,08/30/2020,AR,No Brand,0.00
2020,8,08/31/2020,AR,No Brand,0.00
2020,9,09/01/2020,AR,No Brand,0.00
2020,9,09/02/2020,AR,No Brand,0.00
2020,9,09/03/2020,AR,No Brand,0.00
2020,9,09/04/2020,AR,No Brand,0.00
2020,9,09/05/2020,AR,No Brand,0.00
2020,9,09/06/2020,AR,No Brand,0.00
2020,9,09/07/2020,AR,No Brand,0.00
2020,9,09/08/2020,AR,No Brand,0.00
2020,9,09/09/2020,AR,No Brand,0.00
2020,9,09/10/2020,AR,No Brand,0.00
2020,9,09/11/2020,AR,No Brand,0.00
2020,9,09/12/2020,AR,No Brand,0.00
2020,9,09/13/2020,AR,No Brand,0.00
2020,9,09/14/2020,AR,No Brand,0.00
2020,9,09/15/2020,AR,No Brand,0.00
2020,9,09/16/2020,AR,No Brand,0.00
2020,9,09/17/2020,AR,No Brand,0.00
2020,9,09/18/2020,AR,No Brand,0.00
2020,9,09/19/2020,AR,No Brand,0.00
2020,9,09/20/2020,AR,No Brand,0.00
2020,9,09/21/2020,AR,No Brand,0.00
2020,9,09/22/2020,AR,No Brand,0.00
2020,9,09/23/2020,AR,No Brand,0.00
2020,9,09/24/2020,AR,No Brand,0.00
2020,9,09/25/2020,AR,No Brand,0.00
2020,9,09/26/2020,AR,No Brand,0.00
2020,9,09/27/2020,AR,No Brand,0.00
2020,9,09/28/2020,AR,No Brand,0.00
2020,9,09/29/2020,AR,No Brand,0.00
2020,9,09/30/2020,AR,No Brand,0.00
2020,10,10/01/2020,AR,No Brand,0.00
2020,10,10/02/2020,AR,No Brand,0.00
2020,10,10/03/2020,AR,No Brand,0.00
2020,10,10/04/2020,AR,No Brand,0.00
2020,10,10/05/2020,AR,No Brand,0.00
2020,10,10/06/2020,AR,No Brand,0.00
2020,10,10/07/2020,AR,No Brand,0.00
2020,10,10/08/2020,AR,No Brand,0.00
2020,10,10/09/2020,AR,No Brand,0.00
2020,10,10/10/2020,AR,No Brand,0.00
2020,10,10/11/2020,AR,No Brand,0.00
2020,10,10/12/2020,AR,No Brand,0.00
2020,10,10/13/2020,AR,No Brand,0.00
2020,10,10/14/2020,AR,No Brand,0.00
2020,10,10/15/2020,AR,No Brand,0.00
2020,10,10/16/2020,AR,No Brand,0.00
2020,10,10/17/2020,AR,No Brand,0.00
2020,10,10/18/2020,AR,No Brand,0.00
2020,10,10/19/2020,AR,No Brand,0.00
2020,10,10/20/2020,AR,No Brand,0.00
2020,10,10/21/2020,AR,No Brand,0.00
2020,10,10/22/2020,AR,No Brand,0.00
2020,10,10/23/2020,AR,No Brand,0.00
2020,10,10/24/2020,AR,No Brand,0.00
2020,10,10/25/2020,AR,No Brand,0.00
2020,10,10/26/2020,AR,No Brand,0.00
2020,10,10/27/2020,AR,No Brand,0.00
2020,10,10/28/2020,AR,No Brand,0.00
2020,10,10/29/2020,AR,No Brand,0.00
2020,10,10/30/2020,AR,No Brand,0.00
2020,10,10/31/2020,AR,No Brand,0.00
2020,11,11/01/2020,AR,No Brand,0.00
2020,11,11/02/2020,AR,No Brand,0.00
2020,11,11/03/2020,AR,No Brand,0.00
2020,11,11/04/2020,AR,No Brand,0.00
2020,11,11/05/2020,AR,No Brand,0.00
2020,11,11/06/2020,AR,No Brand,0.00
2020,11,11/07/2020,AR,No Brand,0.00
2020,11,11/08/2020,AR,No Brand,0.00
2020,11,11/09/2020,AR,No Brand,0.00
2020,11,11/10/2020,AR,No Brand,0.00
2020,11,11/11/2020,AR,No Brand,0.00
2020,11,11/12/2020,AR,No Brand,0.00
2020,11,11/13/2020,AR,No Brand,0.00
2020,11,11/14/2020,AR,No Brand,0.00
2020,11,11/15/2020,AR,No Brand,0.00
2020,11,11/16/2020,AR,No Brand,0.00
2020,11,11/17/2020,AR,No Brand,0.00
2020,11,11/18/2020,AR,No Brand,0.00
2020,11,11/19/2020,AR,No Brand,0.00
2020,11,11/20/2020,AR,No Brand,0.00
2020,11,11/21/2020,AR,No Brand,0.00
2020,11,11/22/2020,AR,No Brand,0.00
2020,11,11/23/2020,AR,No Brand,0.00
2020,11,11/24/2020,AR,No Brand,0.00
2020,11,11/25/2020,AR,No Brand,0.00
2020,11,11/26/2020,AR,No Brand,0.00
2020,11,11/27/2020,AR,No Brand,0.00
2020,11,11/28/2020,AR,No Brand,0.00
2020,11,11/29/2020,AR,No Brand,0.00
2020,11,11/30/2020,AR,No Brand,0.00
2020,12,12/01/2020,AR,No Brand,0.00
2020,12,12/02/2020,AR,No Brand,0.00
2020,12,12/03/2020,AR,No Brand,0.00
2020,12,12/04/2020,AR,No Brand,0.00
2020,12,12/05/2020,AR,No Brand,0.00
2020,12,12/06/2020,AR,No Brand,0.00
2020,12,12/07/2020,AR,No Brand,0.00
2020,12,12/08/2020,AR,No Brand,0.00
2020,12,12/09/2020,AR,No Brand,0.00
2020,12,12/10/2020,AR,No Brand,0.00
2020,12,12/11/2020,AR,No Brand,0.00
2020,12,12/12/2020,AR,No Brand,0.00
2020,12,12/13/2020,AR,No Brand,0.00
2020,12,12/14/2020,AR,No Brand,0.00
2020,12,12/15/2020,AR,No Brand,0.00
2020,12,12/16/2020,AR,No Brand,0.00
2020,12,12/17/2020,AR,No Brand,0.00
2020,12,12/18/2020,AR,No Brand,0.00
2020,12,12/19/2020,AR,No Brand,0.00
2020,12,12/20/2020,AR,No Brand,0.00
2020,12,12/21/2020,AR,No Brand,0.00
2020,12,12/22/2020,AR,No Brand,0.00
2020,12,12/23/2020,AR,No Brand,0.00
2020,12,12/24/2020,AR,No Brand,0.00
2020,12,12/25/2020,AR,No Brand,0.00
2020,12,12/26/2020,AR,No Brand,0.00
2020,12,12/27/2020,AR,No Brand,0.00
2020,12,12/28/2020,AR,No Brand,0.00
2020,12,12/29/2020,AR,No Brand,0.00
2020,12,12/30/2020,AR,No Brand,0.00
2020,12,12/31/2020,AR,No Brand,0.00
2020,1,01/01/2020,BR,No Brand,0.00
2020,1,01/02/2020,BR,No Brand,0.00
2020,1,01/03/2020,BR,No Brand,0.00
2020,1,01/04/2020,BR,No Brand,0.00
2020,1,01/05/2020,BR,No Brand,0.00
2020,1,01/06/2020,BR,No Brand,0.00
2020,1,01/07/2020,BR,No Brand,0.00
2020,1,01/08/2020,BR,No Brand,0.00
2020,1,01/09/2020,BR,No Brand,0.00
2020,1,01/10/2020,BR,No Brand,0.00
2020,1,01/11/2020,BR,No Brand,0.00
2020,1,01/12/2020,BR,No Brand,0.00
2020,1,01/13/2020,BR,No Brand,0.00
2020,1,01/14/2020,BR,No Brand,0.00
2020,1,01/15/2020,BR,No Brand,0.00
2020,1,01/16/2020,BR,No Brand,0.00
2020,1,01/17/2020,BR,No Brand,0.00
2020,1,01/18/2020,BR,No Brand,0.00
2020,1,01/19/2020,BR,No Brand,0.00
2020,1,01/20/2020,BR,No Brand,0.00
2020,1,01/21/2020,BR,No Brand,0.00
2020,1,01/22/2020,BR,No Brand,0.00
2020,1,01/23/2020,BR,No Brand,0.00
2020,1,01/24/2020,BR,No Brand,0.00
2020,1,01/25/2020,BR,No Brand,0.00
2020,1,01/26/2020,BR,No Brand,0.00
2020,1,01/27/2020,BR,No Brand,0.00
2020,1,01/28/2020,BR,No Brand,0.00
2020,1,01/29/2020,BR,No Brand,0.00
2020,1,01/30/2020,BR,No Brand,0.00
2020,1,01/31/2020,BR,No Brand,0.00
2020,2,02/01/2020,BR,No Brand,0.00
2020,2,02/02/2020,BR,No Brand,0.00
2020,2,02/03/2020,BR,No Brand,0.00
2020,2,02/04/2020,BR,No Brand,0.00
2020,2,02/05/2020,BR,No Brand,0.00
2020,2,02/06/2020,BR,No Brand,0.00
2020,2,02/07/2020,BR,No Brand,0.00
2020,2,02/08/2020,BR,No Brand,0.00
2020,2,02/09/2020,BR,No Brand,0.00
2020,2,02/10/2020,BR,No Brand,0.00
2020,2,02/11/2020,BR,No Brand,0.00
2020,2,02/12/2020,BR,No Brand,0.00
2020,2,02/13/2020,BR,No Brand,0.00
2020,2,02/14/2020,BR,No Brand,0.00
2020,2,02/15/2020,BR,No Brand,0.00
2020,2,02/16/2020,BR,No Brand,0.00
2020,2,02/17/2020,BR,No Brand,0.00
2020,2,02/18/2020,BR,No Brand,0.00
2020,2,02/19/2020,BR,No Brand,0.00
2020,2,02/20/2020,BR,No Brand,0.00
2020,2,02/21/2020,BR,No Brand,0.00
2020,2,02/22/2020,BR,No Brand,0.00
2020,2,02/23/2020,BR,No Brand,0.00
2020,2,02/24/2020,BR,No Brand,0.00
2020,2,02/25/2020,BR,No Brand,0.00
2020,2,02/26/2020,BR,No Brand,0.00
2020,2,02/27/2020,BR,No Brand,0.00
2020,2,02/28/2020,BR,No Brand,0.00
2020,2,02/29/2020,BR,No Brand,0.00
2020,3,03/01/2020,BR,No Brand,0.00
2020,3,03/02/2020,BR,No Brand,0.00
2020,3,03/03/2020,BR,No Brand,0.00
2020,3,03/04/2020,BR,No Brand,0.00
2020,3,03/05/2020,BR,No Brand,0.00
2020,3,03/06/2020,BR,No Brand,0.00
2020,3,03/07/2020,BR,No Brand,0.00
2020,3,03/08/2020,BR,No Brand,0.00
2020,3,03/09/2020,BR,No Brand,0.00
2020,3,03/10/2020,BR,No Brand,0.00
2020,3,03/11/2020,BR,No Brand,0.00
2020,3,03/12/2020,BR,No Brand,0.00
2020,3,03/13/2020,BR,No Brand,0.00
2020,3,03/14/2020,BR,No Brand,0.00
2020,3,03/15/2020,BR,No Brand,0.00
2020,3,03/16/2020,BR,No Brand,0.00
2020,3,03/17/2020,BR,No Brand,0.00
2020,3,03/18/2020,BR,No Brand,0.00
2020,3,03/19/2020,BR,No Brand,0.00
2020,3,03/20/2020,BR,No Brand,0.00
2020,3,03/21/2020,BR,No Brand,0.00
2020,3,03/22/2020,BR,No Brand,0.00
2020,3,03/23/2020,BR,No Brand,0.00
2020,3,03/24/2020,BR,No Brand,0.00
2020,3,03/25/2020,BR,No Brand,0.00
2020,3,03/26/2020,BR,No Brand,0.00
2020,3,03/27/2020,BR,No Brand,0.00
2020,3,03/28/2020,BR,No Brand,0.00
2020,3,03/29/2020,BR,No Brand,0.00
2020,3,03/30/2020,BR,No Brand,0.00
2020,3,03/31/2020,BR,No Brand,0.00
2020,4,04/01/2020,BR,No Brand,0.00
2020,4,04/02/2020,BR,No Brand,0.00
2020,4,04/03/2020,BR,No Brand,0.00
2020,4,04/04/2020,BR,No Brand,0.00
2020,4,04/05/2020,BR,No Brand,0.00
2020,4,04/06/2020,BR,No Brand,0.00
2020,4,04/07/2020,BR,No Brand,0.00
2020,4,04/08/2020,BR,No Brand,0.00
2020,4,04/09/2020,BR,No Brand,0.00
2020,4,04/10/2020,BR,No Brand,0.00
2020,4,04/11/2020,BR,No Brand,0.00
2020,4,04/12/2020,BR,No Brand,0.00
2020,4,04/13/2020,BR,No Brand,0.00
2020,4,04/14/2020,BR,No Brand,0.00
2020,4,04/15/2020,BR,No Brand,0.00
2020,4,04/16/2020,BR,No Brand,0.00
2020,4,04/17/2020,BR,No Brand,0.00
2020,4,04/18/2020,BR,No Brand,0.00
2020,4,04/19/2020,BR,No Brand,0.00
2020,4,04/20/2020,BR,No Brand,0.00
2020,4,04/21/2020,BR,No Brand,0.00
2020,4,04/22/2020,BR,No Brand,0.00
2020,4,04/23/2020,BR,No Brand,0.00
2020,4,04/24/2020,BR,No Brand,0.00
2020,4,04/25/2020,BR,No Brand,0.00
2020,4,04/26/2020,BR,No Brand,0.00
2020,4,04/27/2020,BR,No Brand,0.00
2020,4,04/28/2020,BR,No Brand,0.00
2020,4,04/29/2020,BR,No Brand,0.00
2020,4,04/30/2020,BR,No Brand,0.00
2020,5,05/01/2020,BR,No Brand,0.00
2020,5,05/02/2020,BR,No Brand,0.00
2020,5,05/03/2020,BR,No Brand,0.00
2020,5,05/04/2020,BR,No Brand,0.00
2020,5,05/05/2020,BR,No Brand,0.00
2020,5,05/06/2020,BR,No Brand,0.00
2020,5,05/07/2020,BR,No Brand,0.00
2020,5,05/08/2020,BR,No Brand,0.00
2020,5,05/09/2020,BR,No Brand,0.00
2020,5,05/10/2020,BR,No Brand,0.00
2020,5,05/11/2020,BR,No Brand,0.00
2020,5,05/12/2020,BR,No Brand,0.00
2020,5,05/13/2020,BR,No Brand,0.00
2020,5,05/14/2020,BR,No Brand,0.00
2020,5,05/15/2020,BR,No Brand,0.00
2020,5,05/16/2020,BR,No Brand,0.00
2020,5,05/17/2020,BR,No Brand,0.00
2020,5,05/18/2020,BR,No Brand,0.00
2020,5,05/19/2020,BR,No Brand,0.00
2020,5,05/20/2020,BR,No Brand,0.00
2020,5,05/21/2020,BR,No Brand,0.00
2020,5,05/22/2020,BR,No Brand,0.00
2020,5,05/23/2020,BR,No Brand,0.00
2020,5,05/24/2020,BR,No Brand,0.00
2020,5,05/25/2020,BR,No Brand,0.00
2020,5,05/26/2020,BR,No Brand,0.00
2020,5,05/27/2020,BR,No Brand,0.00
2020,5,05/28/2020,BR,No Brand,0.00
2020,5,05/29/2020,BR,No Brand,0.00
2020,5,05/30/2020,BR,No Brand,0.00
2020,5,05/31/2020,BR,No Brand,0.00
2020,6,06/01/2020,BR,No Brand,0.00
2020,6,06/02/2020,BR,No Brand,0.00
2020,6,06/03/2020,BR,No Brand,0.00
2020,6,06/04/2020,BR,No Brand,0.00
2020,6,06/05/2020,BR,No Brand,0.00
2020,6,06/06/2020,BR,No Brand,0.00
2020,6,06/07/2020,BR,No Brand,0.00
2020,6,06/08/2020,BR,No Brand,0.00
2020,6,06/09/2020,BR,No Brand,0.00
2020,6,06/10/2020,BR,No Brand,0.00
2020,6,06/11/2020,BR,No Brand,0.00
2020,6,06/12/2020,BR,No Brand,0.00
2020,6,06/13/2020,BR,No Brand,0.00
2020,6,06/14/2020,BR,No Brand,0.00
2020,6,06/15/2020,BR,No Brand,0.00
2020,6,06/16/2020,BR,No Brand,0.00
2020,6,06/17/2020,BR,No Brand,0.00
2020,6,06/18/2020,BR,No Brand,0.00
2020,6,06/19/2020,BR,No Brand,0.00
2020,6,06/20/2020,BR,No Brand,0.00
2020,6,06/21/2020,BR,No Brand,0.00
2020,6,06/22/2020,BR,No Brand,0.00
2020,6,06/23/2020,BR,No Brand,0.00
2020,6,06/24/2020,BR,No Brand,0.00
2020,6,06/25/2020,BR,No Brand,0.00
2020,6,06/26/2020,BR,No Brand,0.00
2020,6,06/27/2020,BR,No Brand,0.00
2020,6,06/28/2020,BR,No Brand,0.00
2020,6,06/29/2020,BR,No Brand,0.00
2020,6,06/30/2020,BR,No Brand,0.00
2020,7,07/01/2020,BR,No Brand,0.00
2020,7,07/02/2020,BR,No Brand,0.00
2020,7,07/03/2020,BR,No Brand,0.00
2020,7,07/04/2020,BR,No Brand,0.00
2020,7,07/05/2020,BR,No Brand,0.00
2020,7,07/06/2020,BR,No Brand,0.00
2020,7,07/07/2020,BR,No Brand,0.00
2020,7,07/08/2020,BR,No Brand,0.00
2020,7,07/09/2020,BR,No Brand,0.00
2020,7,07/10/2020,BR,No Brand,0.00
2020,7,07/11/2020,BR,No Brand,0.00
2020,7,07/12/2020,BR,No Brand,0.00
2020,7,07/13/2020,BR,No Brand,0.00
2020,7,07/14/2020,BR,No Brand,0.00
2020,7,07/15/2020,BR,No Brand,0.00
2020,7,07/16/2020,BR,No Brand,0.00
2020,7,07/17/2020,BR,No Brand,0.00
2020,7,07/18/2020,BR,No Brand,0.00
2020,7,07/19/2020,BR,No Brand,0.00
2020,7,07/20/2020,BR,No Brand,0.00
2020,7,07/21/2020,BR,No Brand,0.00
2020,7,07/22/2020,BR,No Brand,0.00
2020,7,07/23/2020,BR,No Brand,0.00
2020,7,07/24/2020,BR,No Brand,0.00
2020,7,07/25/2020,BR,No Brand,0.00
2020,7,07/26/2020,BR,No Brand,0.00
2020,7,07/27/2020,BR,No Brand,0.00
2020,7,07/28/2020,BR,No Brand,0.00
2020,7,07/29/2020,BR,No Brand,0.00
2020,7,07/30/2020,BR,No Brand,0.00
2020,7,07/31/2020,BR,No Brand,0.00
2020,8,08/01/2020,BR,No Brand,0.00
2020,8,08/02/2020,BR,No Brand,0.00
2020,8,08/03/2020,BR,No Brand,0.00
2020,8,08/04/2020,BR,No Brand,0.00
2020,8,08/05/2020,BR,No Brand,0.00
2020,8,08/06/2020,BR,No Brand,0.00
2020,8,08/07/2020,BR,No Brand,0.00
2020,8,08/08/2020,BR,No Brand,0.00
2020,8,08/09/2020,BR,No Brand,0.00
2020,8,08/10/2020,BR,No Brand,0.00
2020,8,08/11/2020,BR,No Brand,0.00
2020,8,08/12/2020,BR,No Brand,0.00
2020,8,08/13/2020,BR,No Brand,0.00
2020,8,08/14/2020,BR,No Brand,0.00
2020,8,08/15/2020,BR,No Brand,0.00
2020,8,08/16/2020,BR,No Brand,0.00
2020,8,08/17/2020,BR,No Brand,0.00
2020,8,08/18/2020,BR,No Brand,0.00
2020,8,08/19/2020,BR,No Brand,0.00
2020,8,08/20/2020,BR,No Brand,0.00
2020,8,08/21/2020,BR,No Brand,0.00
2020,8,08/22/2020,BR,No Brand,0.00
2020,8,08/23/2020,BR,No Brand,0.00
2020,8,08/24/2020,BR,No Brand,0.00
2020,8,08/25/2020,BR,No Brand,0.00
2020,8,08/26/2020,BR,No Brand,0.00
2020,8,08/27/2020,BR,No Brand,0.00
2020,8,08/28/2020,BR,No Brand,0.00
2020,8,08/29/2020,BR,No Brand,0.00
2020,8,08/30/2020,BR,No Brand,0.00
2020,8,08/31/2020,BR,No Brand,0.00
2020,9,09/01/2020,BR,No Brand,0.00
2020,9,09/02/2020,BR,No Brand,0.00
2020,9,09/03/2020,BR,No Brand,0.00
2020,9,09/04/2020,BR,No Brand,0.00
2020,9,09/05/2020,BR,No Brand,0.00
2020,9,09/06/2020,BR,No Brand,0.00
2020,9,09/07/2020,BR,No Brand,0.00
2020,9,09/08/2020,BR,No Brand,0.00
2020,9,09/09/2020,BR,No Brand,0.00
2020,9,09/10/2020,BR,No Brand,0.00
2020,9,09/11/2020,BR,No Brand,0.00
2020,9,09/12/2020,BR,No Brand,0.00
2020,9,09/13/2020,BR,No Brand,0.00
2020,9,09/14/2020,BR,No Brand,0.00
2020,9,09/15/2020,BR,No Brand,0.00
2020,9,09/16/2020,BR,No Brand,0.00
2020,9,09/17/2020,BR,No Brand,0.00
2020,9,09/18/2020,BR,No Brand,0.00
2020,9,09/19/2020,BR,No Brand,0.00
2020,9,09/20/2020,BR,No Brand,0.00
2020,9,09/21/2020,BR,No Brand,0.00
2020,9,09/22/2020,BR,No Brand,0.00
2020,9,09/23/2020,BR,No Brand,0.00
2020,9,09/24/2020,BR,No Brand,0.00
2020,9,09/25/2020,BR,No Brand,0.00
2020,9,09/26/2020,BR,No Brand,0.00
2020,9,09/27/2020,BR,No Brand,0.00
2020,9,09/28/2020,BR,No Brand,0.00
2020,9,09/29/2020,BR,No Brand,0.00
2020,9,09/30/2020,BR,No Brand,0.00
2020,10,10/01/2020,BR,No Brand,0.00
2020,10,10/02/2020,BR,No Brand,0.00
2020,10,10/03/2020,BR,No Brand,0.00
2020,10,10/04/2020,BR,No Brand,0.00
2020,10,10/05/2020,BR,No Brand,0.00
2020,10,10/06/2020,BR,No Brand,0.00
2020,10,10/07/2020,BR,No Brand,0.00
2020,10,10/08/2020,BR,No Brand,0.00
2020,10,10/09/2020,BR,No Brand,0.00
2020,10,10/10/2020,BR,No Brand,0.00
2020,10,10/11/2020,BR,No Brand,0.00
2020,10,10/12/2020,BR,No Brand,0.00
2020,10,10/13/2020,BR,No Brand,0.00
2020,10,10/14/2020,BR,No Brand,0.00
2020,10,10/15/2020,BR,No Brand,0.00
2020,10,10/16/2020,BR,No Brand,0.00
2020,10,10/17/2020,BR,No Brand,0.00
2020,10,10/18/2020,BR,No Brand,0.00
2020,10,10/19/2020,BR,No Brand,0.00
2020,10,10/20/2020,BR,No Brand,0.00
2020,10,10/21/2020,BR,No Brand,0.00
2020,10,10/22/2020,BR,No Brand,0.00
2020,10,10/23/2020,BR,No Brand,0.00
2020,10,10/24/2020,BR,No Brand,0.00
2020,10,10/25/2020,BR,No Brand,0.00
2020,10,10/26/2020,BR,No Brand,0.00
2020,10,10/27/2020,BR,No Brand,0.00
2020,10,10/28/2020,BR,No Brand,0.00
2020,10,10/29/2020,BR,No Brand,0.00
2020,10,10/30/2020,BR,No Brand,0.00
2020,10,10/31/2020,BR,No Brand,0.00
2020,11,11/01/2020,BR,No Brand,0.00
2020,11,11/02/2020,BR,No Brand,0.00
2020,11,11/03/2020,BR,No Brand,0.00
2020,11,11/04/2020,BR,No Brand,0.00
2020,11,11/05/2020,BR,No Brand,0.00
2020,11,11/06/2020,BR,No Brand,0.00
2020,11,11/07/2020,BR,No Brand,0.00
2020,11,11/08/2020,BR,No Brand,0.00
2020,11,11/09/2020,BR,No Brand,0.00
2020,11,11/10/2020,BR,No Brand,0.00
2020,11,11/11/2020,BR,No Brand,0.00
2020,11,11/12/2020,BR,No Brand,0.00
2020,11,11/13/2020,BR,No Brand,0.00
2020,11,11/14/2020,BR,No Brand,0.00
2020,11,11/15/2020,BR,No Brand,0.00
2020,11,11/16/2020,BR,No Brand,0.00
2020,11,11/17/2020,BR,No Brand,0.00
2020,11,11/18/2020,BR,No Brand,0.00
2020,11,11/19/2020,BR,No Brand,0.00
2020,11,11/20/2020,BR,No Brand,0.00
2020,11,11/21/2020,BR,No Brand,0.00
2020,11,11/22/2020,BR,No Brand,0.00
2020,11,11/23/2020,BR,No Brand,0.00
2020,11,11/24/2020,BR,No Brand,0.00
2020,11,11/25/2020,BR,No Brand,0.00
2020,11,11/26/2020,BR,No Brand,0.00
2020,11,11/27/2020,BR,No Brand,0.00
2020,11,11/28/2020,BR,No Brand,0.00
2020,11,11/29/2020,BR,No Brand,0.00
2020,11,11/30/2020,BR,No Brand,0.00
2020,12,12/01/2020,BR,No Brand,0.00
2020,12,12/02/2020,BR,No Brand,0.00
2020,12,12/03/2020,BR,No Brand,0.00
2020,12,12/04/2020,BR,No Brand,0.00
2020,12,12/05/2020,BR,No Brand,0.00
2020,12,12/06/2020,BR,No Brand,0.00
2020,12,12/07/2020,BR,No Brand,0.00
2020,12,12/08/2020,BR,No Brand,0.00
2020,12,12/09/2020,BR,No Brand,0.00
2020,12,12/10/2020,BR,No Brand,0.00
2020,12,12/11/2020,BR,No Brand,0.00
2020,12,12/12/2020,BR,No Brand,0.00
2020,12,12/13/2020,BR,No Brand,0.00
2020,12,12/14/2020,BR,No Brand,0.00
2020,12,12/15/2020,BR,No Brand,0.00
2020,12,12/16/2020,BR,No Brand,0.00
2020,12,12/17/2020,BR,No Brand,0.00
2020,12,12/18/2020,BR,No Brand,0.00
2020,12,12/19/2020,BR,No Brand,0.00
2020,12,12/20/2020,BR,No Brand,0.00
2020,12,12/21/2020,BR,No Brand,0.00
2020,12,12/22/2020,BR,No Brand,0.00
2020,12,12/23/2020,BR,No Brand,0.00
2020,12,12/24/2020,BR,No Brand,0.00
2020,12,12/25/2020,BR,No Brand,0.00
2020,12,12/26/2020,BR,No Brand,0.00
2020,12,12/27/2020,BR,No Brand,0.00
2020,12,12/28/2020,BR,No Brand,0.00
2020,12,12/29/2020,BR,No Brand,0.00
2020,12,12/30/2020,BR,No Brand,0.00
2020,12,12/31/2020,BR,No Brand,0.00
2020,1,01/01/2020,CL,No Brand,0.00
2020,1,01/02/2020,CL,No Brand,0.00
2020,1,01/03/2020,CL,No Brand,0.00
2020,1,01/04/2020,CL,No Brand,0.00
2020,1,01/05/2020,CL,No Brand,0.00
2020,1,01/06/2020,CL,No Brand,0.00
2020,1,01/07/2020,CL,No Brand,0.00
2020,1,01/08/2020,CL,No Brand,0.00
2020,1,01/09/2020,CL,No Brand,0.00
2020,1,01/10/2020,CL,No Brand,0.00
2020,1,01/11/2020,CL,No Brand,0.00
2020,1,01/12/2020,CL,No Brand,0.00
2020,1,01/13/2020,CL,No Brand,0.00
2020,1,01/14/2020,CL,No Brand,0.00
2020,1,01/15/2020,CL,No Brand,0.00
2020,1,01/16/2020,CL,No Brand,0.00
2020,1,01/17/2020,CL,No Brand,0.00
2020,1,01/18/2020,CL,No Brand,0.00
2020,1,01/19/2020,CL,No Brand,0.00
2020,1,01/20/2020,CL,No Brand,0.00
2020,1,01/21/2020,CL,No Brand,0.00
2020,1,01/22/2020,CL,No Brand,0.00
2020,1,01/23/2020,CL,No Brand,0.00
2020,1,01/24/2020,CL,No Brand,0.00
2020,1,01/25/2020,CL,No Brand,0.00
2020,1,01/26/2020,CL,No Brand,0.00
2020,1,01/27/2020,CL,No Brand,0.00
2020,1,01/28/2020,CL,No Brand,0.00
2020,1,01/29/2020,CL,No Brand,0.00
2020,1,01/30/2020,CL,No Brand,0.00
2020,1,01/31/2020,CL,No Brand,0.00
2020,2,02/01/2020,CL,No Brand,0.00
2020,2,02/02/2020,CL,No Brand,0.00
2020,2,02/03/2020,CL,No Brand,0.00
2020,2,02/04/2020,CL,No Brand,0.00
2020,2,02/05/2020,CL,No Brand,0.00
2020,2,02/06/2020,CL,No Brand,0.00
2020,2,02/07/2020,CL,No Brand,0.00
2020,2,02/08/2020,CL,No Brand,0.00
2020,2,02/09/2020,CL,No Brand,0.00
2020,2,02/10/2020,CL,No Brand,0.00
2020,2,02/11/2020,CL,No Brand,0.00
2020,2,02/12/2020,CL,No Brand,0.00
2020,2,02/13/2020,CL,No Brand,0.00
2020,2,02/14/2020,CL,No Brand,0.00
2020,2,02/15/2020,CL,No Brand,0.00
2020,2,02/16/2020,CL,No Brand,0.00
2020,2,02/17/2020,CL,No Brand,0.00
2020,2,02/18/2020,CL,No Brand,0.00
2020,2,02/19/2020,CL,No Brand,0.00
2020,2,02/20/2020,CL,No Brand,0.00
2020,2,02/21/2020,CL,No Brand,0.00
2020,2,02/22/2020,CL,No Brand,0.00
2020,2,02/23/2020,CL,No Brand,0.00
2020,2,02/24/2020,CL,No Brand,0.00
2020,2,02/25/2020,CL,No Brand,0.00
2020,2,02/26/2020,CL,No Brand,0.00
2020,2,02/27/2020,CL,No Brand,0.00
2020,2,02/28/2020,CL,No Brand,0.00
2020,2,02/29/2020,CL,No Brand,0.00
2020,3,03/01/2020,CL,No Brand,0.00
2020,3,03/02/2020,CL,No Brand,0.00
2020,3,03/03/2020,CL,No Brand,0.00
2020,3,03/04/2020,CL,No Brand,0.00
2020,3,03/05/2020,CL,No Brand,0.00
2020,3,03/06/2020,CL,No Brand,0.00
2020,3,03/07/2020,CL,No Brand,0.00
2020,3,03/08/2020,CL,No Brand,0.00
2020,3,03/09/2020,CL,No Brand,0.00
2020,3,03/10/2020,CL,No Brand,0.00
2020,3,03/11/2020,CL,No Brand,0.00
2020,3,03/12/2020,CL,No Brand,0.00
2020,3,03/13/2020,CL,No Brand,0.00
2020,3,03/14/2020,CL,No Brand,0.00
2020,3,03/15/2020,CL,No Brand,0.00
2020,3,03/16/2020,CL,No Brand,0.00
2020,3,03/17/2020,CL,No Brand,0.00
2020,3,03/18/2020,CL,No Brand,0.00
2020,3,03/19/2020,CL,No Brand,0.00
2020,3,03/20/2020,CL,No Brand,0.00
2020,3,03/21/2020,CL,No Brand,0.00
2020,3,03/22/2020,CL,No Brand,0.00
2020,3,03/23/2020,CL,No Brand,0.00
2020,3,03/24/2020,CL,No Brand,0.00
2020,3,03/25/2020,CL,No Brand,0.00
2020,3,03/26/2020,CL,No Brand,0.00
2020,3,03/27/2020,CL,No Brand,0.00
2020,3,03/28/2020,CL,No Brand,0.00
2020,3,03/29/2020,CL,No Brand,0.00
2020,3,03/30/2020,CL,No Brand,0.00
2020,3,03/31/2020,CL,No Brand,0.00
2020,4,04/01/2020,CL,No Brand,0.00
2020,4,04/02/2020,CL,No Brand,0.00
2020,4,04/03/2020,CL,No Brand,0.00
2020,4,04/04/2020,CL,No Brand,0.00
2020,4,04/05/2020,CL,No Brand,0.00
2020,4,04/06/2020,CL,No Brand,0.00
2020,4,04/07/2020,CL,No Brand,0.00
2020,4,04/08/2020,CL,No Brand,0.00
2020,4,04/09/2020,CL,No Brand,0.00
2020,4,04/10/2020,CL,No Brand,0.00
2020,4,04/11/2020,CL,No Brand,0.00
2020,4,04/12/2020,CL,No Brand,0.00
2020,4,04/13/2020,CL,No Brand,0.00
2020,4,04/14/2020,CL,No Brand,0.00
2020,4,04/15/2020,CL,No Brand,0.00
2020,4,04/16/2020,CL,No Brand,0.00
2020,4,04/17/2020,CL,No Brand,0.00
2020,4,04/18/2020,CL,No Brand,0.00
2020,4,04/19/2020,CL,No Brand,0.00
2020,4,04/20/2020,CL,No Brand,0.00
2020,4,04/21/2020,CL,No Brand,0.00
2020,4,04/22/2020,CL,No Brand,0.00
2020,4,04/23/2020,CL,No Brand,0.00
2020,4,04/24/2020,CL,No Brand,0.00
2020,4,04/25/2020,CL,No Brand,0.00
2020,4,04/26/2020,CL,No Brand,0.00
2020,4,04/27/2020,CL,No Brand,0.00
2020,4,04/28/2020,CL,No Brand,0.00
2020,4,04/29/2020,CL,No Brand,0.00
2020,4,04/30/2020,CL,No Brand,0.00
2020,5,05/01/2020,CL,No Brand,0.00
2020,5,05/02/2020,CL,No Brand,0.00
2020,5,05/03/2020,CL,No Brand,0.00
2020,5,05/04/2020,CL,No Brand,0.00
2020,5,05/05/2020,CL,No Brand,0.00
2020,5,05/06/2020,CL,No Brand,0.00
2020,5,05/07/2020,CL,No Brand,0.00
2020,5,05/08/2020,CL,No Brand,0.00
2020,5,05/09/2020,CL,No Brand,0.00
2020,5,05/10/2020,CL,No Brand,0.00
2020,5,05/11/2020,CL,No Brand,0.00
2020,5,05/12/2020,CL,No Brand,0.00
2020,5,05/13/2020,CL,No Brand,0.00
2020,5,05/14/2020,CL,No Brand,0.00
2020,5,05/15/2020,CL,No Brand,0.00
2020,5,05/16/2020,CL,No Brand,0.00
2020,5,05/17/2020,CL,No Brand,0.00
2020,5,05/18/2020,CL,No Brand,0.00
2020,5,05/19/2020,CL,No Brand,0.00
2020,5,05/20/2020,CL,No Brand,0.00
2020,5,05/21/2020,CL,No Brand,0.00
2020,5,05/22/2020,CL,No Brand,0.00
2020,5,05/23/2020,CL,No Brand,0.00
2020,5,05/24/2020,CL,No Brand,0.00
2020,5,05/25/2020,CL,No Brand,0.00
2020,5,05/26/2020,CL,No Brand,0.00
2020,5,05/27/2020,CL,No Brand,0.00
2020,5,05/28/2020,CL,No Brand,0.00
2020,5,05/29/2020,CL,No Brand,0.00
2020,5,05/30/2020,CL,No Brand,0.00
2020,5,05/31/2020,CL,No Brand,0.00
2020,6,06/01/2020,CL,No Brand,0.00
2020,6,06/02/2020,CL,No Brand,0.00
2020,6,06/03/2020,CL,No Brand,0.00
2020,6,06/04/2020,CL,No Brand,0.00
2020,6,06/05/2020,CL,No Brand,0.00
2020,6,06/06/2020,CL,No Brand,0.00
2020,6,06/07/2020,CL,No Brand,0.00
2020,6,06/08/2020,CL,No Brand,0.00
2020,6,06/09/2020,CL,No Brand,0.00
2020,6,06/10/2020,CL,No Brand,0.00
2020,6,06/11/2020,CL,No Brand,0.00
2020,6,06/12/2020,CL,No Brand,0.00
2020,6,06/13/2020,CL,No Brand,0.00
2020,6,06/14/2020,CL,No Brand,0.00
2020,6,06/15/2020,CL,No Brand,0.00
2020,6,06/16/2020,CL,No Brand,0.00
2020,6,06/17/2020,CL,No Brand,0.00
2020,6,06/18/2020,CL,No Brand,0.00
2020,6,06/19/2020,CL,No Brand,0.00
2020,6,06/20/2020,CL,No Brand,0.00
2020,6,06/21/2020,CL,No Brand,0.00
2020,6,06/22/2020,CL,No Brand,0.00
2020,6,06/23/2020,CL,No Brand,0.00
2020,6,06/24/2020,CL,No Brand,0.00
2020,6,06/25/2020,CL,No Brand,0.00
2020,6,06/26/2020,CL,No Brand,0.00
2020,6,06/27/2020,CL,No Brand,0.00
2020,6,06/28/2020,CL,No Brand,0.00
2020,6,06/29/2020,CL,No Brand,0.00
2020,6,06/30/2020,CL,No Brand,0.00
2020,7,07/01/2020,CL,No Brand,0.00
2020,7,07/02/2020,CL,No Brand,0.00
2020,7,07/03/2020,CL,No Brand,0.00
2020,7,07/04/2020,CL,No Brand,0.00
2020,7,07/05/2020,CL,No Brand,0.00
2020,7,07/06/2020,CL,No Brand,0.00
2020,7,07/07/2020,CL,No Brand,0.00
2020,7,07/08/2020,CL,No Brand,0.00
2020,7,07/09/2020,CL,No Brand,0.00
2020,7,07/10/2020,CL,No Brand,0.00
2020,7,07/11/2020,CL,No Brand,0.00
2020,7,07/12/2020,CL,No Brand,0.00
2020,7,07/13/2020,CL,No Brand,0.00
2020,7,07/14/2020,CL,No Brand,0.00
2020,7,07/15/2020,CL,No Brand,0.00
2020,7,07/16/2020,CL,No Brand,0.00
2020,7,07/17/2020,CL,No Brand,0.00
2020,7,07/18/2020,CL,No Brand,0.00
2020,7,07/19/2020,CL,No Brand,0.00
2020,7,07/20/2020,CL,No Brand,0.00
2020,7,07/21/2020,CL,No Brand,0.00
2020,7,07/22/2020,CL,No Brand,0.00
2020,7,07/23/2020,CL,No Brand,0.00
2020,7,07/24/2020,CL,No Brand,0.00
2020,7,07/25/2020,CL,No Brand,0.00
2020,7,07/26/2020,CL,No Brand,0.00
2020,7,07/27/2020,CL,No Brand,0.00
2020,7,07/28/2020,CL,No Brand,0.00
2020,7,07/29/2020,CL,No Brand,0.00
2020,7,07/30/2020,CL,No Brand,0.00
2020,7,07/31/2020,CL,No Brand,0.00
2020,8,08/01/2020,CL,No Brand,0.00
2020,8,08/02/2020,CL,No Brand,0.00
2020,8,08/03/2020,CL,No Brand,0.00
2020,8,08/04/2020,CL,No Brand,0.00
2020,8,08/05/2020,CL,No Brand,0.00
2020,8,08/06/2020,CL,No Brand,0.00
2020,8,08/07/2020,CL,No Brand,0.00
2020,8,08/08/2020,CL,No Brand,0.00
2020,8,08/09/2020,CL,No Brand,0.00
2020,8,08/10/2020,CL,No Brand,0.00
2020,8,08/11/2020,CL,No Brand,0.00
2020,8,08/12/2020,CL,No Brand,0.00
2020,8,08/13/2020,CL,No Brand,0.00
2020,8,08/14/2020,CL,No Brand,0.00
2020,8,08/15/2020,CL,No Brand,0.00
2020,8,08/16/2020,CL,No Brand,0.00
2020,8,08/17/2020,CL,No Brand,0.00
2020,8,08/18/2020,CL,No Brand,0.00
2020,8,08/19/2020,CL,No Brand,0.00
2020,8,08/20/2020,CL,No Brand,0.00
2020,8,08/21/2020,CL,No Brand,0.00
2020,8,08/22/2020,CL,No Brand,0.00
2020,8,08/23/2020,CL,No Brand,0.00
2020,8,08/24/2020,CL,No Brand,0.00
2020,8,08/25/2020,CL,No Brand,0.00
2020,8,08/26/2020,CL,No Brand,0.00
2020,8,08/27/2020,CL,No Brand,0.00
2020,8,08/28/2020,CL,No Brand,0.00
2020,8,08/29/2020,CL,No Brand,0.00
2020,8,08/30/2020,CL,No Brand,0.00
2020,8,08/31/2020,CL,No Brand,0.00
2020,9,09/01/2020,CL,No Brand,0.00
2020,9,09/02/2020,CL,No Brand,0.00
2020,9,09/03/2020,CL,No Brand,0.00
2020,9,09/04/2020,CL,No Brand,0.00
2020,9,09/05/2020,CL,No Brand,0.00
2020,9,09/06/2020,CL,No Brand,0.00
2020,9,09/07/2020,CL,No Brand,0.00
2020,9,09/08/2020,CL,No Brand,0.00
2020,9,09/09/2020,CL,No Brand,0.00
2020,9,09/10/2020,CL,No Brand,0.00
2020,9,09/11/2020,CL,No Brand,0.00
2020,9,09/12/2020,CL,No Brand,0.00
2020,9,09/13/2020,CL,No Brand,0.00
2020,9,09/14/2020,CL,No Brand,0.00
2020,9,09/15/2020,CL,No Brand,0.00
2020,9,09/16/2020,CL,No Brand,0.00
2020,9,09/17/2020,CL,No Brand,0.00
2020,9,09/18/2020,CL,No Brand,0.00
2020,9,09/19/2020,CL,No Brand,0.00
2020,9,09/20/2020,CL,No Brand,0.00
2020,9,09/21/2020,CL,No Brand,0.00
2020,9,09/22/2020,CL,No Brand,0.00
2020,9,09/23/2020,CL,No Brand,0.00
2020,9,09/24/2020,CL,No Brand,0.00
2020,9,09/25/2020,CL,No Brand,0.00
2020,9,09/26/2020,CL,No Brand,0.00
2020,9,09/27/2020,CL,No Brand,0.00
2020,9,09/28/2020,CL,No Brand,0.00
2020,9,09/29/2020,CL,No Brand,0.00
2020,9,09/30/2020,CL,No Brand,0.00
2020,10,10/01/2020,CL,No Brand,0.00
2020,10,10/02/2020,CL,No Brand,0.00
2020,10,10/03/2020,CL,No Brand,0.00
2020,10,10/04/2020,CL,No Brand,0.00
2020,10,10/05/2020,CL,No Brand,0.00
2020,10,10/06/2020,CL,No Brand,0.00
2020,10,10/07/2020,CL,No Brand,0.00
2020,10,10/08/2020,CL,No Brand,0.00
2020,10,10/09/2020,CL,No Brand,0.00
2020,10,10/10/2020,CL,No Brand,0.00
2020,10,10/11/2020,CL,No Brand,0.00
2020,10,10/12/2020,CL,No Brand,0.00
2020,10,10/13/2020,CL,No Brand,0.00
2020,10,10/14/2020,CL,No Brand,0.00
2020,10,10/15/2020,CL,No Brand,0.00
2020,10,10/16/2020,CL,No Brand,0.00
2020,10,10/17/2020,CL,No Brand,0.00
2020,10,10/18/2020,CL,No Brand,0.00
2020,10,10/19/2020,CL,No Brand,0.00
2020,10,10/20/2020,CL,No Brand,0.00
2020,10,10/21/2020,CL,No Brand,0.00
2020,10,10/22/2020,CL,No Brand,0.00
2020,10,10/23/2020,CL,No Brand,0.00
2020,10,10/24/2020,CL,No Brand,0.00
2020,10,10/25/2020,CL,No Brand,0.00
2020,10,10/26/2020,CL,No Brand,0.00
2020,10,10/27/2020,CL,No Brand,0.00
2020,10,10/28/2020,CL,No Brand,0.00
2020,10,10/29/2020,CL,No Brand,0.00
2020,10,10/30/2020,CL,No Brand,0.00
2020,10,10/31/2020,CL,No Brand,0.00
2020,11,11/01/2020,CL,No Brand,0.00
2020,11,11/02/2020,CL,No Brand,0.00
2020,11,11/03/2020,CL,No Brand,0.00
2020,11,11/04/2020,CL,No Brand,0.00
2020,11,11/05/2020,CL,No Brand,0.00
2020,11,11/06/2020,CL,No Brand,0.00
2020,11,11/07/2020,CL,No Brand,0.00
2020,11,11/08/2020,CL,No Brand,0.00
2020,11,11/09/2020,CL,No Brand,0.00
2020,11,11/10/2020,CL,No Brand,0.00
2020,11,11/11/2020,CL,No Brand,0.00
2020,11,11/12/2020,CL,No Brand,0.00
2020,11,11/13/2020,CL,No Brand,0.00
2020,11,11/14/2020,CL,No Brand,0.00
2020,11,11/15/2020,CL,No Brand,0.00
2020,11,11/16/2020,CL,No Brand,0.00
2020,11,11/17/2020,CL,No Brand,0.00
2020,11,11/18/2020,CL,No Brand,0.00
2020,11,11/19/2020,CL,No Brand,0.00
2020,11,11/20/2020,CL,No Brand,0.00
2020,11,11/21/2020,CL,No Brand,0.00
2020,11,11/22/2020,CL,No Brand,0.00
2020,11,11/23/2020,CL,No Brand,0.00
2020,11,11/24/2020,CL,No Brand,0.00
2020,11,11/25/2020,CL,No Brand,0.00
2020,11,11/26/2020,CL,No Brand,0.00
2020,11,11/27/2020,CL,No Brand,0.00
2020,11,11/28/2020,CL,No Brand,0.00
2020,11,11/29/2020,CL,No Brand,0.00
2020,11,11/30/2020,CL,No Brand,0.00
2020,12,12/01/2020,CL,No Brand,0.00
2020,12,12/02/2020,CL,No Brand,0.00
2020,12,12/03/2020,CL,No Brand,0.00
2020,12,12/04/2020,CL,No Brand,0.00
2020,12,12/05/2020,CL,No Brand,0.00
2020,12,12/06/2020,CL,No Brand,0.00
2020,12,12/07/2020,CL,No Brand,0.00
2020,12,12/08/2020,CL,No Brand,0.00
2020,12,12/09/2020,CL,No Brand,0.00
2020,12,12/10/2020,CL,No Brand,0.00
2020,12,12/11/2020,CL,No Brand,0.00
2020,12,12/12/2020,CL,No Brand,0.00
2020,12,12/13/2020,CL,No Brand,0.00
2020,12,12/14/2020,CL,No Brand,0.00
2020,12,12/15/2020,CL,No Brand,0.00
2020,12,12/16/2020,CL,No Brand,0.00
2020,12,12/17/2020,CL,No Brand,0.00
2020,12,12/18/2020,CL,No Brand,0.00
2020,12,12/19/2020,CL,No Brand,0.00
2020,12,12/20/2020,CL,No Brand,0.00
2020,12,12/21/2020,CL,No Brand,0.00
2020,12,12/22/2020,CL,No Brand,0.00
2020,12,12/23/2020,CL,No Brand,0.00
2020,12,12/24/2020,CL,No Brand,0.00
2020,12,12/25/2020,CL,No Brand,0.00
2020,12,12/26/2020,CL,No Brand,0.00
2020,12,12/27/2020,CL,No Brand,0.00
2020,12,12/28/2020,CL,No Brand,0.00
2020,12,12/29/2020,CL,No Brand,0.00
2020,12,12/30/2020,CL,No Brand,0.00
2020,12,12/31/2020,CL,No Brand,0.00
2020,1,01/01/2020,CO,No Brand,0.00
2020,1,01/02/2020,CO,No Brand,0.00
2020,1,01/03/2020,CO,No Brand,0.00
2020,1,01/04/2020,CO,No Brand,0.00
2020,1,01/05/2020,CO,No Brand,0.00
2020,1,01/06/2020,CO,No Brand,0.00
2020,1,01/07/2020,CO,No Brand,0.00
2020,1,01/08/2020,CO,No Brand,0.00
2020,1,01/09/2020,CO,No Brand,0.00
2020,1,01/10/2020,CO,No Brand,0.00
2020,1,01/11/2020,CO,No Brand,0.00
2020,1,01/12/2020,CO,No Brand,0.00
2020,1,01/13/2020,CO,No Brand,0.00
2020,1,01/14/2020,CO,No Brand,0.00
2020,1,01/15/2020,CO,No Brand,0.00
2020,1,01/16/2020,CO,No Brand,0.00
2020,1,01/17/2020,CO,No Brand,0.00
2020,1,01/18/2020,CO,No Brand,0.00
2020,1,01/19/2020,CO,No Brand,0.00
2020,1,01/20/2020,CO,No Brand,0.00
2020,1,01/21/2020,CO,No Brand,0.00
2020,1,01/22/2020,CO,No Brand,0.00
2020,1,01/23/2020,CO,No Brand,0.00
2020,1,01/24/2020,CO,No Brand,0.00
2020,1,01/25/2020,CO,No Brand,0.00
2020,1,01/26/2020,CO,No Brand,0.00
2020,1,01/27/2020,CO,No Brand,0.00
2020,1,01/28/2020,CO,No Brand,0.00
2020,1,01/29/2020,CO,No Brand,0.00
2020,1,01/30/2020,CO,No Brand,0.00
2020,1,01/31/2020,CO,No Brand,0.00
2020,2,02/01/2020,CO,No Brand,0.00
2020,2,02/02/2020,CO,No Brand,0.00
2020,2,02/03/2020,CO,No Brand,0.00
2020,2,02/04/2020,CO,No Brand,0.00
2020,2,02/05/2020,CO,No Brand,0.00
2020,2,02/06/2020,CO,No Brand,0.00
2020,2,02/07/2020,CO,No Brand,0.00
2020,2,02/08/2020,CO,No Brand,0.00
2020,2,02/09/2020,CO,No Brand,0.00
2020,2,02/10/2020,CO,No Brand,0.00
2020,2,02/11/2020,CO,No Brand,0.00
2020,2,02/12/2020,CO,No Brand,0.00
2020,2,02/13/2020,CO,No Brand,0.00
2020,2,02/14/2020,CO,No Brand,0.00
2020,2,02/15/2020,CO,No Brand,0.00
2020,2,02/16/2020,CO,No Brand,0.00
2020,2,02/17/2020,CO,No Brand,0.00
2020,2,02/18/2020,CO,No Brand,0.00
2020,2,02/19/2020,CO,No Brand,0.00
2020,2,02/20/2020,CO,No Brand,0.00
2020,2,02/21/2020,CO,No Brand,0.00
2020,2,02/22/2020,CO,No Brand,0.00
2020,2,02/23/2020,CO,No Brand,0.00
2020,2,02/24/2020,CO,No Brand,0.00
2020,2,02/25/2020,CO,No Brand,0.00
2020,2,02/26/2020,CO,No Brand,0.00
2020,2,02/27/2020,CO,No Brand,0.00
2020,2,02/28/2020,CO,No Brand,0.00
2020,2,02/29/2020,CO,No Brand,0.00
2020,3,03/01/2020,CO,No Brand,0.00
2020,3,03/02/2020,CO,No Brand,0.00
2020,3,03/03/2020,CO,No Brand,0.00
2020,3,03/04/2020,CO,No Brand,0.00
2020,3,03/05/2020,CO,No Brand,0.00
2020,3,03/06/2020,CO,No Brand,0.00
2020,3,03/07/2020,CO,No Brand,0.00
2020,3,03/08/2020,CO,No Brand,0.00
2020,3,03/09/2020,CO,No Brand,0.00
2020,3,03/10/2020,CO,No Brand,0.00
2020,3,03/11/2020,CO,No Brand,0.00
2020,3,03/12/2020,CO,No Brand,0.00
2020,3,03/13/2020,CO,No Brand,0.00
2020,3,03/14/2020,CO,No Brand,0.00
2020,3,03/15/2020,CO,No Brand,0.00
2020,3,03/16/2020,CO,No Brand,0.00
2020,3,03/17/2020,CO,No Brand,0.00
2020,3,03/18/2020,CO,No Brand,0.00
2020,3,03/19/2020,CO,No Brand,0.00
2020,3,03/20/2020,CO,No Brand,0.00
2020,3,03/21/2020,CO,No Brand,0.00
2020,3,03/22/2020,CO,No Brand,0.00
2020,3,03/23/2020,CO,No Brand,0.00
2020,3,03/24/2020,CO,No Brand,0.00
2020,3,03/25/2020,CO,No Brand,0.00
2020,3,03/26/2020,CO,No Brand,0.00
2020,3,03/27/2020,CO,No Brand,0.00
2020,3,03/28/2020,CO,No Brand,0.00
2020,3,03/29/2020,CO,No Brand,0.00
2020,3,03/30/2020,CO,No Brand,0.00
2020,3,03/31/2020,CO,No Brand,0.00
2020,4,04/01/2020,CO,No Brand,0.00
2020,4,04/02/2020,CO,No Brand,0.00
2020,4,04/03/2020,CO,No Brand,0.00
2020,4,04/04/2020,CO,No Brand,0.00
2020,4,04/05/2020,CO,No Brand,0.00
2020,4,04/06/2020,CO,No Brand,0.00
2020,4,04/07/2020,CO,No Brand,0.00
2020,4,04/08/2020,CO,No Brand,0.00
2020,4,04/09/2020,CO,No Brand,0.00
2020,4,04/10/2020,CO,No Brand,0.00
2020,4,04/11/2020,CO,No Brand,0.00
2020,4,04/12/2020,CO,No Brand,0.00
2020,4,04/13/2020,CO,No Brand,0.00
2020,4,04/14/2020,CO,No Brand,0.00
2020,4,04/15/2020,CO,No Brand,0.00
2020,4,04/16/2020,CO,No Brand,0.00
2020,4,04/17/2020,CO,No Brand,0.00
2020,4,04/18/2020,CO,No Brand,0.00
2020,4,04/19/2020,CO,No Brand,0.00
2020,4,04/20/2020,CO,No Brand,0.00
2020,4,04/21/2020,CO,No Brand,0.00
2020,4,04/22/2020,CO,No Brand,0.00
2020,4,04/23/2020,CO,No Brand,0.00
2020,4,04/24/2020,CO,No Brand,0.00
2020,4,04/25/2020,CO,No Brand,0.00
2020,4,04/26/2020,CO,No Brand,0.00
2020,4,04/27/2020,CO,No Brand,0.00
2020,4,04/28/2020,CO,No Brand,0.00
2020,4,04/29/2020,CO,No Brand,0.00
2020,4,04/30/2020,CO,No Brand,0.00
2020,5,05/01/2020,CO,No Brand,0.00
2020,5,05/02/2020,CO,No Brand,0.00
2020,5,05/03/2020,CO,No Brand,0.00
2020,5,05/04/2020,CO,No Brand,0.00
2020,5,05/05/2020,CO,No Brand,0.00
2020,5,05/06/2020,CO,No Brand,0.00
2020,5,05/07/2020,CO,No Brand,0.00
2020,5,05/08/2020,CO,No Brand,0.00
2020,5,05/09/2020,CO,No Brand,0.00
2020,5,05/10/2020,CO,No Brand,0.00
2020,5,05/11/2020,CO,No Brand,0.00
2020,5,05/12/2020,CO,No Brand,0.00
2020,5,05/13/2020,CO,No Brand,0.00
2020,5,05/14/2020,CO,No Brand,0.00
2020,5,05/15/2020,CO,No Brand,0.00
2020,5,05/16/2020,CO,No Brand,0.00
2020,5,05/17/2020,CO,No Brand,0.00
2020,5,05/18/2020,CO,No Brand,0.00
2020,5,05/19/2020,CO,No Brand,0.00
2020,5,05/20/2020,CO,No Brand,0.00
2020,5,05/21/2020,CO,No Brand,0.00
2020,5,05/22/2020,CO,No Brand,0.00
2020,5,05/23/2020,CO,No Brand,0.00
2020,5,05/24/2020,CO,No Brand,0.00
2020,5,05/25/2020,CO,No Brand,0.00
2020,5,05/26/2020,CO,No Brand,0.00
2020,5,05/27/2020,CO,No Brand,0.00
2020,5,05/28/2020,CO,No Brand,0.00
2020,5,05/29/2020,CO,No Brand,0.00
2020,5,05/30/2020,CO,No Brand,0.00
2020,5,05/31/2020,CO,No Brand,0.00
2020,6,06/01/2020,CO,No Brand,0.00
2020,6,06/02/2020,CO,No Brand,0.00
2020,6,06/03/2020,CO,No Brand,0.00
2020,6,06/04/2020,CO,No Brand,0.00
2020,6,06/05/2020,CO,No Brand,0.00
2020,6,06/06/2020,CO,No Brand,0.00
2020,6,06/07/2020,CO,No Brand,0.00
2020,6,06/08/2020,CO,No Brand,0.00
2020,6,06/09/2020,CO,No Brand,0.00
2020,6,06/10/2020,CO,No Brand,0.00
2020,6,06/11/2020,CO,No Brand,0.00
2020,6,06/12/2020,CO,No Brand,0.00
2020,6,06/13/2020,CO,No Brand,0.00
2020,6,06/14/2020,CO,No Brand,0.00
2020,6,06/15/2020,CO,No Brand,0.00
2020,6,06/16/2020,CO,No Brand,0.00
2020,6,06/17/2020,CO,No Brand,0.00
2020,6,06/18/2020,CO,No Brand,0.00
2020,6,06/19/2020,CO,No Brand,0.00
2020,6,06/20/2020,CO,No Brand,0.00
2020,6,06/21/2020,CO,No Brand,0.00
2020,6,06/22/2020,CO,No Brand,0.00
2020,6,06/23/2020,CO,No Brand,0.00
2020,6,06/24/2020,CO,No Brand,0.00
2020,6,06/25/2020,CO,No Brand,0.00
2020,6,06/26/2020,CO,No Brand,0.00
2020,6,06/27/2020,CO,No Brand,0.00
2020,6,06/28/2020,CO,No Brand,0.00
2020,6,06/29/2020,CO,No Brand,0.00
2020,6,06/30/2020,CO,No Brand,0.00
2020,7,07/01/2020,CO,No Brand,0.00
2020,7,07/02/2020,CO,No Brand,0.00
2020,7,07/03/2020,CO,No Brand,0.00
2020,7,07/04/2020,CO,No Brand,0.00
2020,7,07/05/2020,CO,No Brand,0.00
2020,7,07/06/2020,CO,No Brand,0.00
2020,7,07/07/2020,CO,No Brand,0.00
2020,7,07/08/2020,CO,No Brand,0.00
2020,7,07/09/2020,CO,No Brand,0.00
2020,7,07/10/2020,CO,No Brand,0.00
2020,7,07/11/2020,CO,No Brand,0.00
2020,7,07/12/2020,CO,No Brand,0.00
2020,7,07/13/2020,CO,No Brand,0.00
2020,7,07/14/2020,CO,No Brand,0.00
2020,7,07/15/2020,CO,No Brand,0.00
2020,7,07/16/2020,CO,No Brand,0.00
2020,7,07/17/2020,CO,No Brand,0.00
2020,7,07/18/2020,CO,No Brand,0.00
2020,7,07/19/2020,CO,No Brand,0.00
2020,7,07/20/2020,CO,No Brand,0.00
2020,7,07/21/2020,CO,No Brand,0.00
2020,7,07/22/2020,CO,No Brand,0.00
2020,7,07/23/2020,CO,No Brand,0.00
2020,7,07/24/2020,CO,No Brand,0.00
2020,7,07/25/2020,CO,No Brand,0.00
2020,7,07/26/2020,CO,No Brand,0.00
2020,7,07/27/2020,CO,No Brand,0.00
2020,7,07/28/2020,CO,No Brand,0.00
2020,7,07/29/2020,CO,No Brand,0.00
2020,7,07/30/2020,CO,No Brand,0.00
2020,7,07/31/2020,CO,No Brand,0.00
2020,8,08/01/2020,CO,No Brand,0.00
2020,8,08/02/2020,CO,No Brand,0.00
2020,8,08/03/2020,CO,No Brand,0.00
2020,8,08/04/2020,CO,No Brand,0.00
2020,8,08/05/2020,CO,No Brand,0.00
2020,8,08/06/2020,CO,No Brand,0.00
2020,8,08/07/2020,CO,No Brand,0.00
2020,8,08/08/2020,CO,No Brand,0.00
2020,8,08/09/2020,CO,No Brand,0.00
2020,8,08/10/2020,CO,No Brand,0.00
2020,8,08/11/2020,CO,No Brand,0.00
2020,8,08/12/2020,CO,No Brand,0.00
2020,8,08/13/2020,CO,No Brand,0.00
2020,8,08/14/2020,CO,No Brand,0.00
2020,8,08/15/2020,CO,No Brand,0.00
2020,8,08/16/2020,CO,No Brand,0.00
2020,8,08/17/2020,CO,No Brand,0.00
2020,8,08/18/2020,CO,No Brand,0.00
2020,8,08/19/2020,CO,No Brand,0.00
2020,8,08/20/2020,CO,No Brand,0.00
2020,8,08/21/2020,CO,No Brand,0.00
2020,8,08/22/2020,CO,No Brand,0.00
2020,8,08/23/2020,CO,No Brand,0.00
2020,8,08/24/2020,CO,No Brand,0.00
2020,8,08/25/2020,CO,No Brand,0.00
2020,8,08/26/2020,CO,No Brand,0.00
2020,8,08/27/2020,CO,No Brand,0.00
2020,8,08/28/2020,CO,No Brand,0.00
2020,8,08/29/2020,CO,No Brand,0.00
2020,8,08/30/2020,CO,No Brand,0.00
2020,8,08/31/2020,CO,No Brand,0.00
2020,9,09/01/2020,CO,No Brand,0.00
2020,9,09/02/2020,CO,No Brand,0.00
2020,9,09/03/2020,CO,No Brand,0.00
2020,9,09/04/2020,CO,No Brand,0.00
2020,9,09/05/2020,CO,No Brand,0.00
2020,9,09/06/2020,CO,No Brand,0.00
2020,9,09/07/2020,CO,No Brand,0.00
2020,9,09/08/2020,CO,No Brand,0.00
2020,9,09/09/2020,CO,No Brand,0.00
2020,9,09/10/2020,CO,No Brand,0.00
2020,9,09/11/2020,CO,No Brand,0.00
2020,9,09/12/2020,CO,No Brand,0.00
2020,9,09/13/2020,CO,No Brand,0.00
2020,9,09/14/2020,CO,No Brand,0.00
2020,9,09/15/2020,CO,No Brand,0.00
2020,9,09/16/2020,CO,No Brand,0.00
2020,9,09/17/2020,CO,No Brand,0.00
2020,9,09/18/2020,CO,No Brand,0.00
2020,9,09/19/2020,CO,No Brand,0.00
2020,9,09/20/2020,CO,No Brand,0.00
2020,9,09/21/2020,CO,No Brand,0.00
2020,9,09/22/2020,CO,No Brand,0.00
2020,9,09/23/2020,CO,No Brand,0.00
2020,9,09/24/2020,CO,No Brand,0.00
2020,9,09/25/2020,CO,No Brand,0.00
2020,9,09/26/2020,CO,No Brand,0.00
2020,9,09/27/2020,CO,No Brand,0.00
2020,9,09/28/2020,CO,No Brand,0.00
2020,9,09/29/2020,CO,No Brand,0.00
2020,9,09/30/2020,CO,No Brand,0.00
2020,10,10/01/2020,CO,No Brand,0.00
2020,10,10/02/2020,CO,No Brand,0.00
2020,10,10/03/2020,CO,No Brand,0.00
2020,10,10/04/2020,CO,No Brand,0.00
2020,10,10/05/2020,CO,No Brand,0.00
2020,10,10/06/2020,CO,No Brand,0.00
2020,10,10/07/2020,CO,No Brand,0.00
2020,10,10/08/2020,CO,No Brand,0.00
2020,10,10/09/2020,CO,No Brand,0.00
2020,10,10/10/2020,CO,No Brand,0.00
2020,10,10/11/2020,CO,No Brand,0.00
2020,10,10/12/2020,CO,No Brand,0.00
2020,10,10/13/2020,CO,No Brand,0.00
2020,10,10/14/2020,CO,No Brand,0.00
2020,10,10/15/2020,CO,No Brand,0.00
2020,10,10/16/2020,CO,No Brand,0.00
2020,10,10/17/2020,CO,No Brand,0.00
2020,10,10/18/2020,CO,No Brand,0.00
2020,10,10/19/2020,CO,No Brand,0.00
2020,10,10/20/2020,CO,No Brand,0.00
2020,10,10/21/2020,CO,No Brand,0.00
2020,10,10/22/2020,CO,No Brand,0.00
2020,10,10/23/2020,CO,No Brand,0.00
2020,10,10/24/2020,CO,No Brand,0.00
2020,10,10/25/2020,CO,No Brand,0.00
2020,10,10/26/2020,CO,No Brand,0.00
2020,10,10/27/2020,CO,No Brand,0.00
2020,10,10/28/2020,CO,No Brand,0.00
2020,10,10/29/2020,CO,No Brand,0.00
2020,10,10/30/2020,CO,No Brand,0.00
2020,10,10/31/2020,CO,No Brand,0.00
2020,11,11/01/2020,CO,No Brand,0.00
2020,11,11/02/2020,CO,No Brand,0.00
2020,11,11/03/2020,CO,No Brand,0.00
2020,11,11/04/2020,CO,No Brand,0.00
2020,11,11/05/2020,CO,No Brand,0.00
2020,11,11/06/2020,CO,No Brand,0.00
2020,11,11/07/2020,CO,No Brand,0.00
2020,11,11/08/2020,CO,No Brand,0.00
2020,11,11/09/2020,CO,No Brand,0.00
2020,11,11/10/2020,CO,No Brand,0.00
2020,11,11/11/2020,CO,No Brand,0.00
2020,11,11/12/2020,CO,No Brand,0.00
2020,11,11/13/2020,CO,No Brand,0.00
2020,11,11/14/2020,CO,No Brand,0.00
2020,11,11/15/2020,CO,No Brand,0.00
2020,11,11/16/2020,CO,No Brand,0.00
2020,11,11/17/2020,CO,No Brand,0.00
2020,11,11/18/2020,CO,No Brand,0.00
2020,11,11/19/2020,CO,No Brand,0.00
2020,11,11/20/2020,CO,No Brand,0.00
2020,11,11/21/2020,CO,No Brand,0.00
2020,11,11/22/2020,CO,No Brand,0.00
2020,11,11/23/2020,CO,No Brand,0.00
2020,11,11/24/2020,CO,No Brand,0.00
2020,11,11/25/2020,CO,No Brand,0.00
2020,11,11/26/2020,CO,No Brand,0.00
2020,11,11/27/2020,CO,No Brand,0.00
2020,11,11/28/2020,CO,No Brand,0.00
2020,11,11/29/2020,CO,No Brand,0.00
2020,11,11/30/2020,CO,No Brand,0.00
2020,12,12/01/2020,CO,No Brand,0.00
2020,12,12/02/2020,CO,No Brand,0.00
2020,12,12/03/2020,CO,No Brand,0.00
2020,12,12/04/2020,CO,No Brand,0.00
2020,12,12/05/2020,CO,No Brand,0.00
2020,12,12/06/2020,CO,No Brand,0.00
2020,12,12/07/2020,CO,No Brand,0.00
2020,12,12/08/2020,CO,No Brand,0.00
2020,12,12/09/2020,CO,No Brand,0.00
2020,12,12/10/2020,CO,No Brand,0.00
2020,12,12/11/2020,CO,No Brand,0.00
2020,12,12/12/2020,CO,No Brand,0.00
2020,12,12/13/2020,CO,No Brand,0.00
2020,12,12/14/2020,CO,No Brand,0.00
2020,12,12/15/2020,CO,No Brand,0.00
2020,12,12/16/2020,CO,No Brand,0.00
2020,12,12/17/2020,CO,No Brand,0.00
2020,12,12/18/2020,CO,No Brand,0.00
2020,12,12/19/2020,CO,No Brand,0.00
2020,12,12/20/2020,CO,No Brand,0.00
2020,12,12/21/2020,CO,No Brand,0.00
2020,12,12/22/2020,CO,No Brand,0.00
2020,12,12/23/2020,CO,No Brand,0.00
2020,12,12/24/2020,CO,No Brand,0.00
2020,12,12/25/2020,CO,No Brand,0.00
2020,12,12/26/2020,CO,No Brand,0.00
2020,12,12/27/2020,CO,No Brand,0.00
2020,12,12/28/2020,CO,No Brand,0.00
2020,12,12/29/2020,CO,No Brand,0.00
2020,12,12/30/2020,CO,No Brand,0.00
2020,12,12/31/2020,CO,No Brand,0.00
2020,1,01/01/2020,MX,No Brand,0.00
2020,1,01/02/2020,MX,No Brand,0.00
2020,1,01/03/2020,MX,No Brand,0.00
2020,1,01/04/2020,MX,No Brand,0.00
2020,1,01/05/2020,MX,No Brand,0.00
2020,1,01/06/2020,MX,No Brand,0.00
2020,1,01/07/2020,MX,No Brand,0.00
2020,1,01/08/2020,MX,No Brand,0.00
2020,1,01/09/2020,MX,No Brand,0.00
2020,1,01/10/2020,MX,No Brand,0.00
2020,1,01/11/2020,MX,No Brand,0.00
2020,1,01/12/2020,MX,No Brand,0.00
2020,1,01/13/2020,MX,No Brand,0.00
2020,1,01/14/2020,MX,No Brand,0.00
2020,1,01/15/2020,MX,No Brand,0.00
2020,1,01/16/2020,MX,No Brand,0.00
2020,1,01/17/2020,MX,No Brand,0.00
2020,1,01/18/2020,MX,No Brand,0.00
2020,1,01/19/2020,MX,No Brand,0.00
2020,1,01/20/2020,MX,No Brand,0.00
2020,1,01/21/2020,MX,No Brand,0.00
2020,1,01/22/2020,MX,No Brand,0.00
2020,1,01/23/2020,MX,No Brand,0.00
2020,1,01/24/2020,MX,No Brand,0.00
2020,1,01/25/2020,MX,No Brand,0.00
2020,1,01/26/2020,MX,No Brand,0.00
2020,1,01/27/2020,MX,No Brand,0.00
2020,1,01/28/2020,MX,No Brand,0.00
2020,1,01/29/2020,MX,No Brand,0.00
2020,1,01/30/2020,MX,No Brand,0.00
2020,1,01/31/2020,MX,No Brand,0.00
2020,2,02/01/2020,MX,No Brand,0.00
2020,2,02/02/2020,MX,No Brand,0.00
2020,2,02/03/2020,MX,No Brand,0.00
2020,2,02/04/2020,MX,No Brand,0.00
2020,2,02/05/2020,MX,No Brand,0.00
2020,2,02/06/2020,MX,No Brand,0.00
2020,2,02/07/2020,MX,No Brand,0.00
2020,2,02/08/2020,MX,No Brand,0.00
2020,2,02/09/2020,MX,No Brand,0.00
2020,2,02/10/2020,MX,No Brand,0.00
2020,2,02/11/2020,MX,No Brand,0.00
2020,2,02/12/2020,MX,No Brand,0.00
2020,2,02/13/2020,MX,No Brand,0.00
2020,2,02/14/2020,MX,No Brand,0.00
2020,2,02/15/2020,MX,No Brand,0.00
2020,2,02/16/2020,MX,No Brand,0.00
2020,2,02/17/2020,MX,No Brand,0.00
2020,2,02/18/2020,MX,No Brand,0.00
2020,2,02/19/2020,MX,No Brand,0.00
2020,2,02/20/2020,MX,No Brand,0.00
2020,2,02/21/2020,MX,No Brand,0.00
2020,2,02/22/2020,MX,No Brand,0.00
2020,2,02/23/2020,MX,No Brand,0.00
2020,2,02/24/2020,MX,No Brand,0.00
2020,2,02/25/2020,MX,No Brand,0.00
2020,2,02/26/2020,MX,No Brand,0.00
2020,2,02/27/2020,MX,No Brand,0.00
2020,2,02/28/2020,MX,No Brand,0.00
2020,2,02/29/2020,MX,No Brand,0.00
2020,3,03/01/2020,MX,No Brand,0.00
2020,3,03/02/2020,MX,No Brand,0.00
2020,3,03/03/2020,MX,No Brand,0.00
2020,3,03/04/2020,MX,No Brand,0.00
2020,3,03/05/2020,MX,No Brand,0.00
2020,3,03/06/2020,MX,No Brand,0.00
2020,3,03/07/2020,MX,No Brand,0.00
2020,3,03/08/2020,MX,No Brand,0.00
2020,3,03/09/2020,MX,No Brand,0.00
2020,3,03/10/2020,MX,No Brand,0.00
2020,3,03/11/2020,MX,No Brand,0.00
2020,3,03/12/2020,MX,No Brand,0.00
2020,3,03/13/2020,MX,No Brand,0.00
2020,3,03/14/2020,MX,No Brand,0.00
2020,3,03/15/2020,MX,No Brand,0.00
2020,3,03/16/2020,MX,No Brand,0.00
2020,3,03/17/2020,MX,No Brand,0.00
2020,3,03/18/2020,MX,No Brand,0.00
2020,3,03/19/2020,MX,No Brand,0.00
2020,3,03/20/2020,MX,No Brand,0.00
2020,3,03/21/2020,MX,No Brand,0.00
2020,3,03/22/2020,MX,No Brand,0.00
2020,3,03/23/2020,MX,No Brand,0.00
2020,3,03/24/2020,MX,No Brand,0.00
2020,3,03/25/2020,MX,No Brand,0.00
2020,3,03/26/2020,MX,No Brand,0.00
2020,3,03/27/2020,MX,No Brand,0.00
2020,3,03/28/2020,MX,No Brand,0.00
2020,3,03/29/2020,MX,No Brand,0.00
2020,3,03/30/2020,MX,No Brand,0.00
2020,3,03/31/2020,MX,No Brand,0.00
2020,4,04/01/2020,MX,No Brand,0.00
2020,4,04/02/2020,MX,No Brand,0.00
2020,4,04/03/2020,MX,No Brand,0.00
2020,4,04/04/2020,MX,No Brand,0.00
2020,4,04/05/2020,MX,No Brand,0.00
2020,4,04/06/2020,MX,No Brand,0.00
2020,4,04/07/2020,MX,No Brand,0.00
2020,4,04/08/2020,MX,No Brand,0.00
2020,4,04/09/2020,MX,No Brand,0.00
2020,4,04/10/2020,MX,No Brand,0.00
2020,4,04/11/2020,MX,No Brand,0.00
2020,4,04/12/2020,MX,No Brand,0.00
2020,4,04/13/2020,MX,No Brand,0.00
2020,4,04/14/2020,MX,No Brand,0.00
2020,4,04/15/2020,MX,No Brand,0.00
2020,4,04/16/2020,MX,No Brand,0.00
2020,4,04/17/2020,MX,No Brand,0.00
2020,4,04/18/2020,MX,No Brand,0.00
2020,4,04/19/2020,MX,No Brand,0.00
2020,4,04/20/2020,MX,No Brand,0.00
2020,4,04/21/2020,MX,No Brand,0.00
2020,4,04/22/2020,MX,No Brand,0.00
2020,4,04/23/2020,MX,No Brand,0.00
2020,4,04/24/2020,MX,No Brand,0.00
2020,4,04/25/2020,MX,No Brand,0.00
2020,4,04/26/2020,MX,No Brand,0.00
2020,4,04/27/2020,MX,No Brand,0.00
2020,4,04/28/2020,MX,No Brand,0.00
2020,4,04/29/2020,MX,No Brand,0.00
2020,4,04/30/2020,MX,No Brand,0.00
2020,5,05/01/2020,MX,No Brand,0.00
2020,5,05/02/2020,MX,No Brand,0.00
2020,5,05/03/2020,MX,No Brand,0.00
2020,5,05/04/2020,MX,No Brand,0.00
2020,5,05/05/2020,MX,No Brand,0.00
2020,5,05/06/2020,MX,No Brand,0.00
2020,5,05/07/2020,MX,No Brand,0.00
2020,5,05/08/2020,MX,No Brand,0.00
2020,5,05/09/2020,MX,No Brand,0.00
2020,5,05/10/2020,MX,No Brand,0.00
2020,5,05/11/2020,MX,No Brand,0.00
2020,5,05/12/2020,MX,No Brand,0.00
2020,5,05/13/2020,MX,No Brand,0.00
2020,5,05/14/2020,MX,No Brand,0.00
2020,5,05/15/2020,MX,No Brand,0.00
2020,5,05/16/2020,MX,No Brand,0.00
2020,5,05/17/2020,MX,No Brand,0.00
2020,5,05/18/2020,MX,No Brand,0.00
2020,5,05/19/2020,MX,No Brand,0.00
2020,5,05/20/2020,MX,No Brand,0.00
2020,5,05/21/2020,MX,No Brand,0.00
2020,5,05/22/2020,MX,No Brand,0.00
2020,5,05/23/2020,MX,No Brand,0.00
2020,5,05/24/2020,MX,No Brand,0.00
2020,5,05/25/2020,MX,No Brand,0.00
2020,5,05/26/2020,MX,No Brand,0.00
2020,5,05/27/2020,MX,No Brand,0.00
2020,5,05/28/2020,MX,No Brand,0.00
2020,5,05/29/2020,MX,No Brand,0.00
2020,5,05/30/2020,MX,No Brand,0.00
2020,5,05/31/2020,MX,No Brand,0.00
2020,6,06/01/2020,MX,No Brand,0.00
2020,6,06/02/2020,MX,No Brand,0.00
2020,6,06/03/2020,MX,No Brand,0.00
2020,6,06/04/2020,MX,No Brand,0.00
2020,6,06/05/2020,MX,No Brand,0.00
2020,6,06/06/2020,MX,No Brand,0.00
2020,6,06/07/2020,MX,No Brand,0.00
2020,6,06/08/2020,MX,No Brand,0.00
2020,6,06/09/2020,MX,No Brand,0.00
2020,6,06/10/2020,MX,No Brand,0.00
2020,6,06/11/2020,MX,No Brand,0.00
2020,6,06/12/2020,MX,No Brand,0.00
2020,6,06/13/2020,MX,No Brand,0.00
2020,6,06/14/2020,MX,No Brand,0.00
2020,6,06/15/2020,MX,No Brand,0.00
2020,6,06/16/2020,MX,No Brand,0.00
2020,6,06/17/2020,MX,No Brand,0.00
2020,6,06/18/2020,MX,No Brand,0.00
2020,6,06/19/2020,MX,No Brand,0.00
2020,6,06/20/2020,MX,No Brand,0.00
2020,6,06/21/2020,MX,No Brand,0.00
2020,6,06/22/2020,MX,No Brand,0.00
2020,6,06/23/2020,MX,No Brand,0.00
2020,6,06/24/2020,MX,No Brand,0.00
2020,6,06/25/2020,MX,No Brand,0.00
2020,6,06/26/2020,MX,No Brand,0.00
2020,6,06/27/2020,MX,No Brand,0.00
2020,6,06/28/2020,MX,No Brand,0.00
2020,6,06/29/2020,MX,No Brand,0.00
2020,6,06/30/2020,MX,No Brand,0.00
2020,7,07/01/2020,MX,No Brand,0.00
2020,7,07/02/2020,MX,No Brand,0.00
2020,7,07/03/2020,MX,No Brand,0.00
2020,7,07/04/2020,MX,No Brand,0.00
2020,7,07/05/2020,MX,No Brand,0.00
2020,7,07/06/2020,MX,No Brand,0.00
2020,7,07/07/2020,MX,No Brand,0.00
2020,7,07/08/2020,MX,No Brand,0.00
2020,7,07/09/2020,MX,No Brand,0.00
2020,7,07/10/2020,MX,No Brand,0.00
2020,7,07/11/2020,MX,No Brand,0.00
2020,7,07/12/2020,MX,No Brand,0.00
2020,7,07/13/2020,MX,No Brand,0.00
2020,7,07/14/2020,MX,No Brand,0.00
2020,7,07/15/2020,MX,No Brand,0.00
2020,7,07/16/2020,MX,No Brand,0.00
2020,7,07/17/2020,MX,No Brand,0.00
2020,7,07/18/2020,MX,No Brand,0.00
2020,7,07/19/2020,MX,No Brand,0.00
2020,7,07/20/2020,MX,No Brand,0.00
2020,7,07/21/2020,MX,No Brand,0.00
2020,7,07/22/2020,MX,No Brand,0.00
2020,7,07/23/2020,MX,No Brand,0.00
2020,7,07/24/2020,MX,No Brand,0.00
2020,7,07/25/2020,MX,No Brand,0.00
2020,7,07/26/2020,MX,No Brand,0.00
2020,7,07/27/2020,MX,No Brand,0.00
2020,7,07/28/2020,MX,No Brand,0.00
2020,7,07/29/2020,MX,No Brand,0.00
2020,7,07/30/2020,MX,No Brand,0.00
2020,7,07/31/2020,MX,No Brand,0.00
2020,8,08/01/2020,MX,No Brand,0.00
2020,8,08/02/2020,MX,No Brand,0.00
2020,8,08/03/2020,MX,No Brand,0.00
2020,8,08/04/2020,MX,No Brand,0.00
2020,8,08/05/2020,MX,No Brand,0.00
2020,8,08/06/2020,MX,No Brand,0.00
2020,8,08/07/2020,MX,No Brand,0.00
2020,8,08/08/2020,MX,No Brand,0.00
2020,8,08/09/2020,MX,No Brand,0.00
2020,8,08/10/2020,MX,No Brand,0.00
2020,8,08/11/2020,MX,No Brand,0.00
2020,8,08/12/2020,MX,No Brand,0.00
2020,8,08/13/2020,MX,No Brand,0.00
2020,8,08/14/2020,MX,No Brand,0.00
2020,8,08/15/2020,MX,No Brand,0.00
2020,8,08/16/2020,MX,No Brand,0.00
2020,8,08/17/2020,MX,No Brand,0.00
2020,8,08/18/2020,MX,No Brand,0.00
2020,8,08/19/2020,MX,No Brand,0.00
2020,8,08/20/2020,MX,No Brand,0.00
2020,8,08/21/2020,MX,No Brand,0.00
2020,8,08/22/2020,MX,No Brand,0.00
2020,8,08/23/2020,MX,No Brand,0.00
2020,8,08/24/2020,MX,No Brand,0.00
2020,8,08/25/2020,MX,No Brand,0.00
2020,8,08/26/2020,MX,No Brand,0.00
2020,8,08/27/2020,MX,No Brand,0.00
2020,8,08/28/2020,MX,No Brand,0.00
2020,8,08/29/2020,MX,No Brand,0.00
2020,8,08/30/2020,MX,No Brand,0.00
2020,8,08/31/2020,MX,No Brand,0.00
2020,9,09/01/2020,MX,No Brand,0.00
2020,9,09/02/2020,MX,No Brand,0.00
2020,9,09/03/2020,MX,No Brand,0.00
2020,9,09/04/2020,MX,No Brand,0.00
2020,9,09/05/2020,MX,No Brand,0.00
2020,9,09/06/2020,MX,No Brand,0.00
2020,9,09/07/2020,MX,No Brand,0.00
2020,9,09/08/2020,MX,No Brand,0.00
2020,9,09/09/2020,MX,No Brand,0.00
2020,9,09/10/2020,MX,No Brand,0.00
2020,9,09/11/2020,MX,No Brand,0.00
2020,9,09/12/2020,MX,No Brand,0.00
2020,9,09/13/2020,MX,No Brand,0.00
2020,9,09/14/2020,MX,No Brand,0.00
2020,9,09/15/2020,MX,No Brand,0.00
2020,9,09/16/2020,MX,No Brand,0.00
2020,9,09/17/2020,MX,No Brand,0.00
2020,9,09/18/2020,MX,No Brand,0.00
2020,9,09/19/2020,MX,No Brand,0.00
2020,9,09/20/2020,MX,No Brand,0.00
2020,9,09/21/2020,MX,No Brand,0.00
2020,9,09/22/2020,MX,No Brand,0.00
2020,9,09/23/2020,MX,No Brand,0.00
2020,9,09/24/2020,MX,No Brand,0.00
2020,9,09/25/2020,MX,No Brand,0.00
2020,9,09/26/2020,MX,No Brand,0.00
2020,9,09/27/2020,MX,No Brand,0.00
2020,9,09/28/2020,MX,No Brand,0.00
2020,9,09/29/2020,MX,No Brand,0.00
2020,9,09/30/2020,MX,No Brand,0.00
2020,10,10/01/2020,MX,No Brand,0.00
2020,10,10/02/2020,MX,No Brand,0.00
2020,10,10/03/2020,MX,No Brand,0.00
2020,10,10/04/2020,MX,No Brand,0.00
2020,10,10/05/2020,MX,No Brand,0.00
2020,10,10/06/2020,MX,No Brand,0.00
2020,10,10/07/2020,MX,No Brand,0.00
2020,10,10/08/2020,MX,No Brand,0.00
2020,10,10/09/2020,MX,No Brand,0.00
2020,10,10/10/2020,MX,No Brand,0.00
2020,10,10/11/2020,MX,No Brand,0.00
2020,10,10/12/2020,MX,No Brand,0.00
2020,10,10/13/2020,MX,No Brand,0.00
2020,10,10/14/2020,MX,No Brand,0.00
2020,10,10/15/2020,MX,No Brand,0.00
2020,10,10/16/2020,MX,No Brand,0.00
2020,10,10/17/2020,MX,No Brand,0.00
2020,10,10/18/2020,MX,No Brand,0.00
2020,10,10/19/2020,MX,No Brand,0.00
2020,10,10/20/2020,MX,No Brand,0.00
2020,10,10/21/2020,MX,No Brand,0.00
2020,10,10/22/2020,MX,No Brand,0.00
2020,10,10/23/2020,MX,No Brand,0.00
2020,10,10/24/2020,MX,No Brand,0.00
2020,10,10/25/2020,MX,No Brand,0.00
2020,10,10/26/2020,MX,No Brand,0.00
2020,10,10/27/2020,MX,No Brand,0.00
2020,10,10/28/2020,MX,No Brand,0.00
2020,10,10/29/2020,MX,No Brand,0.00
2020,10,10/30/2020,MX,No Brand,0.00
2020,10,10/31/2020,MX,No Brand,0.00
2020,11,11/01/2020,MX,No Brand,0.00
2020,11,11/02/2020,MX,No Brand,0.00
2020,11,11/03/2020,MX,No Brand,0.00
2020,11,11/04/2020,MX,No Brand,0.00
2020,11,11/05/2020,MX,No Brand,0.00
2020,11,11/06/2020,MX,No Brand,0.00
2020,11,11/07/2020,MX,No Brand,0.00
2020,11,11/08/2020,MX,No Brand,0.00
2020,11,11/09/2020,MX,No Brand,0.00
2020,11,11/10/2020,MX,No Brand,0.00
2020,11,11/11/2020,MX,No Brand,0.00
2020,11,11/12/2020,MX,No Brand,0.00
2020,11,11/13/2020,MX,No Brand,0.00
2020,11,11/14/2020,MX,No Brand,0.00
2020,11,11/15/2020,MX,No Brand,0.00
2020,11,11/16/2020,MX,No Brand,0.00
2020,11,11/17/2020,MX,No Brand,0.00
2020,11,11/18/2020,MX,No Brand,0.00
2020,11,11/19/2020,MX,No Brand,0.00
2020,11,11/20/2020,MX,No Brand,0.00
2020,11,11/21/2020,MX,No Brand,0.00
2020,11,11/22/2020,MX,No Brand,0.00
2020,11,11/23/2020,MX,No Brand,0.00
2020,11,11/24/2020,MX,No Brand,0.00
2020,11,11/25/2020,MX,No Brand,0.00
2020,11,11/26/2020,MX,No Brand,0.00
2020,11,11/27/2020,MX,No Brand,0.00
2020,11,11/28/2020,MX,No Brand,0.00
2020,11,11/29/2020,MX,No Brand,0.00
2020,11,11/30/2020,MX,No Brand,0.00
2020,12,12/01/2020,MX,No Brand,0.00
2020,12,12/02/2020,MX,No Brand,0.00
2020,12,12/03/2020,MX,No Brand,0.00
2020,12,12/04/2020,MX,No Brand,0.00
2020,12,12/05/2020,MX,No Brand,0.00
2020,12,12/06/2020,MX,No Brand,0.00
2020,12,12/07/2020,MX,No Brand,0.00
2020,12,12/08/2020,MX,No Brand,0.00
2020,12,12/09/2020,MX,No Brand,0.00
2020,12,12/10/2020,MX,No Brand,0.00
2020,12,12/11/2020,MX,No Brand,0.00
2020,12,12/12/2020,MX,No Brand,0.00
2020,12,12/13/2020,MX,No Brand,0.00
2020,12,12/14/2020,MX,No Brand,0.00
2020,12,12/15/2020,MX,No Brand,0.00
2020,12,12/16/2020,MX,No Brand,0.00
2020,12,12/17/2020,MX,No Brand,0.00
2020,12,12/18/2020,MX,No Brand,0.00
2020,12,12/19/2020,MX,No Brand,0.00
2020,12,12/20/2020,MX,No Brand,0.00
2020,12,12/21/2020,MX,No Brand,0.00
2020,12,12/22/2020,MX,No Brand,0.00
2020,12,12/23/2020,MX,No Brand,0.00
2020,12,12/24/2020,MX,No Brand,0.00
2020,12,12/25/2020,MX,No Brand,0.00
2020,12,12/26/2020,MX,No Brand,0.00
2020,12,12/27/2020,MX,No Brand,0.00
2020,12,12/28/2020,MX,No Brand,0.00
2020,12,12/29/2020,MX,No Brand,0.00
2020,12,12/30/2020,MX,No Brand,0.00
2020,12,12/31/2020,MX,No Brand,0.00